"decimalLon","decimalLat","bio6","bio14","cmi_max"
-71.348691441188,-14.260755135412,2709,52,905
-75.615689040758,-13.766681729146,2827,20,-190
-69.462229344536,-20.45913059584,2843,1,-828
-73.100406245222,-15.203986183738,2688,95,2378
-78.40046642153,-9.544599893782,NA,NA,NA
-72.33683825372,-16.147217232064,2894,7,-957
-72.78599589578,-16.326880288888,2854,6,-934
-69.552060872948,-15.74297535421,2795,88,2136
-72.920743188398,-13.856513257558,2757,95,1865
-76.244509739642,-9.948841771636,2839,95,-583
-71.618186026424,-16.102301467858,2745,51,237
-78.130971836294,-9.140358015928,2891,23,-102
-70.09105004342,-20.189636010604,2836,13,-649
-72.381754017926,-15.024323126914,2671,118,1897
-70.001218515008,-20.953204002106,2817,24,-748
-76.334341268054,-10.038673300048,2755,143,770
-74.627542228226,-15.024323126914,2848,9,-763
-76.15467821123,-13.587018672322,2879,4,-960
-70.54020768548,-14.530249720648,2702,55,813
-75.121615634492,-13.227692558674,2680,258,1284
-69.282566287712,-19.246404962278,2706,24,603
-68.204587946768,-19.470983783308,2705,12,-435
-72.606332838956,-15.29381771215,2669,134,1887
-76.963161966938,-9.364936836958,2710,226,1478
-73.729226944106,-14.62008124906,2688,112,1541
-68.698661353034,-15.96755417524,2758,145,1757
-78.041140307882,-9.90392600743,2894,5,-617
-77.636898430028,-9.90392600743,2788,15,1755
-74.35804764299,-14.036176314382,2711,80,822
-69.102903230888,-19.605731075926,2684,23,379
-75.076699870286,-11.880219632494,2685,351,2291
-74.492794935608,-13.587018672322,2752,79,-24
-69.372397816124,-18.43792120657,2691,37,764
-68.698661353034,-14.754828541678,2842,624,906
-75.975015154406,-12.958197973438,2809,59,196
-73.639395415694,-15.698059590004,2798,14,-432
-68.833408645652,-20.00997295378,2707,21,-335
-70.630039213892,-14.62008124906,2698,59,1794
-76.873330438526,-9.45476836537,2718,257,1479
-70.405460392862,-15.922638411034,2679,50,1594
-73.369900830458,-14.215839371206,2724,118,1980
-75.660604804964,-10.892072819962,2733,739,2946
-72.78599589578,-13.766681729146,2732,126,2971
-73.863974236724,-15.608228061592,2785,14,-81
-73.90889000093,-15.877722646828,2844,25,-848
-72.202090961102,-15.06923889112,2673,110,1863
-71.528354498012,-14.62008124906,2692,64,1371
-69.821555458184,-14.889575834296,2700,64,748
-73.6843111799,-13.137861030262,2746,128,965
-76.873330438526,-9.859010243224,2747,137,432
-76.199593975436,-12.733619152408,2863,18,-292
-74.537710699814,-15.248901947944,2860,10,-927
-71.169028384364,-14.530249720648,2713,58,1161
-68.339335239386,-22.121013871462,2711,26,-398
-71.797849083248,-14.126007842794,2719,54,1508
-69.1927347593,-17.854016271892,2684,42,979
-69.64189240136,-22.390508456698,2786,0,-843
-75.121615634492,-12.37429303876,2764,150,68
-72.33683825372,-16.551459109918,2851,11,-838
-69.911386986596,-17.449774394038,2703,33,423
-76.019930918612,-13.676850200734,2879,5,-896
-75.795352097582,-12.014966925112,2690,151,1057
-68.06984065415,-18.033679328716,2709,32,1266
-68.608829824622,-16.506543345712,2723,85,2608
-70.405460392862,-17.045532516184,2682,47,224
-70.450376157068,-18.033679328716,2851,13,-644
-70.046134279214,-16.237048760476,2682,57,1110
-69.462229344536,-17.180279808802,2654,63,1165
-70.54020768548,-14.485333956442,2701,64,964
-71.079196855952,-15.06923889112,2693,42,694
-75.885183625994,-14.305670899618,2870,3,-955
-79.658107819298,-7.029317098246,2894,9,-1145
-68.339335239386,-18.931994612836,2697,15,-17
-75.25636292711,-12.059882689318,2766,120,381
-75.391110219728,-13.72176596494,2779,88,706
-79.97251816874,-6.31066487095,2892,10,-1130
-73.729226944106,-15.74297535421,2797,12,-495
-74.58262646402,-14.126007842794,2713,97,417
-68.563914060416,-22.300676928286,2723,10,-790
-69.462229344536,-20.818456709488,2832,1,-738
-68.474082532004,-16.955700987772,2708,71,2375
-75.346194455522,-12.733619152408,2688,230,794
-69.911386986596,-14.575165484854,2669,171,2511
-68.429166767798,-15.563312297386,2805,503,2537
-77.187740787968,-9.859010243224,2662,105,2389
-78.130971836294,-7.927632382366,2750,113,915
-71.079196855952,-16.731122166742,2823,10,-724
-71.124112620158,-14.081092078588,2674,139,1627
-69.596976637154,-17.943847800304,2726,27,15
-76.738583145908,-10.397999413696,2691,133,1011
-69.507145108742,-21.492193172578,2822,0,-945
-75.166531398698,-14.84466007009,2860,3,-983
-71.348691441188,-15.06923889112,2663,81,2444
-74.447879171402,-12.82345068082,2793,125,558
-68.339335239386,-16.4167118173,2715,136,1419
-75.346194455522,-14.575165484854,2862,4,-960
-78.714876770972,-8.55645308125,2895,16,-1002
-76.019930918612,-11.206483169404,2709,251,1174
-77.142825023762,-10.083589064254,2737,56,518
-70.54020768548,-14.575165484854,2703,49,777
-68.878324409858,-23.1540764482,2750,7,-707
-75.25636292711,-12.59887185979,2725,233,752
-71.079196855952,-15.338733476356,2671,91,2201
-76.199593975436,-11.970051160906,2702,135,985
-69.1927347593,-20.369299067428,2788,8,-699
-77.27757231638,-9.90392600743,2687,53,1661
-73.324985066252,-16.19213299627,2850,26,-977
-71.66310179063,-13.452271379704,2730,237,2505
-72.067343668484,-15.698059590004,2709,75,880
-68.51899829621,-18.258258149746,2666,51,2126
-68.878324409858,-16.686206402536,2720,106,2385
-68.384251003592,-22.390508456698,2723,19,-535
-69.102903230888,-17.76418474348,2680,43,1290
-75.660604804964,-13.092945266056,2794,168,184
-75.346194455522,-12.239545746142,2722,150,600
-69.102903230888,-22.165929635668,2780,5,-659
-76.693667381702,-11.565809283052,2825,78,789
-69.282566287712,-22.25576116408,2801,1,-797
-69.64189240136,-16.102301467858,2734,103,1937
-75.660604804964,-13.631934436528,2889,26,-411
-74.492794935608,-13.901429021764,2700,110,1177
-75.03178410608,-14.530249720648,2867,13,-522
-68.923240174064,-15.74297535421,2726,235,2064
-69.86647122239,-16.281964524682,2685,57,665
-68.339335239386,-21.13286705893,2677,27,-270
-68.114756418356,-21.80660352202,2682,23,-265
-73.729226944106,-14.126007842794,2720,85,1008
-75.301278691316,-11.880219632494,2756,144,523
-75.346194455522,-12.958197973438,2671,303,1246
-72.696164367368,-13.766681729146,2707,134,3488
-68.923240174064,-22.839666098758,2758,3,-724
-69.147818995094,-20.279467539016,2764,11,-473
-76.244509739642,-10.397999413696,2733,148,953
-72.606332838956,-16.19213299627,2851,4,-997
-76.82841467432,-10.083589064254,2701,169,1391
-70.899533799128,-15.06923889112,2700,37,848
-75.795352097582,-12.509040331378,2684,141,1509
-68.923240174064,-21.986266578844,2731,15,-716
-68.833408645652,-22.525255749316,2737,2,-881
-69.057987466682,-16.820953695154,2700,87,1643
-79.613192055092,-7.388643211894,NA,NA,NA
-71.483438733806,-13.587018672322,2730,237,2057
-68.698661353034,-20.189636010604,2663,36,163
-72.696164367368,-12.82345068082,2880,194,571
-76.558920089084,-10.936988584168,2682,159,1375
-69.776639693978,-14.530249720648,2674,257,2099
-77.861477251058,-8.601368845456,2808,51,773
-68.653745588828,-21.761687757814,2722,12,-664
-68.384251003592,-18.842163084424,2697,16,14
-75.885183625994,-11.296314697816,2712,295,1167
-69.731723929772,-22.660003041934,2765,0,-841
-76.334341268054,-10.35308364949,2753,109,193
-72.516501310544,-14.709912777472,2672,119,2591
-69.282566287712,-18.303173913952,2677,41,751
-71.708017554836,-16.731122166742,2856,5,-864
-69.911386986596,-21.851519286226,2784,15,-876
-74.492794935608,-15.51839653318,2872,29,-827
-68.29441947518,-20.144720246398,2683,16,-631
-72.426669782132,-16.596374874124,2859,18,-863
-70.225797336038,-16.776037930948,2668,47,404
-73.90889000093,-15.832806882622,2838,24,-795
-72.381754017926,-14.170923607,2709,77,1770
-71.348691441188,-15.114154655326,2666,89,2542
-75.03178410608,-13.991260550176,2799,67,241
-69.41731358033,-19.740478368544,2810,4,-699
-69.911386986596,-22.345592692492,2791,2,-730
-71.393607205394,-15.832806882622,2686,46,139
-69.552060872948,-16.147217232064,2739,111,1937
-72.830911659986,-15.877722646828,2804,17,-274
-70.854618034922,-15.248901947944,2685,55,1278
-75.615689040758,-13.04802950185,2765,196,565
-68.024924889944,-22.749834570346,2715,42,-478
-76.424172796466,-11.70055657567,2696,127,1198
-69.372397816124,-15.51839653318,2757,73,984
-70.001218515008,-16.551459109918,2659,53,467
-68.923240174064,-15.96755417524,2768,114,1469
-75.48094174814,-13.811597493352,2873,36,-61
-69.102903230888,-18.303173913952,2668,51,1007
-69.057987466682,-16.19213299627,2768,130,2948
-77.996224543676,-8.825947666486,2693,47,1042
-69.462229344536,-22.300676928286,2800,0,-893
-72.741080131574,-15.698059590004,2736,66,269
-69.776639693978,-20.593877888458,2785,0,-845
-77.05299349535,-11.116651640992,2840,22,249
-69.64189240136,-17.180279808802,2686,48,276
-79.343697469856,-6.625075220392,2908,72,979
-76.37925703226,-12.239545746142,2767,43,236
-74.897036813462,-13.587018672322,2709,143,600
-79.837770876122,-6.804738277216,2897,8,-1191
-68.249503710974,-16.64129063833,2709,62,838
-72.247006725308,-14.215839371206,2693,76,2151
-69.731723929772,-18.752331556012,2805,4,-478
-75.25636292711,-11.565809283052,2747,410,2381
-70.854618034922,-17.270111337214,2845,7,-830
-72.78599589578,-14.799744305884,2657,155,3135
-76.109762447024,-14.170923607,2874,2,-962
-77.816561486852,-9.6793471864,2745,11,1002
-68.249503710974,-22.03118234305,2675,31,-170
-70.899533799128,-16.326880288888,2664,49,675
-68.608829824622,-17.854016271892,2698,42,1320
-77.771645722646,-10.263252121078,2864,5,67
-71.932596375866,-14.036176314382,2719,66,2169
-75.70552056917,-11.70055657567,2692,196,1159
-74.402963407196,-13.182776794468,2762,97,344
-67.665598776296,-22.974413391376,2620,46,-386
-76.60383585329,-12.643787623996,2887,30,-850
-78.130971836294,-9.140358015928,2891,23,-102
-68.339335239386,-17.045532516184,2692,73,2337
-73.145322009428,-13.227692558674,2701,281,3502
-72.426669782132,-14.530249720648,2679,85,2228
-77.95130877947,-8.376790024426,2744,98,1740
-73.549563887282,-12.778534916614,2854,139,346
-77.547066901616,-10.35308364949,2840,7,515
-68.339335239386,-21.58202470099,2701,22,-437
-69.102903230888,-19.201489198072,2692,33,643
-73.863974236724,-13.631934436528,2744,78,1152
-68.339335239386,-18.123510857128,2679,46,2552
-74.986868341874,-14.62008124906,2869,11,-635
-73.774142708312,-12.688703388202,2877,88,84
-71.348691441188,-13.587018672322,2706,365,2493
-72.920743188398,-14.575165484854,2670,111,2322
-69.102903230888,-14.979407362708,2655,765,3142
-70.944449563334,-14.260755135412,2675,105,1603
-70.854618034922,-17.135364044596,2847,8,-661
-68.833408645652,-23.243907976612,2762,6,-665
-74.043637293548,-14.036176314382,2701,93,1594
-72.741080131574,-14.84466007009,2679,113,1732
-77.097909259556,-10.173420592666,2764,47,141
-69.686808165566,-23.1540764482,2799,0,-872
-70.225797336038,-22.974413391376,2825,11,-729
-75.660604804964,-11.386146226228,2730,289,1041
-77.322488080586,-9.589515657988,2676,80,2560
-72.78599589578,-15.024323126914,2659,144,2898
-79.837770876122,-6.98440133404,NA,NA,NA
-68.114756418356,-18.797247320218,2685,17,276
-75.615689040758,-11.70055657567,2727,168,650
-70.046134279214,-22.165929635668,2825,16,-817
-68.339335239386,-22.345592692492,2718,22,-504
-69.462229344536,-18.033679328716,2699,42,685
-74.986868341874,-13.227692558674,2692,217,1095
-72.78599589578,-13.991260550176,2696,123,3781
-69.057987466682,-21.402361644166,2799,8,-719
-69.596976637154,-22.03118234305,2824,0,-921
-69.372397816124,-16.506543345712,2703,99,1125
-69.956302750802,-15.06923889112,2703,54,1408
-73.280069302046,-16.237048760476,2855,29,-937
-70.225797336038,-22.345592692492,2863,17,-398
-69.776639693978,-16.371796053094,2678,64,1073
-75.525857512346,-11.790388104082,2737,141,598
-74.043637293548,-14.664997013266,2708,90,1271
-76.738583145908,-10.532746706314,2683,106,1001
-70.225797336038,-18.527752734982,2857,15,-732
-70.630039213892,-16.506543345712,2679,49,932
-69.057987466682,-20.863372473694,2781,11,-595
-70.31562886445,-15.383649240562,2711,38,847
-68.024924889944,-21.761687757814,2660,25,87
-69.552060872948,-18.123510857128,2702,31,512
-70.046134279214,-20.054888717986,2829,11,-707
-71.124112620158,-17.270111337214,2865,6,-839
-70.046134279214,-18.842163084424,2846,4,-830
-68.788492881446,-19.56081531172,2691,22,-147
-70.98936532754,-14.350586663824,2671,129,3296
-74.80720528505,-13.452271379704,2706,165,901
-72.022427904278,-16.820953695154,2852,10,-859
-79.164034413032,-7.119148626658,2900,119,712
-69.86647122239,-22.03118234305,2785,7,-788
-72.157175196896,-13.362439851292,2766,117,1290
-69.552060872948,-20.548962124252,2828,0,-810
-71.303775676982,-16.506543345712,2739,23,-147
-74.627542228226,-15.473480768974,2871,28,-827
-69.013071702476,-17.045532516184,2698,64,1143
-76.558920089084,-11.745472339876,2727,81,1288
-69.372397816124,-21.716771993608,2842,1,-1061
-69.507145108742,-19.875225661162,2826,2,-805
-75.211447162904,-11.565809283052,2731,473,2730
-77.008077731144,-11.071735876786,2795,24,465
-75.301278691316,-11.386146226228,2815,397,1935
-79.29878170565,-7.388643211894,2885,22,-527
-72.381754017926,-13.04802950185,2732,302,3065
-70.31562886445,-14.440418192236,2681,118,2368
-69.1927347593,-17.809100507686,2687,42,1034
-78.490297949942,-8.466621552838,2893,41,-144
-72.471585546338,-15.96755417524,2905,11,-1087
-72.78599589578,-16.147217232064,2843,3,-953
-69.507145108742,-18.123510857128,2665,39,755
-74.268216114578,-13.182776794468,2759,59,583
-76.918246202732,-10.757325527344,2744,40,635
-79.882686640328,-6.580159456186,2891,8,-1077
-77.636898430028,-9.364936836958,2749,39,1098
-70.09105004342,-19.56081531172,2838,13,-825
-67.980009125738,-21.716771993608,2663,19,-180
-79.613192055092,-7.298811683482,2891,9,-1164
-70.31562886445,-17.180279808802,2715,40,-127
-75.436025983934,-12.239545746142,2717,166,1002
-68.563914060416,-20.23455177481,2677,32,-49
-69.013071702476,-21.761687757814,2758,12,-792
-71.348691441188,-16.237048760476,2722,34,-183
-76.244509739642,-11.70055657567,2681,155,1236
-69.013071702476,-20.369299067428,2705,23,-249
-72.606332838956,-14.350586663824,2678,113,3288
-77.906393015264,-9.364936836958,2731,19,1101
-68.96815593827,-17.359942865626,2681,66,1424
-71.573270262218,-16.326880288888,2794,21,-363
-76.064846682818,-14.081092078588,2874,3,-1063
-76.244509739642,-13.137861030262,2879,21,-935
-68.74357711724,-22.48033998511,2728,3,-827
-68.74357711724,-16.326880288888,2765,78,1941
-73.639395415694,-14.754828541678,2689,126,1602
-71.842764847454,-14.934491598502,2686,53,764
-75.48094174814,-12.059882689318,2725,125,627
-74.852121049256,-13.72176596494,2696,154,1047
-68.339335239386,-21.716771993608,2670,27,-135
-69.507145108742,-21.761687757814,2839,0,-1064
-71.977512140072,-15.06923889112,2674,100,2019
-80.691170396036,-6.175917578332,2900,11,-1256
-71.393607205394,-15.653143825798,2679,49,419
-74.897036813462,-12.14971421773,2730,384,2297
-68.788492881446,-15.473480768974,2789,405,862
-73.504648123076,-12.778534916614,2823,215,1354
-78.62504524256,-9.050526487516,2889,12,-992
-71.393607205394,-16.19213299627,2711,41,-16
-77.232656552174,-10.038673300048,2705,48,1216
-76.60383585329,-12.37429303876,2872,31,-709
-74.13346882196,-15.114154655326,2782,26,544
-70.135965807626,-21.492193172578,NA,NA,NA
-70.135965807626,-19.740478368544,2844,14,-797
-72.830911659986,-15.653143825798,2735,62,992
-78.535213714148,-7.613222032924,2795,69,824
-69.057987466682,-16.731122166742,2707,96,1776
-69.64189240136,-15.159070419532,2721,84,2004
-69.821555458184,-20.189636010604,2803,0,-867
-70.674954978098,-17.584521686656,2876,9,-961
-76.37925703226,-9.814094479018,2778,334,843
-68.653745588828,-20.144720246398,2680,32,39
-69.686808165566,-14.84466007009,2692,113,1644
-73.145322009428,-12.913282209232,2818,180,1446
-69.013071702476,-17.31502710142,2672,66,1394
-69.956302750802,-21.267614351548,2810,32,-846
-79.164034413032,-7.388643211894,2861,35,92
-76.693667381702,-12.509040331378,2882,33,-885
-75.750436333376,-11.341230462022,2716,340,1239
-72.471585546338,-13.227692558674,2727,239,2427
-70.225797336038,-14.126007842794,2677,418,3008
-73.594479651488,-15.922638411034,2849,7,-943
-75.525857512346,-13.49718714391,2815,114,378
-68.474082532004,-19.515899547514,2696,17,-306
-76.918246202732,-9.90392600743,2718,151,909
-72.291922489514,-13.811597493352,2708,120,3381
-74.941952577668,-13.991260550176,2760,87,786
-76.82841467432,-9.859010243224,2747,138,300
-68.698661353034,-20.144720246398,2669,35,234
-76.82841467432,-11.520893518846,2837,78,317
-69.327482051918,-14.485333956442,2735,707,3109
-68.653745588828,-18.931994612836,2693,23,272
-75.840267861788,-13.676850200734,2882,6,-709
-68.474082532004,-16.910785223566,2692,74,2534
-80.286928518182,-6.175917578332,2897,5,-1326
-78.580129478354,-7.703053561336,2851,41,-385
-76.918246202732,-11.835303868288,2882,14,-661
-76.244509739642,-13.676850200734,NA,NA,NA
-68.923240174064,-16.102301467858,2777,98,1596
-77.50215113741,-9.095442251722,2664,108,2611
-68.339335239386,-15.51839653318,2821,575,2433
-69.057987466682,-15.428565004768,2722,382,1725
-70.495291921274,-14.799744305884,2685,53,2650
-68.74357711724,-21.80660352202,2707,12,-690
-79.253865941444,-7.972548146572,2887,11,-1145
-70.001218515008,-19.426068019102,2835,6,-867
-69.057987466682,-19.470983783308,2701,26,297
-68.74357711724,-14.84466007009,2811,955,2199
-69.86647122239,-15.698059590004,2754,60,1582
-70.630039213892,-14.215839371206,2668,187,2224
-75.885183625994,-11.790388104082,2687,148,1001
-77.72672995844,-8.421705788632,2726,103,1648
-76.334341268054,-13.003113737644,2886,26,-948
-73.863974236724,-16.012469939446,2859,28,-925
-68.024924889944,-17.404858629832,2703,59,763
-74.58262646402,-13.407355615498,2685,217,1963
-71.124112620158,-17.494690158244,2852,7,-917
-68.563914060416,-22.48033998511,2732,8,-654
-71.393607205394,-15.96755417524,2684,54,354
-77.05299349535,-12.14971421773,NA,NA,NA
-69.596976637154,-19.066741905454,2788,6,-315
-68.384251003592,-16.281964524682,2720,206,2189
-76.37925703226,-10.892072819962,2700,149,682
-69.41731358033,-22.660003041934,2778,0,-844
-77.232656552174,-9.185273780134,2707,156,2125
-75.436025983934,-14.754828541678,2864,5,-892
-77.008077731144,-11.655640811464,2872,25,-677
-71.708017554836,-16.057385703652,2745,58,213
-68.29441947518,-22.884581862964,2764,5,-729
-70.001218515008,-20.998119766312,2818,27,-764
-73.90889000093,-14.036176314382,2754,76,558
-71.348691441188,-17.494690158244,2854,12,-644
-74.672457992432,-13.04802950185,2737,163,688
-69.1927347593,-14.62008124906,2704,796,3416
-73.504648123076,-13.362439851292,2786,98,37
-70.719870742304,-14.664997013266,2688,59,1964
-75.121615634492,-15.338733476356,2856,13,-783
-70.360544628656,-15.338733476356,2719,35,459
-76.244509739642,-12.643787623996,2860,17,-301
-68.788492881446,-18.348089678158,2675,51,1157
-68.788492881446,-18.572668499188,2696,23,-75
-68.96815593827,-18.797247320218,2682,27,349
-77.816561486852,-8.511537317044,2748,69,1173
-68.923240174064,-15.428565004768,2737,472,1176
-68.474082532004,-19.695562604338,2694,17,-309
-76.019930918612,-12.284461510348,2700,82,1032
-68.923240174064,-15.74297535421,2726,235,2064
-71.079196855952,-14.260755135412,2695,100,1722
-67.710514540502,-22.660003041934,2641,39,-367
-75.750436333376,-12.913282209232,2742,170,1246
-68.339335239386,-21.35744587996,2709,21,-671
-68.96815593827,-23.019329155582,2758,5,-783
-68.923240174064,-15.832806882622,2736,165,1714
-76.60383585329,-11.386146226228,2712,154,1206
-68.249503710974,-19.605731075926,2702,12,-441
-78.1758876005,-8.286958496014,2784,123,903
-71.079196855952,-13.587018672322,2687,1128,4732
-69.41731358033,-15.877722646828,2791,102,2197
-68.159672182562,-17.719268979274,2697,32,968
-75.121615634492,-14.709912777472,2866,6,-1036
-75.975015154406,-11.655640811464,2693,157,1053
-76.873330438526,-10.487830942108,2677,106,1678
-74.941952577668,-14.799744305884,2876,9,-808
-73.953805765136,-14.170923607,2764,65,215
-75.25636292711,-11.520893518846,2773,391,2094
-70.180881571832,-18.617584263394,2859,14,-779
-73.953805765136,-15.96755417524,2867,34,-952
-69.731723929772,-16.820953695154,2701,48,27
-74.897036813462,-14.530249720648,2836,23,-244
-75.9300993902,-14.440418192236,2873,7,-916
-70.450376157068,-14.170923607,2677,224,2292
-72.157175196896,-16.147217232064,2842,9,-696
-70.854618034922,-14.305670899618,2677,99,1547
-71.079196855952,-13.631934436528,2678,920,4090
-68.788492881446,-15.74297535421,2785,211,1541
-68.788492881446,-15.024323126914,2707,1104,3024
-70.09105004342,-16.057385703652,2698,51,1180
-75.166531398698,-14.440418192236,2873,10,-747
-77.50215113741,-11.116651640992,2873,6,-1033
-69.057987466682,-14.530249720648,2824,738,2219
-69.462229344536,-17.898932036098,2684,42,740
-74.941952577668,-15.203986183738,2861,9,-987
-73.280069302046,-13.49718714391,2763,89,1026
-71.21394414857,-13.49718714391,2664,1028,5331
-71.977512140072,-14.485333956442,2700,58,1852
-75.436025983934,-11.341230462022,2742,485,2933
-72.202090961102,-15.024323126914,2670,119,2150
-76.064846682818,-10.981904348374,2716,220,792
-77.367403844792,-9.90392600743,2729,30,987
-75.301278691316,-12.688703388202,2682,261,1060
-68.159672182562,-15.877722646828,2770,884,4478
-73.23515353784,-12.958197973438,2800,210,1926
-77.187740787968,-9.320021072752,2759,118,777
-78.041140307882,-8.017463910778,2736,124,1506
-68.563914060416,-16.326880288888,2742,81,1765
-71.483438733806,-13.452271379704,2744,354,2314
-80.4216758108,-6.31066487095,2901,8,-1312
-70.225797336038,-15.203986183738,2713,41,1029
-73.369900830458,-14.350586663824,2711,91,1334
-68.474082532004,-16.820953695154,2695,73,2350
-73.190237773634,-16.057385703652,2873,12,-1154
-77.232656552174,-10.308167885284,2702,41,1523
-76.60383585329,-12.104798453524,2808,45,-180
-69.686808165566,-15.203986183738,2736,79,1984
-68.788492881446,-20.548962124252,2683,26,-293
-74.447879171402,-15.338733476356,2838,11,-772
-76.558920089084,-11.520893518846,2706,116,1128
-77.771645722646,-8.421705788632,2722,98,1632
-69.956302750802,-15.74297535421,2733,52,1330
-68.608829824622,-20.279467539016,2690,27,-300
-70.09105004342,-18.168426621334,2885,22,-984
-70.944449563334,-17.359942865626,2866,7,-863
-69.057987466682,-22.749834570346,2738,2,-646
-69.057987466682,-15.114154655326,2699,597,2284
-72.471585546338,-16.551459109918,2857,18,-874
-78.445382185736,-8.691200373868,2893,18,-494
-76.963161966938,-10.083589064254,2688,136,1600
-79.568276290886,-6.400496399362,2889,37,1497
-69.552060872948,-15.203986183738,2725,70,1100
-76.82841467432,-9.724262950606,2727,198,1146
-73.145322009428,-14.350586663824,2713,91,1597
-69.821555458184,-17.629437450862,2698,28,399
-70.674954978098,-15.96755417524,2703,29,-2
-78.535213714148,-8.242042731808,2827,76,281
-72.426669782132,-14.754828541678,2675,130,2768
-76.873330438526,-9.140358015928,2727,416,2061
-68.29441947518,-21.626940465196,2716,19,-582
-70.135965807626,-22.03118234305,2839,42,-558
-70.09105004342,-22.435424220904,2808,10,-855
-68.788492881446,-17.045532516184,2707,58,1421
-69.507145108742,-15.473480768974,2769,68,1315
-72.202090961102,-16.731122166742,2856,13,-845
-70.630039213892,-16.64129063833,2690,46,1092
-75.615689040758,-13.991260550176,2879,8,-644
-73.369900830458,-15.248901947944,2795,43,164
-71.4385229696,-16.86586945936,2863,6,-789
-74.043637293548,-15.877722646828,2869,41,-936
-76.15467821123,-10.892072819962,2714,180,584
-77.457235373204,-10.712409763138,2873,4,-436
-76.738583145908,-9.993757535842,2721,197,1206
-71.034281091746,-17.135364044596,2842,6,-933
-68.698661353034,-21.267614351548,2695,29,-417
-69.057987466682,-14.979407362708,2653,901,3406
-68.923240174064,-20.953204002106,2723,24,-183
-75.70552056917,-14.62008124906,2873,10,-889
-68.339335239386,-18.348089678158,2703,35,947
-69.057987466682,-14.754828541678,2719,933,3186
-68.698661353034,-22.525255749316,2730,3,-802
-69.64189240136,-17.809100507686,2709,29,207
-76.109762447024,-12.913282209232,2906,18,-714
-73.055490481016,-13.587018672322,2817,65,423
-76.963161966938,-9.050526487516,2801,211,395
-73.504648123076,-15.653143825798,2791,19,-230
-68.51899829621,-15.698059590004,2706,419,3371
-77.322488080586,-9.814094479018,2699,43,1499
-77.861477251058,-8.55645308125,2786,59,1018
-70.76478650651,-14.84466007009,2704,36,990
-76.064846682818,-13.991260550176,2870,2,-1048
-72.202090961102,-13.811597493352,2712,85,2423
-79.29878170565,-6.714906748804,2909,97,692
-68.474082532004,-17.584521686656,2696,33,987
-71.034281091746,-17.045532516184,2837,5,-822
-70.405460392862,-16.371796053094,2686,38,155
-68.204587946768,-21.35744587996,2691,33,-44
-76.289425503848,-9.6793471864,2732,633,1708
-68.833408645652,-16.281964524682,2775,88,1991
-76.648751617496,-11.02682011258,2687,152,1517
-69.507145108742,-20.548962124252,2835,1,-823
-79.433528998268,-6.580159456186,2897,42,650
-68.74357711724,-18.527752734982,2695,24,-18
-70.98936532754,-17.404858629832,2857,8,-902
-72.022427904278,-13.901429021764,2731,56,1266
-73.863974236724,-14.39550242803,2726,69,539
-69.013071702476,-19.740478368544,2724,23,138
-69.821555458184,-19.56081531172,2831,1,-944
-72.920743188398,-15.922638411034,2881,7,-769
-77.27757231638,-9.00561072331,2760,122,1651
-72.291922489514,-16.461627581506,2849,7,-872
-70.360544628656,-17.180279808802,2717,39,-108
-72.291922489514,-15.06923889112,2686,90,1188
-73.145322009428,-15.653143825798,2793,19,587
-69.686808165566,-15.338733476356,2765,61,1280
-68.339335239386,-19.246404962278,2714,14,-386
-79.29878170565,-7.523390504512,2882,18,-1066
-74.941952577668,-12.239545746142,2793,194,370
-69.237650523506,-17.359942865626,2678,54,855
-78.310634893118,-9.409852601164,2897,7,-990
-69.86647122239,-16.326880288888,2679,59,916
-72.651248603162,-15.06923889112,2706,89,981
-77.681814194234,-8.601368845456,2732,94,1740
-68.833408645652,-16.147217232064,2763,100,2032
-73.190237773634,-16.102301467858,2869,15,-1063
-70.046134279214,-15.428565004768,2713,42,1086
-70.270713100244,-16.102301467858,2667,64,1893
-72.875827424192,-13.542102908116,2722,166,2962
-77.187740787968,-11.071735876786,2891,10,-384
-68.74357711724,-16.461627581506,2751,98,2915
-73.369900830458,-14.575165484854,2687,119,1784
-75.076699870286,-13.856513257558,2732,115,743
-72.651248603162,-16.237048760476,2868,4,-873
-68.06984065415,-18.123510857128,2708,38,1292
-77.72672995844,-9.185273780134,2797,32,247
-70.98936532754,-15.428565004768,2670,85,2014
-71.124112620158,-15.563312297386,2686,51,464
-74.268216114578,-14.754828541678,2700,99,888
-70.31562886445,-18.078595092922,2856,22,-718
-73.23515353784,-16.147217232064,2843,18,-957
-68.833408645652,-14.934491598502,2704,1091,3007
-68.74357711724,-18.527752734982,2695,24,-18
-74.313131878784,-15.608228061592,2841,29,-792
-76.244509739642,-12.778534916614,2841,18,-442
-76.738583145908,-9.724262950606,2739,194,586
-70.944449563334,-14.575165484854,2681,83,2663
-70.135965807626,-20.23455177481,2842,10,-568
-72.920743188398,-16.326880288888,2853,9,-897
-73.414816594664,-13.452271379704,2818,67,-207
-70.495291921274,-15.203986183738,2703,52,2266
-68.51899829621,-22.03118234305,2711,23,-528
-76.60383585329,-11.071735876786,2685,151,1283
-71.88768061166,-13.27260832288,2712,209,2423
-72.471585546338,-15.428565004768,2681,108,1040
-71.573270262218,-16.955700987772,2868,11,-739
-68.608829824622,-22.70491880614,2737,8,-624
-69.327482051918,-14.39550242803,2767,869,3121
-78.84962406359,-7.478474740306,2895,62,567
-77.187740787968,-10.173420592666,2696,58,1397
-67.935093361532,-22.300676928286,2620,46,113
-73.23515353784,-13.991260550176,2743,104,1260
-71.258859912776,-15.203986183738,2679,80,1716
-67.710514540502,-22.615087277728,2644,36,-412
-75.076699870286,-14.126007842794,2861,34,-228
-76.15467821123,-13.317524087086,2881,11,-958
-72.471585546338,-16.057385703652,2905,6,-1075
-73.324985066252,-15.832806882622,2861,4,-948
-69.64189240136,-17.943847800304,2729,27,-46
-69.64189240136,-19.56081531172,2827,2,-840
-78.310634893118,-8.646284609662,2891,35,104
-68.653745588828,-22.210845399874,2716,8,-816
-71.124112620158,-13.587018672322,2673,1044,4501
-69.731723929772,-15.787891118416,2775,76,1887
-71.034281091746,-16.596374874124,2765,25,-19
-72.920743188398,-14.709912777472,2665,155,3107
-75.975015154406,-11.970051160906,2679,164,1561
-69.372397816124,-21.312530115754,2831,1,-834
-73.774142708312,-14.979407362708,2743,88,1305
-78.535213714148,-8.017463910778,2778,114,266
-71.797849083248,-15.51839653318,2664,85,1515
-75.301278691316,-13.676850200734,2743,155,1092
-73.055490481016,-14.754828541678,2685,110,1395
-74.043637293548,-12.82345068082,2729,171,1620
-71.4385229696,-15.832806882622,2692,48,187
-79.792855111916,-6.490327927774,2886,12,-770
-71.528354498012,-13.901429021764,2692,100,1892
-71.483438733806,-16.326880288888,2768,24,-177
-69.64189240136,-19.56081531172,2827,2,-840
-71.842764847454,-16.776037930948,2862,7,-896
-69.911386986596,-21.626940465196,2799,24,-937
-69.821555458184,-22.92949762717,2781,0,-815
-77.636898430028,-9.90392600743,2788,15,1755
-75.885183625994,-13.452271379704,2877,29,-431
-68.159672182562,-16.596374874124,2710,104,1307
-73.324985066252,-15.159070419532,2774,53,447
-74.627542228226,-15.653143825798,2867,30,-899
-70.674954978098,-17.135364044596,2760,23,-64
-69.1927347593,-19.291320726484,2713,25,520
-69.147818995094,-19.11165766966,2703,32,619
-71.303775676982,-16.326880288888,2699,37,160
-76.334341268054,-10.397999413696,2721,141,747
-73.639395415694,-16.19213299627,2858,23,-761
-75.9300993902,-11.880219632494,2674,153,1270
-75.975015154406,-13.587018672322,2883,7,-922
-68.788492881446,-15.114154655326,2711,1162,3140
-68.159672182562,-22.525255749316,2688,33,-418
-76.558920089084,-9.589515657988,2714,466,1829
-69.327482051918,-17.898932036098,2703,34,309
-79.478444762474,-7.20898015507,2892,13,-1127
-73.774142708312,-13.317524087086,2805,63,59
-70.225797336038,-22.615087277728,2858,21,-529
-76.064846682818,-11.835303868288,2668,174,1659
-75.436025983934,-13.27260832288,2711,264,1228
-69.821555458184,-16.64129063833,2647,79,1511
-70.98936532754,-16.147217232064,2696,35,-46
-76.334341268054,-12.37429303876,2864,26,-223
-79.164034413032,-6.714906748804,2850,191,1811
-69.41731358033,-20.504046360046,2845,2,-804
-76.738583145908,-10.667493998932,2697,80,651
-73.100406245222,-13.766681729146,2711,128,2623
-76.873330438526,-10.038673300048,2699,160,1294
-73.729226944106,-14.575165484854,2694,99,1317
-70.270713100244,-17.09044828039,2687,50,69
-74.088553057754,-14.170923607,2729,65,372
-71.708017554836,-15.159070419532,2689,58,616
-68.608829824622,-17.270111337214,2703,43,1118
-70.854618034922,-16.102301467858,2674,51,928
-72.067343668484,-14.39550242803,2732,47,605
-69.013071702476,-19.066741905454,2656,32,628
-69.686808165566,-15.74297535421,2784,80,2140
-71.528354498012,-16.64129063833,2796,10,-769
-72.11225943269,-13.27260832288,2761,151,1327
-71.618186026424,-15.653143825798,2730,36,-165
-74.672457992432,-14.485333956442,2821,45,14
-70.046134279214,-17.584521686656,2777,17,-219
-72.11225943269,-13.587018672322,2733,125,2940
-75.615689040758,-11.431061990434,2713,324,1538
-69.102903230888,-20.998119766312,2810,7,-680
-72.381754017926,-15.698059590004,2707,110,437
-76.514004324878,-9.993757535842,2753,198,663
-69.686808165566,-20.998119766312,2796,2,-750
-69.237650523506,-14.664997013266,2660,831,3935
-68.923240174064,-17.270111337214,2687,57,1032
-69.057987466682,-19.830309896956,2721,21,187
-69.237650523506,-14.799744305884,2685,553,2695
-68.788492881446,-14.934491598502,2725,1120,3051
-68.698661353034,-22.435424220904,2727,4,-815
-72.381754017926,-16.012469939446,2874,15,-710
-68.384251003592,-22.92949762717,2768,4,-670
-67.935093361532,-18.393005442364,2699,33,828
-75.03178410608,-13.542102908116,2684,212,1173
-69.552060872948,-20.414214831634,2833,1,-820
-77.50215113741,-8.825947666486,2754,101,1371
-72.157175196896,-15.203986183738,2665,108,1954
-75.975015154406,-13.72176596494,2878,4,-930
-75.750436333376,-13.991260550176,2891,2,-1035
-68.204587946768,-15.832806882622,2739,798,4397
-68.788492881446,-17.045532516184,2707,58,1421
-77.50215113741,-9.634431422194,2758,24,845
-69.776639693978,-23.019329155582,2777,0,-810
-77.457235373204,-10.622578234726,2888,5,-468
-72.426669782132,-14.485333956442,2670,83,2380
-72.651248603162,-16.596374874124,2861,21,-760
-70.135965807626,-19.740478368544,2844,14,-797
-78.355550657324,-9.095442251722,2879,16,-668
-73.145322009428,-13.587018672322,2744,82,1146
-70.225797336038,-14.664997013266,2684,79,2153
-77.771645722646,-9.544599893782,2827,12,924
-77.232656552174,-11.02682011258,2858,8,-244
-74.58262646402,-13.991260550176,2700,98,713
-72.741080131574,-14.754828541678,2681,111,1971
-73.863974236724,-15.114154655326,2785,41,467
-73.414816594664,-14.485333956442,2697,106,1569
-69.686808165566,-22.615087277728,2769,0,-812
-70.405460392862,-14.62008124906,2685,68,1932
-69.462229344536,-20.638793652664,2837,1,-813
-73.953805765136,-15.114154655326,2793,29,109
-69.911386986596,-17.809100507686,2769,16,-119
-72.78599589578,-15.428565004768,2697,109,2018
-68.563914060416,-21.402361644166,2682,34,-236
-71.88768061166,-15.698059590004,2651,91,1404
-68.339335239386,-22.121013871462,2711,26,-398
-78.714876770972,-8.825947666486,2889,8,-977
-71.618186026424,-16.731122166742,2853,5,-801
-68.74357711724,-16.326880288888,2765,78,1941
-70.54020768548,-18.21334238554,2848,6,-667
-73.998721529342,-15.832806882622,2872,29,-887
-75.166531398698,-14.350586663824,2859,12,-576
-76.019930918612,-13.587018672322,2883,7,-989
-69.1927347593,-21.402361644166,2831,3,-755
-69.821555458184,-20.773540945282,2788,3,-789
-69.507145108742,-14.799744305884,2676,203,2438
-77.097909259556,-9.409852601164,2755,131,716
-71.348691441188,-16.86586945936,2845,6,-822
-75.840267861788,-11.071735876786,2709,470,1697
-70.630039213892,-14.170923607,2656,253,2987
-80.062349697152,-6.265749106744,2894,9,-1268
-76.873330438526,-11.296314697816,2851,55,408
-71.797849083248,-14.979407362708,2674,63,1522
-68.204587946768,-17.180279808802,2701,55,1303
-70.046134279214,-22.525255749316,2811,8,-586
-70.135965807626,-17.898932036098,2870,20,-879
-69.237650523506,-20.548962124252,2814,5,-682
-68.96815593827,-22.300676928286,2727,5,-773
-74.897036813462,-14.664997013266,2839,15,-486
-72.471585546338,-13.72176596494,2795,67,494
-71.393607205394,-16.371796053094,2760,23,-151
-71.303775676982,-14.754828541678,2701,60,1172
-70.270713100244,-17.045532516184,2683,48,18
-74.58262646402,-12.913282209232,2783,151,772
-68.339335239386,-16.910785223566,2700,61,1670
-71.842764847454,-14.485333956442,2702,58,1302
-77.367403844792,-11.296314697816,2878,14,-890
-70.405460392862,-15.832806882622,2690,45,1317
-70.944449563334,-15.428565004768,2672,85,2111
-69.327482051918,-18.842163084424,2702,26,548
-74.58262646402,-14.440418192236,2725,75,727
-78.669961006766,-7.4335589761,2741,101,1589
-78.62504524256,-7.523390504512,2847,56,750
-69.462229344536,-19.605731075926,2827,4,-726
-81.005580745478,-5.86150722889,NA,NA,NA
-76.648751617496,-10.397999413696,2697,150,752
-76.019930918612,-13.137861030262,2850,32,-392
-77.097909259556,-9.948841771636,2715,94,1120
-79.568276290886,-7.298811683482,2892,10,-1143
-68.249503710974,-23.198992212406,2757,5,-769
-68.608829824622,-21.222698587342,2659,44,10
-69.057987466682,-16.057385703652,2783,120,2196
-73.774142708312,-13.04802950185,2725,124,1170
-73.594479651488,-15.608228061592,2779,24,-16
-74.986868341874,-15.203986183738,2861,8,-991
-69.596976637154,-19.695562604338,2828,1,-880
-68.339335239386,-20.638793652664,2663,23,-187
-78.84962406359,-7.837800853954,2836,31,126
-74.402963407196,-14.170923607,2710,80,429
-80.286928518182,-6.53524369198,2899,8,-1312
-73.414816594664,-15.159070419532,2712,88,1637
-79.568276290886,-6.75982251301,2892,17,-769
-72.247006725308,-13.811597493352,2718,95,2631
-71.528354498012,-16.326880288888,2792,21,-307
-74.762289520844,-14.305670899618,2744,77,833
-75.076699870286,-14.485333956442,2882,12,-604
-69.327482051918,-15.96755417524,2792,110,2255
-71.528354498012,-14.215839371206,2731,45,534
-68.788492881446,-21.671856229402,2693,16,-657
-71.752933319042,-14.170923607,2694,73,2342
-76.334341268054,-11.655640811464,2673,181,1690
-80.736086160242,-6.131001814126,2900,10,-1260
-69.731723929772,-22.345592692492,2784,0,-818
-78.62504524256,-8.78103190228,2889,11,-1010
-69.731723929772,-20.369299067428,2802,0,-818
-68.788492881446,-19.650646840132,2684,25,63
-80.556423103418,-6.265749106744,2903,10,-1260
-75.750436333376,-12.868366445026,2729,159,1319
-75.615689040758,-12.59887185979,2679,189,1130
-78.130971836294,-9.499684129576,2893,11,-388
-68.114756418356,-16.820953695154,2693,69,766
-71.303775676982,-16.776037930948,2800,10,-876
-69.372397816124,-16.64129063833,2680,85,1275
-72.696164367368,-14.62008124906,2678,113,2722
-72.651248603162,-13.092945266056,2816,210,1257
-72.157175196896,-16.281964524682,2855,5,-891
-77.591982665822,-8.197126967602,2797,131,383
-73.414816594664,-12.82345068082,2803,235,1897
-69.057987466682,-18.752331556012,2650,29,528
-71.88768061166,-14.934491598502,2676,78,1820
-70.76478650651,-16.237048760476,2713,32,-158
-69.956302750802,-15.877722646828,2716,66,1999
-69.462229344536,-21.716771993608,2842,0,-1089
-72.516501310544,-15.114154655326,2667,103,1688
-68.249503710974,-15.653143825798,2845,598,2908
-68.563914060416,-14.979407362708,2852,680,1102
-76.514004324878,-10.173420592666,2710,197,1017
-76.648751617496,-12.509040331378,2884,40,-871
-71.752933319042,-15.787891118416,2670,81,1174
-72.426669782132,-15.06923889112,2672,102,1470
-72.741080131574,-15.51839653318,2684,120,1822
-71.573270262218,-15.922638411034,2703,62,637
-76.019930918612,-13.227692558674,2863,28,-492
-68.878324409858,-23.1540764482,2750,7,-707
-70.270713100244,-18.931994612836,2857,7,-770
-69.237650523506,-15.024323126914,2701,276,1666
-69.596976637154,-23.064244919788,2785,0,-854
-69.776639693978,-18.348089678158,2785,7,-64
-78.355550657324,-8.691200373868,2903,24,-270
-76.783498910114,-12.194629981936,2873,35,-828
-76.60383585329,-12.014966925112,2877,43,-168
-69.327482051918,-14.530249720648,2699,632,3121
-73.100406245222,-14.39550242803,2730,80,1196
-76.693667381702,-10.397999413696,2696,139,785
-71.079196855952,-14.215839371206,2685,114,1837
-68.923240174064,-21.986266578844,2731,15,-716
-72.291922489514,-13.407355615498,2731,214,2859
-70.809702270716,-16.326880288888,2683,47,676
-68.788492881446,-21.896435050432,2680,15,-713
-74.492794935608,-14.709912777472,2732,68,701
-69.372397816124,-20.638793652664,2844,2,-799
-73.414816594664,-15.159070419532,2712,88,1637
-72.022427904278,-14.036176314382,2739,56,1383
-71.573270262218,-15.248901947944,2674,70,1359
-69.013071702476,-16.506543345712,2755,92,1649
-69.776639693978,-21.402361644166,2799,7,-842
-69.237650523506,-19.920141425368,2775,8,-427
-71.977512140072,-15.114154655326,2674,98,1880
-71.66310179063,-14.170923607,2724,43,556
-78.086056072088,-9.769178714812,2885,5,-548
-70.630039213892,-17.53960592245,2886,8,-824
-70.585123449686,-16.955700987772,2690,36,597
-75.121615634492,-13.542102908116,2699,205,962
-69.462229344536,-21.941350814638,2837,0,-1052
-68.51899829621,-22.525255749316,2727,11,-621
-78.580129478354,-8.017463910778,2777,100,341
-68.923240174064,-22.121013871462,2736,11,-742
-71.079196855952,-14.170923607,2697,106,1132
-69.013071702476,-16.596374874124,2726,113,2594
-78.265719128912,-8.242042731808,2736,156,1539
-79.792855111916,-6.265749106744,2886,20,-138
-69.462229344536,-14.799744305884,2682,226,2495
-71.393607205394,-16.19213299627,2711,41,-16
-80.286928518182,-6.355580635156,2898,6,-1347
-72.696164367368,-16.057385703652,2847,6,-981
-75.121615634492,-12.194629981936,2756,165,602
-76.738583145908,-10.936988584168,2763,58,-26
-74.80720528505,-15.383649240562,2861,25,-782
-72.78599589578,-13.542102908116,2755,131,1800
-79.29878170565,-6.714906748804,2909,97,692
-68.563914060416,-22.749834570346,2735,9,-657
-78.220803364706,-9.724262950606,2884,4,-959
-75.615689040758,-13.856513257558,2906,12,-615
-69.327482051918,-21.267614351548,2833,1,-811
-69.057987466682,-17.76418474348,2670,46,1490
-69.462229344536,-20.144720246398,2835,2,-794
-76.199593975436,-12.688703388202,2825,19,-104
-72.247006725308,-15.203986183738,2687,89,1130
-67.980009125738,-21.267614351548,2652,23,163
-76.424172796466,-9.769178714812,2724,484,1646
-67.890177597326,-21.626940465196,2643,20,160
-74.268216114578,-15.51839653318,2811,19,-699
-68.474082532004,-18.88707884863,2704,16,-73
-68.74357711724,-16.057385703652,2761,124,2341
-76.289425503848,-9.6793471864,2732,633,1708
-70.809702270716,-16.551459109918,2777,29,-317
-68.96815593827,-19.875225661162,2716,24,83
-68.114756418356,-22.615087277728,2702,35,-465
-79.343697469856,-7.703053561336,2887,14,-1071
-75.9300993902,-13.766681729146,2879,3,-1025
-74.13346882196,-15.832806882622,2870,45,-874
-75.885183625994,-14.036176314382,2875,2,-1077
-72.965658952604,-15.024323126914,2672,128,2369
-72.381754017926,-16.147217232064,2884,6,-1004
-74.223300350372,-14.036176314382,2700,79,1201
-77.50215113741,-11.02682011258,2871,4,-918
-69.282566287712,-17.76418474348,2694,30,256
-75.121615634492,-12.509040331378,2703,289,1374
-68.429166767798,-20.144720246398,2689,20,-457
-76.783498910114,-9.993757535842,2713,192,1331
-67.84526183312,-22.525255749316,2609,51,5
-75.211447162904,-12.194629981936,2756,163,809
-73.774142708312,-13.811597493352,2771,62,389
-69.64189240136,-19.830309896956,2829,1,-870
-70.405460392862,-14.84466007009,2701,44,1824
-69.41731358033,-21.35744587996,2826,1,-841
-75.615689040758,-11.25139893361,2757,394,1632
-70.54020768548,-14.889575834296,2711,33,961
-69.552060872948,-14.485333956442,2722,481,2255
-69.462229344536,-15.024323126914,2682,131,2526
-68.788492881446,-15.877722646828,2735,184,2252
-76.738583145908,-11.970051160906,2903,22,-582
-79.882686640328,-6.714906748804,2896,8,-1199
-72.022427904278,-14.260755135412,2739,53,981
-69.102903230888,-18.931994612836,2688,36,745
-78.490297949942,-7.837800853954,2773,106,579
-76.963161966938,-10.487830942108,2717,60,883
-71.079196855952,-16.281964524682,2695,38,4
-70.135965807626,-20.189636010604,2843,11,-567
-73.639395415694,-13.676850200734,2749,100,886
-74.672457992432,-13.542102908116,2712,145,905
-68.429166767798,-20.863372473694,2689,23,-416
-70.674954978098,-14.799744305884,2706,40,1176
-78.894539827796,-7.164064390864,2919,136,1099
-70.046134279214,-21.177782823136,2828,44,-640
-76.60383585329,-11.880219632494,2832,47,381
-70.046134279214,-14.170923607,2687,549,3379
-77.816561486852,-10.667493998932,2878,7,-931
-70.270713100244,-18.393005442364,2853,19,-559
-73.280069302046,-12.82345068082,2829,223,1732
-75.750436333376,-11.25139893361,2714,426,1499
-70.405460392862,-14.799744305884,2704,40,1199
-77.996224543676,-10.308167885284,2883,2,-1090
-68.608829824622,-21.761687757814,2726,15,-654
-69.057987466682,-20.00997295378,2722,20,26
-69.462229344536,-23.198992212406,2788,0,-816
-71.708017554836,-13.27260832288,2734,356,3161
-68.698661353034,-20.099804482192,2690,32,67
-76.693667381702,-12.194629981936,2858,30,-627
-68.923240174064,-19.875225661162,2703,26,81
-70.54020768548,-16.19213299627,2683,48,1041
-69.462229344536,-16.012469939446,2775,114,2187
-72.291922489514,-13.856513257558,2704,126,3677
-71.079196855952,-14.84466007009,2692,56,1567
-74.80720528505,-15.473480768974,2859,31,-679
-68.024924889944,-21.13286705893,2700,14,-726
-68.96815593827,-15.428565004768,2762,351,478
-73.953805765136,-15.114154655326,2793,29,109
-68.29441947518,-17.180279808802,2691,72,2114
-69.462229344536,-20.00997295378,2816,2,-773
-68.249503710974,-18.88707884863,2685,18,511
-68.608829824622,-17.898932036098,2700,41,1278
-68.384251003592,-22.525255749316,2708,19,-582
-70.854618034922,-17.180279808802,2845,8,-701
-75.121615634492,-12.553956095584,2694,302,1391
-76.558920089084,-12.14971421773,2819,42,-145
-70.719870742304,-14.754828541678,2706,42,1050
-73.100406245222,-14.350586663824,2686,129,3123
-72.426669782132,-13.49718714391,2774,148,1997
-77.187740787968,-9.23018954434,2728,159,1528
-75.436025983934,-11.610725047258,2696,290,1775
-70.854618034922,-16.147217232064,2678,46,625
-69.64189240136,-22.210845399874,2798,0,-834
-72.022427904278,-13.27260832288,2743,187,2193
-68.608829824622,-19.56081531172,2697,19,-369
-68.159672182562,-18.931994612836,2687,15,204
-68.96815593827,-15.51839653318,2793,276,816
-68.833408645652,-15.74297535421,2757,247,1985
-71.66310179063,-17.270111337214,NA,NA,NA
-69.731723929772,-21.716771993608,2792,4,-877
-70.495291921274,-16.820953695154,2684,38,441
-69.147818995094,-20.68370941687,2817,7,-722
-70.001218515008,-17.629437450862,2763,17,-134
-69.507145108742,-21.35744587996,2817,0,-837
-71.079196855952,-15.922638411034,2680,48,515
-72.426669782132,-14.530249720648,2679,85,2228
-78.086056072088,-8.286958496014,2847,59,-122
-77.95130877947,-9.140358015928,2726,35,1341
-70.135965807626,-22.70491880614,2831,15,-635
-75.9300993902,-11.610725047258,2703,161,929
-67.575767247884,-22.884581862964,2587,44,-253
-73.45973235887,-13.407355615498,2778,86,-63
-78.130971836294,-7.927632382366,2750,113,915
-78.355550657324,-9.544599893782,2896,4,-1176
-77.367403844792,-10.936988584168,2873,4,-551
-68.339335239386,-20.279467539016,2672,22,-381
-68.833408645652,-19.201489198072,2694,29,16
-75.525857512346,-11.880219632494,2696,159,1344
-68.788492881446,-20.414214831634,2692,25,-394
-74.313131878784,-13.137861030262,2760,72,634
-69.776639693978,-16.686206402536,2687,64,764
-77.187740787968,-11.206483169404,2862,16,-456
-68.51899829621,-19.33623649069,2713,18,-509
-76.289425503848,-12.868366445026,2883,22,-715
-72.741080131574,-13.137861030262,2713,349,2737
-75.615689040758,-12.643787623996,2691,172,900
-70.225797336038,-22.92949762717,2835,14,-702
-69.147818995094,-17.000616751978,2696,68,963
-73.90889000093,-15.114154655326,2789,34,355
-76.469088560672,-11.745472339876,2705,129,1371
-75.975015154406,-12.509040331378,2720,69,975
-68.249503710974,-21.177782823136,2702,19,-696
-73.414816594664,-14.440418192236,2691,108,1834
-72.875827424192,-13.766681729146,2806,82,1448
-71.169028384364,-14.260755135412,2698,86,1541
-73.594479651488,-15.114154655326,2734,78,1176
-69.102903230888,-16.551459109918,2731,116,2398
-68.698661353034,-18.88707884863,2692,21,253
-75.70552056917,-13.72176596494,2873,13,-436
-74.268216114578,-15.51839653318,2811,19,-699
-67.710514540502,-23.064244919788,2613,57,-146
-74.627542228226,-15.473480768974,2871,28,-827
-76.289425503848,-13.362439851292,NA,NA,NA
-77.367403844792,-10.936988584168,2873,4,-551
-76.289425503848,-11.835303868288,2678,166,1522
-70.585123449686,-15.06923889112,2717,30,915
-75.615689040758,-11.341230462022,2762,320,1161
-73.953805765136,-15.29381771215,2748,28,1069
-76.064846682818,-11.386146226228,2707,148,340
-75.211447162904,-14.530249720648,2878,8,-867
-74.672457992432,-14.84466007009,2818,21,-312
-69.507145108742,-14.84466007009,2685,159,1870
-75.346194455522,-13.137861030262,2715,227,550
-74.762289520844,-13.587018672322,2741,101,0
-77.816561486852,-9.769178714812,2811,11,812
-75.795352097582,-11.116651640992,2703,488,1769
-69.596976637154,-22.076098107256,2819,0,-918
-69.327482051918,-21.177782823136,2833,2,-819
-72.741080131574,-14.530249720648,2697,80,1755
-69.956302750802,-18.43792120657,2849,15,-772
-80.825917688654,-6.041170285714,2897,8,-1260
-68.429166767798,-17.494690158244,2696,34,835
-69.282566287712,-22.794750334552,2788,1,-793
-75.48094174814,-11.610725047258,2710,260,1396
-76.648751617496,-9.185273780134,2762,646,2239
-75.750436333376,-14.126007842794,2881,3,-1093
-69.013071702476,-18.976910377042,2674,31,576
-78.445382185736,-9.364936836958,NA,NA,NA
-71.483438733806,-14.530249720648,2695,57,1196
-70.135965807626,-19.56081531172,2848,17,-914
-77.861477251058,-10.57766247052,2881,5,-1063
-68.024924889944,-17.53960592245,2698,45,769
-68.29441947518,-16.147217232064,2693,423,3327
-76.82841467432,-10.981904348374,2694,75,1213
-77.367403844792,-10.80224129155,2833,5,-291
-78.759792535178,-7.927632382366,2854,39,258
-76.963161966938,-10.173420592666,2699,104,1288
-74.223300350372,-15.159070419532,2817,14,-5
-76.514004324878,-10.667493998932,2705,123,378
-73.729226944106,-13.587018672322,2737,103,1164
-69.057987466682,-18.6625000276,2688,28,289
-69.102903230888,-17.98876356451,2659,56,1749
-70.54020768548,-17.449774394038,2877,11,-821
-77.187740787968,-11.341230462022,2871,22,-684
-68.29441947518,-18.976910377042,2696,15,47
-70.046134279214,-21.177782823136,2828,44,-640
-71.258859912776,-16.596374874124,2758,19,-355
-69.41731358033,-16.731122166742,2669,93,1772
-75.660604804964,-13.72176596494,2853,18,-276
-75.615689040758,-13.766681729146,2827,20,-190
-70.001218515008,-18.348089678158,2866,18,-856
-68.204587946768,-19.470983783308,2705,12,-435
-78.220803364706,-8.10729543919,2742,165,1326
-76.019930918612,-13.317524087086,2885,22,-678
-73.549563887282,-14.575165484854,2688,115,1703
-69.911386986596,-17.135364044596,2666,49,434
-70.495291921274,-17.045532516184,2691,44,437
-73.45973235887,-12.913282209232,2857,124,233
-70.046134279214,-21.986266578844,2801,35,-753
-76.738583145908,-11.341230462022,2718,124,1227
-77.591982665822,-11.296314697816,2882,6,-1030
-69.596976637154,-17.719268979274,2684,34,449
-70.809702270716,-14.934491598502,2708,30,733
-80.960664981272,-6.175917578332,2898,11,-1261
-72.516501310544,-14.215839371206,2677,117,3372
-76.109762447024,-11.655640811464,2683,168,1278
-70.135965807626,-15.114154655326,2693,49,1712
-70.31562886445,-15.338733476356,2702,44,1399
-68.204587946768,-22.121013871462,2671,33,-88
-69.686808165566,-15.383649240562,2771,61,1387
-76.019930918612,-14.215839371206,2876,4,-1043
-69.013071702476,-17.045532516184,2698,64,1143
-73.324985066252,-13.407355615498,2747,115,1223
-69.731723929772,-18.931994612836,2812,3,-614
-75.750436333376,-13.811597493352,2885,6,-712
-72.471585546338,-16.19213299627,2908,3,-988
-71.752933319042,-14.485333956442,2699,64,1444
-69.552060872948,-22.525255749316,2778,0,-861
-76.334341268054,-10.218336356872,2747,122,778
-79.74793934771,-6.939485569834,2896,8,-1153
-69.237650523506,-21.716771993608,2831,3,-819
-75.48094174814,-13.94634478597,2818,22,-96
-70.76478650651,-16.461627581506,2688,40,494
-70.54020768548,-16.64129063833,2659,51,1052
-69.821555458184,-18.078595092922,2744,13,-54
-73.594479651488,-12.688703388202,2807,206,1247
-70.001218515008,-17.674353215068,2785,16,-239
-70.001218515008,-22.794750334552,2795,3,-764
-71.977512140072,-13.856513257558,2717,66,2134
-69.147818995094,-16.686206402536,2705,93,1401
-69.64189240136,-17.854016271892,2724,25,-83
-69.102903230888,-16.551459109918,2731,116,2398
-69.821555458184,-19.920141425368,2813,1,-898
-70.98936532754,-13.811597493352,2655,633,3516
-68.204587946768,-22.25576116408,2717,27,-415
-69.596976637154,-18.797247320218,2756,10,-43
-70.719870742304,-15.248901947944,2680,64,2292
-68.51899829621,-16.326880288888,2737,92,1721
-68.698661353034,-17.584521686656,2682,51,1587
-68.563914060416,-22.660003041934,2732,9,-602
-76.334341268054,-9.6793471864,2727,641,1827
-73.100406245222,-15.74297535421,2892,7,-702
-69.057987466682,-23.064244919788,2771,3,-714
-68.653745588828,-19.470983783308,2706,19,-420
-69.1927347593,-15.338733476356,2701,232,1585
-71.752933319042,-15.922638411034,2693,62,642
-74.762289520844,-14.39550242803,2769,58,584
-70.31562886445,-15.248901947944,2719,38,1014
-70.180881571832,-14.440418192236,2683,128,2229
-70.944449563334,-16.326880288888,2686,44,268
-73.863974236724,-15.024323126914,2735,72,1282
-75.301278691316,-14.709912777472,2854,3,-966
-68.429166767798,-19.56081531172,2698,16,-297
-73.190237773634,-14.575165484854,2681,119,2121
-69.507145108742,-16.102301467858,2755,118,2100
-70.98936532754,-15.74297535421,2674,57,956
-68.429166767798,-17.494690158244,2696,34,835
-73.6843111799,-12.688703388202,2898,101,6
-75.70552056917,-12.239545746142,2691,148,852
-76.873330438526,-12.059882689318,2886,23,-869
-77.05299349535,-11.341230462022,2889,33,-409
-73.055490481016,-15.383649240562,2772,51,1411
-79.208950177238,-7.703053561336,2883,18,-1076
-69.686808165566,-19.740478368544,2828,1,-878
-77.05299349535,-11.520893518846,2880,29,-906
-69.552060872948,-15.114154655326,2715,84,1629
-73.594479651488,-14.126007842794,2747,73,414
-75.076699870286,-11.9251353967,2699,307,1957
-73.280069302046,-13.137861030262,2820,129,567
-70.09105004342,-18.707415791806,2865,9,-834
-75.346194455522,-13.317524087086,2716,216,1027
-74.537710699814,-15.51839653318,2869,28,-850
-72.471585546338,-15.698059590004,2785,64,-200
-69.057987466682,-16.057385703652,2783,120,2196
-79.253865941444,-7.792885089748,2887,17,-1078
-72.696164367368,-14.170923607,2707,77,1764
-79.07420288462,-7.20898015507,2880,129,1178
-70.09105004342,-16.147217232064,2688,52,1135
-79.253865941444,-6.669990984598,2896,120,1391
-74.717373756638,-12.688703388202,2715,283,2026
-68.563914060416,-19.78539413275,2696,22,-171
-71.393607205394,-14.709912777472,2694,56,1092
-70.630039213892,-16.955700987772,2684,32,541
-72.426669782132,-13.587018672322,2795,91,750
-77.412319608998,-11.02682011258,2877,5,-792
-71.169028384364,-17.449774394038,2853,7,-817
-75.70552056917,-12.104798453524,2678,165,1241
-67.980009125738,-21.492193172578,2674,19,-155
-68.608829824622,-16.731122166742,2687,104,3295
-68.74357711724,-22.974413391376,2743,7,-595
-79.97251816874,-6.31066487095,2892,10,-1130
-68.249503710974,-16.820953695154,2707,47,620
-70.899533799128,-15.832806882622,2673,50,922
-69.956302750802,-17.494690158244,2726,24,174
-73.953805765136,-13.362439851292,2724,75,1307
-79.388613234062,-7.119148626658,2893,42,-565
-69.686808165566,-15.51839653318,2784,68,1828
-69.507145108742,-18.258258149746,2701,29,590
-69.1927347593,-19.830309896956,2754,11,-176
-76.064846682818,-12.553956095584,2770,46,564
-78.40046642153,-7.747969325542,2808,56,128
-68.51899829621,-15.922638411034,2708,350,4151
-67.980009125738,-18.752331556012,2684,23,636
-75.885183625994,-13.991260550176,2876,2,-1115
-69.596976637154,-22.03118234305,2824,0,-921
-71.977512140072,-14.575165484854,2686,65,1779
-70.360544628656,-14.39550242803,2675,131,2591
-69.237650523506,-14.934491598502,2694,374,2117
-68.878324409858,-16.147217232064,2777,86,1365
-76.15467821123,-10.532746706314,2727,176,545
-71.483438733806,-14.485333956442,2708,46,435
-77.097909259556,-10.487830942108,2777,32,716
-68.249503710974,-21.58202470099,2716,18,-575
-78.939455592002,-7.703053561336,2887,28,-24
-70.98936532754,-14.709912777472,2680,60,1833
-77.05299349535,-10.667493998932,2698,42,876
-68.29441947518,-21.537108936784,2714,18,-594
-75.795352097582,-12.553956095584,2689,132,1529
-75.03178410608,-15.114154655326,2864,6,-1069
-75.750436333376,-12.688703388202,2712,127,1232
-74.402963407196,-15.653143825798,2871,26,-749
-76.289425503848,-10.038673300048,2763,123,513
-68.563914060416,-18.168426621334,2698,47,1388
-69.41731358033,-18.707415791806,2692,25,569
-68.74357711724,-22.300676928286,2720,5,-773
-75.346194455522,-15.159070419532,NA,NA,NA
-69.237650523506,-16.776037930948,2690,86,1438
-71.88768061166,-16.237048760476,2803,17,-404
-68.698661353034,-19.830309896956,2694,26,-30
-74.717373756638,-12.329377274554,2825,210,720
-71.303775676982,-13.991260550176,2686,129,2140
-73.414816594664,-12.688703388202,2820,404,3124
-71.932596375866,-16.64129063833,2866,4,-862
-73.369900830458,-12.958197973438,2749,213,2117
-68.698661353034,-16.371796053094,2757,74,1988
-69.237650523506,-18.393005442364,2690,40,613
-69.731723929772,-17.854016271892,2735,23,-65
-72.202090961102,-13.811597493352,2712,85,2423
-68.384251003592,-15.608228061592,2749,531,2982
-68.96815593827,-20.00997295378,2684,26,57
-75.121615634492,-11.610725047258,2753,519,2686
-72.696164367368,-16.506543345712,2858,15,-763
-70.225797336038,-17.449774394038,2804,19,-543
-77.681814194234,-10.083589064254,2833,13,864
-75.48094174814,-12.104798453524,2725,142,947
-69.237650523506,-19.156573433866,2719,27,557
-68.51899829621,-15.922638411034,2708,350,4151
-68.833408645652,-22.70491880614,2740,3,-664
-71.528354498012,-17.045532516184,2871,13,-910
-74.897036813462,-14.305670899618,2774,52,501
-69.911386986596,-14.84466007009,2691,74,1808
-72.56141707475,-13.04802950185,2815,223,1570
-69.372397816124,-19.381152254896,2760,11,-71
-69.776639693978,-20.548962124252,2787,0,-871
-74.178384586166,-15.74297535421,2872,39,-1005
-68.788492881446,-21.13286705893,2689,37,-26
-77.50215113741,-10.712409763138,2870,4,-518
-73.45973235887,-14.126007842794,2720,136,2179
-75.03178410608,-13.587018672322,2689,194,1046
-79.164034413032,-6.939485569834,2833,201,1626
-70.719870742304,-14.036176314382,2653,320,2723
-74.986868341874,-12.419208802966,2728,232,997
-76.334341268054,-12.958197973438,2890,27,-896
-69.552060872948,-21.671856229402,2834,0,-995
-76.693667381702,-11.610725047258,2803,72,899
-75.615689040758,-13.72176596494,2823,26,-134
-70.899533799128,-14.39550242803,2679,100,2387
-69.86647122239,-16.281964524682,2685,57,665
-78.894539827796,-7.927632382366,2854,23,2
-78.041140307882,-8.286958496014,2793,75,663
-68.563914060416,-17.53960592245,2690,38,1242
-69.1927347593,-18.797247320218,2687,32,615
-70.360544628656,-15.159070419532,2721,35,959
-78.714876770972,-8.376790024426,2898,24,-673
-76.424172796466,-11.835303868288,2772,112,1387
-69.102903230888,-21.35744587996,2814,5,-714
-80.960664981272,-6.08608604992,2901,11,-1119
-71.124112620158,-15.203986183738,2675,68,1674
-69.596976637154,-17.180279808802,2683,48,327
-72.157175196896,-13.317524087086,2781,110,757
-70.360544628656,-17.98876356451,2858,22,-761
-74.627542228226,-13.49718714391,2705,174,1216
-77.412319608998,-9.45476836537,2685,71,2385
-69.507145108742,-19.78539413275,2827,2,-776
-71.797849083248,-14.036176314382,2734,47,1030
-69.86647122239,-15.653143825798,2755,60,1642
-78.84962406359,-8.466621552838,2893,15,-991
-70.405460392862,-15.338733476356,2721,34,447
-71.348691441188,-16.057385703652,2708,37,-188
-70.31562886445,-14.979407362708,2712,37,1224
-75.70552056917,-11.790388104082,2724,125,187
-73.414816594664,-13.04802950185,2785,135,658
-71.483438733806,-15.024323126914,2671,77,2389
-77.457235373204,-9.814094479018,2732,34,1709
-69.686808165566,-16.371796053094,2687,71,911
-70.046134279214,-17.359942865626,2685,29,154
-68.024924889944,-23.1540764482,2758,21,-560
-68.563914060416,-16.731122166742,2683,96,3078
-77.232656552174,-9.095442251722,2718,158,2270
-78.1758876005,-9.275105308546,2872,19,-134
-78.84962406359,-7.343727447688,2819,115,1163
-74.35804764299,-14.39550242803,2685,97,934
-74.402963407196,-13.49718714391,2711,130,1686
-75.9300993902,-14.215839371206,2873,3,-979
-76.15467821123,-11.116651640992,2703,204,1181
-69.686808165566,-15.06923889112,2710,83,1928
-69.507145108742,-18.88707884863,2741,15,257
-74.313131878784,-15.383649240562,2850,6,-622
-69.911386986596,-21.177782823136,2803,21,-802
-75.660604804964,-13.94634478597,2901,6,-874
-73.774142708312,-12.733619152408,2865,90,290
-77.187740787968,-10.397999413696,2791,22,65
-68.51899829621,-20.369299067428,2699,18,-699
-69.911386986596,-19.156573433866,2857,5,-615
-72.78599589578,-13.766681729146,2732,126,2971
-74.35804764299,-13.587018672322,2758,57,-36
-71.528354498012,-15.203986183738,2679,60,990
-73.729226944106,-14.934491598502,2707,108,1619
-79.74793934771,-6.490327927774,2884,14,-629
-76.199593975436,-11.161567405198,2715,161,509
-70.450376157068,-13.991260550176,2691,384,1992
-76.109762447024,-13.27260832288,2882,14,-820
-74.986868341874,-11.9251353967,2717,442,2595
-69.686808165566,-18.88707884863,2800,4,-481
-70.135965807626,-14.709912777472,2688,67,1477
-74.897036813462,-14.39550242803,2841,35,-26
-75.301278691316,-13.227692558674,2693,232,1024
-73.23515353784,-13.631934436528,2758,84,1049
-73.324985066252,-16.147217232064,2848,21,-946
-70.630039213892,-17.494690158244,2872,9,-769
-71.393607205394,-13.811597493352,2687,181,2478
-68.159672182562,-17.98876356451,2700,32,1551
-75.121615634492,-14.215839371206,2878,20,-604
-73.819058472518,-13.94634478597,2750,67,795
-68.29441947518,-20.9082882379,2696,17,-665
-71.258859912776,-13.991260550176,2687,131,1852
-73.23515353784,-12.688703388202,2889,303,1798
-76.199593975436,-13.991260550176,2878,2,-1054
-70.450376157068,-15.06923889112,2706,37,2178
-72.516501310544,-13.003113737644,2846,198,802
-77.008077731144,-11.880219632494,2884,14,-899
-69.911386986596,-15.563312297386,2742,53,1578
-75.076699870286,-13.407355615498,2682,230,1203
-76.918246202732,-11.341230462022,2892,48,-61
-71.573270262218,-13.49718714391,2751,210,1605
-76.648751617496,-10.263252121078,2724,153,534
-75.076699870286,-14.799744305884,2867,6,-1070
-72.471585546338,-13.49718714391,2806,128,1128
-74.13346882196,-13.811597493352,2706,72,1656
-69.057987466682,-22.884581862964,2772,2,-704
-74.35804764299,-15.787891118416,2866,36,-651
-72.247006725308,-15.428565004768,2680,139,1432
-70.225797336038,-14.799744305884,2690,47,1176
-68.06984065415,-21.537108936784,2682,28,185
-69.731723929772,-22.300676928286,2790,1,-793
-70.98936532754,-17.629437450862,2851,6,-792
-75.211447162904,-14.62008124906,2868,5,-931
-75.03178410608,-14.889575834296,2871,4,-1137
-70.54020768548,-17.359942865626,2822,16,-550
-78.759792535178,-8.646284609662,NA,NA,NA
-72.606332838956,-13.991260550176,2722,88,1917
-77.771645722646,-10.712409763138,2877,7,-895
-72.741080131574,-15.06923889112,2710,103,1514
-78.130971836294,-7.837800853954,2754,82,576
-68.51899829621,-18.43792120657,2694,28,356
-72.516501310544,-15.51839653318,2673,142,1459
-78.490297949942,-7.88271661816,2749,116,697
-69.237650523506,-18.43792120657,2692,36,457
-74.178384586166,-14.62008124906,2692,74,695
-76.873330438526,-10.308167885284,2666,147,2031
-69.596976637154,-15.428565004768,2770,65,1445
-73.90889000093,-13.991260550176,2769,69,360
-69.147818995094,-21.492193172578,2815,4,-742
-68.159672182562,-21.492193172578,2680,31,99
-72.875827424192,-14.799744305884,2661,156,2986
-74.13346882196,-14.934491598502,2733,78,1369
-68.788492881446,-15.877722646828,2735,184,2252
-72.247006725308,-13.407355615498,2725,191,2547
-69.64189240136,-15.338733476356,2760,64,1463
-71.708017554836,-13.362439851292,2743,262,2529
-69.911386986596,-15.248901947944,2725,49,1086
-73.819058472518,-14.350586663824,2694,85,1341
-68.249503710974,-17.359942865626,2695,57,1214
-68.833408645652,-21.492193172578,2682,22,-433
-75.076699870286,-13.901429021764,2737,104,724
-70.09105004342,-17.98876356451,2871,19,-883
-69.776639693978,-22.210845399874,2769,2,-785
-68.204587946768,-22.03118234305,2672,32,-164
-72.516501310544,-14.934491598502,2654,147,3113
-71.618186026424,-14.081092078588,2697,67,1642
-73.100406245222,-12.733619152408,2860,245,1768
-78.445382185736,-8.736116138074,2895,14,-776
-69.013071702476,-15.473480768974,2761,341,1207
-71.573270262218,-14.799744305884,2677,58,1885
-72.247006725308,-16.506543345712,2851,5,-836
-75.301278691316,-13.407355615498,2705,218,1094
-73.145322009428,-14.709912777472,2675,135,2321
-68.384251003592,-17.404858629832,2697,42,1022
-69.057987466682,-14.889575834296,2691,865,2887
-70.495291921274,-16.147217232064,2701,33,84
-69.956302750802,-17.000616751978,2673,45,105
-74.178384586166,-14.575165484854,2690,84,1004
-68.698661353034,-19.381152254896,2705,21,-259
-68.51899829621,-19.291320726484,2715,18,-480
-71.393607205394,-13.766681729146,2698,204,2361
-72.875827424192,-12.778534916614,2820,224,2236
-68.249503710974,-17.809100507686,2703,27,631
-77.187740787968,-8.960694959104,2801,125,948
-68.878324409858,-21.851519286226,2701,19,-710
-72.11225943269,-15.203986183738,2682,80,1066
-68.788492881446,-18.348089678158,2675,51,1157
-70.270713100244,-14.754828541678,2689,50,1180
-69.911386986596,-16.012469939446,2714,69,1302
-73.100406245222,-15.248901947944,2699,94,2452
-67.980009125738,-17.225195573008,2707,69,616
-68.384251003592,-21.35744587996,2708,21,-662
-69.282566287712,-20.054888717986,2793,5,-689
-70.135965807626,-14.575165484854,2663,120,2972
-76.37925703226,-9.499684129576,2743,686,1880
-70.001218515008,-19.066741905454,2858,5,-1046
-79.433528998268,-6.580159456186,2897,42,650
-70.135965807626,-15.428565004768,2710,41,1083
-78.310634893118,-8.33187426022,2759,114,1130
-69.237650523506,-17.135364044596,2686,62,865
-70.76478650651,-16.955700987772,2742,22,320
-69.327482051918,-18.6625000276,2681,28,606
-75.750436333376,-13.04802950185,2741,204,641
-71.708017554836,-16.19213299627,2786,33,-187
-70.360544628656,-17.584521686656,2855,17,-650
-76.60383585329,-10.173420592666,2728,168,494
-71.977512140072,-16.820953695154,2853,8,-865
-74.852121049256,-14.889575834296,2868,11,-533
-77.906393015264,-9.364936836958,2731,19,1101
-74.268216114578,-13.27260832288,2731,68,980
-78.265719128912,-8.960694959104,2854,20,-99
-69.462229344536,-20.998119766312,2827,1,-799
-72.875827424192,-14.39550242803,2707,87,1955
-80.062349697152,-6.714906748804,NA,NA,NA
-73.055490481016,-16.371796053094,2861,20,-847
-69.507145108742,-16.461627581506,2698,99,1201
-75.525857512346,-11.790388104082,2737,141,598
-74.088553057754,-14.754828541678,2747,86,1024
-70.809702270716,-14.709912777472,2698,53,1555
-79.568276290886,-7.388643211894,2889,9,-1111
-76.064846682818,-13.811597493352,2876,3,-1073
-68.74357711724,-22.03118234305,2694,12,-785
-73.6843111799,-16.102301467858,2854,18,-865
-73.01057471681,-15.473480768974,2732,65,2693
-75.166531398698,-11.655640811464,2708,470,2801
-72.965658952604,-13.991260550176,2710,125,3174
-68.204587946768,-16.4167118173,2694,231,1782
-69.372397816124,-18.43792120657,2691,37,764
-77.816561486852,-9.724262950606,2823,11,900
-77.187740787968,-11.70055657567,NA,NA,NA
-68.698661353034,-20.054888717986,2687,30,65
-71.393607205394,-15.383649240562,2677,80,1507
-78.265719128912,-8.10729543919,2738,168,1515
-75.166531398698,-12.464124567172,2736,214,678
-78.535213714148,-8.466621552838,2916,33,-460
-71.66310179063,-17.270111337214,NA,NA,NA
-69.776639693978,-21.222698587342,2792,6,-806
-72.651248603162,-15.787891118416,2772,58,-81
-73.6843111799,-15.203986183738,2744,63,1335
-68.249503710974,-22.70491880614,2731,14,-623
-75.03178410608,-13.317524087086,2700,200,811
-77.008077731144,-9.769178714812,2696,149,1301
-70.001218515008,-15.06923889112,2705,46,1074
-77.27757231638,-9.185273780134,2700,143,2265
-70.135965807626,-19.56081531172,2848,17,-914
-68.114756418356,-19.201489198072,2700,10,-356
-76.918246202732,-9.993757535842,2702,149,1149
-71.258859912776,-13.587018672322,2678,624,3607
-75.166531398698,-12.509040331378,2722,233,735
-70.225797336038,-19.33623649069,2868,26,-504
-74.627542228226,-15.653143825798,2867,30,-899
-69.237650523506,-17.674353215068,2680,42,1086
-76.15467821123,-10.487830942108,2731,155,301
-77.906393015264,-8.691200373868,2824,38,305
-70.405460392862,-17.854016271892,2861,20,-780
-71.169028384364,-14.934491598502,2700,40,508
-78.894539827796,-7.253895919276,2888,103,279
-71.4385229696,-14.39550242803,2708,48,607
-74.537710699814,-14.126007842794,2709,92,407
-69.1927347593,-17.09044828039,2691,62,697
-77.008077731144,-10.532746706314,2701,62,1381
-68.339335239386,-20.099804482192,2680,20,-401
-69.776639693978,-20.818456709488,2789,3,-817
-68.339335239386,-17.629437450862,2695,35,1325
-68.29441947518,-22.210845399874,2722,24,-527
-74.897036813462,-12.419208802966,2762,243,1206
-71.303775676982,-17.09044828039,2853,10,-770
-71.034281091746,-15.563312297386,2683,51,612
-72.247006725308,-13.04802950185,2748,237,2662
-75.615689040758,-14.440418192236,2857,4,-1055
-68.51899829621,-18.88707884863,2704,18,211
-70.046134279214,-18.6625000276,2854,12,-800
-68.474082532004,-20.818456709488,2691,21,-514
-77.142825023762,-11.25139893361,2870,21,-361
-68.833408645652,-15.877722646828,2748,159,1770
-68.878324409858,-19.066741905454,2701,23,-90
-72.33683825372,-14.84466007009,2669,142,2612
-72.426669782132,-14.126007842794,2698,95,2764
-70.135965807626,-19.740478368544,2844,14,-797
-74.941952577668,-11.970051160906,2740,429,2285
-70.270713100244,-19.156573433866,NA,NA,NA
-71.618186026424,-16.955700987772,2868,11,-709
-69.86647122239,-15.563312297386,2753,66,2186
-73.594479651488,-13.182776794468,2739,170,1544
-78.669961006766,-7.792885089748,2702,62,577
-73.774142708312,-13.182776794468,2838,66,-277
-69.507145108742,-16.820953695154,2672,87,1604
-68.833408645652,-23.198992212406,2757,7,-623
-71.483438733806,-17.31502710142,2862,16,-719
-71.303775676982,-16.731122166742,2802,10,-813
-68.29441947518,-23.064244919788,2765,5,-736
-74.313131878784,-14.260755135412,2696,92,907
-77.547066901616,-9.814094479018,2728,24,1891
-68.833408645652,-17.854016271892,2694,40,920
-70.495291921274,-14.62008124906,2692,53,1320
-72.11225943269,-14.39550242803,2727,50,757
-73.639395415694,-13.766681729146,2761,103,1093
-68.653745588828,-22.435424220904,2727,5,-792
-73.23515353784,-15.51839653318,2801,26,191
-72.965658952604,-14.709912777472,2674,146,2717
-69.64189240136,-14.305670899618,2699,838,3337
-69.372397816124,-21.13286705893,2834,1,-792
-69.821555458184,-17.270111337214,2689,39,92
-70.180881571832,-17.943847800304,2868,23,-793
-70.495291921274,-16.281964524682,2685,50,850
-77.27757231638,-11.206483169404,2875,11,-765
-71.258859912776,-14.934491598502,2694,47,1193
-68.608829824622,-19.695562604338,2664,24,117
-68.833408645652,-20.189636010604,2714,21,-494
-77.861477251058,-10.487830942108,2883,4,-904
-69.147818995094,-23.288823740818,2761,2,-788
-69.956302750802,-17.270111337214,2669,43,410
-69.686808165566,-14.530249720648,2687,289,1727
-69.64189240136,-18.707415791806,2760,8,-46
-79.837770876122,-6.31066487095,2888,15,-622
-73.594479651488,-12.82345068082,2896,77,-441
-77.142825023762,-9.589515657988,2708,97,777
-76.109762447024,-12.014966925112,2700,124,953
-69.821555458184,-20.504046360046,2788,0,-858
-72.875827424192,-15.024323126914,2665,104,1743
-75.885183625994,-14.440418192236,2872,7,-928
-79.164034413032,-7.074232862452,2888,149,1089
-77.05299349535,-11.970051160906,2879,14,-814
-75.525857512346,-14.39550242803,2867,6,-990
-68.204587946768,-19.56081531172,2704,11,-488
-70.31562886445,-18.527752734982,2859,15,-711
-71.303775676982,-14.081092078588,2679,106,1907
-76.738583145908,-11.9251353967,2882,24,-336
-79.658107819298,-6.580159456186,2888,18,-129
-71.303775676982,-16.64129063833,2775,15,-561
-73.639395415694,-14.350586663824,2698,102,1734
-68.474082532004,-17.449774394038,2695,35,836
-72.426669782132,-16.19213299627,2882,4,-1097
-70.854618034922,-17.719268979274,2854,5,-830
-70.944449563334,-13.901429021764,2660,378,2047
-67.980009125738,-21.896435050432,2651,21,-223
-72.875827424192,-13.092945266056,2767,272,1998
-72.33683825372,-13.991260550176,2695,100,2858
-74.043637293548,-15.428565004768,2789,12,59
-73.594479651488,-14.305670899618,2716,85,1122
-77.232656552174,-9.6793471864,2702,85,1737
-72.157175196896,-16.86586945936,2867,15,-572
-77.636898430028,-8.691200373868,2734,100,1687
-75.166531398698,-13.676850200734,2705,192,1064
-69.013071702476,-14.889575834296,2706,877,2931
-68.74357711724,-20.279467539016,2694,30,-170
-70.719870742304,-15.114154655326,2676,55,2477
-76.469088560672,-10.667493998932,2693,138,685
-68.788492881446,-16.910785223566,2711,68,1485
-70.046134279214,-21.626940465196,2826,56,-608
-72.651248603162,-15.024323126914,2674,117,1817
-73.774142708312,-16.012469939446,2850,18,-959
-69.462229344536,-21.896435050432,2840,0,-1075
-79.253865941444,-7.927632382366,2888,12,-1041
-73.324985066252,-15.248901947944,2821,38,-64
-79.568276290886,-6.669990984598,2892,22,-195
-70.450376157068,-15.428565004768,2708,41,1324
-68.563914060416,-22.300676928286,2723,10,-790
-74.402963407196,-14.799744305884,2724,69,648
-71.124112620158,-15.024323126914,2695,40,600
-69.596976637154,-23.109160683994,2797,0,-869
-70.585123449686,-14.170923607,2654,274,3208
-69.911386986596,-20.144720246398,2806,3,-826
-73.100406245222,-13.092945266056,2744,304,3031
-69.956302750802,-20.548962124252,2803,4,-846
-71.169028384364,-16.596374874124,2747,22,-217
-70.944449563334,-15.74297535421,2679,54,958
-76.558920089084,-11.206483169404,2703,142,988
-73.6843111799,-13.317524087086,2782,115,801
-72.56141707475,-13.901429021764,2714,102,2669
-73.549563887282,-15.114154655326,2745,61,629
-69.552060872948,-22.300676928286,2798,0,-920
-74.852121049256,-14.39550242803,2807,44,230
-74.986868341874,-12.419208802966,2728,232,997
-70.76478650651,-14.664997013266,2706,44,855
-70.405460392862,-15.653143825798,2697,43,1348
-73.145322009428,-13.137861030262,2771,222,2250
-75.750436333376,-12.643787623996,2707,139,1362
-70.135965807626,-16.461627581506,2666,51,462
-71.797849083248,-14.530249720648,2692,64,1626
-72.78599589578,-15.203986183738,2696,101,1764
-67.935093361532,-22.390508456698,2623,50,94
-70.674954978098,-15.653143825798,2703,42,630
-70.135965807626,-22.660003041934,2838,15,-667
-75.391110219728,-11.520893518846,2698,387,2395
-78.62504524256,-8.736116138074,2890,13,-1013
-79.74793934771,-6.355580635156,2885,18,-263
-76.109762447024,-10.532746706314,2714,212,727
-73.549563887282,-14.62008124906,2686,116,1615
-76.60383585329,-9.364936836958,2743,554,2095
-69.821555458184,-14.530249720648,2675,234,2222
-78.759792535178,-8.511537317044,2895,16,-1002
-69.776639693978,-22.749834570346,2770,0,-810
-68.159672182562,-17.045532516184,2705,50,689
-75.121615634492,-12.59887185979,2701,301,1303
-76.558920089084,-11.520893518846,2706,116,1128
-74.941952577668,-12.104798453524,2728,368,2304
-72.067343668484,-13.676850200734,2728,93,2495
-71.842764847454,-13.317524087086,2724,195,2416
-69.282566287712,-18.078595092922,2698,37,444
-74.897036813462,-14.081092078588,2729,83,1006
-72.022427904278,-16.371796053094,2861,4,-879
-71.483438733806,-16.281964524682,2752,30,-37
-68.474082532004,-19.291320726484,2715,17,-467
-76.334341268054,-11.25139893361,2688,180,1214
-69.686808165566,-22.076098107256,2806,1,-804
-79.164034413032,-8.017463910778,2885,13,-1115
-74.492794935608,-13.587018672322,2752,79,-24
-68.833408645652,-21.716771993608,2690,18,-673
-70.944449563334,-13.587018672322,2766,1082,3968
-71.079196855952,-13.49718714391,2683,1578,6368
-71.124112620158,-15.832806882622,2682,50,416
-69.102903230888,-22.25576116408,2770,4,-642
-74.762289520844,-13.04802950185,2723,177,943
-70.046134279214,-15.608228061592,2718,46,1326
-74.35804764299,-15.338733476356,2923,4,-1072
-76.289425503848,-12.509040331378,2890,18,-386
-76.289425503848,-11.610725047258,2674,219,1995
-68.923240174064,-15.024323126914,2697,1100,3121
-70.31562886445,-15.428565004768,2713,36,571
-75.750436333376,-11.880219632494,2708,138,746
-71.752933319042,-15.653143825798,2738,38,-277
-75.166531398698,-11.610725047258,2724,518,3048
-79.478444762474,-6.445412163568,2895,44,1842
-74.268216114578,-13.04802950185,2798,49,-225
-71.034281091746,-15.248901947944,2661,96,2848
-69.64189240136,-22.660003041934,2770,0,-830
-74.941952577668,-14.081092078588,2769,71,873
-69.776639693978,-19.56081531172,2832,1,-933
-73.504648123076,-13.27260832288,2716,180,1702
-70.54020768548,-17.225195573008,2739,29,-167
-68.96815593827,-19.381152254896,2684,29,278
-77.232656552174,-10.667493998932,2749,14,442
-74.897036813462,-14.84466007009,2879,10,-855
-69.372397816124,-21.626940465196,2838,1,-996
-69.237650523506,-17.045532516184,2693,62,633
-70.76478650651,-17.674353215068,2865,8,-938
-74.35804764299,-12.553956095584,2761,267,1126
-68.024924889944,-18.617584263394,2689,26,592
-72.11225943269,-13.676850200734,2720,107,2871
-76.199593975436,-10.667493998932,2699,201,989
-68.339335239386,-18.393005442364,2699,33,841
-74.35804764299,-14.305670899618,2691,91,800
-74.762289520844,-12.59887185979,2729,288,1913
-68.563914060416,-19.830309896956,2702,21,-208
-73.190237773634,-13.003113737644,2760,252,2407
-69.41731358033,-15.96755417524,2786,106,1999
-74.627542228226,-14.799744305884,2784,30,-49
-76.019930918612,-11.520893518846,2695,178,1149
-79.433528998268,-7.523390504512,2884,13,-1121
-71.124112620158,-16.955700987772,2831,6,-875
-68.833408645652,-18.303173913952,2654,54,1338
-73.6843111799,-12.82345068082,2825,99,612
-69.327482051918,-16.596374874124,2699,85,896
-77.232656552174,-11.02682011258,2858,8,-244
-75.211447162904,-13.27260832288,2693,230,1015
-70.046134279214,-17.76418474348,2841,17,-671
-74.717373756638,-15.563312297386,2863,36,-796
-68.114756418356,-17.31502710142,2699,70,1252
-70.944449563334,-17.09044828039,2819,7,-681
-73.280069302046,-13.991260550176,2734,112,1345
-69.776639693978,-16.910785223566,2668,56,779
-75.346194455522,-11.520893518846,2710,416,2438
-72.157175196896,-13.27260832288,2774,139,990
-68.29441947518,-22.345592692492,2712,26,-493
-75.301278691316,-14.305670899618,2851,13,-518
-69.552060872948,-18.168426621334,2719,27,377
-70.719870742304,-17.31502710142,2835,12,-742
-70.719870742304,-15.787891118416,2685,44,922
-73.324985066252,-14.664997013266,2685,139,2226
-68.563914060416,-16.86586945936,2708,69,1789
-72.920743188398,-14.081092078588,2702,125,3308
-75.750436333376,-11.565809283052,2709,233,1075
-70.495291921274,-17.584521686656,2852,12,-753
-68.29441947518,-19.246404962278,2713,13,-341
-76.469088560672,-11.835303868288,2760,104,1603
-79.388613234062,-6.714906748804,2898,58,167
-70.98936532754,-15.877722646828,2678,48,600
-69.596976637154,-16.64129063833,2686,99,1221
-68.96815593827,-15.653143825798,2732,267,1741
-71.977512140072,-15.428565004768,2688,69,686
-69.731723929772,-21.986266578844,2805,3,-767
-72.022427904278,-16.057385703652,2775,25,-188
-79.837770876122,-6.849654041422,2897,8,-1210
-79.164034413032,-7.747969325542,2885,18,-1067
-73.45973235887,-14.126007842794,2720,136,2179
-76.424172796466,-10.218336356872,2743,133,279
-77.367403844792,-11.431061990434,2877,11,-845
-72.920743188398,-15.787891118416,2823,19,226
-71.842764847454,-16.910785223566,2857,8,-861
-72.875827424192,-14.84466007009,2650,163,3183
-79.433528998268,-6.849654041422,2892,49,-316
-68.51899829621,-16.102301467858,2738,214,2931
-74.80720528505,-13.856513257558,2698,116,885
-70.135965807626,-23.019329155582,2819,4,-719
-68.429166767798,-17.98876356451,2696,45,2192
-69.282566287712,-18.931994612836,2723,25,377
-79.164034413032,-7.20898015507,2895,86,418
-75.525857512346,-14.889575834296,2855,4,-953
-68.653745588828,-21.761687757814,2722,12,-664
-76.783498910114,-10.487830942108,2685,120,1346
-75.076699870286,-12.82345068082,2708,244,794
-71.708017554836,-17.180279808802,2866,16,-559
-70.719870742304,-14.39550242803,2695,73,1008
-71.797849083248,-17.09044828039,2862,11,-502
-78.355550657324,-9.275105308546,2890,13,-885
-76.693667381702,-9.364936836958,2716,435,1950
-68.429166767798,-15.787891118416,2737,394,3726
-73.549563887282,-15.428565004768,2755,48,778
-69.327482051918,-17.180279808802,2675,63,1014
-72.651248603162,-16.596374874124,2861,21,-760
-73.998721529342,-12.958197973438,2777,100,788
-69.372397816124,-23.064244919788,2813,0,-854
-70.585123449686,-14.934491598502,2714,30,990
-68.878324409858,-19.78539413275,2693,30,237
-69.64189240136,-19.740478368544,2830,1,-866
-77.187740787968,-9.90392600743,2668,99,2252
-74.088553057754,-15.06923889112,2758,38,825
-70.270713100244,-15.248901947944,2714,42,1261
-73.504648123076,-15.024323126914,2713,87,1363
-69.1927347593,-20.279467539016,2782,8,-626
-68.878324409858,-20.054888717986,2708,20,-351
-70.76478650651,-15.653143825798,2685,54,1222
-70.98936532754,-13.811597493352,2655,633,3516
-71.708017554836,-14.350586663824,2699,59,1718
-69.507145108742,-22.660003041934,2773,0,-833
-72.381754017926,-14.709912777472,2670,119,2641
-71.393607205394,-17.449774394038,NA,NA,NA
-71.528354498012,-15.159070419532,2683,55,739
-74.717373756638,-14.530249720648,2813,38,99
-69.686808165566,-15.96755417524,2750,98,2225
-76.109762447024,-10.218336356872,2752,135,366
-79.97251816874,-6.714906748804,2898,9,-1232
-76.37925703226,-10.532746706314,2702,161,878
-76.199593975436,-11.296314697816,2704,173,742
-74.043637293548,-13.587018672322,2744,56,985
-72.920743188398,-16.4167118173,2860,13,-788
-74.537710699814,-14.39550242803,2706,89,729
-79.703023583504,-7.029317098246,2894,8,-1170
-68.833408645652,-16.057385703652,2767,103,1802
-69.776639693978,-17.045532516184,2667,60,795
-73.863974236724,-15.832806882622,2835,19,-763
-70.450376157068,-15.563312297386,2686,57,2178
-78.041140307882,-9.859010243224,2890,6,-512
-68.474082532004,-19.156573433866,2702,25,288
-78.62504524256,-7.792885089748,2749,73,379
-69.372397816124,-21.087951294724,2836,1,-802
-69.64189240136,-14.934491598502,2693,105,2125
-69.686808165566,-18.43792120657,2751,10,251
-77.097909259556,-11.70055657567,2882,16,-887
-70.09105004342,-17.854016271892,2858,20,-808
-69.102903230888,-15.832806882622,2771,123,1482
-69.147818995094,-20.369299067428,2772,11,-566
-77.636898430028,-10.35308364949,2898,5,-289
-69.596976637154,-18.21334238554,2757,20,230
-73.190237773634,-15.563312297386,2797,24,436
-76.37925703226,-10.757325527344,2701,153,671
-76.334341268054,-10.12850482846,2732,134,877
-72.247006725308,-14.664997013266,2691,69,1052
-71.708017554836,-14.081092078588,2756,43,414
-68.384251003592,-21.851519286226,2662,35,31
-76.469088560672,-12.868366445026,2880,26,-839
-75.70552056917,-13.362439851292,2859,87,-184
-71.258859912776,-17.494690158244,2855,15,-880
-68.878324409858,-21.267614351548,2714,26,-249
-73.90889000093,-13.27260832288,2727,83,1182
-73.774142708312,-15.338733476356,2738,38,708
-77.636898430028,-10.442915177902,2864,5,-174
-80.736086160242,-6.220833342538,2900,12,-1190
-71.483438733806,-14.39550242803,2710,46,589
-69.596976637154,-15.159070419532,2724,78,1562
-73.863974236724,-14.84466007009,2706,97,1297
-69.41731358033,-22.390508456698,2792,0,-828
-78.84962406359,-8.10729543919,2886,21,-621
-76.37925703226,-12.958197973438,2884,25,-864
-69.102903230888,-20.953204002106,2806,8,-722
-77.05299349535,-10.712409763138,2707,39,951
-76.424172796466,-12.239545746142,2774,34,49
-77.412319608998,-9.6793471864,2733,30,1132
-70.225797336038,-22.749834570346,2850,22,-754
-80.376760046594,-6.08608604992,2900,3,-1327
-67.935093361532,-22.121013871462,2621,37,73
-69.596976637154,-16.281964524682,2690,100,1750
-75.615689040758,-11.431061990434,2713,324,1538
-73.504648123076,-14.754828541678,2686,118,1524
-69.776639693978,-14.934491598502,2703,76,1453
-69.237650523506,-14.799744305884,2685,553,2695
-68.96815593827,-18.393005442364,2664,44,779
-76.37925703226,-10.981904348374,2693,158,867
-68.698661353034,-21.671856229402,2712,13,-677
-69.86647122239,-15.74297535421,2752,61,1500
-77.097909259556,-10.892072819962,2782,13,126
-68.249503710974,-17.943847800304,2707,31,1414
-74.268216114578,-14.664997013266,2694,96,713
-72.78599589578,-16.461627581506,2857,14,-790
-69.911386986596,-18.123510857128,2815,15,-506
-71.21394414857,-15.203986183738,2675,82,1965
-68.878324409858,-19.426068019102,2693,25,14
-69.731723929772,-16.102301467858,2714,109,2585
-70.98936532754,-17.000616751978,2812,6,-681
-70.046134279214,-14.170923607,2687,549,3379
-73.774142708312,-15.383649240562,2750,34,668
-70.09105004342,-14.754828541678,2692,58,1158
-77.412319608998,-10.847157055756,2871,4,-522
-73.414816594664,-13.587018672322,2736,102,1185
-71.708017554836,-16.596374874124,2827,6,-809
-78.580129478354,-8.421705788632,2909,35,-453
-69.41731358033,-21.492193172578,2827,1,-924
-70.046134279214,-21.716771993608,2828,54,-642
-68.878324409858,-14.664997013266,2841,873,2180
-71.348691441188,-16.64129063833,2773,14,-602
-72.830911659986,-13.856513257558,2737,118,3219
-68.653745588828,-18.303173913952,2697,33,276
-71.124112620158,-17.584521686656,2852,11,-829
-71.303775676982,-16.64129063833,2775,15,-561
-77.187740787968,-11.116651640992,2897,10,-580
-68.653745588828,-19.021826141248,2709,19,-248
-71.842764847454,-13.811597493352,2783,54,350
-69.86647122239,-14.889575834296,2700,61,870
-70.180881571832,-14.799744305884,2691,52,1449
-69.64189240136,-22.570171513522,2773,0,-830
-72.11225943269,-13.49718714391,2751,98,1622
-71.303775676982,-13.49718714391,2687,704,4335
-72.426669782132,-15.248901947944,2677,94,1087
-71.21394414857,-16.910785223566,2898,5,-929
-71.124112620158,-17.809100507686,2854,11,-594
-70.899533799128,-14.799744305884,2699,40,1150
-69.237650523506,-15.922638411034,2792,107,2040
-74.402963407196,-14.39550242803,2691,91,762
-71.393607205394,-13.94634478597,2694,111,1647
-70.76478650651,-16.86586945936,2725,25,589
-75.436025983934,-11.520893518846,2682,358,2217
-72.78599589578,-16.102301467858,2844,3,-991
-68.698661353034,-16.820953695154,2709,77,1598
-68.608829824622,-16.012469939446,2749,185,2580
-68.96815593827,-16.551459109918,2749,95,1880
-69.956302750802,-14.39550242803,2702,183,1011
-68.608829824622,-20.414214831634,2700,19,-644
-75.076699870286,-13.407355615498,2682,230,1203
-76.60383585329,-9.948841771636,2737,177,599
-68.249503710974,-18.572668499188,2691,28,583
-72.067343668484,-15.473480768974,2658,105,1570
-70.31562886445,-16.686206402536,2680,36,-29
-71.88768061166,-15.96755417524,2735,48,423
-68.653745588828,-18.258258149746,2698,33,271
-70.180881571832,-21.941350814638,NA,NA,NA
-76.064846682818,-10.80224129155,2697,284,1362
-68.653745588828,-16.86586945936,2706,80,2163
-71.708017554836,-16.955700987772,2861,9,-739
-72.202090961102,-13.811597493352,2712,85,2423
-75.70552056917,-13.452271379704,2816,71,-22
-69.282566287712,-16.64129063833,2684,97,1777
-69.911386986596,-19.830309896956,2808,2,-981
-68.74357711724,-15.51839653318,2806,294,403
-67.84526183312,-22.70491880614,2634,55,-140
-68.339335239386,-22.615087277728,2705,17,-545
-67.665598776296,-22.660003041934,2634,36,-387
-74.402963407196,-14.485333956442,2708,74,361
-72.067343668484,-14.979407362708,2679,92,1687
-69.372397816124,-19.875225661162,2808,4,-771
-70.76478650651,-13.94634478597,2647,492,3227
-70.09105004342,-23.019329155582,2819,2,-672
-77.72672995844,-10.038673300048,2849,13,707
-73.055490481016,-14.530249720648,2685,127,2735
-79.478444762474,-7.523390504512,2885,11,-1102
-75.615689040758,-12.958197973438,2702,259,1117
-72.56141707475,-15.06923889112,2661,104,1737
-68.474082532004,-22.435424220904,2727,14,-616
-73.549563887282,-13.676850200734,2742,115,1372
-75.211447162904,-12.464124567172,2718,244,1037
-69.41731358033,-22.525255749316,2781,0,-873
-69.372397816124,-22.92949762717,2795,0,-826
-72.202090961102,-13.676850200734,2755,90,1453
-73.819058472518,-15.06923889112,2765,65,1072
-76.424172796466,-12.688703388202,2885,18,-803
-72.56141707475,-14.485333956442,2680,79,1971
-78.265719128912,-9.769178714812,2880,3,-1203
-69.102903230888,-18.752331556012,2685,28,308
-78.041140307882,-8.825947666486,2736,42,865
-70.54020768548,-17.225195573008,2739,29,-167
-68.698661353034,-15.024323126914,2773,1032,2553
-76.873330438526,-9.409852601164,2711,288,1762
-74.268216114578,-14.126007842794,2713,69,553
-68.96815593827,-19.156573433866,2679,31,412
-70.001218515008,-18.078595092922,2865,16,-767
-70.001218515008,-15.563312297386,2722,47,1397
-78.1758876005,-9.993757535842,2888,3,-1090
-76.424172796466,-12.868366445026,2879,29,-835
-72.11225943269,-16.86586945936,2864,14,-695
-75.975015154406,-11.431061990434,2712,164,537
-77.412319608998,-10.173420592666,2771,17,1493
-69.372397816124,-16.461627581506,2700,122,1858
-76.783498910114,-11.25139893361,2814,79,867
-77.547066901616,-8.646284609662,2760,86,1093
-68.698661353034,-20.863372473694,2682,28,-238
-67.980009125738,-17.854016271892,2694,39,1510
-69.686808165566,-18.707415791806,2782,6,-246
-69.552060872948,-21.492193172578,2817,0,-969
-75.03178410608,-14.575165484854,2880,11,-690
-69.64189240136,-21.267614351548,2799,2,-759
-69.013071702476,-22.165929635668,2764,7,-723
-70.54020768548,-17.719268979274,2864,12,-732
-76.334341268054,-12.059882689318,2714,105,1131
-79.388613234062,-7.747969325542,2889,12,-1082
-75.03178410608,-14.126007842794,2843,41,-5
-69.372397816124,-20.998119766312,2837,1,-807
-78.220803364706,-8.197126967602,2764,162,1231
-69.057987466682,-16.820953695154,2700,87,1643
-78.490297949942,-9.320021072752,2888,9,-1090
-68.923240174064,-23.064244919788,2747,6,-782
-72.022427904278,-14.889575834296,2691,54,298
-71.932596375866,-15.203986183738,2666,100,1785
-69.013071702476,-20.773540945282,2732,16,-335
-75.166531398698,-13.27260832288,2682,241,1153
-69.911386986596,-15.51839653318,2732,64,2426
-70.719870742304,-13.94634478597,2674,369,2021
-69.86647122239,-21.35744587996,2800,14,-816
-69.507145108742,-17.674353215068,2678,31,253
-69.821555458184,-21.087951294724,2793,10,-835
-70.135965807626,-18.976910377042,2844,7,-818
-70.76478650651,-14.39550242803,2693,67,815
-74.852121049256,-13.766681729146,2702,141,899
-72.471585546338,-15.428565004768,2681,108,1040
-69.237650523506,-22.615087277728,2773,1,-913
-74.088553057754,-12.868366445026,2721,159,1816
-75.346194455522,-11.386146226228,2803,417,2368
-69.372397816124,-19.875225661162,2808,4,-771
-71.034281091746,-15.922638411034,2678,47,527
-73.280069302046,-13.631934436528,2755,93,1082
-71.169028384364,-17.180279808802,2849,7,-868
-70.630039213892,-15.203986183738,2712,37,868
-70.809702270716,-15.024323126914,2672,53,2452
-68.29441947518,-19.965057189574,2653,24,109
-75.9300993902,-13.811597493352,2877,2,-1116
-75.166531398698,-14.799744305884,2860,3,-1013
-77.232656552174,-10.80224129155,2760,8,160
-71.21394414857,-16.4167118173,2691,48,169
-73.819058472518,-14.530249720648,2691,104,1616
-74.897036813462,-12.059882689318,2787,368,1839
-69.41731358033,-15.877722646828,2791,102,2197
-73.23515353784,-16.4167118173,NA,NA,NA
-74.35804764299,-13.94634478597,2725,69,675
-74.447879171402,-14.485333956442,2694,80,644
-79.927602404534,-6.804738277216,2898,9,-1229
-79.613192055092,-7.388643211894,NA,NA,NA
-69.64189240136,-18.258258149746,2779,15,118
-72.56141707475,-13.587018672322,2788,86,1005
-70.135965807626,-21.80660352202,2855,40,-508
-68.339335239386,-18.482836970776,2694,31,627
-69.41731358033,-21.537108936784,2828,1,-962
-69.1927347593,-15.428565004768,2725,168,905
-77.996224543676,-9.364936836958,2822,19,516
-73.100406245222,-16.371796053094,2864,26,-815
-76.918246202732,-12.059882689318,2885,23,-1010
-71.348691441188,-16.686206402536,2788,12,-727
-80.466591575006,-6.175917578332,2902,6,-1321
-72.516501310544,-14.260755135412,2694,88,2021
-69.64189240136,-18.21334238554,2770,16,39
-75.660604804964,-13.227692558674,2768,189,419
-69.147818995094,-23.198992212406,2765,2,-802
-69.507145108742,-21.986266578844,2831,0,-1038
-69.686808165566,-16.4167118173,2686,74,992
-68.698661353034,-15.473480768974,2765,533,1844
-71.708017554836,-15.114154655326,2672,83,1937
-78.041140307882,-9.050526487516,2808,35,792
-68.51899829621,-19.515899547514,2688,23,6
-72.33683825372,-13.856513257558,2698,133,3898
-77.50215113741,-10.173420592666,2836,11,996
-78.939455592002,-7.703053561336,2887,28,-24
-69.911386986596,-16.506543345712,2639,81,1608
-71.169028384364,-14.081092078588,2686,124,1445
-74.178384586166,-14.709912777472,2760,63,-77
-74.447879171402,-13.991260550176,2704,96,1022
-71.393607205394,-14.440418192236,2695,61,1288
-67.710514540502,-22.435424220904,2628,34,-229
-76.109762447024,-13.49718714391,2882,7,-909
-69.237650523506,-22.92949762717,2799,1,-871
-69.057987466682,-18.6625000276,2688,28,289
-72.78599589578,-13.452271379704,2832,109,335
-68.653745588828,-20.099804482192,2687,29,-35
-68.429166767798,-22.570171513522,2707,16,-635
-69.013071702476,-21.58202470099,2751,11,-676
-75.525857512346,-13.137861030262,2757,217,821
-69.327482051918,-16.012469939446,2791,112,2240
-77.861477251058,-9.00561072331,2791,46,785
-69.237650523506,-16.057385703652,2793,117,2366
-79.029287120414,-7.343727447688,2842,63,453
-68.833408645652,-19.426068019102,2691,24,-61
-72.741080131574,-15.473480768974,2687,124,1906
-70.180881571832,-18.6625000276,2862,11,-785
-76.199593975436,-14.126007842794,2876,2,-1042
-69.102903230888,-20.773540945282,2795,9,-682
-67.62068301209,-22.749834570346,2618,45,-225
-70.135965807626,-20.054888717986,NA,NA,NA
-69.821555458184,-16.86586945936,2690,48,340
-68.114756418356,-18.21334238554,2710,32,810
-68.788492881446,-18.931994612836,2675,29,563
-76.37925703226,-12.419208802966,2871,17,-412
-69.372397816124,-17.449774394038,2682,40,360
-69.057987466682,-15.653143825798,2733,194,1323
-72.920743188398,-15.832806882622,2848,13,-136
-75.975015154406,-11.9251353967,2672,160,1508
-71.483438733806,-16.4167118173,2799,15,-509
-71.393607205394,-13.901429021764,2680,140,2430
-70.854618034922,-14.84466007009,2699,38,1238
-69.102903230888,-21.087951294724,2817,7,-831
-69.147818995094,-18.123510857128,2651,55,1366
-70.809702270716,-15.922638411034,2680,47,848
-79.164034413032,-7.523390504512,2860,24,-339
-69.731723929772,-22.345592692492,2784,0,-818
-71.258859912776,-14.485333956442,2703,67,1563
-75.301278691316,-13.407355615498,2705,218,1094
-74.088553057754,-15.203986183738,2803,16,278
-68.563914060416,-22.70491880614,2733,9,-617
-71.4385229696,-17.045532516184,2865,13,-799
-71.752933319042,-13.407355615498,2726,208,2515
-69.64189240136,-22.390508456698,2786,0,-843
-76.289425503848,-13.362439851292,NA,NA,NA
-68.159672182562,-16.86586945936,2702,51,411
-75.076699870286,-15.06923889112,2866,6,-1080
-75.885183625994,-12.509040331378,2761,68,416
-73.055490481016,-15.787891118416,2904,7,-626
-68.96815593827,-14.799744305884,2751,951,3184
-77.636898430028,-9.993757535842,2773,14,1456
-67.980009125738,-22.884581862964,2720,42,-434
-69.821555458184,-21.402361644166,2795,10,-903
-78.535213714148,-8.870863430692,2883,13,-921
-72.830911659986,-15.698059590004,2754,53,662
-76.693667381702,-11.790388104082,2793,39,264
-79.253865941444,-7.253895919276,2897,39,-308
-68.878324409858,-15.338733476356,2687,861,2860
-68.384251003592,-18.931994612836,2700,15,-49
-74.537710699814,-14.664997013266,2741,63,648
-69.282566287712,-21.043035530518,2840,2,-781
-68.474082532004,-20.144720246398,2689,25,-246
-78.355550657324,-8.152211203396,2741,134,1296
-69.821555458184,-17.719268979274,2716,22,230
-75.9300993902,-11.116651640992,2694,355,1485
-79.792855111916,-6.849654041422,2898,8,-1279
-70.360544628656,-15.922638411034,2676,50,1635
-70.225797336038,-15.51839653318,2710,39,938
-77.05299349535,-10.936988584168,2843,14,109
-71.348691441188,-14.485333956442,2710,58,1062
-75.795352097582,-12.014966925112,2690,151,1057
-76.109762447024,-11.9251353967,2677,167,1582
-71.348691441188,-15.608228061592,2683,52,462
-72.247006725308,-15.473480768974,2700,118,856
-77.322488080586,-10.981904348374,2860,6,-405
-69.731723929772,-20.144720246398,2811,0,-882
-70.54020768548,-14.575165484854,2703,49,777
-68.159672182562,-23.064244919788,2762,9,-714
-70.76478650651,-17.674353215068,2865,8,-938
-75.436025983934,-11.70055657567,2718,210,929
-70.450376157068,-16.910785223566,2672,40,422
-71.169028384364,-13.631934436528,2684,702,3317
-75.885183625994,-14.62008124906,2860,13,-859
-69.282566287712,-18.43792120657,2692,34,440
-71.4385229696,-15.114154655326,2678,74,1635
-80.017433932946,-6.669990984598,2898,9,-1300
-71.124112620158,-14.664997013266,2674,86,2767
-70.809702270716,-17.719268979274,2860,6,-843
-76.334341268054,-11.655640811464,2673,181,1690
-77.50215113741,-9.769178714812,2716,30,1985
-79.029287120414,-7.927632382366,2877,19,-577
-74.492794935608,-13.676850200734,2699,125,1373
-72.247006725308,-13.94634478597,2704,86,2216
-79.74793934771,-6.580159456186,2887,12,-806
-70.76478650651,-15.787891118416,2688,41,591
-76.783498910114,-9.45476836537,2781,201,289
-77.50215113741,-10.80224129155,2885,4,-727
-77.771645722646,-8.466621552838,2734,86,1522
-73.90889000093,-13.452271379704,2766,65,867
-70.585123449686,-17.000616751978,2693,34,509
-73.45973235887,-12.778534916614,2810,269,2020
-68.96815593827,-22.839666098758,2756,3,-732
-68.698661353034,-19.56081531172,2688,22,-88
-71.88768061166,-15.787891118416,2652,77,1275
-69.731723929772,-19.875225661162,2823,1,-909
-77.591982665822,-9.634431422194,2721,25,1688
-75.660604804964,-13.317524087086,2875,105,-88
-74.313131878784,-12.958197973438,2809,70,39
-72.651248603162,-13.766681729146,2703,133,3475
-71.124112620158,-16.776037930948,2830,8,-841
-68.429166767798,-23.019329155582,2773,5,-627
-71.708017554836,-13.49718714391,2737,165,1795
-70.225797336038,-16.551459109918,2657,68,1206
-71.752933319042,-16.731122166742,2862,6,-885
-75.211447162904,-15.248901947944,2849,7,-883
-68.29441947518,-16.237048760476,2696,358,3028
-78.939455592002,-7.703053561336,2887,28,-24
-75.9300993902,-12.688703388202,2795,58,719
-68.788492881446,-17.270111337214,2692,51,1219
-70.809702270716,-17.584521686656,2872,6,-919
-68.204587946768,-17.98876356451,2701,32,1666
-71.573270262218,-13.317524087086,2747,418,2961
-71.079196855952,-15.832806882622,2681,48,344
-71.752933319042,-13.317524087086,2737,272,2718
-69.507145108742,-20.099804482192,2836,2,-849
-71.618186026424,-17.225195573008,2866,18,-538
-73.819058472518,-15.653143825798,2846,12,-385
-77.72672995844,-9.859010243224,2830,13,1138
-68.29441947518,-23.019329155582,2766,5,-749
-76.469088560672,-10.80224129155,2691,134,661
-75.301278691316,-15.159070419532,NA,NA,NA
-78.445382185736,-8.062379674984,2764,134,782
-76.60383585329,-10.038673300048,2721,170,735
-78.535213714148,-8.421705788632,2912,40,-264
-79.613192055092,-6.669990984598,2895,19,-369
-73.01057471681,-13.72176596494,2748,84,1293
-75.121615634492,-14.126007842794,2812,31,10
-72.875827424192,-16.057385703652,2833,4,-920
-69.596976637154,-16.012469939446,2759,108,2180
-72.606332838956,-15.608228061592,2700,123,794
-69.013071702476,-18.752331556012,2668,30,564
-68.114756418356,-17.809100507686,2697,33,1227
-68.29441947518,-20.638793652664,2644,27,109
-68.249503710974,-17.000616751978,2691,64,1658
-75.9300993902,-11.70055657567,2687,158,1093
-73.953805765136,-12.913282209232,2720,113,865
-70.270713100244,-15.203986183738,2716,39,958
-69.237650523506,-18.078595092922,2695,39,601
-74.313131878784,-12.82345068082,2808,98,65
-73.100406245222,-13.587018672322,2777,79,935
-69.86647122239,-21.80660352202,2786,10,-843
-77.996224543676,-9.724262950606,2883,8,-120
-73.90889000093,-14.530249720648,2689,89,1355
-80.376760046594,-6.400496399362,2900,8,-1291
-70.225797336038,-15.29381771215,2714,42,1280
-73.863974236724,-16.012469939446,2859,28,-925
-69.86647122239,-19.740478368544,2822,1,-909
-74.223300350372,-15.383649240562,2855,6,-484
-72.651248603162,-16.371796053094,2856,8,-852
-76.469088560672,-10.12850482846,2722,183,853
-73.90889000093,-13.27260832288,2727,83,1182
-69.507145108742,-23.064244919788,2802,0,-861
-68.96815593827,-18.617584263394,2699,23,-61
-69.552060872948,-19.965057189574,2836,1,-825
-74.402963407196,-14.39550242803,2691,91,762
-74.537710699814,-14.081092078588,2709,91,440
-70.225797336038,-18.797247320218,2858,7,-840
-69.731723929772,-15.06923889112,2718,68,1336
-73.504648123076,-15.473480768974,2756,43,615
-71.842764847454,-13.227692558674,2722,272,2881
-72.471585546338,-14.036176314382,2702,117,3549
-80.511507339212,-6.220833342538,2903,8,-1300
-80.736086160242,-6.265749106744,2900,12,-1177
-69.776639693978,-20.548962124252,2787,0,-871
-71.169028384364,-17.674353215068,2865,12,-891
-75.9300993902,-14.39550242803,2873,6,-940
-75.615689040758,-12.464124567172,2682,183,1048
-70.719870742304,-16.506543345712,2720,48,651
-71.66310179063,-13.49718714391,2744,189,2144
-73.190237773634,-15.383649240562,2743,56,1790
-73.594479651488,-15.428565004768,2744,50,992
-76.15467821123,-11.25139893361,2705,156,436
-71.124112620158,-14.081092078588,2674,139,1627
-69.956302750802,-15.563312297386,2731,49,1458
-71.528354498012,-15.51839653318,2708,44,111
-75.660604804964,-11.25139893361,2762,387,1370
-69.372397816124,-18.482836970776,2687,38,865
-69.282566287712,-17.09044828039,2683,66,947
-72.33683825372,-14.170923607,2701,74,1650
-72.741080131574,-15.922638411034,2794,18,-570
-72.471585546338,-13.092945266056,2758,312,2975
-69.462229344536,-20.144720246398,2835,2,-794
-75.9300993902,-12.778534916614,2874,52,236
-67.575767247884,-22.749834570346,2585,40,-169
-75.48094174814,-12.553956095584,2686,212,922
-76.738583145908,-9.859010243224,2725,174,807
-68.429166767798,-20.953204002106,2633,37,257
-68.563914060416,-18.033679328716,2708,42,1072
-69.147818995094,-18.88707884863,2675,34,788
-68.384251003592,-23.198992212406,2761,6,-732
-67.980009125738,-18.931994612836,2681,18,348
-68.249503710974,-18.931994612836,2692,15,86
-73.504648123076,-13.901429021764,2730,136,2192
-68.96815593827,-17.719268979274,2687,44,1129
-76.514004324878,-11.565809283052,2718,124,1114
-69.86647122239,-22.121013871462,2793,5,-863
-70.899533799128,-14.081092078588,2665,238,2424
-69.327482051918,-18.43792120657,2691,34,516
-73.594479651488,-13.182776794468,2739,170,1544
-78.355550657324,-8.646284609662,2901,31,-68
-70.630039213892,-14.39550242803,2672,112,2410
-70.09105004342,-17.584521686656,2773,18,-327
-72.381754017926,-13.04802950185,2732,302,3065
-76.244509739642,-12.329377274554,2821,43,155
-70.495291921274,-15.383649240562,2709,45,1385
-76.37925703226,-10.532746706314,2702,161,878
-70.225797336038,-14.440418192236,2686,113,1846
-76.738583145908,-10.487830942108,2678,129,1361
-72.696164367368,-15.832806882622,2764,47,-153
-72.11225943269,-13.137861030262,2739,223,2660
-72.381754017926,-16.686206402536,2859,17,-745
-68.339335239386,-16.596374874124,2710,58,891
-74.268216114578,-14.62008124906,2724,68,51
-74.313131878784,-13.092945266056,2788,63,230
-71.169028384364,-13.542102908116,2670,1024,4670
-69.596976637154,-22.300676928286,2796,0,-904
-69.956302750802,-16.102301467858,2703,58,1097
-71.4385229696,-14.575165484854,2702,52,887
-69.776639693978,-14.889575834296,2704,72,807
-69.1927347593,-21.851519286226,2785,5,-834
-68.608829824622,-22.92949762717,2747,5,-665
-78.535213714148,-7.972548146572,2792,104,303
-68.024924889944,-18.43792120657,2695,33,851
-77.05299349535,-11.116651640992,2840,22,249
-68.608829824622,-18.617584263394,2695,20,114
-77.008077731144,-10.218336356872,2700,80,1074
-75.975015154406,-12.059882689318,2700,119,893
-77.27757231638,-10.487830942108,2811,11,546
-76.648751617496,-9.409852601164,2716,469,2033
-70.98936532754,-14.350586663824,2671,129,3296
-72.516501310544,-14.979407362708,2659,126,2154
-74.58262646402,-13.631934436528,2698,147,1268
-68.114756418356,-17.09044828039,2702,53,753
-72.56141707475,-14.754828541678,2683,117,2276
-70.899533799128,-17.854016271892,2854,8,-728
-72.516501310544,-13.227692558674,2752,230,2127
-69.64189240136,-19.11165766966,2800,4,-542
-69.41731358033,-14.62008124906,2650,534,3374
-78.265719128912,-9.6793471864,2887,4,-1055
-69.1927347593,-19.33623649069,2707,24,535
-69.552060872948,-18.393005442364,2750,20,478
-70.270713100244,-14.036176314382,2671,570,3689
-68.474082532004,-22.300676928286,2728,13,-736
-72.651248603162,-15.338733476356,2683,112,1289
-69.372397816124,-21.312530115754,2831,1,-834
-71.842764847454,-15.877722646828,2697,59,742
-76.334341268054,-10.532746706314,2701,170,1012
-73.953805765136,-14.305670899618,2743,64,184
-71.034281091746,-16.731122166742,2816,13,-755
-69.327482051918,-17.719268979274,2694,27,65
-76.019930918612,-11.206483169404,2709,251,1174
-74.986868341874,-14.575165484854,2856,13,-512
-78.894539827796,-7.253895919276,2888,103,279
-71.348691441188,-14.754828541678,2697,60,1189
-76.693667381702,-12.059882689318,2878,28,-517
-69.507145108742,-20.504046360046,2837,1,-836
-69.86647122239,-20.953204002106,2796,13,-698
-71.348691441188,-14.126007842794,2700,75,1162
-70.180881571832,-17.629437450862,2793,19,-572
-69.596976637154,-18.976910377042,2779,7,-268
-77.187740787968,-9.499684129576,2730,110,982
-68.339335239386,-21.716771993608,2670,27,-135
-69.327482051918,-14.84466007009,2701,277,1749
-71.573270262218,-16.64129063833,2803,8,-792
-69.102903230888,-15.248901947944,2691,424,2127
-74.35804764299,-12.733619152408,2792,168,1030
-70.270713100244,-18.707415791806,2864,11,-694
-74.043637293548,-14.709912777472,2719,93,1295
-77.142825023762,-11.9251353967,2877,10,-967
-72.696164367368,-14.754828541678,2666,128,2698
-71.528354498012,-15.114154655326,2675,66,1368
-68.024924889944,-16.820953695154,2707,79,577
-68.788492881446,-16.057385703652,2751,128,2605
-76.37925703226,-10.622578234726,2704,155,676
-73.6843111799,-15.428565004768,2742,38,780
-72.067343668484,-13.182776794468,2731,228,3046
-69.237650523506,-18.033679328716,2697,37,459
-79.52336052668,-7.523390504512,2886,10,-1071
-68.96815593827,-22.390508456698,2754,3,-729
-70.854618034922,-16.281964524682,2686,45,528
-70.899533799128,-17.584521686656,2862,5,-822
-69.821555458184,-20.144720246398,2802,1,-860
-74.941952577668,-12.82345068082,2708,243,1140
-71.573270262218,-14.081092078588,2715,64,1383
-71.169028384364,-14.126007842794,2694,106,1201
-68.339335239386,-16.461627581506,2714,105,1128
-69.507145108742,-22.794750334552,2771,0,-844
-73.100406245222,-14.530249720648,2674,148,3283
-72.78599589578,-14.215839371206,2708,102,2626
-72.426669782132,-14.84466007009,2668,130,2532
-71.258859912776,-15.114154655326,2664,79,2406
-69.057987466682,-16.326880288888,2774,127,2915
-68.96815593827,-20.953204002106,2761,17,-333
-68.878324409858,-18.572668499188,2697,23,-142
-68.51899829621,-16.910785223566,2703,71,2133
-75.525857512346,-13.182776794468,2733,230,1075
-74.447879171402,-15.473480768974,2898,21,-743
-78.086056072088,-7.972548146572,2742,116,1196
-75.885183625994,-12.643787623996,2751,83,1420
-77.771645722646,-9.814094479018,2764,12,1126
-68.114756418356,-17.09044828039,2702,53,753
-77.906393015264,-9.6793471864,2860,10,496
-69.462229344536,-18.078595092922,2665,47,1020
-72.875827424192,-13.856513257558,2748,115,2876
-70.809702270716,-16.506543345712,2781,28,-422
-79.253865941444,-7.478474740306,2882,20,-689
-70.31562886445,-16.237048760476,2661,67,1811
-69.237650523506,-17.854016271892,2688,37,742
-73.100406245222,-14.889575834296,2675,137,2297
-76.60383585329,-11.70055657567,2792,72,913
-73.863974236724,-12.958197973438,2711,127,1196
-69.327482051918,-16.910785223566,2689,67,925
-76.693667381702,-11.296314697816,2728,157,1242
-69.327482051918,-16.461627581506,2692,149,2830
-76.918246202732,-11.565809283052,2859,49,-306
-74.897036813462,-12.464124567172,2726,277,1514
-71.842764847454,-13.94634478597,2744,45,499
-74.35804764299,-13.631934436528,2742,70,552
-68.114756418356,-16.326880288888,2667,473,3194
-69.821555458184,-14.440418192236,2692,244,1240
-74.537710699814,-15.203986183738,2907,7,-1005
-74.492794935608,-14.754828541678,2738,64,628
-74.223300350372,-15.159070419532,2817,14,-5
-76.783498910114,-11.880219632494,2858,21,-344
-69.013071702476,-21.626940465196,2748,12,-707
-77.547066901616,-9.589515657988,2744,25,862
-74.762289520844,-14.934491598502,2872,10,-750
-72.291922489514,-15.653143825798,2766,84,146
-78.535213714148,-8.10729543919,2759,103,515
-73.504648123076,-13.676850200734,2736,122,1608
-71.932596375866,-16.147217232064,2787,25,-250
-68.96815593827,-18.43792120657,2665,45,826
-68.204587946768,-17.404858629832,2701,51,826
-75.436025983934,-12.059882689318,2720,139,875
-75.391110219728,-11.565809283052,2709,343,2156
-72.157175196896,-16.326880288888,2857,4,-802
-69.507145108742,-16.461627581506,2698,99,1201
-70.495291921274,-16.506543345712,2674,50,806
-70.54020768548,-16.686206402536,2664,48,1062
-70.31562886445,-15.428565004768,2713,36,571
-73.145322009428,-12.958197973438,2820,174,1327
-78.355550657324,-7.837800853954,2788,93,230
-69.013071702476,-21.986266578844,2759,11,-807
-79.52336052668,-6.804738277216,2893,24,-734
-68.204587946768,-18.6625000276,2688,23,466
-76.60383585329,-12.014966925112,2877,43,-168
-68.788492881446,-18.842163084424,2663,28,658
-71.797849083248,-15.159070419532,2676,82,1511
-68.384251003592,-20.953204002106,2658,35,161
-69.956302750802,-14.170923607,2697,601,3123
-69.86647122239,-15.653143825798,2755,60,1642
-70.31562886445,-17.943847800304,2859,24,-806
-70.98936532754,-16.776037930948,2842,9,-1042
-69.372397816124,-16.820953695154,2691,67,548
-72.741080131574,-14.575165484854,2691,92,1911
-70.854618034922,-15.787891118416,2684,44,597
-70.854618034922,-14.485333956442,2666,96,2766
-69.64189240136,-22.076098107256,2815,0,-849
-74.178384586166,-15.653143825798,2862,30,-770
-75.48094174814,-12.733619152408,2687,220,854
-70.31562886445,-16.86586945936,2674,39,71
-72.78599589578,-15.653143825798,2730,71,715
-68.923240174064,-21.58202470099,2722,17,-625
-69.147818995094,-15.203986183738,2697,338,1874
-68.608829824622,-16.820953695154,2708,71,1448
-68.96815593827,-23.243907976612,2748,5,-666
-76.019930918612,-11.565809283052,2692,173,1187
-73.100406245222,-14.799744305884,2676,117,1600
-72.696164367368,-16.596374874124,2855,21,-693
-72.426669782132,-14.39550242803,2684,77,2037
-69.013071702476,-22.345592692492,2739,4,-831
-70.450376157068,-14.979407362708,2718,31,1099
-68.788492881446,-21.35744587996,2682,27,-293
-69.147818995094,-18.797247320218,2687,30,474
-78.086056072088,-9.409852601164,2879,16,74
-76.738583145908,-10.12850482846,2711,181,1233
-75.615689040758,-10.936988584168,2761,653,2547
-76.783498910114,-10.57766247052,2699,89,845
-69.282566287712,-22.300676928286,2801,1,-820
-71.21394414857,-16.461627581506,2691,43,165
-77.142825023762,-11.431061990434,2879,23,-867
-68.249503710974,-19.156573433866,2706,12,-323
-79.478444762474,-7.388643211894,2888,12,-1076
-69.282566287712,-19.56081531172,2769,10,-198
-80.017433932946,-6.175917578332,2892,11,-1131
-75.840267861788,-12.464124567172,2717,90,754
-72.157175196896,-14.036176314382,2722,62,1571
-70.046134279214,-18.21334238554,2871,21,-917
-74.268216114578,-14.84466007009,2745,69,369
-70.046134279214,-16.686206402536,2644,76,1259
-68.51899829621,-21.447277408372,2678,34,-150
-74.178384586166,-12.868366445026,2710,150,1833
-76.289425503848,-14.036176314382,NA,NA,NA
-71.393607205394,-14.485333956442,2711,47,493
-68.653745588828,-20.9082882379,2684,29,-256
-75.166531398698,-13.362439851292,2686,231,1107
-69.462229344536,-16.461627581506,2696,109,1502
-78.445382185736,-8.33187426022,2792,77,470
-68.249503710974,-16.147217232064,2671,520,3770
-68.51899829621,-20.00997295378,2682,25,-75
-68.51899829621,-20.728625181076,2664,36,6
-75.166531398698,-13.362439851292,2686,231,1107
-69.911386986596,-15.74297535421,2742,55,1380
-69.731723929772,-19.650646840132,2830,1,-902
-76.558920089084,-12.464124567172,2891,29,-729
-68.878324409858,-22.03118234305,2713,15,-685
-71.708017554836,-16.147217232064,2762,43,39
-70.31562886445,-15.114154655326,2716,37,1082
-77.72672995844,-9.364936836958,2717,30,1467
-70.225797336038,-14.215839371206,2698,231,1579
-70.046134279214,-22.121013871462,2826,20,-692
-78.40046642153,-8.736116138074,2898,16,-583
-79.388613234062,-6.98440133404,2890,63,-145
-69.507145108742,-17.000616751978,2668,72,1220
-78.310634893118,-9.589515657988,2896,4,-956
-69.507145108742,-22.92949762717,2782,0,-843
-71.258859912776,-15.203986183738,2679,80,1716
-68.024924889944,-21.896435050432,2664,23,-240
-69.731723929772,-16.147217232064,2710,100,2052
-68.96815593827,-21.35744587996,2748,15,-551
-69.596976637154,-20.728625181076,2817,0,-787
-71.393607205394,-14.709912777472,2694,56,1092
-68.96815593827,-16.731122166742,2712,93,1785
-72.516501310544,-13.452271379704,2771,204,2134
-75.570773276552,-12.104798453524,2697,155,1161
-76.064846682818,-10.173420592666,2709,252,1479
-69.86647122239,-22.345592692492,2784,1,-772
-70.09105004342,-17.898932036098,2869,19,-818
-69.1927347593,-14.709912777472,2669,904,3836
-74.672457992432,-12.913282209232,2735,178,1011
-76.109762447024,-12.643787623996,2743,34,414
-76.873330438526,-11.970051160906,2893,17,-756
-75.9300993902,-11.790388104082,2699,139,815
-75.975015154406,-13.182776794468,2841,43,-344
-79.119118648826,-8.017463910778,2885,15,-1063
-78.445382185736,-8.062379674984,2764,134,782
-71.034281091746,-16.596374874124,2765,25,-19
-78.580129478354,-7.792885089748,2771,76,177
-75.25636292711,-11.70055657567,2692,335,2281
-72.471585546338,-13.49718714391,2806,128,1128
-70.899533799128,-16.4167118173,2693,45,190
-69.41731358033,-17.629437450862,2689,29,50
-76.558920089084,-11.970051160906,2839,56,344
-79.97251816874,-6.400496399362,2893,9,-1225
-70.001218515008,-14.84466007009,2686,68,1919
-74.313131878784,-13.72176596494,2776,51,136
-80.601338867624,-6.175917578332,2902,9,-1234
-76.918246202732,-10.397999413696,2668,115,1987
-73.6843111799,-14.664997013266,2682,120,1694
-68.249503710974,-15.74297535421,2801,584,3338
-68.96815593827,-22.300676928286,2727,5,-773
-69.821555458184,-19.426068019102,2840,1,-893
-74.537710699814,-14.126007842794,2709,92,407
-70.09105004342,-16.147217232064,2688,52,1135
-77.322488080586,-10.892072819962,2846,5,-351
-70.135965807626,-23.064244919788,2818,3,-734
-70.405460392862,-16.237048760476,2675,47,817
-72.56141707475,-16.102301467858,2851,7,-961
-69.102903230888,-14.84466007009,2707,843,3089
-76.693667381702,-12.553956095584,2883,28,-901
-69.956302750802,-16.910785223566,2669,46,248
-76.873330438526,-11.386146226228,2839,67,300
-69.327482051918,-19.381152254896,2741,14,159
-71.66310179063,-13.587018672322,2716,130,1678
-74.762289520844,-12.419208802966,2732,292,1837
-75.211447162904,-14.170923607,2833,17,-415
-76.244509739642,-12.59887185979,2852,18,-225
-76.60383585329,-10.936988584168,2677,138,1362
-70.046134279214,-23.109160683994,2795,1,-891
-75.975015154406,-11.565809283052,2710,166,934
-70.180881571832,-22.121013871462,2856,31,-512
-71.21394414857,-13.631934436528,2680,603,3125
-69.507145108742,-17.943847800304,2708,37,453
-69.776639693978,-20.818456709488,2789,3,-817
-79.388613234062,-6.714906748804,2898,58,167
-68.563914060416,-22.660003041934,2732,9,-602
-74.492794935608,-15.383649240562,2835,25,-795
-68.06984065415,-21.671856229402,2690,24,-91
-68.788492881446,-19.78539413275,2671,30,216
-70.899533799128,-17.53960592245,2864,4,-870
-77.187740787968,-9.993757535842,2690,79,1853
-76.244509739642,-13.72176596494,NA,NA,NA
-73.01057471681,-14.709912777472,2671,141,2580
-68.96815593827,-15.428565004768,2762,351,478
-71.88768061166,-16.910785223566,2857,8,-805
-71.258859912776,-13.94634478597,2675,150,1692
-75.840267861788,-11.071735876786,2709,470,1697
-68.698661353034,-23.1540764482,2744,9,-599
-81.140328038096,-6.08608604992,2900,9,NA
-73.055490481016,-15.653143825798,2875,12,-467
-76.15467821123,-11.880219632494,2681,168,1449
-68.563914060416,-17.270111337214,2702,46,1385
-68.788492881446,-22.300676928286,2725,5,-756
-73.23515353784,-13.49718714391,2835,60,303
-68.249503710974,-17.404858629832,2698,52,981
-72.830911659986,-13.587018672322,2746,155,2725
-74.762289520844,-13.182776794468,2705,191,1118
-71.88768061166,-15.473480768974,2643,107,2037
-70.54020768548,-14.799744305884,2684,55,2821
-70.31562886445,-17.359942865626,2794,22,-481
-68.788492881446,-17.180279808802,2697,51,1284
-68.51899829621,-16.596374874124,2707,63,1817
-70.360544628656,-14.709912777472,2699,44,793
-74.80720528505,-12.014966925112,2797,408,1429
-68.833408645652,-14.754828541678,2852,840,1828
-69.64189240136,-18.931994612836,2820,5,-504
-75.076699870286,-14.530249720648,2850,12,-500
-73.863974236724,-13.587018672322,2742,79,1147
-72.920743188398,-13.227692558674,2703,345,3338
-67.84526183312,-22.974413391376,2647,57,-291
-71.034281091746,-13.856513257558,2656,415,2694
-76.469088560672,-9.409852601164,2783,665,2089
-68.923240174064,-19.920141425368,2700,26,110
-72.426669782132,-15.96755417524,2840,21,-563
-69.282566287712,-16.147217232064,2781,116,2168
-69.956302750802,-20.279467539016,2811,4,-782
-70.54020768548,-16.012469939446,2693,40,799
-69.86647122239,-14.215839371206,2688,622,3058
-78.041140307882,-9.993757535842,2899,5,-927
-69.552060872948,-20.324383303222,2834,1,-834
-74.897036813462,-11.835303868288,2730,684,3343
-71.079196855952,-13.587018672322,2687,1128,4732
-71.258859912776,-15.698059590004,2674,65,938
-70.719870742304,-15.248901947944,2680,64,2292
-73.280069302046,-14.664997013266,2681,136,2166
-73.594479651488,-14.081092078588,2744,76,449
-74.80720528505,-14.305670899618,2764,69,750
-72.696164367368,-16.371796053094,2854,7,-919
-81.005580745478,-5.816591464684,NA,NA,NA
-79.882686640328,-6.669990984598,2895,8,-1193
-70.046134279214,-16.731122166742,2652,64,799
-71.618186026424,-13.901429021764,2711,79,1417
-76.963161966938,-11.70055657567,2888,19,-848
-75.615689040758,-14.575165484854,2851,6,-1060
-79.613192055092,-6.98440133404,2894,11,-1143
-69.41731358033,-17.135364044596,2661,74,1466
-68.698661353034,-22.210845399874,2717,7,-757
-69.821555458184,-17.09044828039,2659,56,716
-68.29441947518,-23.1540764482,2760,5,-757
-74.178384586166,-13.72176596494,2714,69,1561
-68.51899829621,-20.548962124252,2678,30,-167
-69.686808165566,-16.64129063833,2694,61,312
-80.960664981272,-5.86150722889,NA,NA,NA
-76.289425503848,-10.80224129155,2710,149,462
-70.809702270716,-16.86586945936,2749,19,395
-70.225797336038,-14.485333956442,2685,105,1755
-75.840267861788,-12.37429303876,2763,83,45
-69.776639693978,-18.393005442364,2793,6,-141
-68.06984065415,-17.31502710142,2704,67,1034
-71.977512140072,-16.102301467858,2806,24,-303
-79.253865941444,-7.20898015507,2881,55,94
-73.953805765136,-13.227692558674,2720,73,1074
-77.547066901616,-10.308167885284,2877,7,390
-68.06984065415,-16.326880288888,2682,522,3289
-75.840267861788,-12.284461510348,2731,116,372
-77.681814194234,-10.80224129155,2875,7,-912
-71.393607205394,-17.135364044596,2864,18,-755
-69.731723929772,-20.054888717986,2816,0,-858
-70.135965807626,-19.021826141248,2843,8,-824
-72.157175196896,-16.596374874124,2855,5,-863
-71.483438733806,-15.024323126914,2671,77,2389
-72.11225943269,-14.305670899618,2742,50,691
-73.280069302046,-14.575165484854,2686,112,1676
-69.86647122239,-16.281964524682,2685,57,665
-79.388613234062,-6.445412163568,2861,54,2207
-68.159672182562,-22.70491880614,2717,29,-587
-68.878324409858,-17.449774394038,2689,50,816
-76.334341268054,-10.173420592666,2730,136,934
-68.653745588828,-20.638793652664,2703,20,-638
-68.878324409858,-20.593877888458,2708,25,-259
-75.346194455522,-15.114154655326,2878,6,-871
-72.157175196896,-16.147217232064,2842,9,-696
-67.935093361532,-21.761687757814,2663,17,-272
-74.13346882196,-15.698059590004,2863,32,-903
-71.079196855952,-15.96755417524,2664,59,985
-68.204587946768,-21.58202470099,2690,27,-57
-77.50215113741,-10.083589064254,2815,15,1292
-69.731723929772,-16.686206402536,2691,63,653
-69.86647122239,-18.842163084424,2842,2,-812
-80.152181225564,-6.175917578332,2895,8,-1255
-68.563914060416,-16.910785223566,2709,76,2249
-70.719870742304,-13.811597493352,2669,688,3167
-69.86647122239,-22.749834570346,2779,0,-825
-69.057987466682,-15.563312297386,2724,266,1468
-71.708017554836,-16.4167118173,2837,9,-779
-76.289425503848,-10.622578234726,2699,176,939
-77.457235373204,-11.386146226228,2884,10,-817
-74.13346882196,-15.96755417524,NA,NA,NA
-69.013071702476,-22.210845399874,2754,6,-760
-76.109762447024,-14.126007842794,2877,2,-1024
-72.426669782132,-12.958197973438,2771,321,3023
-68.788492881446,-15.563312297386,2806,232,307
-75.436025983934,-14.889575834296,2865,5,-872
-78.220803364706,-8.242042731808,2750,158,1384
-79.792855111916,-6.265749106744,2886,20,-138
-78.580129478354,-8.825947666486,2886,12,-985
-69.64189240136,-20.45913059584,2814,0,-779
-68.563914060416,-17.53960592245,2690,38,1242
-68.429166767798,-22.839666098758,2734,7,-581
-71.88768061166,-14.799744305884,2665,85,2403
-69.821555458184,-16.910785223566,2688,44,149
-68.74357711724,-16.731122166742,2688,120,3343
-70.001218515008,-18.393005442364,2870,17,-654
-69.102903230888,-17.76418474348,2680,43,1290
-68.51899829621,-16.19213299627,2742,157,2491
-69.147818995094,-18.393005442364,2659,51,1039
-76.15467821123,-14.081092078588,2879,2,-1011
-76.019930918612,-11.341230462022,2695,204,1102
-69.731723929772,-17.674353215068,2696,32,309
-75.885183625994,-12.329377274554,2704,120,1090
-70.09105004342,-18.707415791806,2865,9,-834
-68.653745588828,-22.974413391376,2750,5,-653
-74.80720528505,-13.856513257558,2698,116,885
-77.232656552174,-11.610725047258,2872,12,-828
-71.4385229696,-16.776037930948,2832,7,-772
-70.225797336038,-14.081092078588,2676,526,3552
-73.774142708312,-16.102301467858,2862,23,-836
-77.816561486852,-8.960694959104,2790,48,710
-71.88768061166,-13.182776794468,2711,267,2857
-70.135965807626,-19.426068019102,2851,21,-849
-77.996224543676,-9.364936836958,2822,19,516
-75.48094174814,-13.901429021764,2819,27,-21
-75.975015154406,-11.70055657567,2682,158,1192
-70.225797336038,-16.64129063833,2656,57,796
-73.549563887282,-13.72176596494,2757,98,829
-77.008077731144,-10.12850482846,2708,92,1102
-76.558920089084,-11.25139893361,2707,149,935
-76.469088560672,-11.431061990434,2689,166,1407
-79.388613234062,-6.490327927774,2884,54,1932
-70.719870742304,-16.102301467858,2693,40,617
-71.66310179063,-16.596374874124,2812,7,-780
-78.714876770972,-7.523390504512,2860,60,840
-72.471585546338,-13.317524087086,2726,268,3157
-77.996224543676,-10.12850482846,2891,5,-814
-68.563914060416,-15.338733476356,2793,765,1963
-78.445382185736,-8.825947666486,2879,15,-651
-78.355550657324,-8.915779194898,2870,16,-385
-72.471585546338,-15.203986183738,2665,118,1934
-71.303775676982,-15.203986183738,2687,73,1289
-69.372397816124,-16.506543345712,2703,99,1125
-78.1758876005,-9.589515657988,2887,6,-758
-70.09105004342,-14.979407362708,2698,47,1259
-70.450376157068,-13.991260550176,2691,384,1992
-75.346194455522,-12.868366445026,2680,294,1187
-78.62504524256,-8.062379674984,2743,68,274
-76.963161966938,-9.859010243224,2709,149,1078
-76.873330438526,-11.431061990434,2835,69,344
-72.291922489514,-15.114154655326,2679,95,1398
-69.462229344536,-14.305670899618,2771,964,3048
-71.573270262218,-15.608228061592,2700,49,558
-76.334341268054,-13.991260550176,NA,NA,NA
-68.74357711724,-17.719268979274,2696,43,1016
-71.124112620158,-15.563312297386,2686,51,464
-69.057987466682,-17.045532516184,2697,64,983
-69.057987466682,-18.393005442364,2628,56,1429
-72.830911659986,-15.96755417524,2853,7,-780
-69.013071702476,-17.629437450862,2686,48,1162
-77.681814194234,-10.218336356872,2790,7,392
-79.29878170565,-7.613222032924,2883,19,-1043
-67.890177597326,-18.617584263394,2690,26,672
-68.51899829621,-20.773540945282,2677,32,-99
-68.474082532004,-21.13286705893,2659,34,-87
-76.963161966938,-10.487830942108,2717,60,883
-72.651248603162,-14.39550242803,2677,125,3675
-77.72672995844,-9.050526487516,2756,57,1726
-68.96815593827,-21.986266578844,2746,13,-746
-72.516501310544,-15.383649240562,2681,113,1086
-72.157175196896,-15.473480768974,2660,120,1502
-77.142825023762,-9.364936836958,2762,101,446
-71.4385229696,-16.012469939446,2702,47,58
-69.821555458184,-19.740478368544,2825,0,-918
-71.977512140072,-16.596374874124,2866,3,-874
-75.570773276552,-14.081092078588,2879,8,-709
-74.043637293548,-13.04802950185,2722,96,1543
-68.384251003592,-18.88707884863,2699,16,-13
-68.653745588828,-16.057385703652,2757,131,2019
-69.327482051918,-16.955700987772,2680,70,1189
-78.669961006766,-7.927632382366,2776,55,486
-71.079196855952,-17.449774394038,2855,7,-866
-68.384251003592,-17.943847800304,2704,33,1603
-68.878324409858,-16.686206402536,2720,106,2385
-77.636898430028,-10.57766247052,2879,5,-572
-69.462229344536,-21.312530115754,2820,1,-817
-76.019930918612,-12.419208802966,2715,69,1023
-73.324985066252,-14.62008124906,2683,134,2181
-69.462229344536,-17.180279808802,2654,63,1165
-70.809702270716,-15.653143825798,2686,48,878
-70.674954978098,-15.96755417524,2703,29,-2
-77.681814194234,-9.859010243224,2789,14,1589
-70.180881571832,-18.123510857128,2869,24,-767
-69.956302750802,-14.575165484854,2667,150,2441
-73.819058472518,-13.137861030262,2827,58,-335
-68.474082532004,-16.910785223566,2692,74,2534
-75.9300993902,-14.215839371206,2873,3,-979
-77.142825023762,-11.565809283052,2877,21,-896
-68.474082532004,-20.548962124252,2680,27,-297
-72.651248603162,-14.081092078588,2735,64,905
-80.466591575006,-6.220833342538,2902,7,-1314
-70.31562886445,-16.237048760476,2661,67,1811
-68.06984065415,-21.80660352202,2636,24,-8
-73.145322009428,-14.709912777472,2675,135,2321
-76.109762447024,-11.970051160906,2699,138,1107
-74.80720528505,-14.350586663824,2761,61,633
-77.27757231638,-8.960694959104,2784,83,481
-71.034281091746,-16.102301467858,2700,32,-303
-70.180881571832,-19.33623649069,2863,29,-803
-76.109762447024,-11.431061990434,2701,169,928
-77.906393015264,-10.487830942108,2878,4,-1053
-75.301278691316,-13.452271379704,2714,223,1128
-80.825917688654,-6.131001814126,2899,11,-1243
-72.606332838956,-15.96755417524,2843,16,-757
-76.289425503848,-10.442915177902,2704,159,1068
-68.833408645652,-23.019329155582,2737,7,-768
-73.6843111799,-13.49718714391,2731,131,1240
-78.535213714148,-8.376790024426,2898,49,-116
-72.516501310544,-13.991260550176,2728,86,2359
-68.474082532004,-16.551459109918,2716,55,1121
-69.821555458184,-14.440418192236,2692,244,1240
-67.980009125738,-17.854016271892,2694,39,1510
-69.64189240136,-17.76418474348,2689,32,446
-72.830911659986,-14.530249720648,2675,112,2803
-70.719870742304,-15.024323126914,2693,44,2259
-68.74357711724,-21.671856229402,2702,14,-659
-77.367403844792,-10.12850482846,2749,23,1482
-71.258859912776,-16.281964524682,2679,48,293
-75.975015154406,-13.587018672322,2883,7,-922
-69.776639693978,-21.941350814638,2770,5,-901
-72.471585546338,-16.19213299627,2908,3,-988
-69.86647122239,-21.58202470099,2802,11,-872
-69.776639693978,-21.537108936784,2798,7,-875
-80.331844282388,-6.041170285714,2899,3,-1291
-73.819058472518,-14.664997013266,2681,125,1894
-75.840267861788,-12.419208802966,2762,77,152
-67.980009125738,-21.986266578844,2659,29,-134
-72.965658952604,-13.72176596494,2759,78,1008
-69.147818995094,-15.203986183738,2697,338,1874
-75.25636292711,-14.889575834296,2861,3,-937
-73.729226944106,-14.575165484854,2694,99,1317
-75.48094174814,-12.913282209232,2687,249,876
-68.653745588828,-18.21334238554,2699,33,274
-69.282566287712,-18.707415791806,2681,27,512
-70.809702270716,-14.036176314382,2660,320,2762
-71.932596375866,-16.820953695154,2855,6,-877
-71.483438733806,-13.587018672322,2730,237,2057
-68.74357711724,-18.752331556012,2693,20,152
-68.159672182562,-18.21334238554,2712,32,903
-74.672457992432,-14.485333956442,2821,45,14
-68.51899829621,-20.054888717986,2665,29,98
-71.528354498012,-16.102301467858,2686,61,445
-68.878324409858,-16.461627581506,2763,101,2534
-69.327482051918,-20.23455177481,2825,4,-783
-74.35804764299,-15.74297535421,2867,37,-704
-69.956302750802,-17.53960592245,2748,21,65
-71.393607205394,-15.877722646828,2686,47,199
-77.50215113741,-10.80224129155,2885,4,-727
-69.1927347593,-17.180279808802,2672,71,1347
-75.25636292711,-14.081092078588,2807,29,111
-68.339335239386,-22.25576116408,2720,21,-588
-78.580129478354,-8.736116138074,2889,13,-954
-68.833408645652,-19.56081531172,2683,24,-11
-77.50215113741,-9.364936836958,2744,49,1236
-81.185243802302,-5.996254521508,2901,9,NA
-72.11225943269,-13.94634478597,2763,49,678
-69.911386986596,-21.492193172578,2810,22,-857
-68.249503710974,-22.076098107256,2657,33,-44
-75.301278691316,-13.856513257558,2780,79,651
-68.06984065415,-22.525255749316,2672,39,-272
-68.653745588828,-18.348089678158,2696,33,282
-71.124112620158,-14.934491598502,2698,41,711
-69.147818995094,-15.877722646828,2781,110,1705
-77.681814194234,-9.00561072331,2718,88,2653
-69.237650523506,-16.237048760476,2773,110,1959
-76.199593975436,-11.341230462022,2698,171,844
-68.204587946768,-17.31502710142,2690,66,1450
-69.462229344536,-19.381152254896,2789,6,-436
-78.804708299384,-8.376790024426,2894,22,-818
-72.33683825372,-15.203986183738,2694,68,558
-72.78599589578,-13.137861030262,2715,350,2758
-68.06984065415,-17.09044828039,2704,53,457
-74.447879171402,-13.452271379704,2716,143,1445
-73.45973235887,-15.653143825798,2797,19,-191
-73.639395415694,-12.778534916614,2891,81,-310
-68.474082532004,-22.525255749316,2723,13,-589
-78.310634893118,-9.364936836958,2897,9,-911
-75.436025983934,-11.970051160906,2707,164,1336
-77.681814194234,-10.35308364949,2888,4,-310
-75.25636292711,-14.530249720648,2868,7,-955
-72.741080131574,-15.473480768974,2687,124,1906
-73.639395415694,-13.182776794468,2721,147,1182
-68.29441947518,-16.147217232064,2693,423,3327
-73.6843111799,-14.530249720648,2694,97,1442
-70.135965807626,-14.305670899618,2708,156,789
-71.752933319042,-16.461627581506,2847,7,-752
-71.303775676982,-16.4167118173,2712,28,20
-69.821555458184,-23.064244919788,2785,0,-829
-67.84526183312,-22.794750334552,2660,55,-260
-74.762289520844,-15.51839653318,2860,35,-756
-70.360544628656,-17.359942865626,2767,23,-435
-69.86647122239,-17.898932036098,2757,16,-40
-68.29441947518,-19.11165766966,2705,14,-126
-74.447879171402,-15.114154655326,2858,6,-914
-72.247006725308,-16.64129063833,2860,9,-922
-72.741080131574,-16.237048760476,2853,4,-972
-69.64189240136,-22.390508456698,2786,0,-843
-69.64189240136,-15.96755417524,2759,98,2082
-69.057987466682,-22.884581862964,2772,2,-704
-68.249503710974,-20.863372473694,2692,17,-569
-68.024924889944,-22.210845399874,2681,40,-93
-76.37925703226,-11.25139893361,2697,174,1156
-68.29441947518,-15.96755417524,2698,550,4455
-69.282566287712,-19.515899547514,2779,10,-179
-67.980009125738,-21.447277408372,2678,18,-208
-75.750436333376,-14.530249720648,2868,9,-898
-79.164034413032,-7.747969325542,2885,18,-1067
-78.041140307882,-8.017463910778,2736,124,1506
-76.244509739642,-10.218336356872,2809,65,-337
-69.1927347593,-17.898932036098,2685,40,853
-69.237650523506,-21.35744587996,2835,2,-766
-75.795352097582,-11.520893518846,2703,240,1120
-74.537710699814,-15.114154655326,2837,6,-889
-68.249503710974,-17.898932036098,2705,29,1150
-69.102903230888,-20.9082882379,2805,8,-681
-78.804708299384,-7.927632382366,2885,29,-68
-72.247006725308,-13.766681729146,2752,80,1872
-68.51899829621,-17.045532516184,2712,70,2000
-75.9300993902,-13.587018672322,2884,8,-763
-69.057987466682,-15.473480768974,2737,336,1602
-75.9300993902,-12.913282209232,2842,63,-12
-70.001218515008,-22.435424220904,2787,5,-750
-68.833408645652,-19.56081531172,2683,24,-11
-75.570773276552,-13.092945266056,2726,253,958
-70.98936532754,-17.225195573008,2885,6,-910
-68.878324409858,-20.099804482192,2702,21,-311
-70.674954978098,-16.686206402536,2695,35,1047
-76.648751617496,-11.296314697816,2698,181,1440
-69.013071702476,-18.168426621334,2682,37,207
-68.74357711724,-21.087951294724,2682,39,-1
-68.833408645652,-22.570171513522,2731,2,-845
-75.750436333376,-14.170923607,2878,3,-1152
-71.977512140072,-15.877722646828,2714,47,550
-75.25636292711,-14.709912777472,2856,3,-996
-76.738583145908,-10.981904348374,2723,88,546
-70.76478650651,-14.170923607,2663,207,2462
-68.923240174064,-19.830309896956,2705,27,146
-79.568276290886,-6.490327927774,2890,28,657
-75.570773276552,-11.655640811464,2723,179,492
-77.187740787968,-10.80224129155,2717,11,279
-78.669961006766,-8.78103190228,2892,11,-1047
-69.147818995094,-22.749834570346,2761,1,-740
-71.483438733806,-16.551459109918,2812,11,-874
-69.911386986596,-16.102301467858,2705,63,1183
-71.483438733806,-14.081092078588,2720,55,563
-69.596976637154,-18.033679328716,2724,28,284
-68.339335239386,-22.25576116408,2720,21,-588
-75.70552056917,-11.610725047258,2713,214,963
-69.462229344536,-17.898932036098,2684,42,740
-69.102903230888,-17.854016271892,2689,39,852
-75.885183625994,-10.757325527344,2726,476,1583
-68.339335239386,-22.660003041934,2715,12,-631
-69.1927347593,-21.312530115754,2831,3,-746
-76.963161966938,-10.12850482846,2688,124,1570
-75.121615634492,-15.024323126914,2868,5,-1039
-77.547066901616,-10.80224129155,2884,5,-753
-72.606332838956,-13.49718714391,2808,119,697
-74.492794935608,-12.733619152408,2779,151,550
-68.29441947518,-20.099804482192,2677,20,-363
-74.717373756638,-13.542102908116,2704,134,703
-69.462229344536,-19.605731075926,2827,4,-726
-69.237650523506,-17.045532516184,2693,62,633
-72.426669782132,-16.4167118173,2857,10,-806
-69.686808165566,-22.660003041934,2769,0,-826
-73.549563887282,-13.991260550176,2734,111,1419
-72.471585546338,-14.485333956442,2682,88,2412
-74.941952577668,-15.51839653318,NA,NA,NA
-70.180881571832,-19.021826141248,2846,10,-781
-69.596976637154,-17.404858629832,2683,36,100
-78.265719128912,-8.736116138074,2832,29,406
-70.495291921274,-17.135364044596,2692,35,80
-68.74357711724,-18.617584263394,2682,25,432
-67.890177597326,-18.078595092922,2709,38,958
-70.54020768548,-17.135364044596,2709,33,89
-69.911386986596,-21.043035530518,2804,21,-813
-69.327482051918,-17.584521686656,2690,31,218
-75.840267861788,-13.676850200734,2882,6,-709
-68.878324409858,-21.402361644166,2703,23,-364
-73.594479651488,-12.82345068082,2896,77,-441
-70.135965807626,-16.86586945936,2665,50,213
-69.41731358033,-16.19213299627,2750,124,2336
-70.180881571832,-14.62008124906,2677,88,2127
-69.372397816124,-14.709912777472,2687,353,2285
-72.965658952604,-15.203986183738,2761,69,1303
-69.237650523506,-15.473480768974,2725,126,992
-73.190237773634,-13.991260550176,2776,80,638
-72.381754017926,-16.237048760476,2865,6,-987
-71.797849083248,-14.440418192236,2702,63,1603
-70.001218515008,-22.70491880614,2807,4,-737
-75.795352097582,-10.847157055756,2723,627,2301
-74.852121049256,-13.227692558674,2690,208,1279
-68.474082532004,-16.776037930948,2699,75,2374
-69.64189240136,-21.537108936784,2813,1,-943
-69.596976637154,-16.86586945936,2665,87,1591
-69.102903230888,-23.064244919788,2778,2,-717
-77.27757231638,-9.948841771636,2680,49,1624
-68.608829824622,-20.548962124252,2695,24,-513
-74.627542228226,-13.003113737644,2714,217,1577
-75.48094174814,-12.958197973438,2703,236,707
-68.878324409858,-17.629437450862,2690,47,1077
-69.552060872948,-17.000616751978,2673,65,885
-68.923240174064,-20.863372473694,2706,25,-170
-74.447879171402,-13.587018672322,2770,67,-165
-71.21394414857,-16.551459109918,2737,25,-148
-74.941952577668,-14.709912777472,2857,12,-650
-69.327482051918,-21.716771993608,2840,2,-984
-69.552060872948,-19.920141425368,2831,2,-816
-76.963161966938,-11.790388104082,2889,14,-861
-68.474082532004,-21.58202470099,2640,35,70
-69.102903230888,-15.114154655326,2692,503,2137
-73.23515353784,-14.664997013266,2681,132,2096
-70.450376157068,-14.575165484854,2690,65,1555
-77.681814194234,-9.634431422194,2720,18,1626
-75.615689040758,-12.239545746142,2685,175,1204
-71.169028384364,-15.74297535421,2666,67,1164
-75.25636292711,-13.49718714391,2734,193,811
-69.956302750802,-14.350586663824,2700,249,1287
-68.29441947518,-17.98876356451,2706,32,1484
-73.414816594664,-15.698059590004,2810,15,-316
-68.114756418356,-21.626940465196,2680,29,164
-68.114756418356,-17.674353215068,2696,38,1221
-69.911386986596,-14.709912777472,2692,95,1403
-69.552060872948,-22.70491880614,2771,0,-835
-68.788492881446,-16.147217232064,2751,114,2617
-74.80720528505,-13.766681729146,2691,150,1164
-71.618186026424,-15.203986183738,2685,55,520
-75.795352097582,-11.520893518846,2703,240,1120
-77.187740787968,-9.544599893782,2735,103,965
-68.339335239386,-21.626940465196,2685,25,-267
-69.64189240136,-17.674353215068,2700,32,202
-70.135965807626,-17.674353215068,2819,19,-681
-69.731723929772,-17.898932036098,2717,25,247
-70.180881571832,-22.660003041934,2850,18,-531
-75.840267861788,-13.452271379704,2849,39,-300
-68.563914060416,-18.168426621334,2698,47,1388
-77.861477251058,-9.499684129576,2839,12,753
-69.462229344536,-18.88707884863,2732,18,448
-79.253865941444,-7.747969325542,2887,18,-1119
-69.013071702476,-20.189636010604,2691,23,-125
-70.09105004342,-18.976910377042,2842,6,-853
-74.13346882196,-13.587018672322,2762,39,240
-68.384251003592,-22.70491880614,2712,11,-601
-69.956302750802,-20.638793652664,2802,5,-796
-75.25636292711,-15.114154655326,2878,6,-795
-72.78599589578,-15.608228061592,2706,84,1177
-76.60383585329,-9.499684129576,2710,469,1987
-69.686808165566,-18.88707884863,2800,4,-481
-77.322488080586,-9.23018954434,2717,118,1849
-77.996224543676,-7.972548146572,2724,134,1794
-76.15467821123,-13.901429021764,2876,2,-999
-68.563914060416,-22.70491880614,2733,9,-617
-72.830911659986,-13.856513257558,2737,118,3219
-76.60383585329,-9.724262950606,2747,261,691
-75.9300993902,-11.655640811464,2687,166,1149
-74.58262646402,-14.575165484854,2734,64,672
-74.986868341874,-14.036176314382,2777,71,642
-75.840267861788,-13.137861030262,2757,116,214
-68.06984065415,-16.955700987772,2695,65,634
-69.507145108742,-16.86586945936,2661,89,1724
-70.944449563334,-17.135364044596,2847,6,-671
-68.51899829621,-18.303173913952,2696,43,1178
-68.96815593827,-20.45913059584,2701,24,-287
-73.594479651488,-15.74297535421,2826,10,-662
-68.788492881446,-15.877722646828,2735,184,2252
-70.360544628656,-17.404858629832,2836,17,-663
-74.178384586166,-13.452271379704,2744,47,402
-80.960664981272,-6.08608604992,2901,11,-1119
-71.977512140072,-14.39550242803,2714,60,1762
-70.360544628656,-17.854016271892,2861,23,-783
-77.457235373204,-10.218336356872,2776,13,1395
-68.474082532004,-21.851519286226,2705,27,-236
-70.360544628656,-18.258258149746,2848,16,-558
-75.25636292711,-13.003113737644,2700,253,774
-74.313131878784,-15.159070419532,2823,10,-273
-74.268216114578,-15.024323126914,2808,30,251
-76.82841467432,-11.880219632494,2882,16,-552
-68.96815593827,-15.51839653318,2793,276,816
-70.809702270716,-17.135364044596,2810,11,-421
-68.923240174064,-17.404858629832,2685,59,1154
-76.514004324878,-11.9251353967,2846,62,468
-71.483438733806,-17.000616751978,2863,11,-798
-67.935093361532,-22.435424220904,2638,50,49
-73.998721529342,-14.39550242803,2693,89,1219
-68.788492881446,-21.537108936784,2677,19,-533
-75.840267861788,-11.206483169404,2703,396,1393
-69.507145108742,-21.671856229402,2838,0,-1057
-69.462229344536,-22.570171513522,2778,0,-845
-71.932596375866,-15.428565004768,2661,93,1517
-75.885183625994,-12.868366445026,2849,62,246
-76.469088560672,-11.835303868288,2760,104,1603
-73.324985066252,-13.04802950185,2750,184,1449
-75.70552056917,-13.227692558674,2739,156,346
-77.05299349535,-10.57766247052,2720,38,919
-68.698661353034,-19.920141425368,2698,26,21
-77.50215113741,-9.589515657988,2750,23,573
-70.046134279214,-17.809100507686,2830,21,-668
-69.41731358033,-16.686206402536,2684,85,1198
-78.265719128912,-7.88271661816,2735,112,1032
-70.270713100244,-17.53960592245,2816,20,-718
-72.78599589578,-14.575165484854,2668,131,3291
-76.873330438526,-12.104798453524,2884,27,-897
-71.573270262218,-14.62008124906,2677,67,1642
-70.674954978098,-14.440418192236,2696,73,1219
-72.381754017926,-14.575165484854,2673,88,2080
-77.547066901616,-9.050526487516,2707,106,2469
-73.998721529342,-15.922638411034,2878,34,-839
-73.953805765136,-13.182776794468,2718,79,1187
-70.225797336038,-18.527752734982,2857,15,-732
-73.23515353784,-15.159070419532,2709,99,2243
-77.636898430028,-10.173420592666,2802,10,705
-69.911386986596,-20.548962124252,2791,2,-920
-69.956302750802,-22.749834570346,2794,2,-767
-76.15467821123,-10.308167885284,2774,115,208
-73.549563887282,-12.868366445026,2881,83,-393
-70.76478650651,-17.98876356451,2862,8,-725
-72.830911659986,-16.326880288888,2853,6,-915
-76.109762447024,-13.811597493352,2876,3,-1027
-74.627542228226,-14.84466007009,2795,26,-175
-68.06984065415,-21.267614351548,2681,22,-233
-71.528354498012,-13.317524087086,2717,539,3962
-70.046134279214,-14.215839371206,2696,444,2948
-70.001218515008,-19.156573433866,2843,7,-798
-74.897036813462,-12.464124567172,2726,277,1514
-69.64189240136,-14.754828541678,2685,163,1889
-70.854618034922,-13.991260550176,2647,387,3090
-72.516501310544,-15.74297535421,2806,51,-436
-74.088553057754,-14.799744305884,2727,96,1428
-75.615689040758,-13.587018672322,2888,44,-319
-69.1927347593,-21.626940465196,2825,4,-788
-75.615689040758,-11.835303868288,2712,152,1038
-76.738583145908,-9.769178714812,2744,182,589
-69.057987466682,-20.593877888458,2746,14,-494
-69.013071702476,-18.123510857128,2680,38,305
-76.109762447024,-11.745472339876,2699,156,1067
-67.935093361532,-22.25576116408,2622,45,77
-68.653745588828,-17.98876356451,2698,43,1199
-75.076699870286,-14.575165484854,2863,11,-625
-73.998721529342,-15.159070419532,2819,20,-92
-69.776639693978,-22.794750334552,2773,0,-769
-71.034281091746,-16.955700987772,2796,6,-627
-72.56141707475,-14.575165484854,2682,87,2023
-73.190237773634,-13.542102908116,2773,69,709
-69.64189240136,-16.506543345712,2689,75,856
-71.169028384364,-16.731122166742,2806,10,-762
-79.74793934771,-6.31066487095,2886,20,-144
-77.906393015264,-9.00561072331,2715,51,1267
-69.821555458184,-18.21334238554,2768,9,-228
-69.911386986596,-21.80660352202,2786,18,-869
-72.696164367368,-15.96755417524,2816,14,-767
-72.606332838956,-15.877722646828,2832,26,-711
-69.552060872948,-19.965057189574,2836,1,-825
-71.977512140072,-16.596374874124,2866,3,-874
-73.280069302046,-15.74297535421,2810,11,-137
-70.31562886445,-14.260755135412,2693,168,1358
-69.462229344536,-16.012469939446,2775,114,2187
-70.180881571832,-14.979407362708,2710,39,1201
-79.208950177238,-7.747969325542,2884,18,-1093
-70.360544628656,-14.126007842794,2684,275,2203
-73.280069302046,-14.215839371206,2731,84,1155
-70.899533799128,-14.754828541678,2703,40,850
-69.1927347593,-20.953204002106,2828,4,-684
-68.51899829621,-20.548962124252,2678,30,-167
-73.6843111799,-13.72176596494,2818,64,-94
-69.102903230888,-18.572668499188,2690,29,139
-71.88768061166,-15.248901947944,2671,96,1655
-69.64189240136,-22.300676928286,2795,0,-856
-69.462229344536,-22.300676928286,2800,0,-893
-70.54020768548,-13.991260550176,2685,327,2109
-72.202090961102,-13.856513257558,2707,91,2648
-68.698661353034,-21.177782823136,2687,35,-179
-77.771645722646,-9.634431422194,2768,14,1247
-77.05299349535,-9.90392600743,2672,126,1602
-70.046134279214,-14.575165484854,2668,118,2338
-68.74357711724,-21.222698587342,2677,36,-87
-72.56141707475,-16.237048760476,2872,4,-849
-74.58262646402,-15.114154655326,2839,7,-843
-79.029287120414,-7.65813779713,2885,21,-392
-69.776639693978,-20.144720246398,2807,0,-857
-69.372397816124,-19.650646840132,2783,6,-518
-74.537710699814,-13.901429021764,2694,118,1201
-69.507145108742,-15.698059590004,2794,85,2042
-71.483438733806,-15.338733476356,2698,49,252
-68.06984065415,-22.70491880614,2707,40,-476
-74.941952577668,-13.991260550176,2760,87,786
-73.145322009428,-15.832806882622,2889,4,-799
-68.788492881446,-21.267614351548,2684,32,-160
-74.313131878784,-15.383649240562,2850,6,-622
-74.897036813462,-13.452271379704,2719,146,379
-71.932596375866,-14.036176314382,2719,66,2169
-69.327482051918,-21.896435050432,2842,1,-981
-72.830911659986,-14.081092078588,2697,121,3543
-79.882686640328,-6.53524369198,2890,9,-1041
-68.788492881446,-15.024323126914,2707,1104,3024
-77.232656552174,-10.712409763138,2724,12,403
-69.686808165566,-18.078595092922,2740,21,34
-70.270713100244,-14.036176314382,2671,570,3689
-70.046134279214,-14.215839371206,2696,444,2948
-72.965658952604,-14.170923607,2704,146,3922
-79.29878170565,-7.029317098246,2890,89,257
-70.046134279214,-20.773540945282,2820,18,-782
-74.268216114578,-12.643787623996,2729,232,1344
-70.674954978098,-16.731122166742,2745,28,653
-71.169028384364,-15.698059590004,2663,73,1457
-68.788492881446,-16.596374874124,2735,102,2793
-74.80720528505,-13.092945266056,2703,203,1206
-75.70552056917,-12.643787623996,2693,155,1265
-73.774142708312,-13.452271379704,2749,83,409
-73.01057471681,-12.868366445026,2786,265,2438
-73.280069302046,-14.799744305884,2704,112,1523
-71.573270262218,-15.383649240562,2664,87,1995
-69.057987466682,-15.96755417524,2778,118,1855
-70.854618034922,-16.731122166742,2804,17,-197
-68.608829824622,-15.024323126914,2818,896,2267
-74.268216114578,-15.653143825798,2853,34,-702
-68.429166767798,-16.776037930948,2706,58,1698
-69.462229344536,-20.998119766312,2827,1,-799
-75.436025983934,-11.25139893361,2735,558,3541
-69.596976637154,-22.300676928286,2796,0,-904
-76.334341268054,-12.014966925112,2710,118,1237
-77.322488080586,-10.892072819962,2846,5,-351
-76.918246202732,-11.431061990434,2836,62,111
-70.944449563334,-17.404858629832,2867,7,-834
-72.606332838956,-14.081092078588,2744,61,824
-76.244509739642,-10.308167885284,2723,122,983
-77.591982665822,-9.499684129576,2720,30,1511
-74.223300350372,-14.260755135412,2693,94,1148
-75.885183625994,-13.542102908116,2878,15,-528
-72.33683825372,-13.676850200734,2799,73,511
-68.204587946768,-16.326880288888,2679,354,2719
-70.270713100244,-17.09044828039,2687,50,69
-67.980009125738,-23.019329155582,2726,33,-447
-68.29441947518,-19.875225661162,2682,16,-312
-78.669961006766,-8.376790024426,2900,29,-483
-70.98936532754,-15.608228061592,2682,54,788
-68.698661353034,-14.754828541678,2842,624,906
-69.956302750802,-20.773540945282,2800,11,-890
-73.774142708312,-14.081092078588,2720,96,1558
-79.119118648826,-6.894569805628,2870,213,1500
-79.658107819298,-6.490327927774,2886,21,-34
-69.821555458184,-17.494690158244,2673,39,601
-69.821555458184,-21.13286705893,2791,10,-868
-69.1927347593,-20.23455177481,2788,8,-593
-71.124112620158,-13.407355615498,2710,1528,7064
-69.372397816124,-17.584521686656,2688,31,197
-67.84526183312,-22.749834570346,2638,58,-112
-75.70552056917,-10.847157055756,2743,709,2780
-69.911386986596,-16.237048760476,2689,56,924
-76.82841467432,-9.499684129576,2747,234,1103
-79.658107819298,-6.400496399362,2881,31,899
-69.462229344536,-17.135364044596,2671,64,971
-70.09105004342,-15.06923889112,2692,54,2090
-76.334341268054,-11.520893518846,2673,216,1987
-70.180881571832,-14.84466007009,2699,42,906
-68.96815593827,-17.809100507686,2689,44,1004
-70.180881571832,-17.898932036098,2857,23,-827
-68.159672182562,-17.180279808802,2696,55,1168
-70.405460392862,-17.898932036098,2859,21,-784
-75.346194455522,-14.799744305884,2848,3,-914
-71.842764847454,-17.09044828039,2859,10,-433
-68.429166767798,-15.698059590004,2771,412,3033
-71.169028384364,-14.979407362708,2698,39,473
-75.076699870286,-11.970051160906,2721,266,1600
-72.78599589578,-14.62008124906,2664,149,3716
-74.897036813462,-14.215839371206,2775,60,741
-68.923240174064,-22.570171513522,2742,3,-876
-69.64189240136,-14.84466007009,2698,117,1633
-74.268216114578,-14.39550242803,2700,82,662
-71.977512140072,-14.215839371206,2720,71,1987
-72.381754017926,-16.102301467858,2888,8,-925
-75.346194455522,-11.47597775464,2734,429,2601
-73.01057471681,-13.991260550176,2734,130,3282
-78.086056072088,-9.993757535842,2893,4,-873
-70.674954978098,-16.686206402536,2695,35,1047
-72.426669782132,-14.305670899618,2685,105,2847
-71.4385229696,-16.955700987772,2861,7,-866
-69.956302750802,-20.23455177481,2812,5,-769
-76.064846682818,-13.003113737644,2847,27,-253
-75.436025983934,-14.305670899618,2872,11,-718
-69.057987466682,-21.13286705893,2805,9,-671
-68.384251003592,-15.698059590004,2784,456,3124
-68.249503710974,-17.225195573008,2683,71,2105
-68.29441947518,-19.066741905454,2701,14,-72
-69.507145108742,-22.25576116408,2805,0,-922
-76.019930918612,-11.386146226228,2698,170,754
-76.693667381702,-11.790388104082,2793,39,264
-76.334341268054,-13.003113737644,2886,26,-948
-74.088553057754,-15.338733476356,2803,11,166
-77.457235373204,-8.915779194898,2759,105,1561
-74.941952577668,-14.889575834296,2876,7,-787
-68.159672182562,-18.43792120657,2697,31,733
-70.899533799128,-17.629437450862,2859,4,-820
-68.563914060416,-22.794750334552,2734,9,-703
-75.615689040758,-11.9251353967,2687,176,1410
-69.86647122239,-20.504046360046,2790,0,-861
-70.54020768548,-17.31502710142,2782,20,-509
-70.001218515008,-17.180279808802,2679,47,237
-79.97251816874,-6.580159456186,2895,7,-1280
-70.270713100244,-22.570171513522,2865,17,-606
-74.13346882196,-15.698059590004,2863,32,-903
-72.920743188398,-15.114154655326,2684,102,1955
-68.339335239386,-15.51839653318,2821,575,2433
-72.426669782132,-13.003113737644,2745,337,3102
-68.249503710974,-15.653143825798,2845,598,2908
-68.339335239386,-18.752331556012,2691,18,410
-71.21394414857,-14.84466007009,2698,48,873
-75.750436333376,-11.341230462022,2716,340,1239
-72.651248603162,-16.012469939446,2828,11,-864
-68.653745588828,-21.13286705893,2693,35,-223
-77.187740787968,-11.071735876786,2891,10,-384
-70.046134279214,-15.74297535421,2720,51,1492
-75.525857512346,-13.362439851292,2766,168,775
-71.4385229696,-13.94634478597,2690,100,1713
-76.109762447024,-14.126007842794,2877,2,-1024
-75.975015154406,-13.04802950185,2803,55,18
-77.72672995844,-9.544599893782,2782,15,1261
-69.147818995094,-17.000616751978,2696,68,963
-75.660604804964,-12.014966925112,2691,142,992
-68.698661353034,-22.660003041934,2734,4,-705
-71.708017554836,-13.587018672322,2773,81,267
-69.731723929772,-18.078595092922,2731,19,182
-75.25636292711,-12.284461510348,2723,167,738
-72.78599589578,-15.96755417524,2834,10,-731
-69.41731358033,-20.054888717986,2826,3,-760
-70.135965807626,-20.728625181076,2846,18,-717
-69.507145108742,-17.135364044596,2679,57,590
-75.70552056917,-14.036176314382,2891,3,-950
-73.819058472518,-13.452271379704,2802,52,-308
-78.84962406359,-7.343727447688,2819,115,1163
-72.11225943269,-14.575165484854,2696,62,1223
-69.1927347593,-22.660003041934,2767,1,-737
-78.1758876005,-9.00561072331,2837,26,182
-75.885183625994,-10.892072819962,2710,487,1739
-74.178384586166,-13.631934436528,2781,36,-104
-68.923240174064,-21.761687757814,2721,18,-768
-69.731723929772,-20.23455177481,2807,0,-851
-69.507145108742,-15.608228061592,2787,74,1636
-73.90889000093,-13.182776794468,2755,81,869
-72.78599589578,-14.39550242803,2723,76,1380
-70.495291921274,-16.64129063833,2674,45,611
-71.708017554836,-15.832806882622,2677,69,979
-73.504648123076,-14.39550242803,2698,98,1500
-68.249503710974,-17.674353215068,2697,33,1087
-69.956302750802,-18.617584263394,2843,10,-831
-69.327482051918,-17.76418474348,2697,27,35
-70.944449563334,-15.74297535421,2679,54,958
-71.483438733806,-14.081092078588,2720,55,563
-71.932596375866,-16.820953695154,2855,6,-877
-77.72672995844,-8.960694959104,2717,72,2078
-77.861477251058,-9.364936836958,2722,21,1433
-68.204587946768,-18.303173913952,2708,32,923
-78.220803364706,-9.00561072331,2842,23,95
-69.1927347593,-17.809100507686,2687,42,1034
-69.057987466682,-15.248901947944,2684,547,2442
-74.313131878784,-14.170923607,2698,92,1078
-79.119118648826,-7.343727447688,2853,49,222
-71.483438733806,-14.664997013266,2695,52,813
-72.741080131574,-16.281964524682,2858,4,-911
-73.549563887282,-15.06923889112,2735,68,813
-78.580129478354,-9.140358015928,NA,NA,NA
-75.03178410608,-12.464124567172,2746,245,982
-80.736086160242,-5.86150722889,2902,4,-1421
-70.180881571832,-17.674353215068,2816,21,-676
-73.863974236724,-14.170923607,2730,82,1078
-70.450376157068,-14.934491598502,2711,33,1053
-73.055490481016,-14.036176314382,2720,134,3268
-68.06984065415,-21.13286705893,2700,15,-720
-68.653745588828,-21.447277408372,2703,21,-629
-68.384251003592,-18.931994612836,2700,15,-49
-75.436025983934,-12.733619152408,2697,212,666
-79.927602404534,-6.355580635156,2891,11,-1051
-72.516501310544,-14.036176314382,2726,89,2339
-69.41731358033,-19.021826141248,2702,22,630
-72.830911659986,-13.901429021764,2710,118,3357
-76.738583145908,-10.218336356872,2709,159,954
-69.821555458184,-15.877722646828,2748,70,1473
-76.738583145908,-11.9251353967,2882,24,-336
-70.001218515008,-18.393005442364,2870,17,-654
-71.797849083248,-14.39550242803,2697,64,1979
-71.708017554836,-14.84466007009,2678,53,1488
-74.537710699814,-13.587018672322,2744,92,84
-72.920743188398,-13.04802950185,2797,220,1087
-69.64189240136,-15.653143825798,2790,77,1981
-74.537710699814,-13.676850200734,2706,130,1160
-73.190237773634,-13.901429021764,2755,101,1013
-71.573270262218,-15.159070419532,2686,54,617
-70.674954978098,-18.168426621334,2852,5,-764
-77.322488080586,-10.35308364949,2708,19,1417
-73.998721529342,-14.709912777472,2706,99,1464
-73.594479651488,-14.081092078588,2744,76,449
-68.204587946768,-23.198992212406,2757,5,-760
-73.953805765136,-15.653143825798,2814,16,-357
-69.462229344536,-20.504046360046,2841,1,-825
-68.608829824622,-19.920141425368,2706,19,-338
-74.941952577668,-15.114154655326,2865,8,-1010
-71.573270262218,-14.62008124906,2677,67,1642
-78.84962406359,-8.33187426022,2891,23,-858
-71.079196855952,-15.203986183738,2665,75,2132
-77.816561486852,-9.769178714812,2811,11,812
-70.046134279214,-17.09044828039,2677,47,126
-72.471585546338,-14.530249720648,2671,111,3141
-69.596976637154,-17.98876356451,2735,26,21
-72.426669782132,-15.922638411034,2850,27,-491
-70.225797336038,-18.842163084424,2856,5,-749
-71.4385229696,-16.955700987772,2861,7,-866
-70.09105004342,-14.170923607,2687,493,3251
-71.528354498012,-14.84466007009,2690,52,1338
-75.9300993902,-10.712409763138,2715,442,1547
-68.878324409858,-19.78539413275,2693,30,237
-68.563914060416,-17.449774394038,2695,37,959
-68.429166767798,-18.033679328716,2702,44,1959
-69.686808165566,-16.86586945936,2692,56,366
-72.11225943269,-14.799744305884,2667,95,1889
-70.001218515008,-18.078595092922,2865,16,-767
-68.923240174064,-19.56081531172,2678,26,175
-68.159672182562,-18.707415791806,2688,20,326
-74.672457992432,-13.991260550176,2712,88,217
-73.324985066252,-15.51839653318,2746,40,1124
-67.980009125738,-21.537108936784,2687,17,-327
-72.651248603162,-16.057385703652,2844,7,-853
-77.008077731144,-10.757325527344,2725,35,648
-67.935093361532,-22.076098107256,2639,36,92
-77.008077731144,-11.02682011258,2774,22,571
-74.717373756638,-15.203986183738,2856,17,-893
-74.80720528505,-12.733619152408,2723,217,880
-70.54020768548,-15.248901947944,2716,37,745
-72.56141707475,-16.012469939446,2894,8,-884
-75.121615634492,-12.553956095584,2694,302,1391
-69.372397816124,-17.09044828039,2667,76,1472
-70.674954978098,-15.832806882622,2689,41,818
-75.48094174814,-13.137861030262,2701,257,1104
-73.190237773634,-16.057385703652,2873,12,-1154
-71.708017554836,-14.934491598502,2675,53,1519
-75.660604804964,-14.39550242803,2860,4,-1044
-68.653745588828,-16.237048760476,2759,77,1524
-74.852121049256,-12.688703388202,2749,184,415
-72.78599589578,-13.182776794468,2699,367,3100
-76.648751617496,-12.37429303876,2876,37,-777
-73.055490481016,-16.326880288888,2857,19,-812
-69.462229344536,-20.638793652664,2837,1,-813
-78.62504524256,-8.062379674984,2743,68,274
-72.875827424192,-12.82345068082,2810,242,2540
-74.897036813462,-14.485333956442,2830,27,-112
-74.986868341874,-14.350586663824,2837,30,56
-72.741080131574,-14.036176314382,2719,102,2727
-68.608829824622,-18.707415791806,2697,18,162
-76.199593975436,-13.901429021764,2879,2,-988
-71.797849083248,-13.227692558674,2736,310,2932
-74.986868341874,-12.239545746142,2770,231,1036
-71.528354498012,-15.248901947944,2674,69,1317
-70.450376157068,-17.045532516184,2667,48,431
-69.956302750802,-17.629437450862,2774,16,-97
-72.78599589578,-14.664997013266,2664,160,3812
-73.774142708312,-15.024323126914,2750,84,1351
-68.474082532004,-15.698059590004,2745,427,3323
-69.327482051918,-19.740478368544,2784,6,-502
-68.563914060416,-22.974413391376,2739,6,-691
-70.09105004342,-22.25576116408,2820,14,-788
-72.067343668484,-16.686206402536,2857,4,-840
-69.64189240136,-16.281964524682,2699,85,1236
-68.29441947518,-23.243907976612,2756,4,-756
-71.66310179063,-15.74297535421,2663,78,1259
-76.289425503848,-10.57766247052,2704,175,927
-69.41731358033,-21.671856229402,2840,1,-1075
-68.74357711724,-20.548962124252,2689,24,-394
-69.013071702476,-17.943847800304,2679,37,601
-72.741080131574,-12.958197973438,2801,285,2067
-73.01057471681,-15.698059590004,2800,23,974
-72.11225943269,-13.587018672322,2733,125,2940
-74.402963407196,-15.74297535421,2875,37,-913
-73.01057471681,-15.29381771215,2770,58,905
-73.953805765136,-13.452271379704,2771,60,887
-69.911386986596,-15.563312297386,2742,53,1578
-72.067343668484,-13.49718714391,2759,88,1355
-75.795352097582,-14.215839371206,2875,3,-1035
-68.114756418356,-21.13286705893,2698,18,-630
-78.84962406359,-7.568306268718,2902,47,297
-77.72672995844,-8.152211203396,2732,137,1428
-71.169028384364,-16.102301467858,2696,41,-38
-70.495291921274,-17.359942865626,2814,18,-558
-76.514004324878,-11.02682011258,2681,175,1411
-69.41731358033,-20.23455177481,2833,3,-758
-75.840267861788,-13.092945266056,2735,132,358
-68.249503710974,-16.371796053094,2697,250,2008
-77.50215113741,-10.35308364949,2806,8,739
-67.530851483678,-23.019329155582,2596,43,-312
-68.923240174064,-18.842163084424,2659,29,596
-71.528354498012,-15.473480768974,2689,57,701
-68.788492881446,-16.371796053094,2766,83,2034
-73.953805765136,-14.485333956442,2704,82,925
-69.821555458184,-14.754828541678,2691,108,1518
-72.291922489514,-15.608228061592,2734,108,558
-72.606332838956,-16.461627581506,2858,10,-742
-72.202090961102,-13.04802950185,2725,251,3056
-77.771645722646,-8.466621552838,2734,86,1522
-69.956302750802,-19.740478368544,2816,3,-891
-70.001218515008,-14.440418192236,2686,158,1700
-75.750436333376,-14.754828541678,2876,11,-739
-72.965658952604,-15.51839653318,2788,52,1831
-72.965658952604,-14.126007842794,2691,159,4480
-74.717373756638,-15.114154655326,2845,8,-943
-72.022427904278,-16.596374874124,2871,3,-874
-69.282566287712,-21.80660352202,2844,2,-882
-69.956302750802,-18.527752734982,2843,14,-762
-71.573270262218,-15.563312297386,2714,46,336
-72.157175196896,-15.338733476356,2658,122,2084
-76.15467821123,-14.126007842794,2876,2,-998
-75.70552056917,-13.27260832288,2751,142,340
-73.190237773634,-13.901429021764,2755,101,1013
-71.797849083248,-13.766681729146,2764,62,460
-72.651248603162,-14.799744305884,2669,136,2799
-69.86647122239,-14.979407362708,2694,69,1728
-78.580129478354,-8.421705788632,2909,35,-453
-78.310634893118,-8.511537317044,2804,62,603
-79.253865941444,-6.98440133404,2899,108,114
-73.953805765136,-15.383649240562,2764,20,635
-74.717373756638,-14.754828541678,2827,23,-224
-73.729226944106,-15.06923889112,2750,83,1482
-74.941952577668,-11.9251353967,2764,413,1784
-72.696164367368,-15.832806882622,2764,47,-153
-69.507145108742,-16.371796053094,2705,101,1437
-69.911386986596,-18.842163084424,2839,2,-696
-67.755430304708,-22.615087277728,2630,45,-186
-68.474082532004,-15.473480768974,2806,590,2339
-76.109762447024,-12.14971421773,2727,98,881
-76.289425503848,-11.431061990434,2697,166,938
-68.114756418356,-16.506543345712,2731,145,788
-74.402963407196,-14.305670899618,2698,89,584
-71.124112620158,-13.49718714391,2676,1323,5626
-78.40046642153,-8.376790024426,2808,77,542
-71.66310179063,-17.270111337214,NA,NA,NA
-73.369900830458,-14.39550242803,2696,96,1571
-71.079196855952,-16.86586945936,2818,7,-654
-69.911386986596,-20.773540945282,2798,7,-755
-76.15467821123,-10.80224129155,2698,216,1106
-79.029287120414,-7.568306268718,2869,21,-391
-71.258859912776,-15.06923889112,2662,65,2046
-69.41731358033,-22.660003041934,2778,0,-844
-72.33683825372,-13.542102908116,2736,173,3012
-72.426669782132,-14.979407362708,2664,117,2188
-74.447879171402,-15.114154655326,2858,6,-914
-74.852121049256,-13.811597493352,2715,117,637
-70.09105004342,-16.012469939446,2699,53,1560
-75.525857512346,-12.284461510348,2685,177,1040
-70.135965807626,-17.719268979274,2833,21,-766
-76.82841467432,-10.57766247052,2694,92,1177
-73.145322009428,-15.698059590004,2829,12,-25
-69.013071702476,-19.33623649069,2661,31,429
-69.1927347593,-15.428565004768,2725,168,905
-72.696164367368,-13.49718714391,2814,103,355
-74.088553057754,-12.778534916614,2753,181,1517
-79.927602404534,-6.804738277216,2898,9,-1229
-68.74357711724,-16.596374874124,2734,87,2308
-76.199593975436,-10.80224129155,2701,180,799
-69.1927347593,-22.210845399874,2792,3,-746
-76.648751617496,-9.6793471864,2736,258,709
-77.232656552174,-9.00561072331,2722,164,2344
-68.384251003592,-16.19213299627,2711,290,2913
-75.076699870286,-15.114154655326,2869,8,-1053
-75.346194455522,-14.081092078588,2828,23,14
-68.114756418356,-16.731122166742,2697,90,1069
-77.50215113741,-11.25139893361,2884,9,-914
-70.585123449686,-15.29381771215,2709,40,1159
-76.514004324878,-12.014966925112,2794,65,548
-76.244509739642,-11.161567405198,2704,193,1073
-69.013071702476,-22.435424220904,2764,3,-763
-69.86647122239,-19.066741905454,2843,3,-787
-77.322488080586,-9.724262950606,2714,49,1593
-75.570773276552,-13.362439851292,2762,147,621
-70.899533799128,-14.215839371206,2659,165,2606
-69.282566287712,-17.98876356451,2702,33,341
-78.355550657324,-9.275105308546,2890,13,-885
-76.558920089084,-11.116651640992,2701,141,1030
-74.402963407196,-14.530249720648,2704,81,482
-70.09105004342,-17.270111337214,2710,38,24
-75.166531398698,-13.901429021764,2747,117,935
-70.450376157068,-13.901429021764,2657,787,4592
-77.412319608998,-9.90392600743,2737,34,1394
-76.738583145908,-10.892072819962,2719,71,753
-68.339335239386,-17.584521686656,2695,36,1273
-69.1927347593,-17.53960592245,2689,39,558
-69.552060872948,-15.653143825798,2792,81,1934
-70.09105004342,-19.33623649069,2841,17,-810
-69.731723929772,-18.168426621334,2743,15,163
-69.327482051918,-17.180279808802,2675,63,1014
-77.996224543676,-9.050526487516,2792,36,1068
-75.660604804964,-11.431061990434,2735,257,856
-69.102903230888,-14.754828541678,2697,891,3142
-68.653745588828,-23.019329155582,2744,6,-679
-73.549563887282,-13.766681729146,2754,119,1419
-77.322488080586,-9.993757535842,2722,34,1168
-77.681814194234,-10.712409763138,2879,7,-945
-75.346194455522,-13.542102908116,2771,155,854
-76.558920089084,-10.757325527344,2686,139,1011
-80.736086160242,-6.08608604992,2898,9,-1297
-68.29441947518,-20.548962124252,2681,20,-331
-69.911386986596,-21.58202470099,2810,22,-840
-69.552060872948,-23.064244919788,2793,0,-864
-69.282566287712,-20.863372473694,2835,3,-719
-75.750436333376,-10.757325527344,2781,536,1552
-68.878324409858,-15.428565004768,2713,598,1915
-71.393607205394,-17.180279808802,2860,19,-793
-75.25636292711,-12.059882689318,2766,120,381
-75.525857512346,-11.25139893361,2797,377,1937
-69.956302750802,-22.570171513522,2799,3,-741
-75.121615634492,-11.9251353967,2698,262,1759
-74.537710699814,-13.49718714391,2696,186,1825
-69.956302750802,-21.58202470099,2814,38,-791
-72.830911659986,-16.147217232064,2840,3,-982
-76.289425503848,-13.182776794468,2877,19,-921
-73.639395415694,-15.653143825798,2787,18,-178
-78.84962406359,-7.837800853954,2836,31,126
-70.899533799128,-16.461627581506,2689,51,427
-71.528354498012,-14.39550242803,2691,56,1489
-68.474082532004,-22.03118234305,2701,26,-382
-76.109762447024,-12.643787623996,2743,34,414
-70.630039213892,-14.934491598502,2712,31,1068
-72.965658952604,-12.868366445026,2762,312,3060
-77.367403844792,-10.173420592666,2743,24,1568
-69.102903230888,-19.650646840132,2703,21,285
-76.558920089084,-9.589515657988,2714,466,1829
-68.06984065415,-19.201489198072,2698,11,-224
-68.74357711724,-23.288823740818,2760,8,-654
-71.21394414857,-16.371796053094,2700,44,21
-68.833408645652,-22.25576116408,2719,6,-732
-70.450376157068,-17.854016271892,2861,15,-792
-72.247006725308,-15.563312297386,2757,73,68
-70.046134279214,-16.326880288888,2655,62,1310
-79.208950177238,-7.119148626658,2892,96,290
-74.58262646402,-12.733619152408,2746,232,1737
-68.653745588828,-17.898932036098,2698,43,1206
-74.537710699814,-14.170923607,2701,111,715
-79.29878170565,-7.298811683482,2892,25,-786
-71.842764847454,-14.889575834296,2672,66,1558
-73.190237773634,-16.326880288888,2859,34,-901
-77.816561486852,-8.10729543919,2730,121,1473
-75.346194455522,-12.464124567172,2709,227,993
-68.51899829621,-17.404858629832,2696,37,889
-70.809702270716,-17.898932036098,2865,9,-759
-69.282566287712,-17.584521686656,2692,32,350
-69.686808165566,-14.305670899618,2680,816,3316
-71.303775676982,-13.407355615498,2717,849,5020
-75.70552056917,-13.72176596494,2873,13,-436
-70.899533799128,-13.766681729146,2642,920,4600
-70.046134279214,-15.428565004768,2713,42,1086
-70.719870742304,-14.934491598502,2705,32,1187
-72.022427904278,-13.137861030262,2757,184,2052
-69.552060872948,-19.605731075926,2824,2,-804
-76.873330438526,-11.9251353967,2895,16,-761
-75.615689040758,-12.014966925112,2714,126,650
-77.636898430028,-11.116651640992,NA,NA,NA
-71.393607205394,-17.09044828039,2864,15,-747
-70.54020768548,-17.809100507686,2864,9,-774
-70.54020768548,-14.575165484854,2703,49,777
-71.842764847454,-13.542102908116,2750,96,1115
-78.714876770972,-7.478474740306,2813,79,1295
-77.322488080586,-9.409852601164,2667,119,2874
-68.204587946768,-15.698059590004,2850,667,3100
-74.178384586166,-15.248901947944,2859,6,-655
-75.166531398698,-12.37429303876,2758,172,243
-71.393607205394,-16.686206402536,2801,12,-758
-70.854618034922,-14.081092078588,2647,278,2915
-73.324985066252,-14.170923607,2775,77,557
-75.70552056917,-12.104798453524,2678,165,1241
-69.86647122239,-16.012469939446,2719,80,1730
-77.681814194234,-9.00561072331,2718,88,2653
-72.920743188398,-14.799744305884,2661,159,3013
-70.76478650651,-14.485333956442,2679,81,2058
-73.01057471681,-13.811597493352,2762,81,866
-72.471585546338,-14.709912777472,2663,141,3263
-69.911386986596,-22.570171513522,2780,2,-820
-76.738583145908,-12.509040331378,2879,25,-849
-74.717373756638,-13.407355615498,2677,224,1927
-74.447879171402,-12.643787623996,2733,276,2145
-67.890177597326,-21.492193172578,2650,21,221
-70.360544628656,-17.53960592245,2834,15,-845
-70.76478650651,-17.09044828039,2765,17,-95
-68.29441947518,-16.86586945936,2710,55,1224
-74.897036813462,-12.733619152408,2721,251,1138
-78.984371356208,-7.298811683482,2823,95,968
-75.076699870286,-15.338733476356,2862,14,-717
-69.462229344536,-23.1540764482,2803,0,-834
-78.580129478354,-8.55645308125,2902,21,-611
-70.674954978098,-18.123510857128,2855,6,-701
-76.693667381702,-9.45476836537,2712,372,1820
-69.64189240136,-20.00997295378,2829,1,-867
-70.31562886445,-17.180279808802,2715,40,-127
-69.821555458184,-14.39550242803,2684,344,1711
-68.563914060416,-18.43792120657,2694,28,271
-79.029287120414,-7.074232862452,2852,224,1995
-77.547066901616,-10.35308364949,2840,7,515
-70.405460392862,-17.270111337214,2741,31,-210
-73.6843111799,-15.608228061592,2771,22,63
-68.249503710974,-21.896435050432,2691,26,-201
-68.74357711724,-16.19213299627,2767,83,1524
-68.159672182562,-21.941350814638,2674,28,-156
-76.648751617496,-10.083589064254,2733,161,499
-71.169028384364,-15.29381771215,2667,102,2598
-70.98936532754,-16.955700987772,2793,8,-543
-75.615689040758,-12.509040331378,2676,177,1029
-67.710514540502,-22.525255749316,2612,42,-90
-69.327482051918,-15.51839653318,2746,87,1187
-68.384251003592,-19.875225661162,2666,25,203
-76.109762447024,-12.733619152408,2799,25,102
-71.483438733806,-14.84466007009,2696,45,729
-77.816561486852,-8.242042731808,2729,94,1199
-76.424172796466,-10.667493998932,2698,151,743
-80.601338867624,-6.041170285714,2902,5,-1324
-77.142825023762,-9.589515657988,2708,97,777
-68.923240174064,-20.099804482192,2691,23,-185
-76.60383585329,-10.892072819962,2676,127,1185
-69.147818995094,-19.740478368544,2721,16,167
-72.78599589578,-13.766681729146,2732,126,2971
-77.008077731144,-9.095442251722,2765,247,1417
-77.232656552174,-11.520893518846,2874,16,-866
-69.013071702476,-17.270111337214,2679,68,1350
-79.478444762474,-6.625075220392,2893,29,-128
-77.771645722646,-9.724262950606,2759,12,1260
-79.568276290886,-7.523390504512,NA,NA,NA
-71.21394414857,-15.06923889112,2672,60,1826
-69.776639693978,-15.06923889112,2713,58,906
-74.941952577668,-14.081092078588,2769,71,873
-72.696164367368,-14.754828541678,2666,128,2698
-69.956302750802,-21.222698587342,2810,29,-708
-68.608829824622,-18.617584263394,2695,20,114
-69.821555458184,-16.281964524682,2680,68,1254
-69.282566287712,-15.428565004768,2733,100,658
-76.199593975436,-9.769178714812,2777,436,1166
-73.055490481016,-13.766681729146,2726,124,2444
-75.48094174814,-14.84466007009,2859,4,-951
-74.268216114578,-15.563312297386,2826,24,-726
-69.282566287712,-15.96755417524,2794,110,2244
-77.008077731144,-12.059882689318,2879,19,-812
-71.079196855952,-15.024323126914,2695,41,693
-69.013071702476,-18.482836970776,2660,45,902
-69.462229344536,-20.68370941687,2836,1,-791
-68.29441947518,-15.74297535421,2713,577,3940
-70.719870742304,-14.709912777472,2698,50,1411
-72.471585546338,-13.227692558674,2727,239,2427
-71.528354498012,-13.452271379704,2724,346,2882
-74.717373756638,-13.317524087086,2684,220,1699
-69.956302750802,-14.709912777472,2694,86,1355
-70.046134279214,-19.650646840132,2824,9,-885
-68.51899829621,-22.345592692492,2729,11,-713
-70.674954978098,-15.383649240562,2666,80,2942
-68.51899829621,-17.09044828039,2711,66,1831
-78.40046642153,-7.65813779713,2757,71,971
-68.06984065415,-17.045532516184,2702,53,307
-68.608829824622,-21.58202470099,2706,25,-431
-69.596976637154,-15.338733476356,2744,79,2153
-74.627542228226,-13.72176596494,2697,138,1176
-79.927602404534,-6.220833342538,2890,14,-879
-79.74793934771,-6.400496399362,2885,17,-335
-70.225797336038,-16.326880288888,2677,48,746
-68.74357711724,-20.45913059584,2691,25,-405
-69.821555458184,-21.851519286226,2783,7,-860
-70.76478650651,-18.033679328716,2855,6,-694
-70.046134279214,-20.548962124252,2818,11,-821
-75.301278691316,-12.37429303876,2734,178,601
-72.11225943269,-14.799744305884,2667,95,1889
-78.355550657324,-8.197126967602,2756,125,1252
-75.615689040758,-14.84466007009,2859,5,-918
-77.187740787968,-8.960694959104,2801,125,948
-68.833408645652,-21.537108936784,2686,21,-484
-68.923240174064,-20.773540945282,2718,24,-215
-79.478444762474,-7.343727447688,2889,12,-1102
-68.563914060416,-21.492193172578,2688,32,-227
-70.674954978098,-13.901429021764,2686,402,1873
-79.568276290886,-7.388643211894,2889,9,-1111
-68.608829824622,-15.832806882622,2761,246,2327
-69.102903230888,-17.629437450862,2687,41,882
-69.237650523506,-16.281964524682,2765,113,2092
-72.33683825372,-13.452271379704,2759,164,1912
-75.25636292711,-15.06923889112,2884,6,-972
-69.41731358033,-20.998119766312,2833,1,-766
-69.731723929772,-15.608228061592,2784,69,1860
-68.698661353034,-21.671856229402,2712,13,-677
-75.840267861788,-10.936988584168,2721,497,1633
-77.547066901616,-9.320021072752,2768,44,960
-76.289425503848,-11.745472339876,2743,124,716
-69.327482051918,-16.551459109918,2702,101,1133
-70.001218515008,-15.473480768974,2716,47,1567
-70.495291921274,-16.461627581506,2671,56,981
-75.346194455522,-11.9251353967,2758,131,669
-69.327482051918,-18.123510857128,2687,43,755
-70.899533799128,-15.203986183738,2681,52,1303
-69.237650523506,-22.300676928286,2798,2,-736
-68.923240174064,-17.494690158244,2687,51,1018
-73.998721529342,-14.081092078588,2703,94,1395
-70.674954978098,-17.898932036098,2852,5,-741
-77.05299349535,-9.275105308546,2747,204,1548
-76.019930918612,-11.02682011258,2716,236,847
-73.190237773634,-16.19213299627,2854,23,-960
-77.681814194234,-10.712409763138,2879,7,-945
-68.51899829621,-18.527752734982,2690,25,476
-72.202090961102,-15.96755417524,2743,26,-62
-70.360544628656,-16.19213299627,2663,60,1646
-73.45973235887,-14.84466007009,2722,77,407
-69.013071702476,-23.064244919788,2758,4,-664
-70.809702270716,-17.270111337214,2839,9,-763
-69.327482051918,-21.537108936784,2838,2,-872
-74.492794935608,-14.170923607,2695,109,897
-75.48094174814,-13.27260832288,2715,235,1177
-72.830911659986,-13.452271379704,2763,147,1715
-69.462229344536,-22.70491880614,2774,0,-841
-76.738583145908,-11.386146226228,2763,108,1125
-72.247006725308,-13.04802950185,2748,237,2662
-69.102903230888,-17.09044828039,2693,63,820
-73.90889000093,-13.27260832288,2727,83,1182
-72.471585546338,-13.092945266056,2758,312,2975
-72.426669782132,-15.608228061592,2689,143,740
-76.918246202732,-10.57766247052,2705,61,895
-76.424172796466,-12.37429303876,2846,19,-390
-68.06984065415,-17.31502710142,2704,67,1034
-67.755430304708,-22.570171513522,2631,42,-215
-75.076699870286,-14.440418192236,2859,14,-385
-74.043637293548,-15.653143825798,2838,22,-582
-73.190237773634,-12.868366445026,2866,180,1242
-74.58262646402,-15.203986183738,2835,11,-880
-68.608829824622,-17.98876356451,2701,45,1314
-77.187740787968,-10.173420592666,2696,58,1397
-72.022427904278,-16.237048760476,2843,10,-700
-75.570773276552,-14.485333956442,2854,5,-1036
-71.932596375866,-16.19213299627,2811,18,-404
-70.360544628656,-14.126007842794,2684,275,2203
-72.965658952604,-12.778534916614,2825,265,2795
-79.388613234062,-7.388643211894,2886,15,-1170
-76.15467821123,-10.757325527344,2695,237,1347
-71.752933319042,-14.260755135412,2710,59,1441
-69.507145108742,-21.851519286226,2839,0,-1075
-72.426669782132,-14.305670899618,2685,105,2847
-77.187740787968,-10.308167885284,2755,38,553
-67.935093361532,-21.851519286226,2643,21,-76
-72.78599589578,-13.452271379704,2832,109,335
-75.121615634492,-14.979407362708,2865,3,-1042
-69.057987466682,-17.943847800304,2675,41,933
-69.507145108742,-20.773540945282,2829,1,-811
-69.507145108742,-16.326880288888,2704,110,1795
-72.022427904278,-15.922638411034,2735,39,264
-71.393607205394,-15.383649240562,2677,80,1507
-70.001218515008,-20.863372473694,2813,19,-714
-72.381754017926,-15.832806882622,2851,44,-580
-75.660604804964,-13.137861030262,2810,163,10
-68.06984065415,-21.447277408372,2608,33,626
-69.64189240136,-22.165929635668,2799,0,-844
-75.570773276552,-11.341230462022,2771,320,1191
-68.06984065415,-17.449774394038,2699,51,560
-77.097909259556,-11.70055657567,2882,16,-887
-75.076699870286,-14.485333956442,2882,12,-604
-74.717373756638,-14.126007842794,2708,125,890
-71.932596375866,-15.383649240562,2670,91,1367
-76.558920089084,-12.37429303876,2902,24,-814
-73.819058472518,-15.698059590004,2864,11,-712
-76.648751617496,-11.116651640992,2713,147,1140
-70.854618034922,-17.31502710142,2855,7,-860
-72.022427904278,-16.19213299627,2834,13,-607
-69.731723929772,-21.716771993608,2792,4,-877
-73.055490481016,-13.137861030262,2705,325,3286
-68.563914060416,-15.06923889112,2849,823,1927
-81.005580745478,-5.906422993096,2904,10,-1174
-78.669961006766,-7.613222032924,2884,40,-240
-69.731723929772,-20.548962124252,2797,0,-767
-72.78599589578,-13.227692558674,2707,374,3313
-77.591982665822,-8.511537317044,2757,87,1012
-69.147818995094,-16.371796053094,2728,156,3586
-74.627542228226,-12.82345068082,2749,177,916
-72.157175196896,-13.452271379704,2773,89,588
-77.547066901616,-11.341230462022,2881,7,-1037
-72.875827424192,-15.51839653318,2771,66,1488
-77.72672995844,-9.769178714812,2759,13,1474
-69.956302750802,-14.664997013266,2686,110,1868
-76.648751617496,-11.116651640992,2713,147,1140
-70.899533799128,-13.72176596494,2640,896,4130
-72.606332838956,-14.530249720648,2677,96,2511
-68.114756418356,-21.716771993608,2671,25,-34
-68.878324409858,-14.934491598502,2708,1031,2918
-75.660604804964,-13.092945266056,2794,168,184
-71.573270262218,-15.653143825798,2693,50,468
-68.29441947518,-20.324383303222,2676,20,-498
-70.630039213892,-16.461627581506,2687,53,943
-70.046134279214,-15.832806882622,2705,60,2194
-69.956302750802,-22.70491880614,2805,2,-765
-69.686808165566,-19.426068019102,2834,2,-765
-70.046134279214,-18.482836970776,2857,21,-863
-77.322488080586,-10.981904348374,2860,6,-405
-75.346194455522,-13.94634478597,2826,38,246
-69.013071702476,-14.84466007009,2723,878,2917
-68.06984065415,-22.794750334552,2733,35,-515
-69.462229344536,-21.941350814638,2837,0,-1052
-73.414816594664,-15.877722646828,2819,8,-812
-68.96815593827,-21.177782823136,2771,15,-497
-68.96815593827,-23.198992212406,2746,5,-774
-76.648751617496,-9.23018954434,2758,596,2137
-75.660604804964,-11.745472339876,2694,192,1236
-69.237650523506,-19.156573433866,2719,27,557
-69.911386986596,-21.986266578844,2784,11,-788
-76.514004324878,-9.499684129576,2739,601,2080
-68.698661353034,-22.570171513522,2731,3,-770
-77.322488080586,-9.00561072331,2753,99,1248
-75.975015154406,-10.981904348374,2702,346,1597
-75.795352097582,-13.72176596494,2893,6,-717
-70.001218515008,-21.58202470099,2816,50,-760
-77.636898430028,-11.296314697816,2883,5,-1016
-70.495291921274,-14.754828541678,2690,46,1957
-68.74357711724,-22.03118234305,2694,12,-785
-69.64189240136,-23.019329155582,2776,0,-857
-75.615689040758,-13.991260550176,2879,8,-644
-78.894539827796,-8.10729543919,2882,19,-868
-69.956302750802,-16.326880288888,2674,56,936
-76.873330438526,-12.37429303876,NA,NA,NA
-68.96815593827,-22.525255749316,2762,2,-892
-68.788492881446,-19.426068019102,2695,24,-103
-76.648751617496,-9.634431422194,2716,307,1242
-71.797849083248,-15.922638411034,2684,58,685
-73.819058472518,-15.877722646828,2829,17,-856
-74.852121049256,-13.631934436528,2707,140,698
-71.932596375866,-16.057385703652,2772,35,44
-75.570773276552,-14.575165484854,2851,5,-1084
-73.324985066252,-13.137861030262,2837,123,548
-75.660604804964,-11.116651640992,2702,639,2719
-72.426669782132,-14.709912777472,2684,111,2135
-70.135965807626,-18.43792120657,2859,24,-916
-70.54020768548,-17.53960592245,2856,10,-993
-69.86647122239,-19.875225661162,2814,1,-917
-68.698661353034,-17.494690158244,2689,45,1209
-75.48094174814,-13.182776794468,2708,252,1158
-69.552060872948,-16.012469939446,2764,112,2217
-72.965658952604,-14.934491598502,2677,125,1966
-70.809702270716,-16.461627581506,2784,28,-493
-71.66310179063,-16.64129063833,2822,6,-830
-68.159672182562,-17.045532516184,2705,50,689
-69.1927347593,-17.135364044596,2684,67,1031
-70.270713100244,-14.215839371206,2690,250,2210
-72.56141707475,-13.27260832288,2755,265,2590
-74.80720528505,-14.530249720648,2849,29,-205
-74.672457992432,-15.428565004768,2869,29,-780
-69.956302750802,-15.159070419532,2707,50,1272
-71.393607205394,-16.955700987772,2858,7,-700
-70.899533799128,-14.305670899618,2672,107,2075
-70.719870742304,-14.575165484854,2701,62,1468
-71.573270262218,-14.84466007009,2674,57,1679
-70.76478650651,-16.237048760476,2713,32,-158
-70.495291921274,-17.494690158244,2848,11,-907
-75.301278691316,-12.688703388202,2682,261,1060
-74.897036813462,-14.440418192236,2827,33,14
-69.956302750802,-14.305670899618,2680,386,2577
-68.653745588828,-19.066741905454,2698,23,142
-71.258859912776,-17.045532516184,2845,7,-859
-69.956302750802,-14.979407362708,2676,74,2329
-74.762289520844,-14.440418192236,2760,51,475
-74.717373756638,-15.06923889112,2869,7,-692
-69.057987466682,-15.29381771215,2688,511,2260
-80.64625463183,-6.131001814126,2901,9,-1276
-68.563914060416,-15.653143825798,2710,466,3504
-70.944449563334,-14.709912777472,2697,48,1166
-75.660604804964,-13.766681729146,2837,14,-289
-72.11225943269,-16.237048760476,2852,8,-805
-76.648751617496,-11.835303868288,2859,39,75
-76.424172796466,-9.6793471864,2722,579,1828
-75.48094174814,-13.317524087086,2740,211,1113
-70.270713100244,-17.53960592245,2816,20,-718
-70.225797336038,-18.976910377042,2850,9,-824
-68.339335239386,-15.473480768974,2863,523,1839
-75.03178410608,-13.542102908116,2684,212,1173
-68.608829824622,-22.615087277728,2733,7,-635
-69.596976637154,-19.78539413275,2829,1,-805
-78.130971836294,-8.736116138074,2846,34,327
-75.436025983934,-12.553956095584,2690,223,917
-80.242012753976,-6.220833342538,2896,5,-1325
-76.289425503848,-13.766681729146,NA,NA,NA
-71.797849083248,-13.631934436528,2731,112,1818
-70.046134279214,-20.548962124252,2818,11,-821
-79.388613234062,-7.478474740306,2884,15,-1153
-71.169028384364,-13.49718714391,2663,1156,5397
-68.51899829621,-19.33623649069,2713,18,-509
-68.474082532004,-18.88707884863,2704,16,-73
-74.537710699814,-13.856513257558,2709,109,890
-68.29441947518,-17.584521686656,2697,34,1050
-69.552060872948,-15.922638411034,2778,95,1845
-79.927602404534,-6.669990984598,2896,8,-1215
-77.412319608998,-9.050526487516,2754,104,1639
-73.953805765136,-15.383649240562,2764,20,635
-72.022427904278,-14.889575834296,2691,54,298
-68.249503710974,-18.527752734982,2692,31,645
-73.324985066252,-14.485333956442,2689,110,1615
-69.507145108742,-17.045532516184,2673,70,1201
-72.291922489514,-15.877722646828,2782,45,-173
-69.507145108742,-16.057385703652,2763,121,2314
-68.384251003592,-22.794750334552,2733,7,-624
-68.06984065415,-16.686206402536,2716,104,1063
-69.731723929772,-21.986266578844,2805,3,-767
-70.31562886445,-16.19213299627,2661,63,1769
-72.56141707475,-13.811597493352,2781,64,672
-71.573270262218,-14.170923607,2730,42,345
-72.741080131574,-16.596374874124,2854,21,-667
-70.270713100244,-18.976910377042,2856,9,-780
-69.507145108742,-20.998119766312,2820,1,-797
-72.33683825372,-15.922638411034,2757,38,-72
-70.001218515008,-19.33623649069,2834,6,-847
-68.833408645652,-15.024323126914,2694,1162,3238
-78.984371356208,-7.119148626658,2882,185,1570
-68.29441947518,-17.449774394038,2698,41,751
-69.41731358033,-15.51839653318,2766,69,1042
-79.388613234062,-6.98440133404,2890,63,-145
-73.998721529342,-14.84466007009,2714,101,1586
-68.563914060416,-17.854016271892,2707,34,971
-78.130971836294,-8.33187426022,2838,65,-196
-68.788492881446,-17.584521686656,2688,48,1155
-71.034281091746,-14.62008124906,2684,68,1910
-72.426669782132,-13.766681729146,2756,80,1549
-69.821555458184,-23.109160683994,2791,0,-812
-68.384251003592,-15.383649240562,2817,702,2332
-72.471585546338,-12.958197973438,2744,352,3034
-74.80720528505,-12.688703388202,2713,230,1138
-74.492794935608,-14.889575834296,2762,38,147
-69.147818995094,-16.281964524682,2769,133,2950
-73.280069302046,-15.428565004768,2815,26,-163
-72.381754017926,-15.832806882622,2851,44,-580
-69.507145108742,-16.461627581506,2698,99,1201
-69.41731358033,-17.270111337214,2653,68,1459
-73.190237773634,-13.676850200734,2719,103,1802
-71.4385229696,-14.126007842794,2719,55,569
-70.630039213892,-18.123510857128,2852,6,-629
-72.426669782132,-14.934491598502,2672,117,2019
-76.648751617496,-12.643787623996,2885,25,-807
-77.27757231638,-9.544599893782,2708,97,2159
-71.88768061166,-14.979407362708,2673,90,2136
-76.334341268054,-9.814094479018,2753,360,1026
-72.965658952604,-14.799744305884,2656,156,2905
-78.984371356208,-7.703053561336,2903,22,-409
-69.462229344536,-16.147217232064,2753,113,1833
-69.327482051918,-15.114154655326,2691,155,2086
-79.119118648826,-7.4335589761,2857,35,80
-75.03178410608,-15.024323126914,2869,4,-1160
-75.25636292711,-14.979407362708,2887,6,-1012
-72.426669782132,-14.485333956442,2670,83,2380
-78.355550657324,-8.736116138074,2901,19,-295
-76.918246202732,-11.9251353967,2882,16,-732
-68.339335239386,-22.076098107256,2686,29,-193
-71.079196855952,-13.94634478597,2662,267,2427
-69.507145108742,-22.839666098758,2771,0,-837
-74.043637293548,-14.39550242803,2692,89,1205
-76.469088560672,-12.014966925112,2791,78,894
-76.918246202732,-11.790388104082,2880,16,-701
-70.54020768548,-17.359942865626,2822,16,-550
-78.1758876005,-8.10729543919,2778,118,539
-73.01057471681,-14.530249720648,2674,123,2774
-69.013071702476,-18.842163084424,2693,26,160
-70.225797336038,-22.390508456698,2863,18,-472
-71.4385229696,-15.383649240562,2687,57,712
-68.114756418356,-18.123510857128,2705,35,1157
-75.391110219728,-14.215839371206,2859,13,-436
-67.890177597326,-22.25576116408,2637,40,-60
-70.98936532754,-14.39550242803,2664,134,3681
-76.019930918612,-13.003113737644,2803,40,-62
-73.6843111799,-15.473480768974,2777,27,321
-68.204587946768,-20.863372473694,2666,23,-99
-70.046134279214,-15.787891118416,2715,57,1952
-69.013071702476,-22.300676928286,2736,5,-755
-78.086056072088,-9.993757535842,2893,4,-873
-77.681814194234,-8.466621552838,2746,99,1484
-67.890177597326,-18.707415791806,2688,24,676
-69.776639693978,-18.303173913952,2815,7,-297
-75.885183625994,-13.182776794468,2827,79,-124
-80.556423103418,-5.996254521508,2903,3,-1341
-76.469088560672,-10.892072819962,2689,139,756
-79.388613234062,-6.804738277216,2888,74,395
-74.313131878784,-13.317524087086,2731,64,362
-70.270713100244,-18.393005442364,2853,19,-559
-76.648751617496,-10.57766247052,2694,131,1008
-75.9300993902,-11.341230462022,2699,271,1352
-71.393607205394,-13.72176596494,2718,186,1539
-74.986868341874,-13.362439851292,2690,210,1098
-78.445382185736,-7.792885089748,2799,68,-192
-69.147818995094,-17.629437450862,2688,40,847
-69.41731358033,-21.626940465196,2836,1,-1041
-78.894539827796,-7.703053561336,2885,34,190
-71.88768061166,-14.305670899618,2727,52,1011
-68.698661353034,-16.506543345712,2734,96,2948
-70.046134279214,-21.35744587996,2830,48,-555
-72.291922489514,-13.856513257558,2704,126,3677
-68.29441947518,-20.638793652664,2644,27,109
-69.507145108742,-16.910785223566,2672,83,1473
-70.809702270716,-15.29381771215,2674,70,2146
-69.013071702476,-17.674353215068,2687,45,1093
-72.606332838956,-15.024323126914,2666,118,1860
-77.322488080586,-9.544599893782,2673,92,2713
-77.457235373204,-8.691200373868,2742,120,1820
-73.729226944106,-13.04802950185,2739,127,1104
-68.698661353034,-19.830309896956,2694,26,-30
-76.918246202732,-11.296314697816,2850,50,330
-68.384251003592,-22.974413391376,2770,4,-711
-77.367403844792,-9.90392600743,2729,30,987
-68.563914060416,-17.898932036098,2701,38,1350
-72.291922489514,-13.811597493352,2708,120,3381
-78.40046642153,-8.466621552838,2870,60,378
-75.346194455522,-13.137861030262,2715,227,550
-70.360544628656,-17.719268979274,2857,22,-763
-68.608829824622,-20.998119766312,2685,30,-259
-77.771645722646,-10.532746706314,2884,5,-862
-68.653745588828,-22.525255749316,2731,4,-710
-77.636898430028,-10.80224129155,2879,6,-1011
-68.878324409858,-22.03118234305,2713,15,-685
-71.124112620158,-17.76418474348,2866,11,-724
-75.211447162904,-12.14971421773,2762,138,457
-69.237650523506,-16.102301467858,2789,117,2345
-71.348691441188,-17.225195573008,2856,20,-813
-75.9300993902,-12.419208802966,2719,83,796
-70.674954978098,-16.506543345712,2716,45,608
-71.124112620158,-14.664997013266,2674,86,2767
-68.06984065415,-18.078595092922,2706,37,1501
-69.821555458184,-19.156573433866,2862,2,-789
-75.121615634492,-12.419208802966,2724,212,831
-69.86647122239,-20.953204002106,2796,13,-698
-68.159672182562,-16.4167118173,2690,274,2033
-69.1927347593,-21.13286705893,2832,4,-705
-70.270713100244,-17.359942865626,2787,23,-506
-67.980009125738,-23.064244919788,2731,31,-457
-68.204587946768,-21.626940465196,2686,24,-196
-69.147818995094,-17.629437450862,2688,40,847
-69.776639693978,-16.461627581506,2652,78,1567
-71.124112620158,-15.922638411034,2679,52,596
-72.202090961102,-13.676850200734,2755,90,1453
-70.180881571832,-15.114154655326,2711,41,1143
-72.426669782132,-15.698059590004,2769,85,-46
-75.660604804964,-11.116651640992,2702,639,2719
-68.339335239386,-17.898932036098,2704,30,1337
-76.334341268054,-11.880219632494,2703,140,1274
-69.237650523506,-16.326880288888,2756,113,2086
-73.998721529342,-12.868366445026,2733,143,1288
-75.436025983934,-13.452271379704,2783,156,773
-69.686808165566,-22.25576116408,2792,0,-775
-69.102903230888,-16.461627581506,2749,102,1613
-76.558920089084,-11.341230462022,2683,191,1664
-68.608829824622,-21.177782823136,2632,44,103
-68.249503710974,-22.92949762717,2759,7,-669
-73.055490481016,-15.922638411034,2919,3,-1092
-73.190237773634,-14.305670899618,2746,73,690
-75.975015154406,-11.341230462022,2701,243,1315
-74.80720528505,-12.688703388202,2713,230,1138
-68.024924889944,-17.98876356451,2709,30,853
-68.429166767798,-23.109160683994,2767,7,-733
-70.944449563334,-15.06923889112,2682,50,1716
-80.511507339212,-5.951338757302,2903,3,-1349
-73.055490481016,-14.889575834296,2674,131,2227
-78.669961006766,-7.388643211894,2758,125,1730
-71.797849083248,-14.036176314382,2734,47,1030
-70.001218515008,-15.29381771215,2711,45,1138
-70.809702270716,-17.629437450862,2868,6,-768
-69.1927347593,-17.854016271892,2684,42,979
-69.057987466682,-21.043035530518,2795,10,-688
-69.462229344536,-21.13286705893,2821,1,-814
-75.885183625994,-14.62008124906,2860,13,-859
-73.953805765136,-15.96755417524,2867,34,-952
-70.809702270716,-17.584521686656,2872,6,-919
-76.15467821123,-11.116651640992,2703,204,1181
-70.135965807626,-22.525255749316,2828,15,-693
-79.837770876122,-6.490327927774,2887,11,-861
-70.046134279214,-15.787891118416,2715,57,1952
-73.774142708312,-14.440418192236,2718,74,635
-74.537710699814,-15.698059590004,2867,28,-923
-68.833408645652,-21.58202470099,2675,21,-514
-71.034281091746,-14.305670899618,2681,114,2620
-68.608829824622,-20.279467539016,2690,27,-300
-70.495291921274,-15.698059590004,2708,32,361
-75.570773276552,-13.137861030262,2741,233,1025
-80.017433932946,-6.131001814126,2892,12,-1091
-70.719870742304,-15.608228061592,2701,46,677
-80.242012753976,-5.996254521508,2895,5,-1201
-72.157175196896,-15.653143825798,2812,56,64
-67.800346068914,-22.92949762717,2630,67,-126
-69.057987466682,-21.626940465196,2765,10,-656
-72.741080131574,-16.326880288888,2856,5,-940
-74.58262646402,-15.203986183738,2835,11,-880
-72.965658952604,-15.29381771215,2711,98,2609
-72.291922489514,-15.203986183738,2705,72,607
-72.651248603162,-14.39550242803,2677,125,3675
-72.516501310544,-15.338733476356,2677,128,1550
-69.776639693978,-20.728625181076,2785,1,-881
-70.854618034922,-14.036176314382,2642,333,3166
-74.941952577668,-12.82345068082,2708,243,1140
-69.911386986596,-15.563312297386,2742,53,1578
-77.681814194234,-9.00561072331,2718,88,2653
-73.639395415694,-15.114154655326,2727,85,1547
-68.204587946768,-16.820953695154,2707,48,512
-75.301278691316,-11.47597775464,2751,447,2602
-72.022427904278,-16.4167118173,2863,3,-874
-75.885183625994,-13.317524087086,2893,55,-401
-69.507145108742,-18.617584263394,2733,19,341
-69.1927347593,-20.638793652664,2812,6,-710
-72.830911659986,-13.631934436528,2763,130,2179
-69.686808165566,-17.898932036098,2731,24,-106
-76.469088560672,-9.724262950606,2713,509,1820
-74.717373756638,-15.608228061592,2864,35,-831
-74.672457992432,-14.440418192236,2791,55,366
-67.890177597326,-22.210845399874,2633,38,-22
-68.06984065415,-18.43792120657,2697,31,714
-73.055490481016,-16.237048760476,2846,16,-889
-70.944449563334,-16.731122166742,2789,16,-270
-69.64189240136,-15.29381771215,2750,68,1668
-75.166531398698,-11.655640811464,2708,470,2801
-68.563914060416,-18.842163084424,2701,18,198
-80.107265461358,-6.175917578332,2894,9,-1237
-77.457235373204,-8.915779194898,2759,105,1561
-70.854618034922,-15.832806882622,2682,45,655
-75.076699870286,-14.799744305884,2867,6,-1070
-74.80720528505,-12.239545746142,2788,276,1265
-72.830911659986,-13.94634478597,2706,110,3156
-69.013071702476,-17.135364044596,2691,60,920
-75.885183625994,-13.49718714391,2874,21,-509
-76.199593975436,-13.04802950185,2885,17,-850
-76.873330438526,-10.487830942108,2677,106,1678
-68.159672182562,-21.80660352202,2670,27,-81
-71.483438733806,-16.057385703652,2702,54,203
-69.596976637154,-17.98876356451,2735,26,21
-71.66310179063,-16.326880288888,2809,17,-479
-75.750436333376,-14.485333956442,2863,7,-962
-69.1927347593,-23.198992212406,2783,2,-764
-68.788492881446,-19.11165766966,2671,32,569
-67.890177597326,-22.884581862964,2675,55,-342
-73.549563887282,-16.237048760476,2856,30,-690
-77.187740787968,-9.769178714812,2686,94,1722
-71.393607205394,-16.64129063833,2779,13,-651
-69.013071702476,-20.638793652664,2769,15,-460
-72.426669782132,-15.024323126914,2664,118,2096
-67.755430304708,-22.615087277728,2630,45,-186
-68.788492881446,-20.998119766312,2688,38,21
-72.157175196896,-14.979407362708,2671,117,2271
-69.327482051918,-16.281964524682,2751,127,2545
-69.147818995094,-15.248901947944,2696,344,2042
-68.698661353034,-18.21334238554,2697,32,166
-73.998721529342,-14.754828541678,2713,105,1503
-77.95130877947,-10.263252121078,2887,3,-764
-70.719870742304,-15.159070419532,2670,56,2352
-69.372397816124,-14.440418192236,2744,799,3168
-72.920743188398,-15.922638411034,2881,7,-769
-70.495291921274,-14.84466007009,2695,48,2262
-67.755430304708,-22.884581862964,2632,62,-131
-72.830911659986,-12.82345068082,2771,251,2590
-68.474082532004,-16.057385703652,2715,293,3422
-69.64189240136,-20.68370941687,2809,0,-805
-70.270713100244,-18.033679328716,2861,23,-770
-68.474082532004,-23.019329155582,2764,6,-632
-69.776639693978,-19.695562604338,2828,1,-903
-71.348691441188,-17.09044828039,2849,13,-754
-69.41731358033,-22.794750334552,2773,0,-876
-76.15467821123,-12.14971421773,2737,92,829
-76.334341268054,-10.038673300048,2755,143,770
-75.885183625994,-13.362439851292,2890,47,-508
-73.774142708312,-14.709912777472,2676,132,1986
-70.944449563334,-16.551459109918,2678,42,453
-69.282566287712,-19.875225661162,2782,6,-524
-76.873330438526,-9.634431422194,2720,205,1214
-70.495291921274,-17.31502710142,2777,22,-462
-67.935093361532,-22.300676928286,2620,46,113
-68.653745588828,-15.922638411034,2740,247,3395
-73.863974236724,-15.787891118416,2823,17,-737
-68.563914060416,-18.348089678158,2698,35,500
-68.96815593827,-14.934491598502,2695,907,2991
-68.653745588828,-15.338733476356,2720,823,2188
-73.504648123076,-13.676850200734,2736,122,1608
-68.114756418356,-18.393005442364,2700,32,777
-75.076699870286,-12.82345068082,2708,244,794
-79.07420288462,-6.939485569834,2787,256,1978
-71.797849083248,-13.587018672322,2778,80,493
-75.750436333376,-14.62008124906,2878,11,-918
-68.563914060416,-17.135364044596,2708,60,1876
-70.001218515008,-19.021826141248,2835,6,-794
-73.280069302046,-16.147217232064,2873,18,-989
-70.001218515008,-15.338733476356,2707,50,1671
-71.169028384364,-15.383649240562,2669,85,1802
-70.809702270716,-14.84466007009,2707,34,750
-68.788492881446,-21.043035530518,2683,38,21
-75.70552056917,-13.092945266056,2740,192,604
-71.483438733806,-14.081092078588,2720,55,563
-76.918246202732,-11.386146226228,2835,61,115
-69.956302750802,-20.324383303222,2807,4,-803
-78.804708299384,-7.837800853954,2832,37,298
-76.514004324878,-12.464124567172,2863,23,-621
-77.27757231638,-9.050526487516,2726,141,2237
-77.861477251058,-8.197126967602,2722,102,1350
-78.355550657324,-9.095442251722,2879,16,-668
-76.334341268054,-9.499684129576,2779,619,1434
-69.237650523506,-23.243907976612,2789,1,-838
-76.738583145908,-9.499684129576,2716,255,1042
-74.897036813462,-12.509040331378,2778,181,293
-71.079196855952,-15.248901947944,2669,87,2370
-77.412319608998,-10.936988584168,2875,4,-719
-69.86647122239,-15.96755417524,2713,95,2726
-79.52336052668,-6.804738277216,2893,24,-734
-70.046134279214,-22.70491880614,2800,6,-771
-74.58262646402,-14.530249720648,2732,66,608
-77.142825023762,-11.296314697816,2865,25,-426
-68.563914060416,-16.955700987772,2707,78,2419
-70.135965807626,-16.86586945936,2665,50,213
-69.1927347593,-15.832806882622,2780,103,1592
-68.563914060416,-17.000616751978,2712,69,2031
-72.965658952604,-16.102301467858,2826,5,-891
-73.145322009428,-14.485333956442,2680,140,3149
-71.258859912776,-16.371796053094,2698,40,89
-70.001218515008,-15.114154655326,2701,51,1332
-74.043637293548,-13.27260832288,2753,60,993
-77.142825023762,-9.050526487516,2721,214,2331
-75.840267861788,-12.419208802966,2762,77,152
-70.001218515008,-14.62008124906,2686,107,1808
-74.178384586166,-14.170923607,2708,73,660
-69.86647122239,-21.177782823136,2796,14,-811
-68.204587946768,-19.695562604338,2680,16,123
-69.237650523506,-16.102301467858,2789,117,2345
-76.918246202732,-9.724262950606,2710,180,1279
-74.447879171402,-14.979407362708,2797,24,-140
-71.752933319042,-16.686206402536,2857,5,-891
-72.606332838956,-13.003113737644,2866,174,249
-69.372397816124,-21.492193172578,2833,1,-921
-75.211447162904,-14.754828541678,2857,3,-990
-68.024924889944,-21.35744587996,2683,21,-233
-70.180881571832,-17.045532516184,2640,61,551
-68.833408645652,-22.615087277728,2726,2,-806
-73.998721529342,-13.991260550176,2726,81,1114
-69.552060872948,-22.390508456698,2789,0,-889
-78.580129478354,-8.017463910778,2777,100,341
-77.636898430028,-9.814094479018,2775,16,1801
-74.897036813462,-12.419208802966,2762,243,1206
-68.159672182562,-16.820953695154,2702,57,570
-70.450376157068,-16.326880288888,2681,45,468
-68.51899829621,-16.86586945936,2704,66,1825
-70.135965807626,-22.92949762717,2825,7,-695
-70.180881571832,-14.84466007009,2699,42,906
-75.211447162904,-13.72176596494,2737,161,1020
-68.608829824622,-15.383649240562,2770,782,2504
-72.78599589578,-14.39550242803,2723,76,1380
-71.079196855952,-13.587018672322,2687,1128,4732
-76.334341268054,-11.610725047258,2680,199,1860
-74.717373756638,-15.024323126914,2854,8,-807
-69.86647122239,-21.447277408372,2806,12,-969
-73.6843111799,-12.733619152408,2884,86,-93
-74.986868341874,-14.39550242803,2858,23,-174
-70.046134279214,-14.575165484854,2668,118,2338
-72.696164367368,-13.991260550176,2693,123,3729
-68.06984065415,-18.393005442364,2700,33,774
-68.024924889944,-22.03118234305,2668,31,-159
-77.27757231638,-10.712409763138,2774,8,151
-69.237650523506,-14.305670899618,2815,880,2599
-68.923240174064,-19.965057189574,2705,24,-34
-69.372397816124,-18.527752734982,2681,36,878
-69.282566287712,-20.23455177481,2810,5,-802
-75.9300993902,-12.553956095584,2805,57,269
-76.738583145908,-10.532746706314,2683,106,1001
-69.327482051918,-18.168426621334,2697,37,422
-74.178384586166,-14.036176314382,2696,86,1489
-69.102903230888,-16.102301467858,2786,123,2438
-75.70552056917,-13.631934436528,2901,19,-601
-69.86647122239,-15.114154655326,2697,75,2359
-70.450376157068,-17.000616751978,2656,49,542
-67.935093361532,-22.165929635668,2630,42,110
-70.046134279214,-18.842163084424,2846,4,-830
-68.698661353034,-19.650646840132,2683,22,-43
-75.436025983934,-12.553956095584,2690,223,917
-78.490297949942,-7.972548146572,2757,111,508
-77.008077731144,-9.140358015928,2753,255,1590
-73.863974236724,-14.664997013266,2688,120,1828
-69.686808165566,-22.794750334552,2768,0,-810
-80.825917688654,-6.265749106744,NA,NA,NA
-69.1927347593,-23.064244919788,2794,1,-826
-69.821555458184,-17.629437450862,2698,28,399
-68.29441947518,-22.076098107256,2699,29,-255
-69.911386986596,-19.33623649069,2836,4,-847
-69.64189240136,-16.86586945936,2685,72,946
-73.594479651488,-12.688703388202,2807,206,1247
-69.686808165566,-17.000616751978,2694,44,-44
-73.324985066252,-13.72176596494,2732,121,1907
-78.535213714148,-7.837800853954,2759,94,505
-69.057987466682,-14.754828541678,2719,933,3186
-68.653745588828,-16.820953695154,2709,74,1503
-77.187740787968,-11.970051160906,NA,NA,NA
-71.258859912776,-16.551459109918,2746,23,-211
-71.124112620158,-13.587018672322,2673,1044,4501
-71.797849083248,-15.832806882622,2684,74,961
-70.046134279214,-17.53960592245,2777,17,-363
-70.225797336038,-17.674353215068,2829,21,-666
-77.771645722646,-9.275105308546,2741,35,1317
-69.821555458184,-21.896435050432,2778,7,-843
-70.674954978098,-14.081092078588,2654,331,3112
-68.96815593827,-19.515899547514,2680,27,234
-73.6843111799,-15.159070419532,2725,77,1655
-80.511507339212,-6.31066487095,2902,9,-1273
-73.819058472518,-12.868366445026,2717,134,1129
-75.660604804964,-11.745472339876,2694,192,1236
-70.135965807626,-18.348089678158,2863,26,-922
-78.669961006766,-8.736116138074,2891,11,-1022
-76.199593975436,-11.161567405198,2715,161,509
-68.788492881446,-19.78539413275,2671,30,216
-71.034281091746,-17.31502710142,2864,8,-859
-70.001218515008,-20.099804482192,2822,8,-716
-71.348691441188,-15.653143825798,2684,54,617
-69.507145108742,-16.86586945936,2661,89,1724
-75.9300993902,-12.239545746142,2683,127,1373
-69.552060872948,-17.898932036098,2702,34,336
-72.11225943269,-16.281964524682,2853,6,-881
-76.82841467432,-10.936988584168,2757,58,415
-78.804708299384,-7.747969325542,2822,46,614
-76.37925703226,-12.284461510348,2784,34,100
-69.41731358033,-19.56081531172,2793,5,-559
-72.471585546338,-16.596374874124,2861,19,-827
-68.159672182562,-16.237048760476,2689,537,3446
-72.381754017926,-16.506543345712,2852,11,-849
-71.528354498012,-15.563312297386,2672,63,1101
-70.944449563334,-14.440418192236,2666,118,3321
-72.830911659986,-15.698059590004,2754,53,662
-73.819058472518,-13.27260832288,2830,60,-207
-69.956302750802,-19.426068019102,2836,4,-865
-68.788492881446,-16.461627581506,2750,104,3028
-72.426669782132,-15.51839653318,2685,146,1270
-68.923240174064,-22.839666098758,2758,3,-724
-69.821555458184,-15.832806882622,2747,76,2031
-68.249503710974,-20.818456709488,2679,21,-320
-70.360544628656,-18.393005442364,NA,NA,NA
-79.029287120414,-7.298811683482,2880,77,595
-75.750436333376,-13.676850200734,2892,11,-556
-69.821555458184,-17.359942865626,2682,43,488
-68.339335239386,-17.53960592245,2696,36,1125
-70.719870742304,-15.787891118416,2685,44,922
-68.653745588828,-21.222698587342,2693,34,-297
-72.606332838956,-15.29381771215,2669,134,1887
-75.25636292711,-14.709912777472,2856,3,-996
-69.507145108742,-20.593877888458,2834,1,-817
-72.516501310544,-16.461627581506,2856,10,-853
-80.152181225564,-6.490327927774,2897,7,-1304
-69.776639693978,-19.246404962278,2850,2,-673
-69.327482051918,-14.979407362708,2704,176,1505
-72.78599589578,-12.913282209232,2841,216,1247
-76.289425503848,-13.72176596494,NA,NA,NA
-77.27757231638,-10.847157055756,2833,6,-173
-70.046134279214,-15.203986183738,2707,42,861
-77.232656552174,-11.341230462022,2872,19,-813
-70.135965807626,-18.21334238554,2868,27,-790
-68.06984065415,-21.087951294724,2698,16,-675
-74.313131878784,-13.676850200734,2770,53,280
-73.01057471681,-14.350586663824,2698,115,2701
-79.208950177238,-6.75982251301,2878,165,1469
-71.124112620158,-14.530249720648,2708,55,967
-72.696164367368,-16.506543345712,2858,15,-763
-72.157175196896,-15.787891118416,2739,64,727
-74.537710699814,-14.979407362708,2818,16,-402
-68.06984065415,-21.267614351548,2681,22,-233
-72.875827424192,-13.407355615498,2825,132,563
-68.339335239386,-15.832806882622,2704,473,3949
-71.21394414857,-16.281964524682,2673,52,383
-70.046134279214,-18.6625000276,2854,12,-800
-69.1927347593,-20.953204002106,2828,4,-684
-69.013071702476,-15.203986183738,2710,594,2293
-71.66310179063,-16.955700987772,2867,9,-755
-71.528354498012,-15.473480768974,2689,57,701
-76.469088560672,-10.263252121078,2742,165,675
-70.31562886445,-15.832806882622,2702,41,1187
-68.339335239386,-22.660003041934,2715,12,-631
-70.944449563334,-14.799744305884,2685,56,2111
-69.86647122239,-16.910785223566,2675,56,503
-69.237650523506,-17.404858629832,2680,52,878
-68.024924889944,-17.270111337214,2709,60,612
-70.001218515008,-15.338733476356,2707,50,1671
-76.289425503848,-13.092945266056,2882,24,-908
-71.66310179063,-14.84466007009,2683,50,1313
-73.055490481016,-15.338733476356,2805,47,768
-70.180881571832,-22.660003041934,2850,18,-531
-68.429166767798,-22.70491880614,2717,11,-620
-72.067343668484,-13.811597493352,2759,51,1030
-76.963161966938,-10.936988584168,2798,25,635
-76.783498910114,-10.173420592666,2723,144,865
-72.606332838956,-13.542102908116,2833,80,21
-69.147818995094,-15.428565004768,2703,238,1371
-68.51899829621,-16.64129063833,2710,61,1744
-69.282566287712,-21.80660352202,2844,2,-882
-72.875827424192,-15.024323126914,2665,104,1743
-69.686808165566,-19.021826141248,2804,4,-571
-69.41731358033,-18.88707884863,2712,22,636
-68.923240174064,-20.324383303222,2696,23,-339
-76.244509739642,-9.948841771636,2839,95,-583
-70.76478650651,-14.305670899618,2674,113,1612
-78.086056072088,-10.083589064254,2894,3,-1057
-71.169028384364,-17.045532516184,2841,7,-971
-78.894539827796,-7.703053561336,2885,34,190
-67.84526183312,-22.345592692492,2637,36,-190
-69.956302750802,-15.383649240562,2720,57,1914
-68.698661353034,-17.76418474348,2695,46,1201
-76.514004324878,-10.487830942108,2752,124,179
-80.331844282388,-6.175917578332,2898,4,-1332
-70.630039213892,-16.326880288888,2675,57,1121
-75.885183625994,-10.757325527344,2726,476,1583
-77.681814194234,-10.173420592666,2804,9,524
-78.490297949942,-9.185273780134,2884,12,-1054
-70.270713100244,-15.51839653318,2710,37,758
-74.35804764299,-13.811597493352,2748,59,294
-69.147818995094,-22.121013871462,2790,4,-709
-69.372397816124,-18.123510857128,2657,43,903
-71.66310179063,-14.979407362708,2679,55,1289
-77.097909259556,-11.880219632494,2883,13,-897
-77.906393015264,-8.242042731808,2773,102,1247
-68.653745588828,-19.291320726484,2714,19,-468
-69.102903230888,-22.749834570346,2753,2,-724
-68.204587946768,-21.58202470099,2690,27,-57
-68.429166767798,-22.660003041934,2713,13,-590
-73.6843111799,-13.362439851292,2756,125,959
-69.776639693978,-16.596374874124,2681,59,532
-68.608829824622,-17.494690158244,2692,39,1201
-69.237650523506,-15.203986183738,2689,227,2119
-77.636898430028,-10.532746706314,2877,5,-429
-71.708017554836,-15.74297535421,2671,70,933
-68.06984065415,-22.300676928286,2700,34,-267
-69.462229344536,-21.626940465196,2835,0,-1047
-69.462229344536,-18.258258149746,2677,36,736
-67.980009125738,-22.25576116408,2655,44,15
-72.067343668484,-13.856513257558,2754,48,832
-69.1927347593,-18.617584263394,2693,27,131
-68.204587946768,-17.76418474348,2695,33,1234
-74.672457992432,-12.329377274554,2838,226,746
-68.114756418356,-16.596374874124,2724,109,1137
-74.313131878784,-15.428565004768,2885,8,-811
-77.816561486852,-8.10729543919,2730,121,1473
-68.159672182562,-21.80660352202,2670,27,-81
-75.975015154406,-11.071735876786,2706,286,1165
-74.088553057754,-12.868366445026,2721,159,1816
-68.788492881446,-18.707415791806,2692,20,120
-73.190237773634,-13.49718714391,2742,94,1361
-70.135965807626,-20.144720246398,2845,11,-699
-69.147818995094,-15.024323126914,2674,517,2393
-77.816561486852,-9.364936836958,2747,23,1445
-69.821555458184,-14.934491598502,2695,65,1195
-72.56141707475,-14.081092078588,2740,73,1588
-74.13346882196,-14.305670899618,2690,97,1314
-69.057987466682,-18.617584263394,2683,28,279
-71.079196855952,-14.530249720648,2706,58,1243
-76.783498910114,-11.9251353967,2890,19,-512
-74.897036813462,-14.126007842794,2728,74,962
-77.27757231638,-11.071735876786,2881,8,-486
-71.079196855952,-16.19213299627,2691,42,60
-77.816561486852,-8.421705788632,2726,99,1766
-75.660604804964,-14.126007842794,2886,4,-1065
-73.055490481016,-12.958197973438,2791,267,2489
-71.573270262218,-14.934491598502,2696,42,681
-74.043637293548,-14.62008124906,2701,85,1216
-71.573270262218,-16.551459109918,2799,13,-691
-73.145322009428,-14.170923607,2790,82,985
-69.102903230888,-19.33623649069,2712,27,373
-74.986868341874,-13.72176596494,2695,185,1112
-72.56141707475,-15.51839653318,2664,142,1598
-67.800346068914,-23.109160683994,2633,51,-237
-68.474082532004,-22.03118234305,2701,26,-382
-68.923240174064,-15.024323126914,2697,1100,3121
-69.731723929772,-20.23455177481,2807,0,-851
-74.717373756638,-14.979407362708,2853,9,-831
-76.963161966938,-10.308167885284,2659,114,2072
-71.708017554836,-16.955700987772,2861,9,-739
-78.490297949942,-9.364936836958,NA,NA,NA
-71.034281091746,-15.51839653318,2681,60,873
-72.381754017926,-13.182776794468,2720,281,3098
-72.651248603162,-13.452271379704,2764,221,2298
-72.33683825372,-15.832806882622,2854,42,-770
-72.920743188398,-13.542102908116,2700,162,3040
-76.469088560672,-12.733619152408,2889,24,-854
-75.25636292711,-11.47597775464,2828,341,1623
-74.762289520844,-12.509040331378,2750,257,1632
-72.965658952604,-14.799744305884,2656,156,2905
-74.80720528505,-14.305670899618,2764,69,750
-76.199593975436,-11.02682011258,2711,177,800
-76.37925703226,-9.634431422194,2741,640,1811
-68.878324409858,-16.686206402536,2720,106,2385
-71.21394414857,-16.955700987772,2860,5,-1080
-75.70552056917,-12.59887185979,2685,171,1362
-67.665598776296,-22.884581862964,2629,41,-442
-72.33683825372,-13.587018672322,2756,144,2526
-77.322488080586,-9.90392600743,2709,37,1257
-78.535213714148,-8.421705788632,2912,40,-264
-73.280069302046,-14.081092078588,2781,78,497
-71.66310179063,-14.036176314382,2704,62,1573
-68.96815593827,-17.943847800304,2673,39,841
-74.672457992432,-14.754828541678,2790,28,-57
-68.608829824622,-17.09044828039,2708,68,2240
-77.636898430028,-9.948841771636,2748,16,1654
-74.897036813462,-13.182776794468,2681,241,1491
-75.840267861788,-11.790388104082,2689,161,1133
-69.821555458184,-15.922638411034,2741,75,1614
-69.057987466682,-16.461627581506,2757,97,1659
-73.594479651488,-14.62008124906,2687,110,1471
-69.956302750802,-16.551459109918,2649,61,804
-68.384251003592,-18.88707884863,2699,16,-13
-76.60383585329,-10.622578234726,2691,135,967
-71.752933319042,-15.563312297386,2676,65,987
-73.23515353784,-14.215839371206,2704,119,2484
-78.355550657324,-9.095442251722,2879,16,-668
-69.327482051918,-22.794750334552,2778,1,-866
-76.334341268054,-9.724262950606,2743,574,1656
-69.282566287712,-14.979407362708,2702,237,1665
-70.674954978098,-15.563312297386,2687,45,988
-68.608829824622,-21.986266578844,2728,11,-790
-68.74357711724,-21.087951294724,2682,39,-1
-69.776639693978,-16.820953695154,2701,45,45
-69.372397816124,-19.021826141248,2719,24,515
-78.984371356208,-7.074232862452,2813,230,2135
-78.445382185736,-8.33187426022,2792,77,470
-71.483438733806,-16.147217232064,2685,55,152
-71.393607205394,-16.371796053094,2760,23,-151
-73.639395415694,-14.260755135412,2717,84,1067
-74.13346882196,-14.485333956442,2687,98,1283
-68.384251003592,-22.435424220904,2719,20,-584
-77.097909259556,-9.993757535842,2694,93,1214
-69.776639693978,-15.06923889112,2713,58,906
-69.86647122239,-21.222698587342,2797,11,-799
-77.232656552174,-9.140358015928,2720,151,2028
-78.580129478354,-9.050526487516,2884,13,-834
-75.975015154406,-12.778534916614,2813,50,473
-75.391110219728,-14.39550242803,2872,8,-897
-68.96815593827,-18.707415791806,2663,28,587
-77.322488080586,-8.78103190228,2745,145,2040
-68.114756418356,-19.11165766966,2693,12,-153
-74.852121049256,-12.194629981936,2735,356,2014
-76.244509739642,-9.993757535842,2835,87,-558
-73.369900830458,-15.608228061592,2777,27,389
-78.445382185736,-8.601368845456,2900,28,-204
-77.412319608998,-8.960694959104,2740,103,1614
-68.51899829621,-15.832806882622,2672,438,4952
-69.507145108742,-19.426068019102,2807,4,-657
-70.809702270716,-16.371796053094,2680,42,444
-69.147818995094,-16.64129063833,2711,95,1383
-78.40046642153,-8.242042731808,2795,99,778
-73.145322009428,-15.608228061592,2773,25,893
-71.88768061166,-14.575165484854,2693,57,1281
-76.648751617496,-10.397999413696,2697,150,752
-67.84526183312,-22.03118234305,2638,26,-178
-72.830911659986,-13.72176596494,2732,144,3599
-70.76478650651,-14.889575834296,2708,32,715
-76.783498910114,-9.185273780134,2768,446,1763
-68.563914060416,-19.965057189574,2700,20,-304
-69.821555458184,-20.548962124252,2785,0,-869
-68.159672182562,-18.6625000276,2688,23,496
-69.327482051918,-21.402361644166,2836,1,-841
-68.74357711724,-21.896435050432,2698,14,-703
-69.552060872948,-22.525255749316,2778,0,-861
-73.190237773634,-12.868366445026,2866,180,1242
-76.109762447024,-12.778534916614,2831,24,-5
-69.237650523506,-22.210845399874,2800,2,-721
-77.996224543676,-9.948841771636,2898,6,-576
-71.932596375866,-14.036176314382,2719,66,2169
-70.31562886445,-18.303173913952,2850,20,-545
-69.552060872948,-22.660003041934,2772,0,-840
-76.019930918612,-13.362439851292,2889,19,-713
-69.057987466682,-19.33623649069,2704,30,408
-69.1927347593,-20.369299067428,2788,8,-699
-73.01057471681,-13.227692558674,2703,308,3115
-68.29441947518,-17.584521686656,2697,34,1050
-80.107265461358,-6.265749106744,2895,8,-1296
-74.088553057754,-14.530249720648,2692,95,1267
-78.445382185736,-9.095442251722,2879,17,-999
-73.414816594664,-13.676850200734,2775,82,472
-68.563914060416,-18.6625000276,2696,19,173
-75.70552056917,-14.664997013266,2877,11,-913
-78.714876770972,-8.78103190228,2890,9,-980
-69.057987466682,-23.1540764482,2748,4,-760
-75.436025983934,-13.452271379704,2783,156,773
-71.528354498012,-14.664997013266,2696,53,728
-74.178384586166,-13.27260832288,2747,55,948
-74.313131878784,-14.350586663824,2691,97,962
-76.289425503848,-9.724262950606,2745,535,1431
-73.45973235887,-14.575165484854,2685,127,1962
-74.178384586166,-13.542102908116,2753,46,489
-79.882686640328,-6.220833342538,2888,18,-680
-72.291922489514,-15.338733476356,2685,106,1110
-77.322488080586,-9.050526487516,2745,98,1187
-72.516501310544,-16.461627581506,2856,10,-853
-74.627542228226,-13.003113737644,2714,217,1577
-75.885183625994,-11.880219632494,2679,157,1223
-68.474082532004,-22.794750334552,2721,9,-728
-69.686808165566,-16.776037930948,2696,61,656
-73.6843111799,-15.787891118416,2788,11,-644
-70.09105004342,-17.225195573008,2685,44,194
-69.686808165566,-20.818456709488,2799,1,-787
-75.885183625994,-13.587018672322,2876,10,-570
-80.4216758108,-6.265749106744,2901,7,-1323
-71.483438733806,-14.934491598502,2684,50,1389
-68.878324409858,-16.64129063833,2722,121,3202
-77.996224543676,-8.736116138074,2767,50,958
-68.249503710974,-20.548962124252,2699,14,-711
-76.289425503848,-13.317524087086,NA,NA,NA
-72.291922489514,-14.081092078588,2705,75,1937
-70.719870742304,-17.809100507686,2859,6,-756
-72.875827424192,-15.338733476356,2675,121,3036
-71.573270262218,-16.551459109918,2799,13,-691
-71.4385229696,-15.877722646828,2681,57,489
-75.346194455522,-13.587018672322,2789,132,545
-69.327482051918,-22.794750334552,2778,1,-866
-76.15467821123,-12.913282209232,2877,18,-584
-71.079196855952,-13.49718714391,2683,1578,6368
-72.830911659986,-15.563312297386,2700,84,1781
-73.145322009428,-13.092945266056,2727,297,3108
-67.710514540502,-22.660003041934,2641,39,-367
-69.282566287712,-21.671856229402,2835,3,-889
-68.698661353034,-17.449774394038,2690,44,1073
-72.067343668484,-15.608228061592,2779,55,42
-69.64189240136,-14.485333956442,2672,481,2704
-76.918246202732,-11.610725047258,2875,40,-475
-69.372397816124,-21.043035530518,2837,1,-801
-68.159672182562,-16.371796053094,2682,341,2503
-70.585123449686,-14.530249720648,2703,53,759
-70.674954978098,-14.84466007009,2709,34,882
-74.762289520844,-14.664997013266,2795,27,-143
-72.920743188398,-15.06923889112,2677,98,1675
-69.147818995094,-20.324383303222,2767,11,-524
-73.45973235887,-15.203986183738,2751,63,805
-68.29441947518,-21.402361644166,2694,27,-338
-72.426669782132,-13.856513257558,2764,85,1882
-69.462229344536,-20.818456709488,2832,1,-738
-75.03178410608,-12.419208802966,2769,184,336
-75.03178410608,-12.868366445026,2681,284,1313
-70.135965807626,-19.695562604338,2845,14,-749
-72.426669782132,-13.991260550176,2716,106,3146
-79.164034413032,-7.523390504512,2860,24,-339
-74.492794935608,-13.811597493352,2718,94,676
-76.783498910114,-11.25139893361,2814,79,867
-76.244509739642,-11.9251353967,2690,158,1400
-70.585123449686,-18.21334238554,NA,NA,NA
-68.653745588828,-19.605731075926,2698,18,-371
-69.956302750802,-15.248901947944,2715,46,1045
-74.313131878784,-15.114154655326,2810,15,-118
-70.046134279214,-20.189636010604,2825,12,-731
-69.596976637154,-19.470983783308,2823,3,-800
-78.40046642153,-8.55645308125,2885,42,152
-68.96815593827,-21.13286705893,2768,16,-457
-69.147818995094,-21.043035530518,2826,5,-749
-69.86647122239,-20.414214831634,2797,1,-771
-69.1927347593,-22.121013871462,2799,3,-753
-74.402963407196,-13.452271379704,2731,110,1088
-74.043637293548,-15.159070419532,2789,24,492
-74.492794935608,-14.215839371206,2698,117,889
-78.086056072088,-9.320021072752,2872,19,117
-79.119118648826,-7.703053561336,2887,18,-844
-68.339335239386,-22.884581862964,2764,5,-621
-77.771645722646,-9.140358015928,2787,35,454
-78.804708299384,-8.376790024426,2894,22,-818
-71.752933319042,-13.542102908116,2746,125,1340
-80.691170396036,-6.131001814126,2901,10,-1263
-70.001218515008,-22.210845399874,2813,9,-827
-75.885183625994,-11.161567405198,2694,399,1577
-74.492794935608,-12.868366445026,2757,146,828
-74.627542228226,-14.530249720648,2753,57,384
-79.164034413032,-7.029317098246,2884,171,1259
-71.842764847454,-15.473480768974,2650,105,2013
-76.244509739642,-11.9251353967,2690,158,1400
-68.114756418356,-17.674353215068,2696,38,1221
-73.774142708312,-14.799744305884,2688,124,1753
-72.830911659986,-15.114154655326,2712,99,1728
-69.462229344536,-18.482836970776,2696,26,793
-68.788492881446,-22.25576116408,2719,6,-764
-73.23515353784,-15.024323126914,2680,128,2613
-72.202090961102,-16.64129063833,2854,7,-1008
-75.70552056917,-12.329377274554,2681,176,1322
-71.348691441188,-15.653143825798,2684,54,617
-69.776639693978,-19.11165766966,2849,2,-850
-69.147818995094,-15.922638411034,2785,111,1845
-72.33683825372,-15.248901947944,2717,56,75
-70.046134279214,-22.884581862964,2799,4,-787
-69.776639693978,-16.012469939446,2731,98,2444
-69.776639693978,-18.123510857128,2739,14,73
-75.48094174814,-13.317524087086,2740,211,1113
-70.135965807626,-19.875225661162,2846,10,-626
-73.100406245222,-15.96755417524,2887,5,-1080
-68.878324409858,-17.000616751978,2707,64,1461
-77.05299349535,-10.12850482846,2733,69,648
-78.265719128912,-8.421705788632,2778,79,726
-68.384251003592,-19.515899547514,2703,14,-444
-75.570773276552,-12.104798453524,2697,155,1161
-73.369900830458,-13.317524087086,2806,128,1013
-75.436025983934,-14.485333956442,2861,6,-993
-71.079196855952,-17.045532516184,2837,6,-888
-73.324985066252,-14.530249720648,2696,96,1107
-76.783498910114,-9.320021072752,2720,384,1867
-74.043637293548,-15.159070419532,2789,24,492
-75.750436333376,-12.194629981936,2703,137,836
-78.894539827796,-7.343727447688,2771,100,973
-73.190237773634,-15.563312297386,2797,24,436
-73.639395415694,-14.664997013266,2689,111,1425
-79.703023583504,-6.894569805628,2897,9,-1198
-76.424172796466,-10.936988584168,2694,145,747
-71.752933319042,-13.227692558674,2727,356,3139
-71.393607205394,-14.664997013266,2699,52,938
-73.819058472518,-15.877722646828,2829,17,-856
-75.25636292711,-15.159070419532,2867,6,-743
-71.932596375866,-15.203986183738,2666,100,1785
-69.147818995094,-14.934491598502,2671,663,2895
-76.064846682818,-13.27260832288,2883,18,-680
-73.055490481016,-14.260755135412,2736,95,1929
-78.130971836294,-9.45476836537,2893,12,-372
-76.37925703226,-13.092945266056,2879,15,-848
-76.558920089084,-11.610725047258,2709,109,1241
-74.043637293548,-13.72176596494,2758,48,666
-69.86647122239,-16.281964524682,2685,57,665
-69.686808165566,-18.88707884863,2800,4,-481
-70.674954978098,-16.820953695154,2754,23,58
-70.98936532754,-15.248901947944,2665,90,2731
-76.469088560672,-10.847157055756,2702,124,467
-75.70552056917,-11.25139893361,2731,442,1739
-70.719870742304,-16.506543345712,2720,48,651
-71.66310179063,-14.215839371206,2725,43,622
-74.447879171402,-14.889575834296,2751,43,267
-69.731723929772,-20.863372473694,2790,2,-798
-71.4385229696,-13.811597493352,2708,131,1728
-72.11225943269,-15.832806882622,2718,57,620
-70.630039213892,-16.012469939446,2705,28,-51
-69.956302750802,-19.830309896956,2808,4,-961
-69.237650523506,-22.749834570346,2779,1,-812
-71.88768061166,-13.901429021764,2727,51,904
-69.86647122239,-14.485333956442,2673,233,2208
-69.596976637154,-15.248901947944,2729,85,2089
-68.429166767798,-19.201489198072,2712,20,-147
-73.280069302046,-13.94634478597,2717,132,2111
-75.166531398698,-12.059882689318,2737,165,824
-73.819058472518,-13.407355615498,2778,59,-146
-73.23515353784,-13.676850200734,2729,105,1729
-68.563914060416,-23.019329155582,2735,7,-688
-73.190237773634,-13.227692558674,2696,255,3313
-69.821555458184,-16.326880288888,2673,67,1295
-73.6843111799,-13.901429021764,2799,73,319
-68.29441947518,-21.13286705893,2696,22,-478
-68.51899829621,-18.43792120657,2694,28,356
-70.09105004342,-18.572668499188,2873,15,-887
-76.424172796466,-13.003113737644,2879,19,-860
-74.852121049256,-12.059882689318,2817,336,1425
-75.121615634492,-13.182776794468,2678,291,1513
-69.327482051918,-22.300676928286,2801,1,-864
-76.019930918612,-12.239545746142,2694,104,1291
-74.223300350372,-15.653143825798,2844,35,-811
-68.833408645652,-18.931994612836,2671,29,487
-69.282566287712,-22.48033998511,2788,1,-948
-73.90889000093,-13.991260550176,2769,69,360
-77.95130877947,-8.152211203396,2757,96,1109
-69.102903230888,-15.159070419532,2691,472,2232
-76.60383585329,-9.275105308546,2786,567,1987
-71.977512140072,-14.39550242803,2714,60,1762
-79.433528998268,-6.400496399362,2883,47,2111
-79.837770876122,-6.400496399362,2887,13,-694
-70.225797336038,-18.123510857128,2861,25,-789
-73.145322009428,-13.766681729146,2709,128,2605
-69.821555458184,-20.728625181076,2785,2,-879
-72.56141707475,-15.563312297386,2670,152,1500
-69.552060872948,-22.435424220904,2785,0,-871
-71.348691441188,-15.96755417524,2700,44,21
-73.90889000093,-16.012469939446,2866,31,-927
-75.975015154406,-12.553956095584,2762,59,657
-69.102903230888,-16.86586945936,2698,80,1355
-73.594479651488,-15.338733476356,2759,43,492
-76.244509739642,-13.182776794468,2876,20,-863
-77.547066901616,-11.02682011258,2870,4,-940
-75.391110219728,-12.104798453524,2699,170,1441
-69.102903230888,-17.719268979274,2687,40,944
-69.731723929772,-16.506543345712,2650,96,1806
-71.528354498012,-17.135364044596,2865,18,-724
-71.034281091746,-16.057385703652,2691,42,133
-69.86647122239,-22.390508456698,2778,1,-768
-70.135965807626,-19.78539413275,2844,13,-670
-69.41731358033,-19.740478368544,2810,4,-699
-76.82841467432,-11.206483169404,2793,71,864
-75.166531398698,-14.036176314382,2790,42,267
-73.324985066252,-15.248901947944,2821,38,-64
-75.660604804964,-13.182776794468,2787,176,179
-72.741080131574,-15.06923889112,2710,103,1514
-75.9300993902,-11.610725047258,2703,161,929
-70.001218515008,-19.33623649069,2834,6,-847
-75.750436333376,-11.25139893361,2714,426,1499
-72.381754017926,-14.170923607,2709,77,1770
-69.1927347593,-17.270111337214,2674,60,1032
-71.752933319042,-13.811597493352,2740,65,1093
-68.159672182562,-17.404858629832,2701,52,695
-77.861477251058,-9.724262950606,2855,10,624
-71.752933319042,-14.754828541678,2687,49,824
-79.388613234062,-7.523390504512,2883,15,-1135
-69.731723929772,-18.617584263394,2771,6,-189
-69.013071702476,-21.267614351548,2787,11,-622
-77.232656552174,-8.870863430692,2732,168,2109
-76.37925703226,-12.868366445026,2889,27,-855
-74.852121049256,-14.305670899618,2787,58,567
-76.019930918612,-14.215839371206,2876,4,-1043
-69.507145108742,-20.548962124252,2835,1,-823
-69.282566287712,-22.839666098758,2792,1,-807
-70.809702270716,-18.033679328716,2858,6,-635
-68.339335239386,-19.515899547514,2704,14,-463
-68.51899829621,-15.383649240562,2864,516,951
-69.776639693978,-20.054888717986,2810,0,-854
-73.6843111799,-14.126007842794,2716,95,1259
-77.95130877947,-9.185273780134,2725,31,1197
-69.731723929772,-22.076098107256,2782,2,-827
-68.608829824622,-16.820953695154,2708,71,1448
-73.100406245222,-16.371796053094,2864,26,-815
-73.414816594664,-14.575165484854,2696,114,1581
-67.935093361532,-18.6625000276,2688,26,734
-77.142825023762,-9.00561072331,2744,190,1842
-68.653745588828,-21.716771993608,2723,13,-651
-75.48094174814,-12.059882689318,2725,125,627
-73.819058472518,-13.227692558674,2820,70,33
-71.034281091746,-15.74297535421,2681,50,563
-73.369900830458,-13.991260550176,2709,155,2837
-67.441019955266,-22.92949762717,2616,27,-491
-68.159672182562,-19.201489198072,2704,10,-470
-70.405460392862,-15.563312297386,2689,52,1972
-69.686808165566,-18.797247320218,2795,5,-413
-75.750436333376,-11.386146226228,2743,266,810
-77.008077731144,-12.194629981936,NA,NA,NA
-69.776639693978,-18.88707884863,2813,3,-692
-75.03178410608,-13.676850200734,2692,184,1027
-72.606332838956,-13.362439851292,2699,285,3420
-79.658107819298,-6.849654041422,2899,10,-1128
-77.816561486852,-8.55645308125,2767,62,1116
-69.911386986596,-22.345592692492,2791,2,-730
-72.381754017926,-16.326880288888,2860,8,-879
-69.327482051918,-21.537108936784,2838,2,-872
-74.672457992432,-15.024323126914,2842,9,-755
-68.833408645652,-17.719268979274,2695,44,1006
-69.237650523506,-21.222698587342,2832,3,-763
-72.516501310544,-15.159070419532,2661,114,2005
-72.426669782132,-13.811597493352,2736,93,2107
-76.738583145908,-10.173420592666,2733,149,758
-74.268216114578,-14.979407362708,2803,38,210
-69.64189240136,-22.345592692492,2790,0,-850
-70.98936532754,-16.64129063833,2790,22,-78
-75.436025983934,-12.778534916614,2692,240,911
-68.474082532004,-15.922638411034,2687,404,4637
-71.393607205394,-13.856513257558,2690,146,2170
-74.492794935608,-14.754828541678,2738,64,628
-68.339335239386,-16.371796053094,2709,181,1927
-73.819058472518,-12.913282209232,2743,124,929
-70.450376157068,-13.811597493352,2730,710,3642
-71.258859912776,-14.170923607,2689,88,1477
-69.237650523506,-18.21334238554,2687,44,809
-76.873330438526,-10.397999413696,2669,129,1933
-75.301278691316,-13.452271379704,2714,223,1128
-75.975015154406,-14.036176314382,2872,2,-1041
-68.96815593827,-16.686206402536,2719,95,1810
-75.211447162904,-12.82345068082,2670,305,1348
-69.282566287712,-22.210845399874,2790,2,-774
-68.788492881446,-17.045532516184,2707,58,1421
-68.384251003592,-21.492193172578,2711,18,-642
-72.381754017926,-15.787891118416,2766,73,84
-70.09105004342,-21.267614351548,NA,NA,NA
-70.854618034922,-14.84466007009,2699,38,1238
-70.001218515008,-17.180279808802,2679,47,237
-68.96815593827,-23.064244919788,2751,6,-754
-67.575767247884,-22.839666098758,2599,41,-287
-75.840267861788,-11.116651640992,2695,466,1757
-77.636898430028,-8.242042731808,2742,137,1205
-80.781001924448,-6.08608604992,2897,9,-1283
-75.346194455522,-15.024323126914,2887,6,-1057
-77.412319608998,-10.757325527344,2848,5,-369
-75.076699870286,-11.655640811464,2789,378,1435
-69.911386986596,-22.615087277728,2776,2,-852
-69.1927347593,-21.492193172578,2827,3,-758
-78.84962406359,-7.343727447688,2819,115,1163
-77.05299349535,-11.655640811464,2874,23,-702
-69.821555458184,-18.617584263394,2820,5,-630
-75.70552056917,-13.003113737644,2742,205,775
-75.076699870286,-12.913282209232,2683,260,1041
-72.965658952604,-14.440418192236,2687,107,2508
-69.552060872948,-19.650646840132,2825,2,-867
-68.06984065415,-17.674353215068,2694,38,1087
-73.729226944106,-14.575165484854,2694,99,1317
-72.78599589578,-15.608228061592,2706,84,1177
-69.686808165566,-15.203986183738,2736,79,1984
-76.199593975436,-13.676850200734,2880,4,-952
-68.384251003592,-23.1540764482,2763,7,-684
-72.11225943269,-15.608228061592,2803,57,-28
-72.426669782132,-15.29381771215,2679,90,923
-69.327482051918,-21.222698587342,2832,2,-814
-69.821555458184,-14.62008124906,2668,196,2605
-76.82841467432,-10.57766247052,2694,92,1177
-75.885183625994,-12.643787623996,2751,83,1420
-72.56141707475,-15.248901947944,2663,140,2316
-72.471585546338,-14.215839371206,2679,133,3966
-68.923240174064,-17.045532516184,2691,75,2066
-71.708017554836,-14.170923607,2719,60,1296
-69.776639693978,-18.482836970776,2772,7,-145
-67.84526183312,-21.761687757814,2594,20,334
-69.596976637154,-20.9082882379,2810,0,-768
-75.975015154406,-14.170923607,2872,3,-1017
-69.282566287712,-21.80660352202,2844,2,-882
-69.731723929772,-19.965057189574,2820,0,-882
-68.833408645652,-20.369299067428,2701,22,-478
-79.52336052668,-6.849654041422,2894,25,-771
-78.041140307882,-7.972548146572,2721,126,1623
-73.055490481016,-15.428565004768,2761,49,1632
-69.686808165566,-18.617584263394,2747,7,-28
-68.878324409858,-14.709912777472,2797,1024,2584
-79.164034413032,-7.164064390864,2906,100,445
-68.96815593827,-17.404858629832,2683,63,1367
-75.121615634492,-11.835303868288,2694,350,2398
-78.535213714148,-7.613222032924,2795,69,824
-71.079196855952,-17.629437450862,2854,10,-839
-70.719870742304,-14.530249720648,2692,68,1604
-72.920743188398,-15.203986183738,2782,64,792
-68.06984065415,-21.043035530518,2677,20,-247
-68.923240174064,-19.650646840132,2681,29,306
-76.37925703226,-12.37429303876,2913,20,-590
-70.180881571832,-18.303173913952,2862,26,-747
-69.64189240136,-21.222698587342,2798,2,-807
-69.956302750802,-20.054888717986,2814,6,-766
-77.187740787968,-9.00561072331,2784,141,1505
-73.23515353784,-16.012469939446,2848,10,-936
-71.303775676982,-14.889575834296,2691,49,1335
-69.372397816124,-20.953204002106,2839,1,-694
-69.057987466682,-19.33623649069,2704,30,408
-68.788492881446,-16.506543345712,2753,89,2127
-79.119118648826,-6.894569805628,2870,213,1500
-72.606332838956,-15.338733476356,2676,124,1403
-69.507145108742,-18.033679328716,2702,43,743
-76.738583145908,-11.02682011258,2692,114,1254
-75.9300993902,-12.464124567172,2750,70,322
-69.102903230888,-20.638793652664,2800,10,-553
-78.1758876005,-8.736116138074,2824,35,615
-74.35804764299,-15.338733476356,2923,4,-1072
-69.013071702476,-16.371796053094,2775,103,2029
-68.653745588828,-19.066741905454,2698,23,142
-68.339335239386,-17.359942865626,2697,53,1301
-77.636898430028,-9.095442251722,2682,87,2808
-77.367403844792,-9.769178714812,2737,30,888
-75.211447162904,-13.137861030262,2680,318,1574
-68.878324409858,-19.156573433866,2670,32,369
-76.289425503848,-11.161567405198,2691,187,1223
-73.863974236724,-13.137861030262,2806,60,-108
-73.280069302046,-13.587018672322,2771,87,927
-72.381754017926,-15.203986183738,2705,61,301
-69.013071702476,-16.820953695154,2703,87,1694
-74.58262646402,-13.407355615498,2685,217,1963
-77.95130877947,-8.960694959104,2686,48,1376
-68.29441947518,-18.6625000276,2691,21,363
-70.585123449686,-17.09044828039,2721,31,185
-78.939455592002,-8.062379674984,2877,17,-868
-70.76478650651,-15.74297535421,2697,37,228
-74.268216114578,-14.036176314382,2715,70,760
-70.001218515008,-17.000616751978,2669,44,74
-70.046134279214,-14.575165484854,2668,118,2338
-70.046134279214,-14.215839371206,2696,444,2948
-70.001218515008,-15.877722646828,2717,60,1874
-75.211447162904,-11.655640811464,2696,416,2607
-68.833408645652,-20.638793652664,2692,26,-246
-76.693667381702,-11.70055657567,2808,53,452
-74.537710699814,-14.081092078588,2709,91,440
-69.956302750802,-14.799744305884,2687,69,1433
-70.674954978098,-14.62008124906,2694,67,2165
-69.462229344536,-19.381152254896,2789,6,-436
-69.911386986596,-21.13286705893,2804,21,-771
-75.121615634492,-13.49718714391,2689,218,1071
-68.563914060416,-22.076098107256,2717,17,-742
-68.249503710974,-19.56081531172,2703,12,-472
-77.142825023762,-11.206483169404,2852,19,-303
-68.339335239386,-16.910785223566,2700,61,1670
-68.653745588828,-15.024323126914,2813,917,2259
-79.478444762474,-6.894569805628,2893,32,-759
-77.636898430028,-8.960694959104,2686,116,3156
-75.076699870286,-13.901429021764,2737,104,724
-72.022427904278,-13.452271379704,2744,115,1824
-77.906393015264,-9.859010243224,2883,9,211
-68.249503710974,-17.674353215068,2697,33,1087
-76.064846682818,-11.9251353967,2658,176,1814
-70.046134279214,-18.348089678158,2868,23,-873
-72.11225943269,-13.766681729146,2790,50,200
-76.693667381702,-12.239545746142,2868,30,-698
-70.180881571832,-15.114154655326,2711,41,1143
-75.525857512346,-14.215839371206,2890,7,-955
-72.651248603162,-13.182776794468,2803,202,1137
-69.013071702476,-18.393005442364,2648,54,1286
-72.471585546338,-16.551459109918,2857,18,-874
-77.72672995844,-9.544599893782,2782,15,1261
-71.66310179063,-16.057385703652,2745,55,223
-68.384251003592,-18.348089678158,2702,35,912
-69.64189240136,-15.74297535421,2789,84,2139
-70.585123449686,-13.766681729146,2662,989,5057
-77.27757231638,-10.622578234726,2831,9,113
-69.282566287712,-18.393005442364,2693,37,537
-74.043637293548,-12.913282209232,2751,135,1487
-69.731723929772,-22.390508456698,2776,0,-807
-68.878324409858,-23.019329155582,2752,6,-689
-77.322488080586,-9.814094479018,2699,43,1499
-67.935093361532,-21.402361644166,2675,17,-189
-74.537710699814,-15.024323126914,2829,12,-582
-75.570773276552,-11.161567405198,2726,593,3026
-69.147818995094,-14.84466007009,2672,821,3427
-75.48094174814,-11.970051160906,2727,125,584
-68.608829824622,-19.56081531172,2697,19,-369
-68.788492881446,-17.135364044596,2701,52,1290
-68.114756418356,-18.258258149746,2709,32,824
-75.750436333376,-11.970051160906,2687,142,956
-68.788492881446,-22.121013871462,2708,9,-705
-71.169028384364,-15.96755417524,2679,50,447
-71.4385229696,-16.596374874124,2788,13,-661
-76.37925703226,-10.622578234726,2704,155,676
-68.204587946768,-20.638793652664,2698,14,-582
-72.022427904278,-14.709912777472,2688,58,1043
-75.03178410608,-12.239545746142,2742,231,1277
-73.774142708312,-14.575165484854,2694,102,1409
-71.4385229696,-16.147217232064,2705,45,-123
-74.941952577668,-12.733619152408,2700,289,1444
-75.840267861788,-12.778534916614,2808,73,929
-69.057987466682,-16.461627581506,2757,97,1659
-68.474082532004,-17.898932036098,2705,36,1530
-76.199593975436,-9.859010243224,2834,159,-369
-72.471585546338,-13.676850200734,2766,82,1037
-68.923240174064,-18.168426621334,2672,45,662
-69.731723929772,-14.799744305884,2686,126,1995
-70.585123449686,-18.168426621334,2858,7,-593
-69.911386986596,-22.92949762717,2775,0,-881
-70.899533799128,-14.799744305884,2699,40,1150
-70.225797336038,-22.48033998511,2863,17,-402
-73.594479651488,-15.787891118416,2821,10,-605
-72.067343668484,-14.485333956442,2702,55,1187
-73.100406245222,-12.868366445026,2839,191,1467
-80.242012753976,-5.996254521508,2895,5,-1201
-68.74357711724,-14.889575834296,2799,1007,2473
-70.135965807626,-20.45913059584,2840,10,-641
-80.511507339212,-6.131001814126,2904,6,-1329
-70.180881571832,-17.719268979274,2834,22,-719
-70.54020768548,-15.159070419532,2702,47,2191
-76.37925703226,-10.712409763138,2703,151,577
-70.270713100244,-15.159070419532,2715,39,1012
-75.301278691316,-12.104798453524,2756,143,1032
-72.471585546338,-13.901429021764,2777,64,1060
-69.956302750802,-20.144720246398,2814,5,-741
-75.301278691316,-13.04802950185,2686,270,968
-69.372397816124,-16.596374874124,2701,78,602
-68.29441947518,-15.698059590004,2767,600,3731
-79.433528998268,-7.074232862452,2893,37,-646
-72.067343668484,-13.27260832288,2735,176,2012
-79.658107819298,-7.20898015507,2892,9,-1167
-70.495291921274,-14.889575834296,2711,35,1013
-69.013071702476,-21.13286705893,2789,12,-610
-71.079196855952,-16.4167118173,2701,38,-138
-68.51899829621,-15.698059590004,2706,419,3371
-68.96815593827,-18.6625000276,2695,24,86
-73.190237773634,-15.922638411034,2872,5,-822
-76.648751617496,-9.45476836537,2724,428,1894
-71.169028384364,-13.49718714391,2663,1156,5397
-71.124112620158,-16.012469939446,2679,51,446
-68.96815593827,-19.156573433866,2679,31,412
-75.346194455522,-13.182776794468,2723,221,590
-69.776639693978,-17.719268979274,2659,27,493
-76.963161966938,-12.059882689318,2880,21,-823
-74.672457992432,-14.934491598502,2875,12,-653
-72.965658952604,-14.84466007009,2666,141,2428
-79.658107819298,-6.31066487095,2888,29,650
-69.372397816124,-18.752331556012,2708,24,450
-69.102903230888,-22.435424220904,2774,2,-761
-68.653745588828,-15.06923889112,2763,1064,2737
-68.608829824622,-16.776037930948,2699,89,2148
-72.741080131574,-15.51839653318,2684,120,1822
-71.21394414857,-15.29381771215,2669,101,2487
-76.648751617496,-9.589515657988,2730,323,1299
-68.29441947518,-20.324383303222,2676,20,-498
-70.225797336038,-19.021826141248,2852,12,-855
-72.920743188398,-15.787891118416,2823,19,226
-74.852121049256,-13.362439851292,2696,197,1241
-69.372397816124,-21.13286705893,2834,1,-792
-68.74357711724,-21.626940465196,2695,15,-639
-77.547066901616,-8.242042731808,2840,102,-26
-69.776639693978,-15.51839653318,2776,63,1789
-68.06984065415,-18.572668499188,2690,28,627
-72.56141707475,-16.19213299627,2864,5,-851
-68.563914060416,-19.695562604338,2685,20,-140
-74.672457992432,-14.934491598502,2875,12,-653
-70.944449563334,-15.428565004768,2672,85,2111
-69.86647122239,-21.58202470099,2802,11,-872
-69.956302750802,-18.527752734982,2843,14,-762
-73.504648123076,-15.428565004768,2749,48,752
-76.873330438526,-9.769178714812,2716,181,1226
-73.190237773634,-16.147217232064,2869,19,-983
-70.854618034922,-16.281964524682,2686,45,528
-76.60383585329,-9.634431422194,2711,376,1600
-69.462229344536,-22.615087277728,2776,0,-830
-69.686808165566,-22.794750334552,2768,0,-810
-76.424172796466,-12.778534916614,2876,26,-787
-74.672457992432,-13.856513257558,2689,119,998
-69.41731358033,-23.019329155582,2806,0,-859
-71.618186026424,-14.215839371206,2706,57,1380
-71.66310179063,-15.877722646828,2692,63,718
-68.474082532004,-18.617584263394,2693,21,342
-71.169028384364,-16.686206402536,2802,12,-643
-75.346194455522,-12.194629981936,2715,153,845
-68.29441947518,-15.608228061592,2839,554,2536
-75.615689040758,-14.126007842794,2890,5,-999
-71.124112620158,-15.159070419532,2684,54,1115
-71.708017554836,-16.057385703652,2745,58,213
-75.570773276552,-11.431061990434,2734,334,1651
-70.585123449686,-16.461627581506,2675,55,1035
-69.237650523506,-22.525255749316,2787,1,-987
-69.956302750802,-22.03118234305,2789,16,-812
-76.693667381702,-11.880219632494,2861,34,5
-76.60383585329,-11.431061990434,2780,108,562
-69.237650523506,-21.177782823136,2833,3,-764
-73.01057471681,-15.832806882622,2860,9,-249
-70.135965807626,-18.752331556012,2857,8,-836
-74.80720528505,-14.440418192236,2783,45,283
-67.84526183312,-22.390508456698,2627,44,-30
-71.124112620158,-13.631934436528,2675,834,3845
-69.552060872948,-22.525255749316,2778,0,-861
-79.253865941444,-6.849654041422,2900,128,737
-72.741080131574,-13.766681729146,2721,131,3274
-79.703023583504,-6.445412163568,2884,19,-144
-71.124112620158,-17.629437450862,2857,13,-822
-68.29441947518,-18.123510857128,2691,45,2497
-73.45973235887,-14.215839371206,2725,95,1171
-69.552060872948,-17.584521686656,2687,35,248
-68.114756418356,-19.381152254896,2705,12,-303
-73.639395415694,-13.362439851292,2742,134,1003
-72.920743188398,-14.799744305884,2661,159,3013
-79.568276290886,-6.580159456186,2890,22,-122
-67.935093361532,-17.898932036098,2697,41,1501
-69.956302750802,-17.854016271892,2813,17,-371
-71.303775676982,-17.09044828039,2853,10,-770
-70.809702270716,-15.96755417524,2673,52,1117
-78.041140307882,-8.242042731808,2820,71,435
-70.001218515008,-21.80660352202,2809,39,-719
-75.795352097582,-12.643787623996,2702,116,1395
-77.95130877947,-9.90392600743,2886,8,-141
-69.102903230888,-21.716771993608,2781,8,-744
-70.001218515008,-18.797247320218,2844,5,-787
-68.29441947518,-23.019329155582,2766,5,-749
-71.258859912776,-17.359942865626,2847,15,-880
-70.360544628656,-15.024323126914,2717,32,910
-71.034281091746,-13.72176596494,2647,906,4540
-72.56141707475,-15.51839653318,2664,142,1598
-69.596976637154,-22.974413391376,2778,0,-844
-77.50215113741,-9.544599893782,2753,24,534
-71.932596375866,-16.102301467858,2800,28,-219
-71.573270262218,-13.72176596494,2740,86,499
-72.651248603162,-15.114154655326,2659,132,2487
-68.06984065415,-21.537108936784,2682,28,185
-70.270713100244,-15.922638411034,2699,44,1240
-72.247006725308,-16.596374874124,2852,8,-886
-68.608829824622,-18.752331556012,2699,18,161
-77.636898430028,-10.532746706314,2877,5,-429
-68.384251003592,-17.000616751978,2704,66,2008
-68.114756418356,-17.045532516184,2704,51,473
-75.660604804964,-11.116651640992,2702,639,2719
-73.998721529342,-15.877722646828,2868,35,-805
-74.986868341874,-13.27260832288,2695,197,929
-76.469088560672,-11.161567405198,2685,200,1640
-68.788492881446,-18.617584263394,2693,23,58
-72.067343668484,-16.147217232064,2832,14,-569
-78.265719128912,-8.78103190228,2849,24,206
-70.405460392862,-15.832806882622,2690,45,1317
-77.008077731144,-10.532746706314,2701,62,1381
-68.384251003592,-20.054888717986,2684,19,-472
-79.29878170565,-7.4335589761,2884,20,-666
-73.6843111799,-16.147217232064,2859,21,-806
-76.873330438526,-12.419208802966,NA,NA,NA
-72.875827424192,-15.698059590004,2756,43,920
-77.591982665822,-8.736116138074,2734,108,1869
-73.23515353784,-15.248901947944,2761,65,1287
-70.630039213892,-13.766681729146,2676,962,4630
-76.514004324878,-11.70055657567,2723,106,1289
-73.369900830458,-15.74297535421,2839,9,-547
-69.821555458184,-17.674353215068,2697,24,348
-71.348691441188,-14.530249720648,2713,49,677
-76.334341268054,-12.913282209232,2892,29,-907
-75.03178410608,-14.754828541678,2870,8,-874
-75.121615634492,-14.350586663824,2874,14,-434
-74.13346882196,-15.832806882622,2870,45,-874
-72.741080131574,-14.081092078588,2721,88,1808
-69.372397816124,-14.350586663824,2720,1096,3848
-69.102903230888,-17.404858629832,2669,71,1778
-69.821555458184,-18.931994612836,2860,2,-627
-69.911386986596,-16.237048760476,2689,56,924
-69.327482051918,-14.754828541678,2697,388,2182
-78.804708299384,-8.062379674984,2894,24,-485
-68.878324409858,-14.62008124906,2830,907,2313
-68.563914060416,-20.369299067428,2701,21,-589
-69.686808165566,-18.303173913952,2758,13,278
-76.558920089084,-11.206483169404,2703,142,988
-68.833408645652,-23.064244919788,2732,8,-744
-71.258859912776,-14.709912777472,2702,64,1437
-69.64189240136,-18.617584263394,2739,10,138
-67.575767247884,-22.974413391376,2577,44,-267
-70.495291921274,-15.383649240562,2709,45,1385
-71.169028384364,-17.719268979274,2864,12,-687
-76.244509739642,-10.35308364949,2714,142,1117
-75.346194455522,-14.709912777472,2857,4,-925
-71.708017554836,-13.766681729146,2703,97,2122
-70.809702270716,-17.584521686656,2872,6,-919
-69.64189240136,-18.482836970776,2753,12,330
-75.9300993902,-12.239545746142,2683,127,1373
-68.114756418356,-18.752331556012,2686,18,270
-77.27757231638,-10.308167885284,2702,32,1686
-76.918246202732,-9.948841771636,2704,153,1088
-72.56141707475,-14.036176314382,2766,59,712
-73.414816594664,-13.766681729146,2751,111,1304
-72.696164367368,-16.102301467858,2858,5,-989
-68.74357711724,-14.754828541678,2852,802,1462
-67.84526183312,-22.839666098758,2617,65,-56
-69.956302750802,-14.575165484854,2667,150,2441
-72.516501310544,-16.506543345712,2855,13,-896
-77.547066901616,-10.981904348374,2872,4,-1014
-67.800346068914,-22.210845399874,2669,23,-489
-70.001218515008,-17.53960592245,2774,17,-191
-81.140328038096,-6.041170285714,2900,8,-1364
-79.253865941444,-7.568306268718,2881,18,-1012
-69.147818995094,-15.428565004768,2703,238,1371
-69.776639693978,-20.189636010604,2806,0,-867
-73.819058472518,-12.778534916614,2791,125,972
-70.76478650651,-16.371796053094,2713,44,405
-70.180881571832,-13.991260550176,2679,681,3787
-68.563914060416,-16.237048760476,2744,112,2298
-78.894539827796,-7.343727447688,2771,100,973
-70.270713100244,-15.159070419532,2715,39,1012
-69.327482051918,-14.709912777472,2687,450,2588
-74.80720528505,-13.542102908116,2738,112,143
-71.483438733806,-15.698059590004,2658,85,1652
-69.462229344536,-15.29381771215,2726,75,1189
-68.339335239386,-18.303173913952,2705,37,1059
-69.462229344536,-14.575165484854,2678,502,2884
-69.552060872948,-18.572668499188,2744,16,175
-75.885183625994,-13.94634478597,2878,1,-1117
-69.102903230888,-14.979407362708,2655,765,3142
-75.346194455522,-15.06923889112,2888,6,-1051
-69.327482051918,-15.51839653318,2746,87,1187
-71.348691441188,-14.62008124906,2702,62,1409
-73.819058472518,-13.811597493352,2791,56,79
-73.729226944106,-15.473480768974,2772,24,303
-67.890177597326,-22.03118234305,2654,26,-223
-76.648751617496,-10.667493998932,2688,121,1089
-70.09105004342,-22.749834570346,2802,9,-678
-70.450376157068,-16.506543345712,2679,47,610
-75.9300993902,-13.991260550176,2873,2,-1094
-69.1927347593,-20.324383303222,2785,8,-670
-68.833408645652,-23.109160683994,2741,8,-662
-71.258859912776,-15.024323126914,2683,49,1338
-76.738583145908,-11.745472339876,2808,43,204
-71.573270262218,-14.350586663824,2703,51,1070
-68.96815593827,-19.381152254896,2684,29,278
-69.013071702476,-16.86586945936,2702,82,1575
-77.232656552174,-11.386146226228,2874,19,-875
-68.51899829621,-17.943847800304,2700,46,1844
-68.474082532004,-17.53960592245,2694,33,936
-71.034281091746,-17.584521686656,2850,7,-827
-71.21394414857,-16.371796053094,2700,44,21
-69.237650523506,-22.525255749316,2787,1,-987
-70.001218515008,-18.303173913952,2866,18,-816
-76.424172796466,-13.092945266056,2879,10,-836
-69.64189240136,-17.09044828039,2668,58,830
-71.932596375866,-16.86586945936,2855,8,-849
-68.51899829621,-21.35744587996,2674,36,-211
-71.124112620158,-14.530249720648,2708,55,967
-69.1927347593,-18.21334238554,2681,46,799
-68.923240174064,-18.348089678158,2680,37,332
-70.09105004342,-19.066741905454,2841,9,-827
-72.830911659986,-13.94634478597,2706,110,3156
-71.842764847454,-16.461627581506,2862,4,-829
-77.72672995844,-8.55645308125,2732,84,1631
-69.552060872948,-19.695562604338,2825,2,-804
-73.953805765136,-15.653143825798,2814,16,-357
-76.469088560672,-10.442915177902,2749,132,138
-70.270713100244,-19.11165766966,2857,18,-521
-71.797849083248,-16.326880288888,2828,12,-601
-73.414816594664,-15.74297535421,2826,11,-542
-68.74357711724,-18.168426621334,2694,36,367
-71.708017554836,-14.081092078588,2756,43,414
-72.965658952604,-13.49718714391,2730,164,2856
-70.630039213892,-15.563312297386,2679,57,1775
-69.057987466682,-17.09044828039,2694,62,873
-74.402963407196,-14.709912777472,2713,76,739
-72.875827424192,-16.461627581506,2859,15,-772
-69.911386986596,-19.650646840132,2824,1,-912
-80.017433932946,-6.53524369198,2896,7,-1267
-74.492794935608,-15.428565004768,2848,29,-814
-73.729226944106,-15.203986183738,2750,58,1237
-73.90889000093,-12.958197973438,2741,104,711
-67.351188426854,-22.92949762717,2624,22,-494
-73.863974236724,-15.06923889112,2761,58,1093
-72.516501310544,-13.856513257558,2729,76,1535
-71.708017554836,-16.012469939446,2738,58,253
-70.225797336038,-14.036176314382,2676,579,3542
-74.223300350372,-15.114154655326,2798,21,243
-72.741080131574,-16.147217232064,2848,4,-951
-68.788492881446,-22.390508456698,2728,4,-830
-76.738583145908,-12.104798453524,2877,26,-676
-70.180881571832,-14.440418192236,2683,128,2229
-78.130971836294,-8.421705788632,2874,53,-94
-70.54020768548,-16.237048760476,2672,56,1411
-73.594479651488,-13.49718714391,2726,152,1588
-78.041140307882,-8.421705788632,2820,66,971
-70.225797336038,-22.70491880614,2855,21,-659
-72.741080131574,-13.27260832288,2706,348,3223
-77.457235373204,-9.859010243224,2729,35,1913
-73.953805765136,-15.832806882622,2847,26,-882
-76.873330438526,-9.499684129576,2740,220,1074
-70.719870742304,-16.955700987772,2727,25,467
-70.585123449686,-16.731122166742,2661,41,1107
-72.741080131574,-15.428565004768,2695,111,1592
-67.890177597326,-18.527752734982,2693,30,812
-77.412319608998,-11.071735876786,2877,6,-900
-70.405460392862,-16.012469939446,2675,54,1711
-72.78599589578,-15.787891118416,2762,42,43
-68.608829824622,-17.674353215068,2690,44,1564
-73.594479651488,-13.407355615498,2758,122,943
-75.211447162904,-12.82345068082,2670,305,1348
-74.313131878784,-15.832806882622,2863,34,-749
-71.618186026424,-14.709912777472,2695,50,790
-68.429166767798,-20.189636010604,2695,19,-589
-70.046134279214,-22.390508456698,2811,7,-709
-71.708017554836,-16.64129063833,2838,5,-855
-74.852121049256,-15.203986183738,2865,12,-962
-69.462229344536,-19.965057189574,2810,3,-740
-71.618186026424,-14.934491598502,2689,48,1128
-69.013071702476,-14.979407362708,2681,903,3017
-73.6843111799,-15.922638411034,2830,9,-906
-80.19709698977,-6.041170285714,2895,8,-1198
-71.348691441188,-13.811597493352,2675,223,2789
-71.21394414857,-14.081092078588,2669,130,2074
-72.067343668484,-16.506543345712,2861,2,-825
-69.686808165566,-17.53960592245,2669,36,363
-68.474082532004,-18.21334238554,2685,48,2133
-70.046134279214,-15.698059590004,2720,48,1376
-69.86647122239,-22.884581862964,2778,0,-803
-78.669961006766,-8.197126967602,2853,45,-2
-71.752933319042,-15.024323126914,2680,64,1599
-73.819058472518,-15.203986183738,2771,39,463
-74.35804764299,-13.901429021764,2731,65,547
-77.95130877947,-8.601368845456,2777,57,1355
-79.388613234062,-6.490327927774,2884,54,1932
-68.788492881446,-20.998119766312,2688,38,21
-75.301278691316,-14.305670899618,2851,13,-518
-70.854618034922,-17.98876356451,2873,7,-737
-80.691170396036,-6.220833342538,2901,11,-1212
-70.98936532754,-16.461627581506,2677,49,403
-68.474082532004,-15.338733476356,2850,620,1465
-75.166531398698,-12.553956095584,2719,234,682
-75.03178410608,-15.29381771215,2872,13,-972
-73.819058472518,-13.407355615498,2778,59,-146
-70.270713100244,-17.494690158244,2842,17,-908
-69.372397816124,-15.114154655326,2698,119,1706
-79.119118648826,-6.804738277216,2850,233,1869
-72.022427904278,-14.709912777472,2688,58,1043
-70.180881571832,-22.794750334552,2842,15,-643
-69.282566287712,-18.6625000276,2665,29,538
-71.752933319042,-13.676850200734,2725,104,1806
-73.23515353784,-14.081092078588,2762,82,906
-69.1927347593,-14.575165484854,2701,734,3240
-74.313131878784,-14.170923607,2698,92,1078
-70.405460392862,-17.180279808802,2714,38,-75
-81.09541227389,-5.951338757302,2905,9,-1204
-71.124112620158,-15.608228061592,2686,48,412
-68.878324409858,-22.525255749316,2745,2,-890
-76.558920089084,-9.948841771636,2719,239,1202
-70.225797336038,-13.991260550176,2686,615,3579
-70.450376157068,-18.033679328716,2851,13,-644
-75.70552056917,-11.431061990434,2745,234,653
-68.29441947518,-21.312530115754,2705,21,-650
-69.147818995094,-19.830309896956,2741,15,9
-68.923240174064,-20.953204002106,2723,24,-183
-75.25636292711,-13.362439851292,2706,227,1056
-73.055490481016,-15.338733476356,2805,47,768
-70.98936532754,-17.494690158244,2855,7,-835
-74.35804764299,-13.182776794468,2723,87,700
-69.102903230888,-18.123510857128,2639,60,1623
-71.303775676982,-16.910785223566,2841,6,-875
-74.762289520844,-14.889575834296,2855,14,-667
-70.899533799128,-15.74297535421,2680,52,952
-71.528354498012,-17.09044828039,2866,16,-763
-70.360544628656,-15.563312297386,2711,39,1089
-72.426669782132,-13.542102908116,2749,148,2252
-73.055490481016,-14.62008124906,2670,148,3071
-75.121615634492,-11.565809283052,2774,530,2603
-75.70552056917,-12.059882689318,2689,158,1178
-74.223300350372,-12.868366445026,2739,119,1072
-71.079196855952,-14.754828541678,2682,75,2332
-70.630039213892,-18.033679328716,2847,6,-711
-74.268216114578,-13.991260550176,2717,67,761
-75.166531398698,-15.114154655326,2872,6,-838
-73.863974236724,-13.407355615498,2806,62,169
-79.343697469856,-7.747969325542,2888,13,-1096
-69.776639693978,-16.506543345712,2665,73,1127
-70.54020768548,-15.877722646828,2694,38,735
-72.471585546338,-14.754828541678,2669,137,3025
-68.339335239386,-22.570171513522,2697,20,-568
-69.462229344536,-18.258258149746,2677,36,736
-70.225797336038,-15.248901947944,2715,40,951
-68.608829824622,-20.773540945282,2693,27,-383
-72.157175196896,-14.350586663824,2721,54,1056
-69.1927347593,-23.019329155582,2794,1,-841
-76.109762447024,-12.419208802966,2749,59,977
-69.372397816124,-21.671856229402,2840,1,-1037
-69.686808165566,-20.998119766312,2796,2,-750
-73.01057471681,-13.49718714391,2752,128,2041
-69.86647122239,-20.638793652664,2794,1,-735
-69.327482051918,-18.393005442364,2694,34,493
-68.698661353034,-23.198992212406,2753,9,-628
-68.429166767798,-19.156573433866,2667,28,718
-79.253865941444,-7.253895919276,2897,39,-308
-70.001218515008,-20.9082882379,2815,21,-719
-70.09105004342,-16.147217232064,2688,52,1135
-73.998721529342,-15.922638411034,2878,34,-839
-78.580129478354,-8.511537317044,2899,25,-554
-69.64189240136,-18.931994612836,2820,5,-504
-70.674954978098,-17.76418474348,2863,6,-791
-69.731723929772,-18.6625000276,2785,5,-280
-70.046134279214,-16.012469939446,2703,53,1275
-71.842764847454,-16.820953695154,2860,7,-876
-72.067343668484,-16.64129063833,2860,3,-853
-79.613192055092,-7.119148626658,2894,10,-1163
-80.286928518182,-6.220833342538,2897,5,-1333
-69.596976637154,-14.575165484854,2689,324,2090
-68.96815593827,-21.447277408372,2737,14,-617
-69.507145108742,-17.674353215068,2678,31,253
-68.698661353034,-19.33623649069,2711,20,-350
-69.41731358033,-20.68370941687,2839,1,-794
-79.164034413032,-7.074232862452,2888,149,1089
-73.100406245222,-13.003113737644,2745,255,2377
-69.956302750802,-16.012469939446,2711,61,1057
-70.046134279214,-23.019329155582,2804,1,-774
-77.457235373204,-9.00561072331,2771,77,747
-69.731723929772,-14.889575834296,2705,78,930
-78.086056072088,-8.197126967602,2764,93,806
-76.693667381702,-10.35308364949,2707,145,728
-79.343697469856,-6.894569805628,2898,69,-376
-69.1927347593,-16.281964524682,2767,122,2430
-77.27757231638,-10.80224129155,2831,6,-115
-68.474082532004,-16.4167118173,2725,78,1331
-75.795352097582,-13.94634478597,2889,2,-1127
-76.244509739642,-12.82345068082,2862,18,-538
-68.698661353034,-22.794750334552,2745,6,-665
-75.660604804964,-11.116651640992,2702,639,2719
-68.74357711724,-23.1540764482,2747,8,-567
-70.719870742304,-17.045532516184,2751,23,201
-72.965658952604,-13.092945266056,2739,267,2207
-76.648751617496,-9.409852601164,2716,469,2033
-74.58262646402,-14.350586663824,2710,91,719
-74.627542228226,-13.991260550176,2702,90,460
-72.56141707475,-14.709912777472,2674,123,2733
-72.291922489514,-15.06923889112,2686,90,1188
-69.821555458184,-14.39550242803,2684,344,1711
-69.596976637154,-16.057385703652,2749,115,2326
-78.220803364706,-8.152211203396,2749,168,1374
-70.854618034922,-14.575165484854,2701,55,1041
-70.450376157068,-17.09044828039,2667,44,242
-68.74357711724,-14.84466007009,2811,955,2199
-78.041140307882,-7.88271661816,2724,105,1352
-70.76478650651,-15.06923889112,2672,51,2307
-76.648751617496,-10.038673300048,2740,139,206
-77.547066901616,-10.936988584168,2874,5,-966
-69.86647122239,-18.752331556012,2834,4,-815
-71.21394414857,-13.49718714391,2664,1028,5331
-70.046134279214,-18.348089678158,2868,23,-873
-75.840267861788,-11.610725047258,2729,138,189
-68.29441947518,-16.776037930948,2707,49,917
-69.507145108742,-16.326880288888,2704,110,1795
-70.135965807626,-22.48033998511,2830,14,-763
-75.750436333376,-12.509040331378,2702,145,1105
-76.783498910114,-11.206483169404,2806,78,691
-77.816561486852,-8.960694959104,2790,48,710
-73.504648123076,-13.452271379704,2759,127,1139
-73.45973235887,-14.84466007009,2722,77,407
-69.1927347593,-22.525255749316,2786,1,-1015
-70.09105004342,-14.305670899618,2705,203,1267
-69.41731358033,-17.98876356451,2702,35,354
-70.046134279214,-17.76418474348,2841,17,-671
-73.01057471681,-13.901429021764,2761,77,1140
-69.147818995094,-17.000616751978,2696,68,963
-71.034281091746,-16.237048760476,2696,37,-162
-74.178384586166,-13.631934436528,2781,36,-104
-72.696164367368,-13.72176596494,2710,147,3513
-71.528354498012,-14.081092078588,2705,65,1315
-69.776639693978,-18.572668499188,2836,5,-516
-71.528354498012,-15.248901947944,2674,69,1317
-69.731723929772,-18.21334238554,2750,14,153
-79.613192055092,-6.265749106744,2893,33,1110
-76.60383585329,-9.589515657988,2726,383,1556
-68.788492881446,-16.955700987772,2711,64,1431
-73.639395415694,-13.631934436528,2727,120,1492
-71.034281091746,-13.901429021764,2655,325,2261
-69.731723929772,-19.695562604338,2828,1,-894
-76.783498910114,-12.059882689318,2895,24,-678
-69.686808165566,-16.147217232064,2719,92,1608
-69.372397816124,-18.931994612836,2717,24,605
-69.372397816124,-15.563312297386,2765,71,983
-71.932596375866,-16.371796053094,2862,6,-818
-68.608829824622,-20.45913059584,2698,18,-660
-73.23515353784,-15.428565004768,2816,23,-22
-69.507145108742,-21.087951294724,2817,1,-786
-69.1927347593,-22.076098107256,2800,3,-667
-69.64189240136,-22.03118234305,2820,1,-836
-71.258859912776,-17.449774394038,2851,15,-873
-71.573270262218,-15.74297535421,2664,81,1531
-73.953805765136,-12.778534916614,2735,174,1454
-69.462229344536,-23.243907976612,2787,0,-800
-74.35804764299,-14.62008124906,2693,89,742
-77.547066901616,-10.847157055756,2876,5,-812
-73.90889000093,-16.057385703652,2873,28,-786
-70.31562886445,-14.39550242803,2682,132,2349
-69.327482051918,-14.39550242803,2767,869,3121
-75.211447162904,-11.9251353967,2723,192,1081
-68.204587946768,-15.922638411034,2734,709,4436
-69.64189240136,-14.530249720648,2690,342,2027
-72.965658952604,-14.530249720648,2672,122,2828
-73.100406245222,-13.631934436528,2766,75,877
-79.029287120414,-7.523390504512,2868,24,-370
-73.549563887282,-14.799744305884,2721,87,459
-73.863974236724,-13.317524087086,2747,87,920
-72.78599589578,-16.461627581506,2857,14,-790
-68.384251003592,-21.941350814638,2687,30,-104
-68.51899829621,-20.414214831634,2697,18,-699
-76.424172796466,-11.02682011258,2684,158,1032
-73.055490481016,-15.608228061592,2827,20,347
-72.11225943269,-14.126007842794,2712,69,2104
-76.514004324878,-10.35308364949,2704,185,948
-72.426669782132,-14.934491598502,2672,117,2019
-69.596976637154,-21.761687757814,2825,0,-959
-68.563914060416,-17.98876356451,2709,40,1101
-75.70552056917,-13.227692558674,2739,156,346
-76.334341268054,-10.757325527344,2705,158,627
-73.90889000093,-15.024323126914,2719,61,1206
-69.102903230888,-18.348089678158,2659,56,1260
-68.51899829621,-15.159070419532,2868,729,1555
-72.11225943269,-13.317524087086,2788,104,726
-70.405460392862,-17.854016271892,2861,20,-780
-76.82841467432,-11.520893518846,2837,78,317
-68.339335239386,-19.156573433866,2709,18,48
-75.70552056917,-13.182776794468,2745,172,392
-69.41731358033,-15.698059590004,2789,81,1608
-69.237650523506,-21.626940465196,2835,3,-795
-69.507145108742,-21.492193172578,2822,0,-945
-68.339335239386,-19.740478368544,2698,14,-416
-71.393607205394,-15.473480768974,2686,65,909
-74.80720528505,-13.227692558674,2686,212,1423
-67.351188426854,-22.794750334552,2626,22,-519
-73.369900830458,-14.215839371206,2724,118,1980
-76.82841467432,-12.419208802966,NA,NA,NA
-68.474082532004,-19.11165766966,2684,24,441
-71.932596375866,-16.281964524682,2846,11,-658
-69.731723929772,-16.057385703652,2729,99,2258
-74.223300350372,-14.62008124906,2724,61,81
-75.03178410608,-14.754828541678,2870,8,-874
-71.034281091746,-14.84466007009,2679,62,2140
-71.618186026424,-13.542102908116,2725,214,2652
-75.121615634492,-13.94634478597,2744,93,742
-76.109762447024,-10.487830942108,2714,189,574
-76.82841467432,-10.487830942108,2673,120,1657
-69.1927347593,-19.066741905454,2710,29,501
-79.74793934771,-6.490327927774,2884,14,-629
-70.046134279214,-22.48033998511,2805,8,-679
-71.618186026424,-13.542102908116,2725,214,2652
-78.580129478354,-8.915779194898,2883,13,-921
-67.84526183312,-21.492193172578,2662,17,10
-69.147818995094,-21.312530115754,2823,4,-734
-68.474082532004,-18.527752734982,2691,25,432
-68.833408645652,-20.548962124252,2689,26,-297
-73.90889000093,-13.317524087086,2726,80,1127
-72.33683825372,-13.991260550176,2695,100,2858
-73.998721529342,-15.563312297386,2818,15,-169
-73.774142708312,-13.991260550176,2713,110,1962
-75.436025983934,-12.239545746142,2717,166,1002
-69.237650523506,-18.6625000276,2686,29,368
-76.019930918612,-13.227692558674,2863,28,-492
-77.681814194234,-10.083589064254,2833,13,864
-69.821555458184,-18.258258149746,2775,8,-257
-79.119118648826,-7.792885089748,2885,18,-1087
-73.863974236724,-15.922638411034,2846,24,-886
-68.474082532004,-17.719268979274,2701,32,1013
-68.51899829621,-17.000616751978,2708,73,2279
-69.956302750802,-22.076098107256,2791,14,-790
-71.303775676982,-16.86586945936,2828,6,-878
-76.199593975436,-14.036176314382,2880,2,-1092
-69.462229344536,-22.390508456698,2789,0,-861
-79.29878170565,-7.568306268718,2883,19,-1100
-68.563914060416,-20.504046360046,2696,19,-675
-69.102903230888,-17.943847800304,2680,42,1073
-76.60383585329,-9.275105308546,2786,567,1987
-74.35804764299,-12.553956095584,2761,267,1126
-69.102903230888,-16.955700987772,2698,71,1119
-77.771645722646,-9.364936836958,2714,26,1516
-71.797849083248,-15.563312297386,2681,59,725
-75.615689040758,-11.47597775464,2715,273,1192
-69.327482051918,-18.393005442364,2694,34,493
-68.429166767798,-17.719268979274,2703,29,679
-76.738583145908,-11.386146226228,2763,108,1125
-69.956302750802,-16.057385703652,2707,59,1059
-72.875827424192,-15.787891118416,2808,25,165
-69.552060872948,-21.043035530518,2807,0,-792
-73.863974236724,-13.407355615498,2806,62,169
-73.6843111799,-13.362439851292,2756,125,959
-71.124112620158,-13.72176596494,2636,781,4771
-71.483438733806,-14.081092078588,2720,55,563
-76.918246202732,-11.520893518846,2871,53,-286
-71.4385229696,-14.485333956442,2713,44,250
-68.339335239386,-15.608228061592,2789,573,3040
-68.159672182562,-17.045532516184,2705,50,689
-78.355550657324,-8.55645308125,2851,51,406
-69.327482051918,-14.84466007009,2701,277,1749
-73.998721529342,-14.709912777472,2706,99,1464
-69.821555458184,-21.492193172578,2802,9,-904
-77.861477251058,-8.10729543919,2716,120,1585
-67.890177597326,-21.447277408372,2671,18,-49
-74.852121049256,-15.51839653318,2860,32,-683
-69.147818995094,-18.348089678158,2667,53,1075
-70.450376157068,-14.889575834296,2708,36,1118
-75.750436333376,-14.305670899618,2872,4,-1047
-74.447879171402,-14.709912777472,2725,73,733
-71.483438733806,-16.955700987772,2877,8,-902
-75.9300993902,-10.667493998932,2707,442,1545
-75.660604804964,-14.530249720648,2856,7,-1000
-68.51899829621,-16.4167118173,2729,70,1406
-80.825917688654,-6.131001814126,2899,11,-1243
-75.25636292711,-12.688703388202,2707,250,873
-70.674954978098,-15.338733476356,2673,77,2864
-72.022427904278,-14.126007842794,2719,64,1921
-79.703023583504,-6.939485569834,2896,9,-1188
-76.648751617496,-12.14971421773,2859,32,-492
-78.130971836294,-10.12850482846,2888,2,-1148
-70.899533799128,-15.74297535421,2680,52,952
-74.35804764299,-12.59887185979,2833,197,510
-69.41731358033,-14.889575834296,2702,151,1411
-70.585123449686,-13.811597493352,2672,934,4736
-76.738583145908,-10.218336356872,2709,159,954
-67.935093361532,-18.6625000276,2688,26,734
-70.31562886445,-15.51839653318,2712,34,678
-71.977512140072,-15.203986183738,2670,96,1609
-75.166531398698,-12.553956095584,2719,234,682
-68.384251003592,-21.537108936784,2709,20,-569
-68.429166767798,-23.019329155582,2773,5,-627
-72.830911659986,-13.137861030262,2725,339,2719
-69.462229344536,-20.953204002106,2828,1,-784
-69.013071702476,-22.076098107256,2762,9,-742
-71.932596375866,-15.203986183738,2666,100,1785
-77.996224543676,-8.55645308125,2740,61,1561
-68.339335239386,-20.9082882379,2694,21,-432
-70.001218515008,-22.121013871462,2804,17,-763
-74.627542228226,-13.182776794468,2698,191,1192
-75.750436333376,-12.868366445026,2729,159,1319
-74.492794935608,-14.979407362708,2801,19,-265
-71.258859912776,-15.96755417524,2687,48,263
-74.223300350372,-14.440418192236,2690,77,779
-71.842764847454,-16.910785223566,2857,8,-861
-76.15467821123,-11.9251353967,2679,155,1394
-79.568276290886,-7.4335589761,2888,9,-1063
-71.932596375866,-14.485333956442,2709,48,1183
-78.580129478354,-8.017463910778,2777,100,341
-69.462229344536,-15.383649240562,2738,81,1690
-71.66310179063,-14.170923607,2724,43,556
-75.211447162904,-14.575165484854,2874,7,-914
-74.35804764299,-13.811597493352,2748,59,294
-73.863974236724,-15.608228061592,2785,14,-81
-76.873330438526,-9.45476836537,2718,257,1479
-69.372397816124,-17.629437450862,2691,29,54
-70.046134279214,-14.799744305884,2693,59,1208
-68.563914060416,-15.698059590004,2697,439,3692
-70.135965807626,-22.839666098758,2828,11,-651
-69.147818995094,-22.749834570346,2761,1,-740
-70.899533799128,-13.94634478597,2660,368,2446
-69.911386986596,-18.303173913952,2835,14,-651
-70.450376157068,-15.608228061592,2679,56,2094
-74.80720528505,-12.778534916614,2716,216,995
-69.282566287712,-15.832806882622,2786,100,1869
-73.998721529342,-15.74297535421,2848,24,-645
-76.334341268054,-10.083589064254,2751,131,706
-74.043637293548,-15.428565004768,2789,12,59
-70.76478650651,-16.86586945936,2725,25,589
-70.31562886445,-18.482836970776,2855,15,-652
-68.653745588828,-18.078595092922,2701,37,499
-75.795352097582,-12.104798453524,2685,127,658
-74.313131878784,-13.003113737644,2803,63,92
-68.51899829621,-15.787891118416,2691,411,4282
-68.204587946768,-22.345592692492,2711,29,-389
-74.672457992432,-12.778534916614,2746,195,1042
-80.781001924448,-5.86150722889,2902,5,-1392
-69.731723929772,-15.698059590004,2782,76,2168
-76.693667381702,-10.892072819962,2719,77,501
-68.833408645652,-15.29381771215,2722,879,2679
-68.114756418356,-17.000616751978,2702,52,425
-69.686808165566,-20.414214831634,2807,0,-783
-74.852121049256,-14.799744305884,2885,12,-766
-74.58262646402,-14.62008124906,2738,58,628
-75.615689040758,-11.565809283052,2712,250,1252
-75.795352097582,-11.25139893361,2719,346,874
-69.41731358033,-16.237048760476,2734,134,2703
-70.674954978098,-14.215839371206,2667,174,2109
-73.145322009428,-14.709912777472,2675,135,2321
-74.852121049256,-12.239545746142,2767,254,1058
-73.055490481016,-13.362439851292,2759,206,2258
-69.372397816124,-19.56081531172,2790,6,-467
-73.23515353784,-16.147217232064,2843,18,-957
-71.258859912776,-17.584521686656,2860,12,-629
-71.483438733806,-14.350586663824,2716,42,132
-69.013071702476,-22.076098107256,2762,9,-742
-72.157175196896,-15.06923889112,2671,113,2084
-69.507145108742,-23.243907976612,2792,0,-811
-72.33683825372,-13.72176596494,2778,82,1138
-70.809702270716,-14.889575834296,2707,32,660
-75.840267861788,-11.655640811464,2720,147,418
-69.147818995094,-23.1540764482,2779,2,-757
-77.681814194234,-8.33187426022,2730,116,1421
-69.462229344536,-16.326880288888,2711,127,2188
-74.897036813462,-13.811597493352,2705,125,700
-79.568276290886,-7.164064390864,2894,11,-1168
-69.552060872948,-15.06923889112,2703,101,2194
-75.301278691316,-12.014966925112,2761,123,622
-77.097909259556,-11.161567405198,2876,19,-424
-69.911386986596,-16.461627581506,2645,72,1309
-77.412319608998,-9.140358015928,2722,109,1998
-69.282566287712,-14.485333956442,2764,732,3043
-72.33683825372,-13.452271379704,2759,164,1912
-72.426669782132,-14.440418192236,2678,78,2123
-71.66310179063,-14.260755135412,2721,43,534
-69.686808165566,-17.404858629832,2664,38,447
-70.719870742304,-17.180279808802,2763,17,-276
-69.057987466682,-19.066741905454,2690,35,654
-70.31562886445,-15.159070419532,2718,37,928
-70.585123449686,-17.225195573008,2743,26,-197
-76.918246202732,-9.993757535842,2702,149,1149
-70.585123449686,-16.237048760476,2668,57,1407
-68.788492881446,-15.653143825798,2793,239,1105
-71.169028384364,-14.62008124906,2678,90,2951
-73.369900830458,-14.39550242803,2696,96,1571
-78.84962406359,-8.10729543919,2886,21,-621
-75.03178410608,-12.733619152408,2695,281,1300
-76.963161966938,-11.880219632494,2883,15,-829
-69.731723929772,-14.485333956442,2688,294,1658
-68.608829824622,-20.00997295378,2681,29,137
-79.29878170565,-7.613222032924,2883,19,-1043
-68.159672182562,-16.012469939446,2757,735,4174
-75.975015154406,-11.386146226228,2696,211,1117
-69.552060872948,-17.674353215068,2690,31,192
-75.840267861788,-13.72176596494,2893,5,-872
-69.462229344536,-17.270111337214,2668,56,835
-70.31562886445,-17.674353215068,2851,20,-661
-71.88768061166,-16.326880288888,2849,9,-672
-67.980009125738,-22.92949762717,2721,39,-432
-71.169028384364,-16.057385703652,2691,45,142
-71.124112620158,-13.631934436528,2675,834,3845
-68.429166767798,-20.279467539016,2697,18,-675
-69.057987466682,-18.168426621334,2678,46,654
-74.717373756638,-13.676850200734,2702,140,895
-71.169028384364,-13.49718714391,2663,1156,5397
-73.549563887282,-13.137861030262,2801,148,1133
-71.21394414857,-16.776037930948,2817,8,-872
-78.265719128912,-7.792885089748,2751,76,775
-77.412319608998,-9.275105308546,2677,105,2562
-70.046134279214,-14.934491598502,2692,60,1863
-70.899533799128,-17.719268979274,2850,5,-812
-75.076699870286,-12.778534916614,2687,292,1259
-79.478444762474,-7.164064390864,2893,17,-1078
-77.861477251058,-10.397999413696,2884,3,-605
-69.86647122239,-15.06923889112,2710,60,1259
-70.54020768548,-15.787891118416,2677,47,1564
-76.37925703226,-11.655640811464,2686,147,1282
-69.821555458184,-15.74297535421,2763,66,1635
-68.474082532004,-21.58202470099,2640,35,70
-72.965658952604,-14.305670899618,2761,63,591
-70.405460392862,-15.159070419532,2720,35,1225
-69.596976637154,-22.210845399874,2804,0,-899
-75.391110219728,-13.676850200734,2771,106,768
-69.731723929772,-17.898932036098,2717,25,247
-77.457235373204,-9.23018954434,2694,104,2623
-68.878324409858,-17.719268979274,2693,45,1058
-72.11225943269,-15.06923889112,2678,101,1732
-77.097909259556,-12.059882689318,2879,14,-792
-69.821555458184,-20.099804482192,2801,1,-922
-76.738583145908,-10.847157055756,2692,82,1025
-68.833408645652,-19.515899547514,2689,24,-35
-73.055490481016,-15.383649240562,2772,51,1411
-74.986868341874,-12.553956095584,2735,244,1066
-69.282566287712,-14.575165484854,2720,551,2754
-71.573270262218,-13.676850200734,2735,109,963
-72.875827424192,-12.868366445026,2791,251,2413
-75.660604804964,-14.530249720648,2856,7,-1000
-69.86647122239,-15.96755417524,2713,95,2726
-74.35804764299,-15.383649240562,2864,7,-790
-72.157175196896,-14.575165484854,2699,63,1081
-74.402963407196,-15.338733476356,2848,8,-796
-75.975015154406,-11.835303868288,2681,146,1052
-72.741080131574,-16.19213299627,2856,4,-924
-74.13346882196,-15.06923889112,2764,37,814
-68.698661353034,-22.660003041934,2734,4,-705
-77.50215113741,-8.55645308125,2776,78,519
-76.199593975436,-11.341230462022,2698,171,844
-74.088553057754,-12.958197973438,2722,127,1869
-71.752933319042,-14.84466007009,2669,60,1753
-69.237650523506,-21.671856229402,2832,3,-836
-75.436025983934,-11.296314697816,2724,533,3309
-75.076699870286,-13.631934436528,2694,183,953
-68.878324409858,-21.851519286226,2701,19,-710
-76.064846682818,-10.487830942108,2695,262,1199
-71.393607205394,-14.84466007009,2697,45,701
-70.270713100244,-18.707415791806,2864,11,-694
-70.270713100244,-17.809100507686,2857,24,-764
-73.280069302046,-16.147217232064,2873,18,-989
-72.381754017926,-15.74297535421,2734,85,201
-78.1758876005,-9.814094479018,2880,4,-984
-70.135965807626,-14.036176314382,2704,638,3446
-69.147818995094,-18.572668499188,2696,25,-72
-75.525857512346,-14.485333956442,2856,5,-1024
-73.6843111799,-14.530249720648,2694,97,1442
-74.35804764299,-13.407355615498,2742,87,794
-67.890177597326,-22.390508456698,2628,49,71
-75.660604804964,-11.25139893361,2762,387,1370
-68.608829824622,-21.986266578844,2728,11,-790
-77.50215113741,-9.948841771636,2719,25,1904
-69.282566287712,-20.9082882379,2837,3,-733
-70.270713100244,-14.934491598502,2700,45,2051
-69.282566287712,-15.024323126914,2703,208,1607
-72.067343668484,-16.102301467858,2801,18,-397
-69.147818995094,-23.198992212406,2765,2,-802
-70.76478650651,-14.934491598502,2708,30,785
-71.348691441188,-13.766681729146,2692,229,2342
-76.064846682818,-14.305670899618,2873,3,-975
-68.878324409858,-15.698059590004,2777,239,1568
-70.854618034922,-16.686206402536,2768,24,382
-68.96815593827,-22.25576116408,2724,6,-955
-77.591982665822,-9.050526487516,2703,108,2923
-69.327482051918,-21.267614351548,2833,1,-811
-69.911386986596,-17.494690158244,2696,29,380
-70.98936532754,-16.596374874124,2713,32,331
-75.301278691316,-13.04802950185,2686,270,968
-68.06984065415,-23.1540764482,2761,16,-636
-77.771645722646,-9.00561072331,2763,53,1429
-73.998721529342,-13.362439851292,2725,73,1530
-72.830911659986,-15.653143825798,2735,62,992
-74.897036813462,-15.473480768974,2866,28,-651
-77.187740787968,-10.35308364949,2772,30,357
-80.19709698977,-6.220833342538,2895,7,-1302
-71.573270262218,-14.799744305884,2677,58,1885
-73.324985066252,-13.317524087086,2864,75,-377
-68.339335239386,-16.955700987772,2696,63,1802
-69.327482051918,-20.189636010604,2822,4,-748
-75.48094174814,-11.341230462022,2706,453,2558
-76.783498910114,-12.284461510348,2870,33,-827
-78.490297949942,-8.646284609662,2901,18,-583
-71.303775676982,-13.901429021764,2676,171,2194
-68.249503710974,-17.31502710142,2693,63,1429
-76.648751617496,-11.386146226228,2714,141,1145
-68.563914060416,-23.243907976612,2772,6,-709
-71.977512140072,-15.024323126914,2681,89,1700
-70.001218515008,-19.740478368544,2811,6,-985
-75.346194455522,-13.49718714391,2726,192,1142
-73.639395415694,-15.29381771215,2762,41,454
-69.64189240136,-15.877722646828,2775,87,1843
-74.402963407196,-15.024323126914,2835,17,-419
-68.29441947518,-15.608228061592,2839,554,2536
-72.33683825372,-16.281964524682,2865,6,-882
-75.211447162904,-13.362439851292,2695,233,1072
-74.627542228226,-14.664997013266,2755,43,336
-68.563914060416,-22.03118234305,2719,18,-726
-71.977512140072,-14.84466007009,2669,78,1464
-68.74357711724,-22.121013871462,2707,9,-697
-72.516501310544,-13.317524087086,2718,284,3315
-69.686808165566,-21.671856229402,2803,2,-869
-73.774142708312,-15.024323126914,2750,84,1351
-72.022427904278,-13.317524087086,2790,108,768
-71.842764847454,-14.215839371206,2727,46,834
-75.436025983934,-13.901429021764,2805,34,111
-75.975015154406,-10.892072819962,2698,381,1641
-69.41731358033,-19.470983783308,2784,6,-445
-68.249503710974,-22.749834570346,2741,12,-654
-73.6843111799,-14.440418192236,2700,94,1478
-70.09105004342,-16.776037930948,2660,51,417
-76.199593975436,-11.745472339876,2675,169,1495
-74.223300350372,-14.215839371206,2704,82,839
-77.906393015264,-9.275105308546,2736,27,1353
-68.249503710974,-17.494690158244,2700,37,640
-69.64189240136,-20.369299067428,2816,0,-800
-77.50215113741,-11.341230462022,2882,8,-934
-69.013071702476,-20.548962124252,2719,19,-362
-77.547066901616,-9.6793471864,2724,27,1872
-69.41731358033,-18.21334238554,2690,43,732
-74.627542228226,-15.383649240562,2877,27,-819
-69.327482051918,-15.024323126914,2703,165,1688
-69.552060872948,-22.525255749316,2778,0,-861
-68.204587946768,-16.86586945936,2707,45,345
-75.750436333376,-11.341230462022,2716,340,1239
-69.013071702476,-23.198992212406,2747,5,-732
-70.899533799128,-17.943847800304,2853,7,-725
-74.223300350372,-15.428565004768,2832,8,-632
-75.525857512346,-14.126007842794,2888,8,-725
-70.630039213892,-18.168426621334,2853,5,-653
-69.596976637154,-15.608228061592,2789,76,1900
-67.890177597326,-21.986266578844,2647,27,-102
-68.608829824622,-21.447277408372,2704,27,-450
-72.516501310544,-14.440418192236,2677,90,2524
-69.64189240136,-21.447277408372,2808,1,-951
-71.034281091746,-14.350586663824,2654,136,3630
-76.963161966938,-10.57766247052,2713,59,1003
-73.639395415694,-15.114154655326,2727,85,1547
-68.114756418356,-18.527752734982,2691,30,686
-68.74357711724,-20.144720246398,2673,36,162
-68.51899829621,-16.461627581506,2725,61,1171
-76.289425503848,-9.90392600743,2802,161,149
-69.1927347593,-17.31502710142,2669,64,1299
-74.043637293548,-14.889575834296,2723,91,1627
-71.303775676982,-15.832806882622,2691,38,-35
-79.29878170565,-7.388643211894,2885,22,-527
-68.474082532004,-16.461627581506,2720,71,1487
-76.963161966938,-10.892072819962,2813,22,420
-69.552060872948,-19.426068019102,2821,4,-778
-72.830911659986,-16.147217232064,2840,3,-982
-68.923240174064,-18.931994612836,2684,24,137
-76.558920089084,-11.520893518846,2706,116,1128
-75.436025983934,-13.676850200734,2786,87,524
-69.41731358033,-15.563312297386,2772,70,1171
-74.537710699814,-15.428565004768,2856,31,-803
-70.001218515008,-17.045532516184,2658,49,352
-69.41731358033,-19.605731075926,2815,4,-731
-71.258859912776,-16.237048760476,2695,48,205
-73.774142708312,-16.012469939446,2850,18,-959
-69.686808165566,-18.168426621334,2741,17,196
-73.414816594664,-16.057385703652,2836,17,-913
-74.35804764299,-15.114154655326,2824,12,-344
-72.11225943269,-15.428565004768,2657,121,1904
-74.762289520844,-13.991260550176,2702,115,897
-78.041140307882,-8.78103190228,2793,36,728
-68.249503710974,-17.584521686656,2695,37,1131
-69.86647122239,-15.787891118416,2749,62,1390
-76.109762447024,-12.284461510348,2724,71,1131
-73.414816594664,-12.913282209232,2824,182,1416
-77.771645722646,-9.724262950606,2759,12,1260
-70.809702270716,-15.428565004768,2673,79,2382
-75.885183625994,-14.081092078588,2874,2,-1059
-69.282566287712,-15.877722646828,2790,104,2057
-68.608829824622,-17.404858629832,2694,41,1148
-74.492794935608,-14.934491598502,2772,28,-44
-72.830911659986,-16.057385703652,2832,4,-970
-75.660604804964,-10.892072819962,2733,739,2946
-69.507145108742,-22.570171513522,2776,0,-840
-80.691170396036,-6.131001814126,2901,10,-1263
-75.211447162904,-13.362439851292,2695,233,1072
-69.41731358033,-19.650646840132,2797,5,-644
-74.852121049256,-13.003113737644,2712,210,1075
-71.169028384364,-13.587018672322,2680,842,3849
-75.525857512346,-14.260755135412,2881,8,-972
-76.424172796466,-10.397999413696,2772,120,42
-71.124112620158,-16.371796053094,2700,36,-114
-72.471585546338,-13.991260550176,2718,116,3503
-68.74357711724,-21.986266578844,2699,12,-670
-68.608829824622,-17.719268979274,2692,44,1590
-69.86647122239,-16.461627581506,2640,82,1719
-74.762289520844,-12.509040331378,2750,257,1632
-68.384251003592,-17.98876356451,2706,37,1761
-70.76478650651,-14.440418192236,2688,78,1777
-69.86647122239,-22.390508456698,2778,1,-768
-68.249503710974,-19.426068019102,2707,13,-473
-75.885183625994,-13.811597493352,2881,3,-1115
-72.56141707475,-14.39550242803,2704,71,1486
-77.996224543676,-8.197126967602,2789,83,730
-73.774142708312,-13.137861030262,2785,75,117
-68.563914060416,-19.695562604338,2685,20,-140
-69.911386986596,-21.941350814638,2784,11,-802
-78.40046642153,-8.197126967602,2775,105,957
-71.88768061166,-16.281964524682,2820,13,-541
-69.327482051918,-22.794750334552,2778,1,-866
-73.324985066252,-14.575165484854,2690,116,1736
-71.483438733806,-14.709912777472,2687,59,1514
-68.878324409858,-15.473480768974,2772,360,554
-69.057987466682,-15.787891118416,2762,131,1022
-69.507145108742,-20.773540945282,2829,1,-811
-67.890177597326,-21.447277408372,2671,18,-49
-77.72672995844,-10.35308364949,2882,3,-390
-73.504648123076,-14.530249720648,2686,121,1979
-75.525857512346,-11.161567405198,2758,568,3061
-68.339335239386,-20.9082882379,2694,21,-432
-68.563914060416,-16.64129063833,2708,73,2320
-73.280069302046,-13.137861030262,2820,129,567
-75.660604804964,-13.452271379704,2801,83,161
-70.450376157068,-16.147217232064,2699,35,116
-79.119118648826,-7.837800853954,2884,18,-1107
-72.291922489514,-15.653143825798,2766,84,146
-75.975015154406,-11.116651640992,2711,263,952
-73.414816594664,-13.811597493352,2724,129,1979
-79.568276290886,-7.164064390864,2894,11,-1168
-76.37925703226,-12.59887185979,2859,14,-634
-72.606332838956,-16.102301467858,2860,6,-929
-70.809702270716,-17.404858629832,2863,7,-802
-68.653745588828,-18.527752734982,2693,23,71
-71.708017554836,-15.832806882622,2677,69,979
-68.114756418356,-18.303173913952,2706,32,836
-70.225797336038,-14.215839371206,2698,231,1579
-72.11225943269,-14.485333956442,2722,53,906
-73.280069302046,-14.485333956442,2717,89,877
-75.03178410608,-12.194629981936,2730,245,1476
-71.258859912776,-15.248901947944,2672,94,2227
-72.157175196896,-14.934491598502,2676,103,1877
-69.41731358033,-22.660003041934,2778,0,-844
-72.696164367368,-13.766681729146,2707,134,3488
-76.15467821123,-11.9251353967,2679,155,1394
-71.4385229696,-15.698059590004,2676,64,858
-71.258859912776,-14.260755135412,2726,51,281
-77.906393015264,-8.601368845456,2809,50,841
-78.1758876005,-7.972548146572,2724,142,1569
-68.878324409858,-22.884581862964,2758,5,-799
-72.830911659986,-15.877722646828,2804,17,-274
-69.462229344536,-22.749834570346,2772,0,-846
-70.76478650651,-14.170923607,2663,207,2462
-77.72672995844,-9.993757535842,2846,13,818
-71.528354498012,-14.530249720648,2682,66,1877
-69.596976637154,-17.719268979274,2684,34,449
-69.372397816124,-15.96755417524,2789,109,2165
-70.135965807626,-19.11165766966,2852,13,-515
-74.941952577668,-14.215839371206,2771,53,673
-71.618186026424,-13.631934436528,2725,119,1295
-69.956302750802,-23.019329155582,2794,0,-767
-75.25636292711,-14.440418192236,2867,10,-814
-71.618186026424,-13.317524087086,2745,400,3214
-72.78599589578,-13.766681729146,2732,126,2971
-74.58262646402,-14.754828541678,2760,43,272
-74.088553057754,-15.51839653318,2799,14,-351
-69.057987466682,-21.896435050432,2760,10,-825
-77.547066901616,-9.993757535842,2745,19,1849
-76.37925703226,-12.553956095584,2869,13,-634
-72.381754017926,-16.64129063833,2858,16,-571
-69.507145108742,-17.719268979274,2665,35,564
-69.462229344536,-16.4167118173,2712,95,868
-69.282566287712,-17.404858629832,2677,57,1084
-71.483438733806,-16.596374874124,2808,12,-808
-70.495291921274,-15.96755417524,2695,41,794
-73.100406245222,-15.338733476356,2780,64,1476
-76.019930918612,-13.137861030262,2850,32,-392
-74.223300350372,-13.182776794468,2782,46,309
-72.067343668484,-14.39550242803,2732,47,605
-69.372397816124,-17.53960592245,2686,34,243
-68.159672182562,-17.629437450862,2694,37,1055
-68.339335239386,-16.820953695154,2696,59,1741
-75.660604804964,-11.116651640992,2702,639,2719
-69.86647122239,-21.626940465196,2797,12,-856
-78.041140307882,-8.421705788632,2820,66,971
-78.714876770972,-7.568306268718,2904,43,-83
-69.552060872948,-18.303173913952,2721,23,561
-76.783498910114,-11.071735876786,2700,95,1120
-75.9300993902,-12.509040331378,2773,66,342
-68.878324409858,-19.830309896956,2709,26,-14
-68.878324409858,-23.288823740818,2756,4,-681
-71.034281091746,-15.248901947944,2661,96,2848
-75.121615634492,-15.114154655326,2871,7,-912
-69.64189240136,-15.383649240562,2767,63,1405
-77.816561486852,-9.993757535842,2879,11,307
-72.56141707475,-15.698059590004,2781,64,-171
-74.088553057754,-12.868366445026,2721,159,1816
-80.19709698977,-5.996254521508,2894,7,-1175
-76.648751617496,-10.173420592666,2719,179,779
-68.29441947518,-20.279467539016,2670,22,-383
-68.788492881446,-16.776037930948,2709,93,2039
-69.013071702476,-16.506543345712,2755,92,1649
-69.147818995094,-20.369299067428,2772,11,-566
-69.41731358033,-16.326880288888,2701,160,3075
-68.024924889944,-21.35744587996,2683,21,-233
-70.719870742304,-15.248901947944,2680,64,2292
-70.135965807626,-14.39550242803,2701,122,1331
-71.21394414857,-14.350586663824,2711,62,1169
-76.15467821123,-13.452271379704,2879,7,-909
-68.474082532004,-17.629437450862,2699,32,868
-73.998721529342,-12.733619152408,2772,175,1251
-72.606332838956,-15.922638411034,2810,26,-575
-71.932596375866,-14.575165484854,2706,54,1059
-68.339335239386,-17.404858629832,2696,46,1014
-69.102903230888,-21.35744587996,2814,5,-714
-76.82841467432,-11.790388104082,2856,24,-308
-68.833408645652,-21.222698587342,2700,31,-145
-71.618186026424,-13.676850200734,2758,77,133
-68.923240174064,-16.64129063833,2729,110,2508
-74.313131878784,-13.94634478597,2744,52,161
-70.450376157068,-15.74297535421,2686,44,1505
-76.15467821123,-12.59887185979,2765,31,378
-69.776639693978,-14.664997013266,2668,193,2662
-74.762289520844,-14.350586663824,2764,68,716
-76.064846682818,-13.94634478597,2871,2,-1031
-75.48094174814,-11.25139893361,2764,490,2918
-70.495291921274,-14.170923607,2673,240,2531
-71.169028384364,-17.135364044596,2846,7,-883
-72.157175196896,-13.676850200734,2737,102,2226
-73.01057471681,-13.631934436528,2766,76,1061
-78.535213714148,-8.511537317044,2908,28,-392
-68.653745588828,-15.698059590004,2782,289,1763
-73.055490481016,-14.036176314382,2720,134,3268
-69.64189240136,-20.279467539016,2819,0,-837
-69.596976637154,-22.121013871462,2814,0,-920
-73.01057471681,-16.147217232064,2833,9,-904
-75.570773276552,-13.137861030262,2741,233,1025
-74.986868341874,-13.182776794468,2688,245,1358
-74.852121049256,-14.305670899618,2787,58,567
-72.426669782132,-14.754828541678,2675,130,2768
-68.249503710974,-17.53960592245,2698,37,904
-68.96815593827,-20.099804482192,2683,25,-58
-67.530851483678,-22.92949762717,2596,40,-273
-71.977512140072,-13.94634478597,2729,61,1652
-73.145322009428,-13.72176596494,2717,108,2031
-72.696164367368,-15.024323126914,2691,104,1544
-68.74357711724,-19.33623649069,2706,22,-228
-73.639395415694,-14.889575834296,2692,127,1789
-75.795352097582,-11.520893518846,2703,240,1120
-77.097909259556,-9.364936836958,2790,101,193
-75.975015154406,-14.440418192236,2872,5,-872
-80.286928518182,-5.996254521508,2897,4,-1232
-68.653745588828,-17.854016271892,2698,44,1274
-75.48094174814,-12.059882689318,2725,125,627
-68.698661353034,-18.033679328716,2698,38,635
-75.70552056917,-13.04802950185,2732,204,718
-70.135965807626,-22.884581862964,2825,9,-690
-69.282566287712,-20.504046360046,2830,4,-706
-77.816561486852,-9.769178714812,2811,11,812
-75.211447162904,-13.452271379704,2696,221,1002
-69.237650523506,-18.078595092922,2695,39,601
-75.03178410608,-11.9251353967,2684,379,2411
-76.019930918612,-11.520893518846,2695,178,1149
-72.696164367368,-13.092945266056,2766,279,2053
-72.516501310544,-15.832806882622,2797,50,-299
-75.25636292711,-12.913282209232,2678,297,1164
-71.079196855952,-17.494690158244,2848,8,-881
-68.788492881446,-21.447277408372,2681,21,-458
-69.41731358033,-20.68370941687,2839,1,-794
-68.96815593827,-20.324383303222,2696,25,-219
-76.558920089084,-10.218336356872,2718,160,639
-69.282566287712,-19.426068019102,2722,16,291
-71.842764847454,-13.631934436528,2726,119,2363
-74.313131878784,-13.227692558674,2738,71,712
-73.23515353784,-14.440418192236,2710,100,1475
-78.265719128912,-9.634431422194,2889,4,-993
-74.672457992432,-13.362439851292,2694,210,1609
-70.046134279214,-21.671856229402,2827,56,-635
-74.313131878784,-13.27260832288,2742,63,385
-70.450376157068,-14.260755135412,2681,170,1884
-74.941952577668,-13.04802950185,2707,197,778
-68.698661353034,-14.709912777472,2827,671,1303
-72.067343668484,-15.922638411034,2750,37,109
-72.830911659986,-16.102301467858,2839,3,-1004
-73.23515353784,-14.39550242803,2690,114,2166
-69.282566287712,-15.74297535421,2777,84,1199
-72.471585546338,-16.371796053094,2864,6,-1065
-69.237650523506,-17.359942865626,2678,54,855
-77.636898430028,-8.736116138074,2724,104,2027
-76.963161966938,-9.6793471864,2703,176,1313
-75.48094174814,-12.284461510348,2694,178,1054
-73.145322009428,-14.39550242803,2719,81,1344
-76.60383585329,-11.25139893361,2701,149,995
-68.96815593827,-18.707415791806,2663,28,587
-68.563914060416,-19.291320726484,2716,19,-494
-77.457235373204,-10.308167885284,2774,10,1091
-69.013071702476,-21.896435050432,2749,13,-801
-67.890177597326,-18.43792120657,2698,31,736
-70.225797336038,-17.53960592245,2820,18,-759
-69.686808165566,-16.147217232064,2719,92,1608
-77.187740787968,-9.320021072752,2759,118,777
-69.552060872948,-20.189636010604,2837,1,-830
-69.552060872948,-19.156573433866,2774,7,-250
-68.384251003592,-20.548962124252,2689,17,-711
-75.975015154406,-11.431061990434,2712,164,537
-69.013071702476,-20.998119766312,2776,13,-527
-69.102903230888,-16.731122166742,2704,95,1645
-77.816561486852,-9.859010243224,2847,12,814
-69.41731358033,-20.773540945282,2837,1,-728
-79.792855111916,-6.714906748804,2895,8,-1142
-68.923240174064,-15.428565004768,2737,472,1176
-72.471585546338,-15.06923889112,2666,107,1808
-75.615689040758,-12.419208802966,2682,186,1107
-75.436025983934,-14.485333956442,2861,6,-993
-72.920743188398,-14.84466007009,2667,147,2608
-75.25636292711,-13.452271379704,2724,207,897
-69.013071702476,-17.045532516184,2698,64,1143
-76.334341268054,-11.790388104082,2769,104,510
-77.187740787968,-9.769178714812,2686,94,1722
-71.977512140072,-14.126007842794,2704,82,2909
-69.372397816124,-16.461627581506,2700,122,1858
-70.585123449686,-16.506543345712,2670,52,963
-68.653745588828,-17.943847800304,2698,43,1265
-74.492794935608,-13.452271379704,2713,176,1694
-70.719870742304,-18.033679328716,2852,7,-693
-68.788492881446,-19.021826141248,2696,28,304
-72.202090961102,-14.39550242803,2713,58,1208
-78.310634893118,-9.275105308546,2895,13,-814
-76.109762447024,-12.643787623996,2743,34,414
-68.653745588828,-18.617584263394,2694,21,211
-69.327482051918,-18.752331556012,2701,26,468
-80.64625463183,-6.355580635156,NA,NA,NA
-79.253865941444,-7.298811683482,2891,30,-648
-70.405460392862,-14.664997013266,2697,51,1192
-76.469088560672,-12.059882689318,2822,66,415
-79.837770876122,-6.669990984598,2894,8,-1159
-79.164034413032,-8.062379674984,NA,NA,NA
-70.09105004342,-17.045532516184,2659,58,526
-68.563914060416,-15.74297535421,2711,389,3568
-75.48094174814,-11.655640811464,2712,224,1034
-69.86647122239,-18.707415791806,2833,4,-768
-70.899533799128,-15.74297535421,2680,52,952
-79.388613234062,-7.20898015507,2893,24,-900
-71.4385229696,-14.350586663824,2705,52,897
-71.66310179063,-15.338733476356,2673,70,1112
-68.74357711724,-15.922638411034,2753,153,1806
-68.429166767798,-15.338733476356,2853,658,1774
-68.74357711724,-20.953204002106,2679,37,-10
-70.046134279214,-19.605731075926,2821,9,-965
-74.852121049256,-13.137861030262,2687,225,1370
-69.911386986596,-18.033679328716,2784,16,-389
-70.76478650651,-16.012469939446,2687,40,498
-74.986868341874,-13.991260550176,2796,73,462
-67.261356898442,-22.794750334552,2608,20,-227
-72.426669782132,-14.799744305884,2656,149,3303
-69.911386986596,-17.449774394038,2703,33,423
-70.225797336038,-15.96755417524,2687,49,1444
-70.450376157068,-18.033679328716,2851,13,-644
-68.608829824622,-18.258258149746,2692,43,1048
-72.741080131574,-14.350586663824,2688,131,3876
-72.157175196896,-14.126007842794,2709,68,2103
-77.547066901616,-9.948841771636,2757,21,1844
-71.797849083248,-14.126007842794,2719,54,1508
-67.755430304708,-22.345592692492,2633,31,-255
-75.121615634492,-13.72176596494,2724,162,796
-77.906393015264,-8.736116138074,2857,35,-61
-68.474082532004,-16.731122166742,2702,71,2281
-69.911386986596,-18.303173913952,2835,14,-651
-76.334341268054,-11.70055657567,2678,164,1520
-71.842764847454,-13.317524087086,2724,195,2416
-71.797849083248,-14.350586663824,2715,55,1499
-74.852121049256,-11.970051160906,2734,482,2098
-68.204587946768,-22.390508456698,2704,30,-395
-67.935093361532,-22.92949762717,2698,46,-450
-73.01057471681,-14.664997013266,2667,160,3253
-75.48094174814,-12.643787623996,2686,227,1015
-76.873330438526,-9.993757535842,2704,164,1186
-68.339335239386,-19.291320726484,2708,17,0
-73.190237773634,-15.51839653318,2854,17,-497
-79.029287120414,-7.4335589761,2786,40,120
-74.762289520844,-13.94634478597,2695,120,1003
-70.630039213892,-16.776037930948,2705,31,823
-72.291922489514,-16.820953695154,2858,18,-734
-68.384251003592,-16.64129063833,2709,52,1087
-75.70552056917,-12.688703388202,2701,145,1154
-76.064846682818,-13.137861030262,2864,22,-492
-75.436025983934,-14.170923607,2858,12,-415
-68.024924889944,-22.749834570346,2715,42,-478
-73.953805765136,-15.608228061592,2810,14,-218
-69.552060872948,-14.84466007009,2684,144,1831
-76.289425503848,-11.386146226228,2704,162,906
-73.504648123076,-13.901429021764,2730,136,2192
-68.563914060416,-20.144720246398,2676,28,-69
-69.1927347593,-16.686206402536,2701,87,1197
-73.190237773634,-15.024323126914,2683,134,2632
-69.057987466682,-14.84466007009,2711,826,2920
-78.445382185736,-7.613222032924,2774,73,938
-68.923240174064,-15.74297535421,2726,235,2064
-77.50215113741,-10.397999413696,2835,8,517
-79.343697469856,-6.849654041422,2900,76,-204
-72.33683825372,-14.62008124906,2674,87,1888
-75.570773276552,-13.003113737644,2706,260,964
-69.686808165566,-17.180279808802,2679,56,639
-74.13346882196,-14.530249720648,2689,102,1341
-75.211447162904,-11.9251353967,2723,192,1081
-70.046134279214,-14.440418192236,2696,122,1191
-69.731723929772,-14.39550242803,2675,517,2553
-79.478444762474,-6.714906748804,2892,32,-376
-69.327482051918,-14.709912777472,2687,450,2588
-69.237650523506,-15.653143825798,2756,103,1096
-68.563914060416,-18.033679328716,2708,42,1072
-71.66310179063,-16.461627581506,2823,10,-749
-78.62504524256,-8.646284609662,2894,13,-1062
-68.384251003592,-23.019329155582,2771,5,-684
-71.88768061166,-15.248901947944,2671,96,1655
-71.842764847454,-14.575165484854,2693,60,1512
-78.041140307882,-9.769178714812,2877,6,-295
-75.570773276552,-13.72176596494,2810,38,14
-76.60383585329,-10.397999413696,2696,164,818
-68.833408645652,-17.31502710142,2690,52,1006
-71.21394414857,-17.225195573008,2851,9,-841
-68.159672182562,-22.525255749316,2688,33,-418
-77.861477251058,-10.12850482846,2884,7,-243
-70.495291921274,-15.832806882622,2691,47,1416
-69.911386986596,-20.998119766312,2804,19,-806
-74.35804764299,-14.979407362708,2786,33,137
-77.367403844792,-9.769178714812,2737,30,888
-78.130971836294,-8.601368845456,2798,52,1385
-79.29878170565,-7.927632382366,2890,11,-1088
-70.809702270716,-15.922638411034,2680,47,848
-70.360544628656,-17.854016271892,2861,23,-783
-72.33683825372,-13.991260550176,2695,100,2858
-73.145322009428,-14.170923607,2790,82,985
-68.74357711724,-21.492193172578,2686,18,-640
-67.755430304708,-22.749834570346,2611,46,-250
-68.563914060416,-17.494690158244,2693,38,1161
-75.25636292711,-14.036176314382,2799,37,285
-69.147818995094,-15.114154655326,2692,378,1719
-67.530851483678,-22.974413391376,2601,41,-318
-77.097909259556,-10.12850482846,2708,64,848
-69.731723929772,-20.414214831634,2801,0,-802
-69.64189240136,-18.123510857128,2739,20,135
-76.514004324878,-10.712409763138,2696,133,667
-73.863974236724,-14.934491598502,2718,85,1123
-75.885183625994,-14.485333956442,2879,9,-1044
-70.225797336038,-18.21334238554,2858,26,-871
-69.327482051918,-20.818456709488,2836,2,-742
-67.62068301209,-22.794750334552,2608,44,-275
-69.057987466682,-21.35744587996,2800,8,-701
-70.31562886445,-17.180279808802,2715,40,-127
-68.474082532004,-17.270111337214,2703,54,1735
-73.998721529342,-15.787891118416,2858,27,-773
-75.436025983934,-12.688703388202,2685,222,846
-79.29878170565,-7.65813779713,2884,18,-1080
-67.890177597326,-18.572668499188,2690,28,753
-79.433528998268,-6.894569805628,2893,42,-680
-70.135965807626,-20.998119766312,2852,35,-569
-72.78599589578,-15.608228061592,2706,84,1177
-75.975015154406,-10.622578234726,2725,315,849
-74.043637293548,-14.170923607,2705,82,924
-77.008077731144,-11.071735876786,2795,24,465
-68.159672182562,-21.537108936784,2691,29,-39
-70.09105004342,-20.054888717986,2837,13,-703
-76.109762447024,-13.811597493352,2876,3,-1027
-69.911386986596,-20.773540945282,2798,7,-755
-68.29441947518,-23.1540764482,2760,5,-757
-72.965658952604,-14.754828541678,2680,126,1990
-76.783498910114,-11.790388104082,2868,27,-207
-73.953805765136,-15.608228061592,2810,14,-218
-79.07420288462,-7.927632382366,2881,19,-888
-70.809702270716,-14.215839371206,2661,164,2212
-79.253865941444,-7.972548146572,2887,11,-1145
-71.977512140072,-16.776037930948,2855,6,-872
-68.114756418356,-16.820953695154,2693,69,766
-76.918246202732,-12.104798453524,2884,25,-904
-69.956302750802,-23.064244919788,2791,0,-788
-70.630039213892,-17.09044828039,2736,28,152
-71.169028384364,-16.461627581506,2686,45,173
-74.043637293548,-14.62008124906,2701,85,1216
-70.944449563334,-14.215839371206,2677,138,1960
-74.941952577668,-12.419208802966,2746,262,1431
-74.088553057754,-14.754828541678,2747,86,1024
-69.552060872948,-18.752331556012,2735,14,271
-68.608829824622,-16.686206402536,2688,98,3293
-68.788492881446,-21.043035530518,2683,38,21
-73.6843111799,-15.787891118416,2788,11,-644
-67.935093361532,-18.393005442364,2699,33,828
-80.511507339212,-6.08608604992,2903,5,-1338
-74.537710699814,-15.114154655326,2837,6,-889
-72.291922489514,-14.39550242803,2679,89,2638
-68.474082532004,-20.773540945282,2686,23,-481
-74.537710699814,-15.653143825798,2870,27,-876
-69.86647122239,-19.56081531172,2832,2,-922
-69.372397816124,-17.045532516184,2679,70,1115
-74.672457992432,-13.94634478597,2701,98,601
-74.717373756638,-13.991260550176,2713,103,492
-75.25636292711,-12.82345068082,2676,258,981
-72.516501310544,-16.596374874124,2862,20,-742
-73.369900830458,-12.913282209232,2802,214,1946
-76.738583145908,-9.90392600743,2731,170,661
-74.941952577668,-13.901429021764,2728,135,904
-68.249503710974,-19.740478368544,2697,12,-480
-69.956302750802,-21.941350814638,2790,19,-777
-76.469088560672,-11.431061990434,2689,166,1407
-70.046134279214,-21.222698587342,2830,48,-714
-70.674954978098,-18.123510857128,2855,6,-701
-69.013071702476,-23.109160683994,2754,4,-660
-77.008077731144,-9.769178714812,2696,149,1301
-76.469088560672,-11.655640811464,2748,99,839
-69.057987466682,-18.931994612836,2686,32,560
-69.1927347593,-15.473480768974,2724,157,968
-75.9300993902,-12.913282209232,2842,63,-12
-76.334341268054,-11.161567405198,2697,164,884
-72.291922489514,-14.799744305884,2668,133,2627
-69.507145108742,-20.818456709488,2827,1,-811
-73.414816594664,-15.428565004768,2726,54,1157
-68.563914060416,-20.279467539016,2695,26,-372
-69.372397816124,-15.653143825798,2778,74,1153
-70.001218515008,-18.303173913952,2866,18,-816
-70.674954978098,-15.248901947944,2693,49,1501
-79.29878170565,-7.253895919276,2893,32,-433
-70.899533799128,-15.159070419532,2690,46,1109
-68.06984065415,-23.109160683994,2761,17,-621
-79.343697469856,-6.53524369198,2910,61,1517
-72.471585546338,-16.281964524682,2892,4,-1248
-71.169028384364,-16.012469939446,2681,50,393
-76.289425503848,-12.239545746142,2760,71,662
-73.01057471681,-15.877722646828,2912,5,-726
-75.436025983934,-14.889575834296,2865,5,-872
-76.424172796466,-11.296314697816,2692,193,1523
-75.121615634492,-12.733619152408,2679,301,1300
-69.552060872948,-18.258258149746,2731,23,413
-69.821555458184,-16.551459109918,2675,58,461
-68.159672182562,-21.13286705893,2698,17,-667
-72.830911659986,-14.126007842794,2693,126,3494
-68.923240174064,-22.25576116408,2722,5,-903
-68.833408645652,-18.43792120657,2691,33,215
-69.327482051918,-21.626940465196,2838,2,-924
-69.102903230888,-21.35744587996,2814,5,-714
-75.301278691316,-11.835303868288,2733,181,857
-74.80720528505,-15.29381771215,2862,19,-1040
-75.525857512346,-11.565809283052,2714,244,1067
-70.180881571832,-15.428565004768,2710,42,1130
-76.37925703226,-9.769178714812,2729,477,1490
-79.29878170565,-6.939485569834,2890,91,20
-71.88768061166,-15.473480768974,2643,107,2037
-69.1927347593,-18.258258149746,2665,50,1131
-73.953805765136,-14.081092078588,2731,88,1032
-74.80720528505,-14.485333956442,2818,37,50
-74.717373756638,-13.811597493352,2692,138,1164
-70.225797336038,-22.92949762717,2835,14,-702
-77.457235373204,-8.78103190228,2757,94,1023
-69.731723929772,-21.177782823136,2791,5,-770
-72.920743188398,-14.036176314382,2737,96,2107
-68.429166767798,-17.045532516184,2704,76,2431
-75.301278691316,-14.126007842794,2827,22,-25
-74.043637293548,-15.383649240562,2799,12,101
-71.21394414857,-14.440418192236,2694,71,1632
-69.731723929772,-20.728625181076,2789,1,-846
-68.429166767798,-21.267614351548,2654,37,-35
-72.11225943269,-16.147217232064,2842,11,-670
-76.648751617496,-9.724262950606,2758,219,404
-76.199593975436,-10.847157055756,2713,155,403
-68.384251003592,-17.449774394038,2698,37,849
-72.157175196896,-16.64129063833,2854,6,-969
-76.469088560672,-10.397999413696,2730,160,612
-68.698661353034,-19.246404962278,2709,22,-364
-69.64189240136,-21.177782823136,2798,2,-805
-68.608829824622,-16.057385703652,2751,157,2328
-71.169028384364,-16.955700987772,2845,6,-1086
-70.09105004342,-20.23455177481,2835,12,-570
-70.719870742304,-15.383649240562,2670,76,2526
-71.034281091746,-13.72176596494,2647,906,4540
-75.166531398698,-13.901429021764,2747,117,935
-77.771645722646,-10.308167885284,2877,4,-125
-70.585123449686,-13.856513257558,2689,650,3130
-79.388613234062,-7.074232862452,2892,53,-293
-71.797849083248,-14.530249720648,2692,64,1626
-78.535213714148,-8.152211203396,2787,86,447
-73.774142708312,-12.688703388202,2877,88,84
-75.076699870286,-12.688703388202,2689,309,1434
-74.897036813462,-12.329377274554,2756,283,1672
-71.573270262218,-15.428565004768,2667,80,1749
-69.282566287712,-18.303173913952,2677,41,751
-78.894539827796,-7.523390504512,2895,42,115
-72.33683825372,-13.676850200734,2799,73,511
-74.627542228226,-15.608228061592,2868,32,-875
-75.9300993902,-12.643787623996,2775,60,858
-69.237650523506,-18.842163084424,2706,27,413
-70.98936532754,-16.371796053094,2688,41,126
-80.556423103418,-5.951338757302,2903,3,-1353
-74.537710699814,-14.170923607,2701,111,715
-75.570773276552,-14.39550242803,2865,5,-1060
-72.381754017926,-13.182776794468,2720,281,3098
-68.788492881446,-15.51839653318,2798,320,946
-70.046134279214,-16.237048760476,2682,57,1110
-76.199593975436,-12.329377274554,2825,48,326
-72.606332838956,-16.012469939446,2865,10,-814
-73.504648123076,-14.260755135412,2725,78,779
-74.178384586166,-13.04802950185,2787,52,41
-69.507145108742,-22.660003041934,2773,0,-833
-69.956302750802,-14.754828541678,2699,67,864
-74.268216114578,-14.485333956442,2717,61,162
-72.471585546338,-16.4167118173,2858,9,-853
-69.552060872948,-21.537108936784,2820,0,-974
-75.436025983934,-12.958197973438,2700,233,628
-71.124112620158,-16.057385703652,2696,42,8
-71.393607205394,-16.910785223566,2856,6,-974
-73.145322009428,-16.281964524682,2884,23,-1029
-70.135965807626,-14.036176314382,2704,638,3446
-72.426669782132,-13.27260832288,2726,211,2283
-71.842764847454,-14.440418192236,2708,55,1371
-69.282566287712,-20.953204002106,2837,3,-778
-67.890177597326,-22.390508456698,2628,49,71
-69.64189240136,-19.470983783308,2829,2,-868
-79.927602404534,-6.31066487095,2891,12,-994
-70.719870742304,-14.979407362708,2709,32,1314
-68.384251003592,-16.776037930948,2705,55,1582
-70.495291921274,-17.404858629832,2862,14,-836
-76.109762447024,-10.936988584168,2715,205,764
-69.102903230888,-15.832806882622,2771,123,1482
-72.78599589578,-15.922638411034,2793,16,-478
-76.514004324878,-11.341230462022,2686,180,1533
-76.37925703226,-12.37429303876,2913,20,-590
-73.190237773634,-14.575165484854,2681,119,2121
-79.343697469856,-7.253895919276,2892,27,-548
-76.37925703226,-11.431061990434,2690,173,1327
-69.282566287712,-14.575165484854,2720,551,2754
-70.76478650651,-17.494690158244,2877,7,-802
-68.788492881446,-14.979407362708,2770,939,2371
-73.6843111799,-14.84466007009,2689,128,1704
-68.51899829621,-18.527752734982,2690,25,476
-70.225797336038,-15.563312297386,2710,38,897
-75.301278691316,-12.958197973438,2681,323,1311
-77.142825023762,-11.431061990434,2879,23,-867
-71.483438733806,-15.428565004768,2679,70,1239
-76.334341268054,-11.071735876786,2690,172,1080
-68.024924889944,-17.449774394038,2702,53,613
-70.944449563334,-14.530249720648,2691,75,1893
-72.247006725308,-14.036176314382,2719,66,1491
-73.23515353784,-15.114154655326,2687,111,2458
-79.658107819298,-7.029317098246,2894,9,-1145
-72.202090961102,-14.575165484854,2710,59,758
-78.939455592002,-7.703053561336,2887,28,-24
-77.547066901616,-8.466621552838,2729,123,1700
-74.313131878784,-15.473480768974,2822,14,-722
-72.202090961102,-16.596374874124,2853,7,-861
-77.05299349535,-9.544599893782,2699,164,1559
-72.291922489514,-15.203986183738,2705,72,607
-76.738583145908,-12.104798453524,2877,26,-676
-72.516501310544,-16.461627581506,2856,10,-853
-72.247006725308,-14.979407362708,2674,114,1915
-78.310634893118,-9.45476836537,2896,6,-1079
-75.525857512346,-11.071735876786,2773,597,3204
-72.920743188398,-15.024323126914,2667,104,1729
-77.591982665822,-10.847157055756,2877,5,-924
-72.830911659986,-14.485333956442,2683,111,2879
-78.310634893118,-8.646284609662,2891,35,104
-68.29441947518,-21.58202470099,2715,17,-611
-69.372397816124,-20.144720246398,2815,4,-684
-68.51899829621,-16.686206402536,2699,79,2629
-69.552060872948,-17.76418474348,2680,35,541
-78.40046642153,-9.140358015928,2882,16,-935
-68.429166767798,-16.147217232064,2716,281,3167
-72.741080131574,-13.092945266056,2782,272,1928
-71.932596375866,-13.317524087086,2751,129,1147
-68.833408645652,-16.910785223566,2708,73,1703
-68.51899829621,-20.099804482192,2654,32,210
-73.504648123076,-16.147217232064,2849,26,-752
-78.490297949942,-8.646284609662,2901,18,-583
-74.627542228226,-14.530249720648,2753,57,384
-75.660604804964,-11.520893518846,2716,249,1065
-68.833408645652,-20.189636010604,2714,21,-494
-70.225797336038,-14.799744305884,2690,47,1176
-71.348691441188,-16.012469939446,2705,41,-28
-74.178384586166,-15.024323126914,2754,46,898
-71.66310179063,-14.350586663824,2721,43,545
-68.249503710974,-16.326880288888,2690,310,2590
-71.348691441188,-16.731122166742,2794,11,-811
-69.776639693978,-15.114154655326,2718,64,1451
-71.66310179063,-15.74297535421,2663,78,1259
-73.594479651488,-14.305670899618,2716,85,1122
-79.703023583504,-6.53524369198,2885,15,-532
-68.204587946768,-15.877722646828,2791,651,3573
-69.41731358033,-22.884581862964,2781,0,-864
-69.686808165566,-22.884581862964,2769,0,-825
-67.710514540502,-22.794750334552,2649,43,-457
-70.854618034922,-14.39550242803,2680,85,1733
-70.270713100244,-14.62008124906,2686,84,2254
-69.057987466682,-18.572668499188,2686,31,299
-71.797849083248,-17.180279808802,2866,12,-569
-75.03178410608,-14.081092078588,2853,46,11
-71.88768061166,-16.012469939446,2746,45,329
-69.686808165566,-21.13286705893,2793,4,-729
-78.041140307882,-9.589515657988,2886,10,-140
-77.367403844792,-9.320021072752,2692,117,2679
-77.547066901616,-8.960694959104,2715,106,2176
-77.816561486852,-9.140358015928,2785,38,718
-69.956302750802,-16.686206402536,2654,74,1184
-73.23515353784,-13.092945266056,2776,190,1754
-69.41731358033,-17.898932036098,2675,41,797
-68.833408645652,-17.494690158244,2684,50,1139
-72.741080131574,-13.856513257558,2725,83,2089
-74.897036813462,-15.06923889112,2866,8,-1002
-76.469088560672,-12.37429303876,2890,17,-575
-72.741080131574,-15.428565004768,2695,111,1592
-70.854618034922,-16.237048760476,2671,49,750
-73.953805765136,-12.778534916614,2735,174,1454
-67.980009125738,-19.11165766966,2687,13,68
-69.552060872948,-18.707415791806,2730,15,373
-71.66310179063,-15.922638411034,2715,57,373
-75.795352097582,-13.49718714391,2827,35,-261
-71.797849083248,-14.979407362708,2674,63,1522
-70.31562886445,-18.797247320218,2866,7,-775
-77.996224543676,-8.286958496014,2762,91,1350
-74.088553057754,-15.114154655326,2766,30,686
-72.696164367368,-15.51839653318,2660,139,1990
-69.956302750802,-20.773540945282,2800,11,-890
-69.911386986596,-16.057385703652,2708,68,1344
-69.956302750802,-17.629437450862,2774,16,-97
-79.343697469856,-7.029317098246,2887,75,186
-76.738583145908,-11.835303868288,2840,30,-14
-73.100406245222,-14.39550242803,2730,80,1196
-74.941952577668,-12.329377274554,2734,288,1756
-74.178384586166,-12.643787623996,2731,273,1857
-77.097909259556,-9.90392600743,2686,106,1432
-69.596976637154,-17.898932036098,2723,26,-22
-73.369900830458,-13.182776794468,2819,95,38
-69.507145108742,-21.35744587996,2817,0,-837
-77.142825023762,-10.35308364949,2792,27,14
-70.809702270716,-17.76418474348,2858,6,-723
-78.669961006766,-8.421705788632,2897,25,-603
-75.615689040758,-11.071735876786,2728,636,3071
-69.86647122239,-15.024323126914,2695,65,1549
-68.96815593827,-16.731122166742,2712,93,1785
-78.894539827796,-7.747969325542,2880,31,119
-70.899533799128,-17.629437450862,2859,4,-820
-71.124112620158,-13.72176596494,2636,781,4771
-75.840267861788,-11.970051160906,2693,149,1027
-70.76478650651,-17.98876356451,2862,8,-725
-76.693667381702,-10.263252121078,2714,159,861
-72.157175196896,-16.147217232064,2842,9,-696
-72.651248603162,-13.811597493352,2691,125,3483
-76.289425503848,-11.071735876786,2701,177,1017
-72.157175196896,-16.820953695154,2862,14,-771
-68.384251003592,-19.246404962278,2715,15,-413
-80.4216758108,-6.175917578332,2901,5,-1331
-68.833408645652,-21.896435050432,2684,16,-733
-77.097909259556,-9.364936836958,2790,101,193
-78.041140307882,-8.870863430692,2717,43,1018
-76.289425503848,-10.038673300048,2763,123,513
-75.166531398698,-12.913282209232,2682,293,1236
-69.057987466682,-20.054888717986,2719,21,-29
-70.98936532754,-13.587018672322,2737,1078,4166
-78.804708299384,-7.568306268718,2914,50,242
-69.013071702476,-20.279467539016,2695,23,-184
-78.669961006766,-7.837800853954,2732,61,539
-69.596976637154,-20.279467539016,2827,1,-840
-76.82841467432,-11.790388104082,2856,24,-308
-72.202090961102,-14.799744305884,2666,108,2198
-67.890177597326,-22.92949762717,2676,52,-395
-69.057987466682,-17.449774394038,2681,61,1349
-69.956302750802,-19.021826141248,2867,4,-652
-75.121615634492,-12.553956095584,2694,302,1391
-68.698661353034,-16.910785223566,2710,75,1864
-76.109762447024,-11.520893518846,2674,181,1305
-69.911386986596,-15.74297535421,2742,55,1380
-76.469088560672,-9.769178714812,2719,453,1673
-75.975015154406,-14.485333956442,2849,6,-936
-75.840267861788,-11.47597775464,2702,246,1138
-73.819058472518,-15.203986183738,2771,39,463
-68.51899829621,-22.525255749316,2727,11,-621
-72.965658952604,-16.102301467858,2826,5,-891
-68.563914060416,-16.371796053094,2731,83,2170
-69.102903230888,-21.043035530518,2817,7,-621
-78.669961006766,-7.4335589761,2741,101,1589
-76.199593975436,-13.092945266056,2878,18,-727
-69.776639693978,-22.615087277728,2768,0,-806
-70.180881571832,-18.078595092922,2869,24,-956
-78.1758876005,-8.197126967602,2770,135,819
-75.211447162904,-14.530249720648,2878,8,-867
-77.187740787968,-11.70055657567,NA,NA,NA
-77.187740787968,-10.57766247052,2803,17,177
-70.270713100244,-14.84466007009,2702,39,1115
-69.64189240136,-19.920141425368,2830,1,-867
-76.918246202732,-11.116651640992,2756,40,813
-77.591982665822,-8.242042731808,2797,122,448
-77.142825023762,-11.296314697816,2865,25,-426
-71.618186026424,-16.281964524682,2771,26,-222
-70.046134279214,-18.752331556012,2850,7,-830
-78.490297949942,-8.197126967602,2831,82,389
-79.119118648826,-7.747969325542,2886,18,-986
-76.469088560672,-9.993757535842,2758,185,583
-69.1927347593,-17.359942865626,2675,57,1007
-69.327482051918,-18.617584263394,2664,30,677
-72.202090961102,-15.159070419532,2686,92,1252
-78.490297949942,-7.927632382366,2765,117,681
-72.426669782132,-14.62008124906,2675,130,3179
-74.402963407196,-13.811597493352,2727,77,670
-68.923240174064,-21.492193172578,2730,17,-561
-68.653745588828,-20.68370941687,2705,20,-612
-77.097909259556,-9.364936836958,2790,101,193
-69.237650523506,-17.898932036098,2695,34,499
-73.594479651488,-15.248901947944,2760,54,794
-76.019930918612,-12.868366445026,2907,31,-343
-75.436025983934,-12.553956095584,2690,223,917
-69.057987466682,-20.144720246398,2724,19,-124
-68.159672182562,-21.402361644166,2699,30,-103
-68.563914060416,-19.470983783308,2672,25,149
-74.897036813462,-13.991260550176,2735,97,851
-69.462229344536,-14.530249720648,2709,520,2615
-77.50215113741,-10.263252121078,2855,9,834
-69.64189240136,-16.012469939446,2751,103,2118
-76.558920089084,-12.14971421773,2819,42,-145
-77.187740787968,-11.610725047258,2876,17,-931
-74.627542228226,-13.766681729146,2694,129,1082
-70.76478650651,-15.159070419532,2691,48,1488
-72.471585546338,-14.350586663824,2689,80,2011
-69.327482051918,-20.45913059584,2840,3,-725
-69.41731358033,-16.955700987772,2679,67,1055
-72.022427904278,-15.787891118416,2695,58,805
-68.563914060416,-15.383649240562,2804,696,1960
-79.52336052668,-6.580159456186,2892,24,-50
-73.324985066252,-14.709912777472,2680,145,2372
-68.114756418356,-22.210845399874,2683,34,-132
-74.672457992432,-15.248901947944,2842,25,-935
-70.854618034922,-16.776037930948,2829,13,-677
-70.270713100244,-17.584521686656,2779,21,-687
-75.03178410608,-13.092945266056,2672,303,1751
-72.291922489514,-15.608228061592,2734,108,558
-69.282566287712,-16.4167118173,2729,117,2030
-75.750436333376,-14.215839371206,2875,3,-1002
-73.6843111799,-13.137861030262,2746,128,965
-70.31562886445,-18.303173913952,2850,20,-545
-74.717373756638,-12.82345068082,2723,204,1278
-76.37925703226,-10.667493998932,2704,151,578
-69.1927347593,-21.312530115754,2831,3,-746
-75.975015154406,-10.80224129155,2702,383,1562
-69.821555458184,-14.260755135412,2675,693,3279
-71.88768061166,-15.74297535421,2646,91,1575
-73.774142708312,-14.126007842794,2720,86,1068
-69.102903230888,-23.109160683994,2774,3,-739
-68.249503710974,-17.000616751978,2691,64,1658
-68.653745588828,-16.686206402536,2696,106,3491
-71.258859912776,-15.473480768974,2690,63,884
-71.124112620158,-14.170923607,2693,104,1319
-68.249503710974,-20.998119766312,2696,16,-602
-69.552060872948,-15.024323126914,2693,111,2334
-68.608829824622,-20.68370941687,2697,27,-417
-75.840267861788,-13.766681729146,2880,4,-852
-69.237650523506,-18.6625000276,2686,29,368
-68.788492881446,-19.33623649069,2701,24,-161
-69.282566287712,-19.201489198072,2724,24,545
-68.563914060416,-15.608228061592,2715,481,3152
-68.923240174064,-17.898932036098,2665,53,1600
-68.74357711724,-15.698059590004,2817,221,926
-68.249503710974,-16.731122166742,2708,50,685
-72.696164367368,-15.832806882622,2764,47,-153
-68.74357711724,-15.383649240562,2721,874,2846
-77.547066901616,-8.78103190228,2731,111,1744
-69.507145108742,-20.00997295378,2833,2,-826
-74.672457992432,-13.04802950185,2737,163,688
-74.313131878784,-13.362439851292,2749,60,211
-75.840267861788,-11.296314697816,2712,323,1158
-69.147818995094,-18.393005442364,2659,51,1039
-80.511507339212,-6.175917578332,2903,7,-1304
-75.9300993902,-12.643787623996,2775,60,858
-70.944449563334,-15.428565004768,2672,85,2111
-68.923240174064,-15.653143825798,2734,295,1897
-69.86647122239,-21.537108936784,2804,12,-814
-75.840267861788,-14.440418192236,2871,7,-966
-76.15467821123,-11.880219632494,2681,168,1449
-68.159672182562,-21.671856229402,2697,24,-245
-69.552060872948,-19.515899547514,2821,3,-779
-77.367403844792,-9.499684129576,2702,70,2101
-72.741080131574,-13.27260832288,2706,348,3223
-78.041140307882,-9.90392600743,2894,5,-617
-68.204587946768,-18.393005442364,2700,32,838
-75.121615634492,-15.248901947944,2872,10,-763
-70.31562886445,-17.898932036098,2859,24,-795
-69.462229344536,-16.461627581506,2696,109,1502
-70.98936532754,-14.84466007009,2672,63,2499
-69.776639693978,-21.177782823136,2791,7,-744
-72.965658952604,-13.362439851292,2805,173,1195
-76.60383585329,-12.059882689318,2859,45,-294
-76.783498910114,-12.553956095584,NA,NA,NA
-74.80720528505,-14.440418192236,2783,45,283
-68.788492881446,-18.707415791806,2692,20,120
-74.627542228226,-15.159070419532,2849,9,-914
-69.552060872948,-16.102301467858,2748,118,2159
-76.783498910114,-12.553956095584,NA,NA,NA
-71.258859912776,-14.754828541678,2701,61,1292
-70.854618034922,-13.901429021764,2650,544,3351
-68.833408645652,-22.974413391376,2746,7,-724
-70.270713100244,-16.057385703652,2670,62,1905
-80.017433932946,-6.175917578332,2892,11,-1131
-68.74357711724,-20.863372473694,2683,31,-119
-74.717373756638,-13.991260550176,2713,103,492
-76.738583145908,-10.981904348374,2723,88,546
-69.057987466682,-17.854016271892,2689,34,516
-68.384251003592,-20.45913059584,2661,28,-86
-71.797849083248,-16.102301467858,2763,41,57
-73.280069302046,-14.664997013266,2681,136,2166
-69.013071702476,-19.740478368544,2724,23,138
-71.66310179063,-15.698059590004,2707,51,219
-69.372397816124,-16.551459109918,2695,89,858
-69.64189240136,-16.281964524682,2699,85,1236
-71.4385229696,-16.86586945936,2863,6,-789
-75.301278691316,-14.081092078588,2811,26,98
-71.124112620158,-16.596374874124,2715,23,-114
-69.731723929772,-17.449774394038,2676,37,395
-69.147818995094,-23.1540764482,2779,2,-757
-69.1927347593,-23.064244919788,2794,1,-826
-76.334341268054,-12.733619152408,2874,17,-626
-70.630039213892,-14.575165484854,2703,56,1239
-77.367403844792,-9.6793471864,2715,41,1577
-78.490297949942,-9.185273780134,2884,12,-1054
-73.90889000093,-13.676850200734,2744,64,945
-72.11225943269,-15.428565004768,2657,121,1904
-71.169028384364,-17.674353215068,2865,12,-891
-72.516501310544,-13.182776794468,2823,173,1050
-72.965658952604,-16.057385703652,2821,5,-775
-76.334341268054,-11.880219632494,2703,140,1274
-68.06984065415,-16.371796053094,2677,443,2991
-69.64189240136,-16.19213299627,2716,92,1477
-74.268216114578,-14.62008124906,2724,68,51
-76.334341268054,-13.227692558674,NA,NA,NA
-69.552060872948,-19.920141425368,2831,2,-816
-74.313131878784,-12.643787623996,2767,208,891
-68.833408645652,-15.248901947944,2754,827,2275
-71.977512140072,-14.170923607,2719,77,2468
-70.899533799128,-15.024323126914,2700,33,612
-71.573270262218,-17.270111337214,NA,NA,NA
-69.956302750802,-17.045532516184,2667,51,288
-70.98936532754,-14.664997013266,2702,51,913
-68.653745588828,-23.243907976612,2746,11,-699
-74.223300350372,-15.51839653318,2813,17,-647
-79.837770876122,-6.804738277216,2897,8,-1191
-69.237650523506,-18.707415791806,2679,29,459
-68.114756418356,-18.078595092922,2703,38,1673
-68.878324409858,-18.6625000276,2699,19,-224
-72.426669782132,-14.440418192236,2678,78,2123
-73.953805765136,-13.362439851292,2724,75,1307
-72.33683825372,-13.317524087086,2734,230,2932
-73.414816594664,-14.754828541678,2698,123,1697
-76.693667381702,-11.341230462022,2714,154,1284
-68.429166767798,-18.258258149746,2695,43,1445
-73.190237773634,-16.057385703652,2873,12,-1154
-69.282566287712,-19.650646840132,2755,9,-221
-69.552060872948,-14.799744305884,2678,175,2159
-77.861477251058,-8.870863430692,2793,50,525
-70.09105004342,-14.440418192236,2698,115,1299
-69.821555458184,-19.291320726484,2863,1,-930
-80.062349697152,-6.400496399362,2895,7,-1343
-74.852121049256,-14.215839371206,2735,70,863
-70.046134279214,-16.326880288888,2655,62,1310
-71.528354498012,-14.530249720648,2682,66,1877
-71.079196855952,-16.686206402536,2785,15,-383
-72.381754017926,-15.832806882622,2851,44,-580
-77.50215113741,-10.847157055756,2878,4,-766
-69.64189240136,-14.709912777472,2676,215,2500
-75.211447162904,-11.655640811464,2696,416,2607
-77.367403844792,-10.263252121078,2717,20,1627
-72.875827424192,-13.407355615498,2825,132,563
-71.169028384364,-16.776037930948,2831,7,-893
-72.78599589578,-13.811597493352,2760,82,1494
-77.906393015264,-9.050526487516,2721,44,1276
-71.483438733806,-13.991260550176,2737,56,283
-69.776639693978,-16.551459109918,2677,61,436
-68.878324409858,-18.842163084424,2654,30,769
-69.911386986596,-19.875225661162,2812,2,-914
-69.1927347593,-14.440418192236,2804,743,2528
-75.9300993902,-14.170923607,2874,3,-1081
-70.046134279214,-17.98876356451,2881,17,-718
-74.537710699814,-14.036176314382,2717,82,313
-70.31562886445,-14.709912777472,2696,48,919
-68.74357711724,-23.109160683994,2731,8,-673
-75.301278691316,-14.934491598502,2869,5,-906
-70.76478650651,-17.31502710142,2840,10,-788
-71.573270262218,-14.081092078588,2715,64,1383
-76.648751617496,-10.038673300048,2740,139,206
-69.686808165566,-16.012469939446,2745,96,1949
-68.608829824622,-19.78539413275,2666,31,341
-71.21394414857,-16.86586945936,2843,6,-684
-69.147818995094,-22.48033998511,2785,1,-895
-73.100406245222,-13.092945266056,2744,304,3031
-73.055490481016,-15.698059590004,2868,11,-229
-69.64189240136,-15.203986183738,2736,76,1692
-67.890177597326,-18.43792120657,2698,31,736
-78.355550657324,-7.927632382366,2744,152,1286
-76.334341268054,-11.835303868288,2718,127,1012
-75.795352097582,-13.766681729146,2886,5,-767
-70.54020768548,-15.06923889112,2703,36,1764
-76.918246202732,-12.284461510348,NA,NA,NA
-70.046134279214,-17.449774394038,2775,20,-181
-76.963161966938,-10.936988584168,2798,25,635
-70.54020768548,-16.506543345712,2676,52,898
-74.268216114578,-13.676850200734,2724,59,821
-71.932596375866,-13.452271379704,2750,128,1957
-79.52336052668,-6.849654041422,2894,25,-771
-76.873330438526,-9.993757535842,2704,164,1186
-68.878324409858,-20.863372473694,2710,29,-98
-70.180881571832,-18.303173913952,2862,26,-747
-69.282566287712,-14.799744305884,2692,432,2440
-69.686808165566,-15.024323126914,2710,84,1836
-71.348691441188,-14.081092078588,2721,73,817
-77.097909259556,-11.835303868288,2882,13,-765
-70.944449563334,-15.96755417524,2675,54,890
-68.878324409858,-23.288823740818,2756,4,-681
-76.963161966938,-11.386146226228,2862,51,-136
-69.821555458184,-17.943847800304,2742,15,77
-70.809702270716,-16.012469939446,2669,53,1114
-69.372397816124,-17.943847800304,2690,38,664
-76.15467821123,-12.509040331378,2752,40,584
-69.372397816124,-14.485333956442,2733,673,2898
-69.64189240136,-15.877722646828,2775,87,1843
-71.124112620158,-14.889575834296,2697,46,970
-72.516501310544,-14.575165484854,2674,118,3250
-70.225797336038,-18.931994612836,2850,7,-770
-73.45973235887,-15.832806882622,2831,8,-728
-70.98936532754,-17.584521686656,2851,6,-859
-75.48094174814,-11.9251353967,2717,152,1159
-76.109762447024,-12.014966925112,2700,124,953
-68.159672182562,-16.461627581506,2705,195,1328
-70.135965807626,-22.300676928286,2831,16,-694
-77.097909259556,-11.071735876786,2860,16,-33
-80.87083345286,-6.131001814126,2898,11,-1217
-69.776639693978,-15.203986183738,2745,57,1165
-70.225797336038,-18.43792120657,2858,22,-710
-80.286928518182,-6.355580635156,2898,6,-1347
-72.78599589578,-16.147217232064,2843,3,-953
-68.384251003592,-15.653143825798,2812,415,2269
-76.918246202732,-9.90392600743,2718,151,909
-69.911386986596,-15.024323126914,2702,58,1283
-68.024924889944,-18.931994612836,2681,17,308
-69.41731358033,-20.504046360046,2845,2,-804
-69.147818995094,-21.222698587342,2826,4,-731
-79.792855111916,-6.31066487095,2886,17,-377
-69.013071702476,-16.820953695154,2703,87,1694
-74.672457992432,-13.856513257558,2689,119,998
-68.878324409858,-19.11165766966,2693,28,202
-70.854618034922,-14.440418192236,2675,95,2395
-75.166531398698,-13.991260550176,2754,60,539
-76.873330438526,-9.544599893782,2722,225,1243
-79.343697469856,-6.625075220392,2908,72,979
-69.911386986596,-15.653143825798,2743,54,1525
-69.821555458184,-20.504046360046,2788,0,-858
-71.4385229696,-15.832806882622,2692,48,187
-76.783498910114,-11.116651640992,2754,88,780
-76.37925703226,-11.071735876786,2686,165,1056
-69.327482051918,-17.404858629832,2673,58,1086
-71.88768061166,-14.126007842794,2722,64,2019
-69.911386986596,-18.258258149746,2832,13,-633
-70.180881571832,-17.584521686656,2764,19,-498
-71.88768061166,-16.057385703652,2772,38,77
-75.211447162904,-12.329377274554,2758,140,186
-70.585123449686,-17.09044828039,2721,31,185
-76.783498910114,-9.993757535842,2713,192,1331
-68.878324409858,-23.243907976612,2756,5,-634
-69.956302750802,-17.719268979274,2779,16,-148
-71.618186026424,-17.180279808802,2870,22,-655
-69.282566287712,-21.671856229402,2835,3,-889
-70.719870742304,-17.09044828039,2752,22,62
-70.405460392862,-17.494690158244,2822,15,-665
-75.436025983934,-14.305670899618,2872,11,-718
-68.384251003592,-22.03118234305,2675,29,-157
-68.608829824622,-17.359942865626,2698,41,1054
-70.54020768548,-18.033679328716,2848,8,-663
-71.708017554836,-14.081092078588,2756,43,414
-70.046134279214,-22.076098107256,2818,26,-652
-71.124112620158,-14.62008124906,2677,85,2819
-76.244509739642,-9.859010243224,2819,184,-117
-75.70552056917,-14.709912777472,2891,12,-1102
-70.899533799128,-14.170923607,2653,193,2898
-70.180881571832,-14.709912777472,2691,60,1198
-72.56141707475,-15.248901947944,2663,140,2316
-79.07420288462,-7.837800853954,2882,20,-822
-75.9300993902,-14.440418192236,2873,7,-916
-73.774142708312,-12.82345068082,2759,121,1088
-76.199593975436,-9.948841771636,2775,128,23
-77.906393015264,-9.993757535842,2903,8,-451
-69.821555458184,-21.087951294724,2793,10,-835
-73.729226944106,-13.04802950185,2739,127,1104
-77.142825023762,-10.35308364949,2792,27,14
-76.064846682818,-12.733619152408,2780,28,223
-69.64189240136,-17.809100507686,2709,29,207
-74.80720528505,-12.733619152408,2723,217,880
-73.998721529342,-13.811597493352,2725,66,1231
-69.013071702476,-19.965057189574,2716,24,124
-69.282566287712,-18.527752734982,2686,30,354
-69.731723929772,-18.6625000276,2785,5,-280
-68.878324409858,-17.404858629832,2688,53,880
-68.429166767798,-16.506543345712,2715,67,1297
-75.121615634492,-11.9251353967,2698,262,1759
-69.821555458184,-20.144720246398,2802,1,-860
-71.393607205394,-14.170923607,2732,48,187
-76.199593975436,-9.6793471864,2775,598,1517
-70.98936532754,-17.674353215068,2858,8,-1128
-78.40046642153,-7.65813779713,2757,71,971
-72.56141707475,-15.51839653318,2664,142,1598
-70.046134279214,-22.345592692492,2813,8,-741
-70.495291921274,-17.494690158244,2848,11,-907
-71.483438733806,-14.440418192236,2704,51,713
-68.51899829621,-22.794750334552,2728,9,-722
-75.346194455522,-13.04802950185,2689,268,921
-68.429166767798,-17.494690158244,2696,34,835
-75.346194455522,-12.239545746142,2722,150,600
-74.852121049256,-13.27260832288,2691,205,1240
-69.1927347593,-22.345592692492,2775,2,-607
-72.426669782132,-14.934491598502,2672,117,2019
-68.474082532004,-18.21334238554,2685,48,2133
-76.37925703226,-11.341230462022,2688,185,1424
-70.495291921274,-17.494690158244,2848,11,-907
-71.708017554836,-14.709912777472,2678,65,1536
-71.169028384364,-15.922638411034,2679,50,452
-68.923240174064,-19.426068019102,2668,27,223
-69.596976637154,-18.168426621334,2741,22,265
-76.558920089084,-12.239545746142,2855,29,-438
-76.37925703226,-9.90392600743,2806,172,71
-75.975015154406,-10.847157055756,2697,390,1652
-77.27757231638,-10.173420592666,2713,36,1410
-69.102903230888,-22.390508456698,2765,3,-690
-77.591982665822,-10.80224129155,2880,6,-902
-75.346194455522,-13.811597493352,2823,63,41
-68.114756418356,-22.03118234305,2698,25,-400
-69.821555458184,-19.066741905454,2837,2,-763
-69.821555458184,-20.054888717986,2801,1,-901
-68.114756418356,-21.312530115754,2684,30,95
-70.809702270716,-16.731122166742,2803,20,-124
-70.225797336038,-16.057385703652,2674,60,1845
-72.291922489514,-13.901429021764,2698,121,3627
-77.636898430028,-10.622578234726,2883,5,-724
-74.762289520844,-14.440418192236,2760,51,475
-70.225797336038,-13.991260550176,2686,615,3579
-73.774142708312,-14.62008124906,2687,115,1650
-69.596976637154,-15.428565004768,2770,65,1445
-77.187740787968,-11.47597775464,2875,20,-867
-69.552060872948,-15.024323126914,2693,111,2334
-69.237650523506,-16.64129063833,2702,89,1273
-69.372397816124,-19.56081531172,2790,6,-467
-71.528354498012,-13.94634478597,2700,84,1543
-78.535213714148,-8.960694959104,2882,14,-1000
-72.157175196896,-16.371796053094,2864,3,-804
-68.339335239386,-19.156573433866,2709,18,48
-72.11225943269,-13.137861030262,2739,223,2660
-73.594479651488,-15.383649240562,2752,50,861
-77.50215113741,-10.847157055756,2878,4,-766
-69.102903230888,-15.51839653318,2728,232,1169
-76.334341268054,-9.993757535842,2763,159,712
-74.268216114578,-13.587018672322,2742,60,711
-68.74357711724,-16.506543345712,2745,92,2540
-68.429166767798,-18.303173913952,2705,38,987
-70.135965807626,-20.728625181076,2846,18,-717
-68.923240174064,-19.605731075926,2674,28,285
-68.429166767798,-22.70491880614,2717,11,-620
-76.648751617496,-10.892072819962,2690,96,770
-72.157175196896,-16.86586945936,2867,15,-572
-71.528354498012,-16.237048760476,2708,37,69
-69.013071702476,-21.941350814638,2755,12,-804
-69.956302750802,-22.839666098758,2780,1,-859
-72.247006725308,-13.452271379704,2770,121,922
-68.923240174064,-18.931994612836,2684,24,137
-69.911386986596,-15.428565004768,2737,54,1655
-68.653745588828,-15.114154655326,2780,1031,2599
-74.941952577668,-14.350586663824,2811,38,208
-74.13346882196,-14.799744305884,2758,71,474
-71.932596375866,-14.260755135412,2718,72,2149
-76.738583145908,-11.386146226228,2763,108,1125
-72.965658952604,-15.96755417524,2882,5,-915
-71.21394414857,-13.676850200734,2681,485,2843
-70.585123449686,-15.608228061592,2691,52,1489
-68.429166767798,-17.809100507686,2707,29,811
-76.244509739642,-13.227692558674,2875,16,-922
-74.897036813462,-14.350586663824,2813,43,271
-77.367403844792,-9.859010243224,2729,30,932
-69.013071702476,-18.21334238554,2676,45,622
-80.601338867624,-6.31066487095,2902,11,-1219
-69.372397816124,-19.920141425368,2800,4,-754
-68.653745588828,-19.021826141248,2709,19,-248
-69.86647122239,-14.39550242803,2692,275,1292
-70.270713100244,-18.88707884863,2860,7,-823
-75.525857512346,-12.104798453524,2704,150,1105
-77.187740787968,-9.90392600743,2668,99,2252
-68.06984065415,-22.794750334552,2733,35,-515
-74.762289520844,-14.126007842794,2706,121,973
-73.819058472518,-13.27260832288,2830,60,-207
-68.159672182562,-20.998119766312,2677,23,-218
-76.064846682818,-13.587018672322,2881,6,-978
-70.001218515008,-19.78539413275,2810,6,-945
-68.563914060416,-18.393005442364,2697,30,293
-68.608829824622,-20.863372473694,2697,23,-479
-73.23515353784,-14.036176314382,2792,73,318
-68.563914060416,-15.832806882622,2684,338,3881
-70.046134279214,-16.012469939446,2703,53,1275
-73.45973235887,-13.631934436528,2772,86,553
-69.507145108742,-19.875225661162,2826,2,-805
-76.558920089084,-12.868366445026,NA,NA,NA
-70.630039213892,-14.799744305884,2694,48,1952
-76.558920089084,-9.6793471864,2711,420,1647
-72.426669782132,-14.215839371206,2692,114,3211
-68.608829824622,-20.773540945282,2693,27,-383
-76.60383585329,-9.45476836537,2729,501,2020
-69.372397816124,-18.393005442364,2694,36,694
-68.339335239386,-18.123510857128,2679,46,2552
-76.334341268054,-12.059882689318,2714,105,1131
-71.303775676982,-13.631934436528,2705,369,2184
-76.424172796466,-9.589515657988,2765,581,1619
-70.98936532754,-16.551459109918,2692,37,294
-69.1927347593,-19.920141425368,2764,10,-275
-77.681814194234,-8.511537317044,2747,93,1443
-75.346194455522,-11.520893518846,2710,416,2438
-72.157175196896,-16.147217232064,2842,9,-696
-74.672457992432,-14.530249720648,2772,47,206
-70.719870742304,-14.260755135412,2671,144,1983
-69.102903230888,-20.23455177481,2736,16,-251
-79.927602404534,-6.849654041422,2898,9,-1240
-70.405460392862,-14.889575834296,2708,36,1056
-67.890177597326,-17.98876356451,2704,39,1061
-72.247006725308,-15.383649240562,2663,145,1847
-69.596976637154,-15.114154655326,2721,77,1483
-70.854618034922,-14.350586663824,2681,89,1510
-68.788492881446,-19.650646840132,2684,25,63
-69.462229344536,-15.608228061592,2783,73,1462
-70.225797336038,-19.066741905454,2854,16,-811
-79.29878170565,-7.164064390864,2894,50,-385
-75.436025983934,-14.709912777472,2867,5,-970
-73.819058472518,-14.260755135412,2692,115,2174
-69.776639693978,-22.794750334552,2773,0,-769
-76.82841467432,-12.239545746142,2871,30,-858
-68.159672182562,-21.312530115754,2643,37,413
-78.265719128912,-9.00561072331,2855,20,-157
-69.013071702476,-15.877722646828,2768,123,1163
-76.109762447024,-10.892072819962,2714,205,695
-76.873330438526,-9.140358015928,2727,416,2061
-72.516501310544,-15.248901947944,2664,132,2068
-69.776639693978,-20.9082882379,2785,5,-861
-68.878324409858,-17.000616751978,2707,64,1461
-69.731723929772,-18.21334238554,2750,14,153
-68.788492881446,-20.863372473694,2689,33,-30
-75.615689040758,-11.9251353967,2687,176,1410
-69.102903230888,-14.575165484854,2754,815,3160
-71.932596375866,-14.170923607,2712,76,2559
-68.608829824622,-18.303173913952,2696,40,719
-69.147818995094,-17.76418474348,2675,46,1440
-68.29441947518,-22.300676928286,2714,25,-518
-67.351188426854,-22.794750334552,2626,22,-519
-73.190237773634,-14.664997013266,2674,131,2194
-69.102903230888,-19.965057189574,2736,17,17
-72.56141707475,-14.081092078588,2740,73,1588
-68.06984065415,-21.177782823136,2702,15,-691
-70.854618034922,-13.991260550176,2647,387,3090
-73.90889000093,-15.787891118416,2834,21,-868
-75.795352097582,-12.733619152408,2759,96,1294
-71.079196855952,-14.754828541678,2682,75,2332
-69.147818995094,-20.68370941687,2817,7,-722
-69.462229344536,-17.674353215068,2689,29,58
-69.013071702476,-18.752331556012,2668,30,564
-76.648751617496,-9.185273780134,2762,646,2239
-69.64189240136,-19.381152254896,2825,3,-800
-70.180881571832,-18.617584263394,2859,14,-779
-68.429166767798,-15.383649240562,2820,660,2154
-73.819058472518,-13.04802950185,2718,112,1101
-70.98936532754,-15.338733476356,2671,86,2213
-74.537710699814,-14.889575834296,2793,32,-23
-68.653745588828,-22.974413391376,2750,5,-653
-69.686808165566,-23.198992212406,2808,0,-918
-78.265719128912,-9.00561072331,2855,20,-157
-70.630039213892,-17.270111337214,2779,20,-410
-80.511507339212,-6.355580635156,2902,10,-1253
-68.96815593827,-18.527752734982,2693,31,186
-76.289425503848,-11.790388104082,2743,117,624
-69.237650523506,-21.087951294724,2835,3,-756
-71.842764847454,-15.51839653318,2668,86,1468
-69.731723929772,-19.695562604338,2828,1,-894
-76.648751617496,-10.532746706314,2697,134,853
-77.097909259556,-11.116651640992,2861,18,-28
-75.121615634492,-11.970051160906,2714,227,1356
-77.636898430028,-9.814094479018,2775,16,1801
-75.301278691316,-11.565809283052,2721,398,2373
-68.204587946768,-16.820953695154,2707,48,512
-69.372397816124,-15.832806882622,2791,100,2165
-69.372397816124,-15.248901947944,2701,112,1817
-70.001218515008,-16.281964524682,2680,53,935
-76.963161966938,-10.622578234726,2737,42,146
-68.788492881446,-23.288823740818,2765,6,-645
-72.291922489514,-13.587018672322,2745,156,2638
-69.596976637154,-15.51839653318,2782,69,1658
-73.369900830458,-15.74297535421,2839,9,-547
-71.528354498012,-14.305670899618,2704,57,1087
-71.618186026424,-15.06923889112,2690,49,812
-75.121615634492,-14.84466007009,2863,3,-1098
-68.96815593827,-16.281964524682,2784,95,1779
-70.001218515008,-14.530249720648,2676,138,2048
-72.696164367368,-15.06923889112,2724,90,973
-76.064846682818,-12.868366445026,2913,23,-641
-75.525857512346,-11.9251353967,2721,141,932
-74.313131878784,-13.856513257558,2736,52,219
-77.232656552174,-11.116651640992,2888,9,-612
-73.504648123076,-16.057385703652,2837,19,-851
-75.795352097582,-14.62008124906,2881,12,-865
-79.29878170565,-7.65813779713,2884,18,-1080
-68.653745588828,-15.787891118416,2798,231,1475
-68.698661353034,-15.159070419532,2782,962,2154
-74.402963407196,-14.305670899618,2698,89,584
-77.591982665822,-9.140358015928,2655,100,3268
-71.079196855952,-15.114154655326,2689,45,850
-69.956302750802,-19.875225661162,2812,4,-862
-70.225797336038,-16.551459109918,2657,68,1206
-76.648751617496,-12.509040331378,2884,40,-871
-74.313131878784,-14.889575834296,2734,58,469
-72.651248603162,-14.485333956442,2669,125,3756
-73.594479651488,-13.182776794468,2739,170,1544
-68.114756418356,-18.43792120657,2697,32,723
-75.301278691316,-13.04802950185,2686,270,968
-69.237650523506,-15.608228061592,2753,97,837
-72.516501310544,-16.596374874124,2862,20,-742
-77.72672995844,-8.33187426022,2727,106,1405
-75.70552056917,-12.014966925112,2693,145,1006
-69.102903230888,-15.114154655326,2692,503,2137
-72.606332838956,-16.147217232064,2863,5,-912
-78.355550657324,-9.275105308546,2890,13,-885
-72.157175196896,-14.39550242803,2710,59,1466
-75.525857512346,-11.206483169404,2765,499,2489
-71.88768061166,-15.563312297386,2659,71,1063
-76.289425503848,-10.936988584168,2715,140,409
-69.686808165566,-16.551459109918,2672,85,1163
-70.76478650651,-15.114154655326,2686,42,1359
-71.932596375866,-13.811597493352,2767,48,364
-68.96815593827,-17.449774394038,2688,53,900
-77.72672995844,-10.173420592666,2804,9,408
-79.52336052668,-7.253895919276,2895,13,-1198
-69.057987466682,-21.177782823136,2802,9,-692
-68.249503710974,-22.300676928286,2714,26,-474
-79.568276290886,-6.849654041422,2896,15,-1047
-69.372397816124,-16.820953695154,2691,67,548
-75.076699870286,-14.036176314382,2780,56,384
-69.41731358033,-15.96755417524,2786,106,1999
-74.80720528505,-13.766681729146,2691,150,1164
-71.573270262218,-17.09044828039,2864,17,-722
-73.819058472518,-13.766681729146,2754,68,478
-73.774142708312,-15.96755417524,2843,17,-929
-70.046134279214,-21.671856229402,2827,56,-635
-74.897036813462,-13.94634478597,2735,102,757
-70.674954978098,-14.126007842794,2657,290,3036
-70.809702270716,-15.832806882622,2690,36,210
-68.96815593827,-19.381152254896,2684,29,278
-70.225797336038,-15.96755417524,2687,49,1444
-72.516501310544,-13.317524087086,2718,284,3315
-74.223300350372,-15.024323126914,2763,42,743
-69.507145108742,-16.147217232064,2746,112,1834
-70.270713100244,-18.123510857128,2859,25,-781
-70.180881571832,-16.057385703652,2688,52,1410
-72.606332838956,-13.901429021764,2697,107,3224
-69.41731358033,-22.03118234305,2831,1,-1023
-71.842764847454,-16.551459109918,2858,3,-904
-70.225797336038,-22.390508456698,2863,18,-472
-74.313131878784,-13.94634478597,2744,52,161
-68.878324409858,-21.043035530518,2711,28,-122
-75.166531398698,-13.407355615498,2694,226,1022
-68.74357711724,-15.832806882622,2761,218,2369
-77.27757231638,-9.364936836958,2721,118,1882
-68.06984065415,-22.345592692492,2684,36,-216
-72.291922489514,-14.215839371206,2707,69,1697
-72.741080131574,-13.676850200734,2715,166,3856
-76.873330438526,-11.116651640992,2713,56,1014
-68.833408645652,-17.180279808802,2696,51,1211
-69.1927347593,-16.461627581506,2733,100,1461
-68.204587946768,-18.033679328716,2701,34,1750
-75.346194455522,-14.575165484854,2862,4,-960
-68.96815593827,-20.189636010604,2684,25,-129
-75.615689040758,-13.452271379704,2793,96,294
-68.74357711724,-21.671856229402,2702,14,-659
-72.696164367368,-13.811597493352,2720,113,3004
-81.050496509684,-6.08608604992,2900,9,-1153
-75.121615634492,-14.799744305884,2863,4,-1069
-73.145322009428,-13.452271379704,2855,66,-106
-76.873330438526,-11.970051160906,2893,17,-756
-68.204587946768,-21.80660352202,2654,30,33
-73.953805765136,-16.057385703652,2875,28,-1013
-68.204587946768,-21.80660352202,2654,30,33
-69.013071702476,-15.922638411034,2771,122,1485
-79.478444762474,-6.580159456186,2893,32,376
-69.327482051918,-14.799744305884,2699,329,1995
-70.405460392862,-17.719268979274,2862,20,-714
-76.963161966938,-10.173420592666,2699,104,1288
-73.504648123076,-14.215839371206,2730,79,660
-67.62068301209,-23.019329155582,2609,43,-423
-75.9300993902,-14.350586663824,2870,4,-969
-68.96815593827,-23.064244919788,2751,6,-754
-76.109762447024,-13.901429021764,2873,3,-999
-70.450376157068,-16.461627581506,2679,48,553
-73.594479651488,-13.49718714391,2726,152,1588
-71.21394414857,-13.49718714391,2664,1028,5331
-72.247006725308,-16.281964524682,2860,5,-836
-68.384251003592,-18.617584263394,2692,23,413
-72.067343668484,-15.877722646828,2706,45,442
-73.145322009428,-14.081092078588,2751,102,1822
-69.1927347593,-18.931994612836,2695,31,622
-73.729226944106,-13.991260550176,2755,102,1419
-71.258859912776,-14.934491598502,2694,47,1193
-76.334341268054,-9.6793471864,2727,641,1827
-70.585123449686,-16.776037930948,2676,38,961
-71.303775676982,-13.901429021764,2676,171,2194
-70.360544628656,-16.461627581506,2684,42,284
-78.445382185736,-9.364936836958,NA,NA,NA
-68.249503710974,-21.671856229402,2719,17,-607
-68.384251003592,-20.68370941687,2651,30,36
-78.086056072088,-9.544599893782,2887,11,-306
-71.21394414857,-14.126007842794,2671,117,1983
-78.490297949942,-8.421705788632,2900,48,-80
-70.809702270716,-15.114154655326,2700,38,842
-75.70552056917,-13.856513257558,2884,7,-639
-69.776639693978,-20.728625181076,2785,1,-881
-71.4385229696,-16.4167118173,2784,17,-385
-76.648751617496,-9.275105308546,2765,531,1929
-73.100406245222,-16.4167118173,2863,27,-885
-70.54020768548,-17.674353215068,2861,14,-875
-75.121615634492,-11.790388104082,2706,376,2426
-76.244509739642,-13.317524087086,2875,10,-975
-75.9300993902,-13.94634478597,2873,1,-1101
-70.98936532754,-14.081092078588,2679,158,1394
-77.187740787968,-9.814094479018,2688,104,2164
-73.23515353784,-14.081092078588,2762,82,906
-68.788492881446,-16.64129063833,2701,139,4418
-69.86647122239,-22.03118234305,2785,7,-788
-77.232656552174,-11.745472339876,NA,NA,NA
-72.291922489514,-13.003113737644,2727,260,2829
-72.247006725308,-14.170923607,2702,74,2135
-75.166531398698,-11.745472339876,2705,369,2318
-73.998721529342,-14.350586663824,2709,87,979
-77.95130877947,-10.397999413696,2881,3,-1006
-70.180881571832,-14.889575834296,2704,39,792
-75.840267861788,-13.856513257558,2885,3,-1088
-76.873330438526,-11.790388104082,2867,20,-510
-69.372397816124,-18.21334238554,2693,38,469
-71.752933319042,-16.551459109918,2838,5,-811
-76.918246202732,-11.341230462022,2892,48,-61
-68.923240174064,-14.979407362708,2681,1073,3154
-73.6843111799,-14.979407362708,2698,112,1880
-75.795352097582,-11.790388104082,2684,175,1257
-68.024924889944,-22.794750334552,2717,43,-494
-70.944449563334,-15.608228061592,2685,51,581
-69.731723929772,-22.70491880614,2760,0,-853
-78.220803364706,-9.90392600743,2882,3,-1162
-72.022427904278,-15.06923889112,2673,105,2116
-70.270713100244,-14.39550242803,2701,116,1667
-70.270713100244,-15.653143825798,2710,39,1016
-76.693667381702,-12.284461510348,2873,33,-744
-68.474082532004,-22.660003041934,2717,13,-605
-68.96815593827,-15.563312297386,2769,264,1156
-71.169028384364,-15.383649240562,2669,85,1802
-70.630039213892,-15.608228061592,2684,51,1409
-69.102903230888,-17.584521686656,2688,41,778
-74.941952577668,-12.014966925112,2743,404,2341
-71.303775676982,-14.799744305884,2701,50,775
-72.78599589578,-14.260755135412,2684,134,3954
-76.82841467432,-12.329377274554,2869,26,-895
-72.696164367368,-16.371796053094,2854,7,-919
-74.35804764299,-13.407355615498,2742,87,794
-71.393607205394,-13.766681729146,2698,204,2361
-70.719870742304,-14.979407362708,2709,32,1314
-68.878324409858,-18.303173913952,2678,39,488
-77.95130877947,-9.364936836958,2799,19,703
-72.830911659986,-13.991260550176,2704,103,2926
-70.09105004342,-14.709912777472,2685,74,1674
-69.86647122239,-14.799744305884,2702,69,634
-80.19709698977,-6.08608604992,2895,8,-1220
-76.918246202732,-12.059882689318,2885,23,-1010
-70.180881571832,-15.338733476356,2712,43,1371
-73.280069302046,-13.587018672322,2771,87,927
-69.552060872948,-20.054888717986,2839,1,-848
-75.615689040758,-14.440418192236,2857,4,-1055
-77.367403844792,-10.667493998932,2830,7,10
-71.258859912776,-15.74297535421,2679,55,546
-69.057987466682,-22.121013871462,2770,7,-734
-69.596976637154,-18.033679328716,2724,28,284
-69.237650523506,-17.98876356451,2683,38,739
-69.41731358033,-19.920141425368,2805,4,-814
-68.06984065415,-16.551459109918,2734,127,461
-70.405460392862,-14.754828541678,2702,39,826
-70.54020768548,-15.653143825798,2708,33,350
-74.627542228226,-13.94634478597,2700,101,741
-69.596976637154,-20.324383303222,2826,0,-827
-70.225797336038,-14.260755135412,2703,164,1010
-69.41731358033,-17.31502710142,2666,60,1115
-71.797849083248,-14.979407362708,2674,63,1522
-70.180881571832,-17.719268979274,2834,22,-719
-77.591982665822,-9.90392600743,2746,19,1865
-69.731723929772,-14.889575834296,2705,78,930
-75.391110219728,-14.799744305884,2863,5,-938
-70.630039213892,-16.86586945936,2695,32,677
-68.339335239386,-17.629437450862,2695,35,1325
-73.01057471681,-14.350586663824,2698,115,2701
-77.142825023762,-11.790388104082,2877,10,-952
-70.270713100244,-13.94634478597,2704,648,3722
-68.563914060416,-19.11165766966,2689,26,421
-76.514004324878,-12.59887185979,2883,26,-789
-68.024924889944,-22.121013871462,2677,33,-202
-68.204587946768,-21.58202470099,2690,27,-57
-69.731723929772,-21.13286705893,2789,5,-774
-78.939455592002,-8.10729543919,2879,18,-1002
-73.145322009428,-16.057385703652,2872,9,-1057
-73.6843111799,-13.407355615498,2760,128,1157
-69.596976637154,-18.617584263394,2738,13,274
-68.249503710974,-22.525255749316,2689,29,-525
-77.097909259556,-11.655640811464,2881,20,-948
-73.100406245222,-13.766681729146,2711,128,2623
-72.56141707475,-13.362439851292,2713,296,3586
-70.585123449686,-17.719268979274,2863,11,-844
-75.9300993902,-12.464124567172,2750,70,322
-70.899533799128,-15.159070419532,2690,46,1109
-75.391110219728,-15.024323126914,2886,5,-1083
-67.890177597326,-18.303173913952,2703,34,816
-77.636898430028,-10.80224129155,2879,6,-1011
-69.237650523506,-15.877722646828,2788,104,1888
-73.90889000093,-14.440418192236,2693,83,1189
-71.573270262218,-13.542102908116,2727,222,2284
-75.166531398698,-11.70055657567,2705,415,2512
-75.301278691316,-15.203986183738,NA,NA,NA
-72.606332838956,-15.024323126914,2666,118,1860
-71.842764847454,-14.530249720648,2708,52,943
-75.750436333376,-14.215839371206,2875,3,-1002
-70.98936532754,-13.587018672322,2737,1078,4166
-76.82841467432,-10.218336356872,2712,138,1089
-72.291922489514,-16.686206402536,2858,15,-864
-73.953805765136,-15.563312297386,2804,15,-38
-75.615689040758,-12.553956095584,2676,186,1086
-75.076699870286,-13.766681729146,2714,139,776
-69.507145108742,-21.402361644166,2819,0,-865
-71.932596375866,-16.64129063833,2866,4,-862
-74.268216114578,-14.754828541678,2700,99,888
-80.19709698977,-6.175917578332,2895,7,-1273
-70.450376157068,-17.898932036098,2857,16,-764
-72.291922489514,-14.530249720648,2683,83,2002
-73.549563887282,-12.733619152408,2828,191,954
-73.190237773634,-15.608228061592,2755,26,989
-75.9300993902,-10.487830942108,2697,511,1860
-68.653745588828,-22.525255749316,2731,4,-710
-72.651248603162,-14.485333956442,2669,125,3756
-69.686808165566,-17.898932036098,2731,24,-106
-69.147818995094,-22.076098107256,2779,4,-709
-71.034281091746,-17.09044828039,2845,6,-855
-68.474082532004,-17.76418474348,2701,34,1338
-76.558920089084,-11.071735876786,2688,161,1343
-68.024924889944,-17.135364044596,2700,63,759
-71.034281091746,-16.057385703652,2691,42,133
-69.1927347593,-21.402361644166,2831,3,-755
-68.878324409858,-20.45913059584,2699,25,-354
-73.998721529342,-13.362439851292,2725,73,1530
-68.96815593827,-18.303173913952,2671,40,474
-70.944449563334,-13.72176596494,2674,788,3466
-69.102903230888,-22.749834570346,2753,2,-724
-68.878324409858,-22.300676928286,2722,5,-772
-71.348691441188,-15.383649240562,2670,93,1916
-70.54020768548,-16.686206402536,2664,48,1062
-69.821555458184,-16.237048760476,2681,71,1349
-73.324985066252,-14.62008124906,2683,134,2181
-75.076699870286,-12.329377274554,2743,206,993
-68.51899829621,-18.6625000276,2695,19,210
-70.135965807626,-18.393005442364,2866,24,-667
-76.15467821123,-13.452271379704,2879,7,-909
-70.046134279214,-16.147217232064,2699,50,799
-69.372397816124,-22.70491880614,2778,0,-864
-71.483438733806,-15.608228061592,2678,67,1027
-70.001218515008,-20.593877888458,2811,8,-729
-70.405460392862,-17.000616751978,2668,48,365
-71.258859912776,-13.542102908116,2666,759,4393
-73.055490481016,-14.575165484854,2672,144,3099
-69.41731358033,-21.80660352202,2845,1,-1100
-72.56141707475,-14.260755135412,2745,59,765
-78.086056072088,-8.691200373868,2809,36,759
-79.74793934771,-6.804738277216,2896,8,-1276
-69.282566287712,-18.572668499188,2675,31,471
-71.348691441188,-13.587018672322,2706,365,2493
-76.37925703226,-10.936988584168,2702,152,742
-72.651248603162,-13.182776794468,2803,202,1137
-74.941952577668,-13.811597493352,2713,156,852
-76.064846682818,-10.622578234726,2699,272,1238
-73.145322009428,-15.29381771215,2698,94,2838
-69.64189240136,-20.45913059584,2814,0,-779
-77.906393015264,-9.769178714812,2875,9,240
-76.514004324878,-11.520893518846,2698,142,1319
-71.618186026424,-15.922638411034,2721,55,346
-69.552060872948,-20.144720246398,2836,1,-847
-68.653745588828,-16.102301467858,2757,117,2072
-69.462229344536,-22.615087277728,2776,0,-830
-79.388613234062,-6.490327927774,2884,54,1932
-70.180881571832,-17.809100507686,2845,23,-774
-71.528354498012,-14.036176314382,2729,49,330
-80.64625463183,-5.996254521508,2900,5,-1334
-70.899533799128,-15.29381771215,2680,72,1905
-70.31562886445,-15.338733476356,2702,44,1399
-69.911386986596,-20.054888717986,2801,4,-842
-69.057987466682,-20.548962124252,2739,15,-476
-80.331844282388,-6.265749106744,2898,5,-1345
-69.102903230888,-18.033679328716,2654,62,1832
-69.102903230888,-20.189636010604,2753,15,-241
-70.31562886445,-18.348089678158,2851,18,-545
-69.552060872948,-20.68370941687,2825,0,-814
-71.708017554836,-16.147217232064,2762,43,39
-72.426669782132,-15.74297535421,2779,63,-225
-74.941952577668,-13.94634478597,2740,109,887
-70.001218515008,-17.404858629832,2714,26,188
-73.819058472518,-14.530249720648,2691,104,1616
-68.114756418356,-23.1540764482,2761,12,-693
-73.594479651488,-15.338733476356,2759,43,492
-72.875827424192,-15.877722646828,2825,14,-269
-76.109762447024,-13.04802950185,2855,19,-429
-71.079196855952,-16.910785223566,2801,7,-643
-70.854618034922,-15.653143825798,2691,41,310
-68.563914060416,-22.839666098758,2735,8,-720
-72.651248603162,-16.147217232064,2853,5,-963
-68.563914060416,-17.674353215068,2696,38,1268
-74.178384586166,-14.170923607,2708,73,660
-71.124112620158,-15.653143825798,2675,59,893
-69.102903230888,-17.135364044596,2689,61,772
-75.885183625994,-12.688703388202,2751,83,1490
-69.102903230888,-16.506543345712,2740,101,1757
-69.282566287712,-17.53960592245,2689,35,380
-68.429166767798,-19.605731075926,2694,18,-162
-70.585123449686,-16.506543345712,2670,52,963
-76.738583145908,-11.610725047258,2848,64,350
-73.324985066252,-13.811597493352,2717,113,1848
-71.932596375866,-15.922638411034,2726,46,487
-71.932596375866,-15.06923889112,2677,92,1810
-71.258859912776,-15.74297535421,2679,55,546
-68.249503710974,-22.92949762717,2759,7,-669
-68.653745588828,-21.222698587342,2693,34,-297
-78.1758876005,-8.55645308125,2833,48,530
-70.09105004342,-19.515899547514,2837,14,-1076
-68.339335239386,-15.787891118416,2724,505,4145
-70.98936532754,-14.170923607,2662,153,2359
-69.552060872948,-19.650646840132,2825,2,-867
-72.920743188398,-13.227692558674,2703,345,3338
-69.1927347593,-16.686206402536,2701,87,1197
-70.674954978098,-15.114154655326,2675,56,2643
-70.270713100244,-15.248901947944,2714,42,1261
-75.301278691316,-13.452271379704,2714,223,1128
-70.944449563334,-17.404858629832,2867,7,-834
-69.327482051918,-19.515899547514,2778,8,-296
-68.653745588828,-22.435424220904,2727,5,-792
-76.918246202732,-9.23018954434,2752,239,1032
-75.391110219728,-11.610725047258,2695,317,2093
-69.956302750802,-19.066741905454,2841,5,-912
-68.608829824622,-19.201489198072,2707,28,-17
-68.429166767798,-19.650646840132,2697,16,-284
-72.022427904278,-14.126007842794,2719,64,1921
-69.372397816124,-15.024323126914,2701,142,1931
-74.762289520844,-13.72176596494,2687,165,1350
-72.920743188398,-15.922638411034,2881,7,-769
-75.750436333376,-14.170923607,2878,3,-1152
-73.639395415694,-12.688703388202,2860,138,447
-78.759792535178,-8.33187426022,2893,26,-550
-70.180881571832,-22.839666098758,2836,14,-698
-76.334341268054,-13.27260832288,NA,NA,NA
-69.102903230888,-15.024323126914,2681,637,2553
-74.13346882196,-12.688703388202,2722,231,1703
-68.429166767798,-21.222698587342,2634,37,50
-68.878324409858,-17.674353215068,2692,46,1085
-69.64189240136,-22.70491880614,2769,0,-840
-68.204587946768,-18.931994612836,2690,16,172
-69.507145108742,-23.198992212406,2796,0,-811
-71.483438733806,-13.856513257558,2705,88,1053
-69.462229344536,-18.393005442364,2680,31,854
-73.639395415694,-13.991260550176,2776,78,297
-68.114756418356,-22.345592692492,2695,33,-303
-78.84962406359,-7.523390504512,2851,58,687
-71.258859912776,-17.494690158244,2855,15,-880
-79.703023583504,-6.75982251301,2894,9,-1110
-80.107265461358,-6.400496399362,2896,6,-1334
-71.618186026424,-16.64129063833,2825,7,-790
-75.70552056917,-14.081092078588,2888,3,-1039
-68.384251003592,-16.910785223566,2703,55,1492
-72.291922489514,-15.563312297386,2768,80,61
-77.547066901616,-9.634431422194,2734,28,1498
-69.596976637154,-15.114154655326,2721,77,1483
-74.178384586166,-14.39550242803,2685,93,1191
-68.923240174064,-18.168426621334,2672,45,662
-73.055490481016,-12.913282209232,2812,226,1926
-68.474082532004,-19.201489198072,2714,20,-246
-69.057987466682,-18.797247320218,2689,28,322
-74.223300350372,-13.901429021764,2722,67,1020
-76.963161966938,-10.622578234726,2737,42,146
-68.474082532004,-21.941350814638,2705,26,-300
-68.923240174064,-16.012469939446,2771,109,1622
-70.31562886445,-17.359942865626,2794,22,-481
-69.956302750802,-15.922638411034,2706,79,2545
-68.653745588828,-18.6625000276,2693,20,258
-68.878324409858,-19.515899547514,2683,25,88
-73.01057471681,-16.012469939446,2851,6,-716
-76.289425503848,-11.25139893361,2699,179,1027
-70.135965807626,-14.754828541678,2692,57,1297
-70.495291921274,-14.215839371206,2664,215,2622
-72.741080131574,-15.608228061592,2698,94,997
-73.953805765136,-15.74297535421,2828,21,-574
-72.516501310544,-14.260755135412,2694,88,2021
-68.698661353034,-22.03118234305,2706,11,-790
-70.270713100244,-16.596374874124,2672,51,541
-74.717373756638,-14.081092078588,2709,124,794
-72.33683825372,-16.551459109918,2851,11,-838
-69.41731358033,-17.674353215068,2690,28,-10
-75.885183625994,-10.712409763138,2739,457,1534
-71.393607205394,-15.114154655326,2662,89,2417
-72.651248603162,-14.39550242803,2677,125,3675
-72.381754017926,-15.428565004768,2724,81,183
-69.956302750802,-16.86586945936,2648,55,642
-76.693667381702,-12.643787623996,NA,NA,NA
-71.303775676982,-16.371796053094,2712,32,65
-68.51899829621,-18.033679328716,2703,48,1572
-78.580129478354,-7.972548146572,2794,94,392
-75.211447162904,-12.868366445026,2670,295,1229
-69.013071702476,-18.078595092922,2674,43,680
-72.56141707475,-15.74297535421,2780,68,-90
-76.558920089084,-10.487830942108,2730,131,380
-69.86647122239,-15.922638411034,2734,80,2109
-69.86647122239,-17.180279808802,2661,48,484
-69.776639693978,-20.099804482192,2807,0,-870
-68.114756418356,-18.752331556012,2686,18,270
-72.516501310544,-13.227692558674,2752,230,2127
-69.776639693978,-20.818456709488,2789,3,-817
-68.608829824622,-18.842163084424,2702,19,152
-71.393607205394,-15.114154655326,2662,89,2417
-68.96815593827,-20.189636010604,2684,25,-129
-68.878324409858,-20.728625181076,2712,24,-226
-70.944449563334,-13.94634478597,2659,279,1776
-68.384251003592,-22.300676928286,2723,18,-641
-74.986868341874,-12.464124567172,2738,223,704
-69.237650523506,-15.653143825798,2756,103,1096
-81.09541227389,-5.86150722889,2903,9,-1212
-68.249503710974,-19.470983783308,2705,13,-455
-70.495291921274,-16.102301467858,2695,41,561
-78.310634893118,-8.736116138074,2874,24,78
-70.001218515008,-15.248901947944,2709,44,993
-69.64189240136,-15.203986183738,2736,76,1692
-74.313131878784,-13.856513257558,2736,52,219
-74.537710699814,-15.51839653318,2869,28,-850
-68.249503710974,-17.898932036098,2705,29,1150
-71.169028384364,-13.407355615498,2699,1326,6540
-73.549563887282,-14.081092078588,2723,101,1326
-76.558920089084,-12.419208802966,2894,26,-812
-69.237650523506,-15.608228061592,2753,97,837
-74.627542228226,-13.27260832288,2690,204,1505
-69.776639693978,-15.29381771215,2750,65,1715
-70.809702270716,-15.338733476356,2676,75,2304
-70.585123449686,-16.506543345712,2670,52,963
-71.303775676982,-13.407355615498,2717,849,5020
-71.752933319042,-17.000616751978,2861,10,-611
-69.911386986596,-20.638793652664,2799,3,-741
-69.282566287712,-15.06923889112,2703,187,1615
-72.606332838956,-15.159070419532,2658,134,2634
-69.237650523506,-21.58202470099,2836,3,-807
-76.064846682818,-12.104798453524,2691,116,1135
-74.672457992432,-14.979407362708,2859,10,-718
-71.66310179063,-15.653143825798,2738,35,-243
-75.660604804964,-12.059882689318,2691,155,1157
-69.237650523506,-20.504046360046,2811,5,-740
-79.478444762474,-7.478474740306,2885,11,-1115
-74.447879171402,-14.62008124906,2714,72,643
-69.86647122239,-22.794750334552,2777,0,-833
-69.013071702476,-17.53960592245,2685,51,1088
-75.570773276552,-11.880219632494,2703,165,1339
-69.776639693978,-15.51839653318,2776,63,1789
-76.244509739642,-11.341230462022,2700,172,914
-71.528354498012,-14.350586663824,2710,48,719
-76.82841467432,-10.218336356872,2712,138,1089
-71.21394414857,-14.350586663824,2711,62,1169
-76.109762447024,-12.509040331378,2757,48,798
-77.008077731144,-9.90392600743,2698,138,1328
-75.70552056917,-13.182776794468,2745,172,392
-73.190237773634,-16.371796053094,2865,35,-837
-77.232656552174,-10.083589064254,2715,43,1068
-74.80720528505,-14.215839371206,2732,82,855
-71.348691441188,-14.84466007009,2697,46,792
-76.15467821123,-10.757325527344,2695,237,1347
-68.06984065415,-22.165929635668,2650,41,44
-74.986868341874,-12.37429303876,2727,262,1406
-75.615689040758,-13.49718714391,2839,74,68
-76.064846682818,-11.47597775464,2690,174,1054
-69.237650523506,-23.198992212406,2792,1,-775
-75.570773276552,-11.02682011258,2739,663,3399
-77.457235373204,-11.386146226228,2884,10,-817
-79.253865941444,-7.20898015507,2881,55,94
-69.911386986596,-21.043035530518,2804,21,-813
-77.861477251058,-9.544599893782,2871,10,379
-69.776639693978,-21.537108936784,2798,7,-875
-78.84962406359,-8.376790024426,2892,20,-976
-72.381754017926,-13.49718714391,2745,174,2623
-73.639395415694,-12.958197973438,2818,101,710
-77.412319608998,-9.724262950606,2738,28,973
-72.471585546338,-14.84466007009,2665,139,2921
-69.282566287712,-15.787891118416,2781,91,1515
-77.322488080586,-10.532746706314,2821,10,386
-76.558920089084,-10.847157055756,2690,134,972
-75.211447162904,-15.114154655326,2874,6,-794
-69.86647122239,-17.898932036098,2757,16,-40
-69.731723929772,-21.716771993608,2792,4,-877
-73.23515353784,-12.82345068082,2792,258,2319
-68.474082532004,-20.728625181076,2675,28,-322
-76.693667381702,-11.206483169404,2733,122,1010
-76.82841467432,-9.185273780134,2727,463,2261
-69.147818995094,-19.740478368544,2721,16,167
-75.121615634492,-15.248901947944,2872,10,-763
-78.355550657324,-9.140358015928,2885,15,-841
-71.932596375866,-15.338733476356,2666,92,1415
-77.50215113741,-9.320021072752,2717,66,1975
-73.23515353784,-13.676850200734,2729,105,1729
-75.076699870286,-12.733619152408,2687,299,1345
-68.474082532004,-22.435424220904,2727,14,-616
-72.741080131574,-14.979407362708,2672,113,1867
-72.247006725308,-16.057385703652,2806,13,-457
-68.563914060416,-18.617584263394,2694,20,159
-68.788492881446,-22.390508456698,2728,4,-830
-75.03178410608,-11.970051160906,2709,339,2216
-72.247006725308,-15.96755417524,2740,23,-97
-68.96815593827,-18.617584263394,2699,23,-61
-77.591982665822,-9.769178714812,2759,18,1671
-70.046134279214,-22.300676928286,2815,9,-725
-75.076699870286,-11.610725047258,2763,477,2108
-68.833408645652,-15.29381771215,2722,879,2679
-68.159672182562,-16.551459109918,2714,118,1236
-68.159672182562,-19.246404962278,2706,10,-430
-78.355550657324,-9.634431422194,2888,3,-1134
-69.776639693978,-17.045532516184,2667,60,795
-77.771645722646,-10.083589064254,2874,10,392
-72.067343668484,-15.563312297386,2728,62,452
-75.975015154406,-11.655640811464,2693,157,1053
-75.436025983934,-14.440418192236,2865,7,-967
-76.244509739642,-13.04802950185,2886,23,-793
-73.01057471681,-15.787891118416,2865,10,-41
-70.450376157068,-18.123510857128,2844,10,-647
-69.282566287712,-22.884581862964,2796,1,-823
-70.09105004342,-19.56081531172,2838,13,-825
-77.322488080586,-9.948841771636,2713,35,1189
-69.41731358033,-22.974413391376,2798,0,-843
-72.830911659986,-13.72176596494,2732,144,3599
-79.568276290886,-6.714906748804,2892,19,-537
-68.339335239386,-17.31502710142,2697,59,1503
-76.558920089084,-9.589515657988,2714,466,1829
-76.918246202732,-10.442915177902,2693,94,1587
-80.331844282388,-6.31066487095,2899,6,-1354
-72.11225943269,-16.461627581506,2858,3,-854
-68.024924889944,-21.896435050432,2664,23,-240
-75.570773276552,-12.104798453524,2697,155,1161
-73.145322009428,-13.542102908116,2732,105,1710
-70.225797336038,-14.934491598502,2696,43,1926
-71.618186026424,-14.889575834296,2684,49,1321
-69.776639693978,-22.121013871462,2781,3,-787
-77.996224543676,-9.859010243224,2886,7,-327
-73.190237773634,-15.383649240562,2743,56,1790
-80.64625463183,-5.951338757302,2901,4,-1352
-70.046134279214,-14.485333956442,2691,117,1404
-72.067343668484,-16.596374874124,2863,3,-825
-69.552060872948,-19.021826141248,2766,10,-26
-74.941952577668,-14.170923607,2762,57,767
-71.752933319042,-16.371796053094,2839,10,-703
-71.21394414857,-17.76418474348,NA,NA,NA
-69.596976637154,-21.312530115754,2806,1,-763
-76.289425503848,-10.038673300048,2763,123,513
-69.327482051918,-15.248901947944,2702,129,1666
-74.852121049256,-12.868366445026,2701,261,1500
-69.282566287712,-15.698059590004,2772,81,962
-74.897036813462,-13.137861030262,2689,230,1321
-74.35804764299,-14.036176314382,2711,80,822
-73.998721529342,-15.877722646828,2868,35,-805
-70.54020768548,-17.943847800304,2850,9,-716
-79.208950177238,-7.703053561336,2883,18,-1076
-69.64189240136,-18.617584263394,2739,10,138
-75.03178410608,-13.856513257558,2718,119,793
-68.563914060416,-22.570171513522,2730,9,-613
-74.13346882196,-15.698059590004,2863,32,-903
-69.821555458184,-17.449774394038,2656,43,799
-77.861477251058,-10.308167885284,2883,3,-566
-69.013071702476,-22.345592692492,2739,4,-831
-70.31562886445,-16.686206402536,2680,36,-29
-76.918246202732,-10.757325527344,2744,40,635
-70.719870742304,-16.371796053094,2710,42,423
-67.84526183312,-21.671856229402,2658,16,-89
-78.086056072088,-8.242042731808,2784,78,585
-73.45973235887,-14.350586663824,2716,84,1151
-74.313131878784,-15.563312297386,2828,26,-753
-70.09105004342,-20.638793652664,2831,14,-712
-76.019930918612,-11.47597775464,2690,184,1108
-68.339335239386,-17.225195573008,2693,69,2003
-67.890177597326,-23.064244919788,2677,44,-390
-73.998721529342,-15.06923889112,2749,38,720
-70.630039213892,-17.449774394038,2852,10,-799
-76.15467821123,-11.341230462022,2708,162,490
-72.830911659986,-15.877722646828,2804,17,-274
-74.627542228226,-13.766681729146,2694,129,1082
-69.1927347593,-20.638793652664,2812,6,-710
-78.40046642153,-8.466621552838,2870,60,378
-68.788492881446,-20.324383303222,2710,22,-531
-68.563914060416,-20.773540945282,2666,34,-63
-69.776639693978,-18.842163084424,2827,3,-716
-69.64189240136,-21.80660352202,2813,1,-895
-72.11225943269,-13.542102908116,2734,123,2586
-76.064846682818,-13.631934436528,2880,5,-914
-70.001218515008,-19.381152254896,2835,6,-818
-72.157175196896,-15.698059590004,2782,60,31
-68.204587946768,-22.435424220904,2696,31,-399
-77.996224543676,-8.960694959104,2736,41,1230
-68.06984065415,-18.527752734982,2690,31,854
-72.471585546338,-15.29381771215,2687,91,845
-72.291922489514,-15.203986183738,2705,72,607
-69.731723929772,-16.86586945936,2701,49,181
-69.013071702476,-17.045532516184,2698,64,1143
-68.923240174064,-18.6625000276,2699,20,-129
-68.96815593827,-18.21334238554,2683,36,86
-70.180881571832,-22.974413391376,2837,8,-596
-68.339335239386,-15.698059590004,2837,424,2531
-74.178384586166,-15.248901947944,2859,6,-655
-70.450376157068,-17.000616751978,2656,49,542
-71.21394414857,-14.709912777472,2699,71,1794
-71.303775676982,-16.326880288888,2699,37,160
-70.854618034922,-14.081092078588,2647,278,2915
-67.216441134236,-22.839666098758,2630,17,-394
-68.429166767798,-17.584521686656,2694,35,1176
-71.124112620158,-17.135364044596,2841,7,-878
-76.289425503848,-12.913282209232,2888,25,-800
-68.339335239386,-18.707415791806,2693,19,262
-68.653745588828,-19.201489198072,2698,29,126
-75.25636292711,-13.092945266056,2689,248,932
-71.66310179063,-13.676850200734,2772,73,260
-69.956302750802,-14.126007842794,2728,605,2587
-73.953805765136,-13.407355615498,2721,76,1408
-73.819058472518,-14.39550242803,2712,71,637
-71.483438733806,-17.09044828039,2866,16,-777
-69.507145108742,-15.74297535421,2796,90,2137
-68.878324409858,-19.021826141248,2697,25,43
-73.639395415694,-14.799744305884,2697,120,1363
-68.51899829621,-19.11165766966,2689,24,489
-71.4385229696,-13.856513257558,2703,116,1727
-70.09105004342,-21.716771993608,2842,57,-550
-71.708017554836,-15.51839653318,2650,94,2037
-73.504648123076,-16.057385703652,2837,19,-851
-74.537710699814,-13.04802950185,2714,203,1583
-68.29441947518,-21.671856229402,2687,24,-307
-76.019930918612,-13.72176596494,2877,4,-962
-70.225797336038,-19.381152254896,2861,20,-451
-70.585123449686,-17.494690158244,2879,9,-779
-79.613192055092,-7.119148626658,2894,10,-1163
-69.41731358033,-14.575165484854,2695,520,2860
-75.975015154406,-14.170923607,2872,3,-1017
-77.322488080586,-10.892072819962,2846,5,-351
-68.96815593827,-18.752331556012,2652,30,642
-68.429166767798,-17.898932036098,2706,32,1463
-70.944449563334,-16.237048760476,2693,36,4
-72.741080131574,-13.092945266056,2782,272,1928
-80.466591575006,-6.041170285714,2903,3,-1333
-73.055490481016,-14.530249720648,2685,127,2735
-72.741080131574,-13.317524087086,2736,334,3095
-68.563914060416,-21.402361644166,2682,34,-236
-70.225797336038,-22.435424220904,2863,19,-601
-76.648751617496,-12.239545746142,2870,27,-662
-70.225797336038,-14.575165484854,2674,92,2216
-68.339335239386,-17.674353215068,2693,35,1373
-71.842764847454,-15.608228061592,2736,40,-224
-68.114756418356,-17.943847800304,2704,31,1321
-72.426669782132,-16.281964524682,2892,4,-946
-70.180881571832,-15.29381771215,2713,40,935
-76.109762447024,-13.676850200734,2879,4,-933
-75.885183625994,-13.092945266056,2753,94,129
-69.956302750802,-19.426068019102,2836,4,-865
-71.842764847454,-15.338733476356,2659,105,1983
-68.429166767798,-21.13286705893,2628,36,143
-78.894539827796,-8.197126967602,2883,26,-609
-73.549563887282,-13.94634478597,2736,122,1720
-70.001218515008,-21.761687757814,2813,42,-727
-72.247006725308,-15.74297535421,2836,49,-397
-67.980009125738,-18.752331556012,2684,23,636
-75.750436333376,-12.419208802966,2687,160,1267
-68.878324409858,-19.830309896956,2709,26,-14
-68.204587946768,-20.773540945282,2667,24,11
-73.01057471681,-14.84466007009,2667,136,2317
-70.09105004342,-20.818456709488,2835,23,-808
-68.698661353034,-16.147217232064,2751,116,2637
-75.840267861788,-14.081092078588,2877,2,-1082
-68.024924889944,-18.572668499188,2690,27,649
-68.608829824622,-15.159070419532,2795,982,2272
-74.627542228226,-12.82345068082,2749,177,916
-73.01057471681,-15.832806882622,2860,9,-249
-68.788492881446,-16.910785223566,2711,68,1485
-70.98936532754,-17.898932036098,2846,7,-734
-71.708017554836,-16.461627581506,2816,9,-706
-69.821555458184,-19.156573433866,2862,2,-789
-68.563914060416,-22.076098107256,2717,17,-742
-68.204587946768,-22.300676928286,2716,27,-439
-69.86647122239,-21.35744587996,2800,14,-816
-76.693667381702,-12.194629981936,2858,30,-627
-69.147818995094,-20.953204002106,2823,6,-720
-73.863974236724,-15.787891118416,2823,17,-737
-68.384251003592,-19.291320726484,2714,15,-430
-68.878324409858,-20.279467539016,2714,19,-557
-77.097909259556,-10.083589064254,2683,81,1243
-70.270713100244,-18.43792120657,2857,19,-598
-69.596976637154,-18.797247320218,2756,10,-43
-73.729226944106,-13.676850200734,2824,60,-173
-70.09105004342,-21.941350814638,2814,45,-777
-74.402963407196,-15.024323126914,2835,17,-419
-67.935093361532,-22.749834570346,2651,55,-203
-73.055490481016,-15.74297535421,2865,10,-241
-74.80720528505,-15.51839653318,2860,34,-752
-69.147818995094,-14.575165484854,2716,772,3216
-68.788492881446,-19.066741905454,2695,26,221
-68.159672182562,-19.470983783308,2705,12,-405
-76.60383585329,-12.104798453524,2808,45,-180
-73.594479651488,-16.012469939446,2849,11,-954
-77.367403844792,-10.12850482846,2749,23,1482
-74.717373756638,-12.284461510348,2818,193,176
-74.986868341874,-12.464124567172,2738,223,704
-73.6843111799,-15.428565004768,2742,38,780
-68.024924889944,-17.180279808802,2697,71,942
-72.33683825372,-15.832806882622,2854,42,-770
-74.986868341874,-15.203986183738,2861,8,-991
-69.776639693978,-17.584521686656,2677,32,477
-73.23515353784,-15.51839653318,2801,26,191
-76.963161966938,-11.790388104082,2889,14,-861
-76.918246202732,-9.90392600743,2718,151,909
-68.74357711724,-14.754828541678,2852,802,1462
-77.142825023762,-9.45476836537,2734,104,583
-71.618186026424,-14.799744305884,2680,53,1626
-74.986868341874,-14.170923607,2781,50,661
-77.232656552174,-10.173420592666,2720,45,1265
-77.771645722646,-8.466621552838,2734,86,1522
-71.977512140072,-14.530249720648,2688,69,2333
-75.346194455522,-12.688703388202,2684,236,868
-68.608829824622,-22.165929635668,2719,10,-856
-75.70552056917,-12.239545746142,2691,148,852
-77.367403844792,-11.071735876786,2876,6,-774
-71.4385229696,-16.371796053094,2769,21,-229
-72.426669782132,-16.551459109918,2854,16,-864
-69.102903230888,-20.369299067428,2744,14,-406
-70.046134279214,-17.404858629832,2735,25,37
-74.537710699814,-14.170923607,2701,111,715
-78.804708299384,-7.343727447688,2800,127,1437
-69.596976637154,-15.248901947944,2729,85,2089
-78.310634893118,-8.33187426022,2759,114,1130
-70.135965807626,-15.338733476356,2710,40,996
-68.833408645652,-21.312530115754,2685,30,-214
-68.878324409858,-22.525255749316,2745,2,-890
-78.894539827796,-7.388643211894,2808,88,947
-69.552060872948,-15.29381771215,2720,96,2683
-68.114756418356,-17.449774394038,2701,46,427
-77.72672995844,-8.78103190228,2738,98,2360
-70.719870742304,-15.96755417524,2700,32,139
-72.202090961102,-16.551459109918,2853,5,-851
-68.249503710974,-18.976910377042,2694,15,95
-68.608829824622,-20.863372473694,2697,23,-479
-70.98936532754,-14.575165484854,2671,81,2532
-73.504648123076,-15.653143825798,2791,19,-230
-76.244509739642,-14.036176314382,2877,2,-1148
-68.159672182562,-22.749834570346,2743,23,-492
-70.54020768548,-17.449774394038,2877,11,-821
-73.100406245222,-14.934491598502,2678,125,2146
-69.057987466682,-22.70491880614,2744,2,-786
-72.157175196896,-16.820953695154,2862,14,-771
-76.873330438526,-10.173420592666,2703,133,1181
-75.25636292711,-11.47597775464,2828,341,1623
-70.270713100244,-17.000616751978,2674,43,-66
-72.11225943269,-15.024323126914,2673,105,1957
-76.334341268054,-9.859010243224,2800,235,384
-72.920743188398,-15.877722646828,2848,10,-386
-70.630039213892,-15.473480768974,2695,48,963
-70.31562886445,-16.686206402536,2680,36,-29
-68.878324409858,-19.381152254896,2697,25,-17
-79.433528998268,-7.119148626658,2893,31,-799
-69.462229344536,-15.832806882622,2793,95,2084
-71.88768061166,-14.081092078588,2712,62,2017
-74.58262646402,-12.868366445026,2759,156,683
-79.208950177238,-6.894569805628,2875,171,1330
-73.324985066252,-14.754828541678,2683,136,2211
-74.627542228226,-13.27260832288,2690,204,1505
-72.471585546338,-16.326880288888,2899,5,-931
-72.875827424192,-13.72176596494,2760,101,1982
-72.965658952604,-15.473480768974,2762,64,2360
-68.698661353034,-21.851519286226,2699,13,-716
-68.29441947518,-16.551459109918,2711,74,783
-73.145322009428,-16.281964524682,2884,23,-1029
-71.303775676982,-14.260755135412,2707,56,855
-69.956302750802,-14.260755135412,2674,496,3167
-76.334341268054,-12.239545746142,2769,54,465
-69.821555458184,-22.92949762717,2781,0,-815
-75.25636292711,-12.553956095584,2697,273,1169
-68.429166767798,-21.35744587996,2706,24,-536
-76.783498910114,-10.083589064254,2708,181,1322
-75.211447162904,-11.655640811464,2696,416,2607
-78.580129478354,-8.55645308125,2902,21,-611
-76.82841467432,-9.724262950606,2727,198,1146
-73.369900830458,-14.889575834296,2710,85,801
-69.372397816124,-20.324383303222,2826,3,-763
-76.109762447024,-12.284461510348,2724,71,1131
-76.199593975436,-13.991260550176,2878,2,-1054
-73.953805765136,-13.676850200734,2750,49,412
-76.648751617496,-9.859010243224,2732,244,1041
-68.204587946768,-18.797247320218,2689,16,376
-70.135965807626,-14.215839371206,2685,325,2415
-69.776639693978,-15.698059590004,2773,84,2726
-75.03178410608,-12.14971421773,2733,258,1595
-68.51899829621,-16.461627581506,2725,61,1171
-68.698661353034,-18.258258149746,2696,32,207
-73.369900830458,-14.84466007009,2726,91,870
-76.514004324878,-10.308167885284,2711,185,914
-70.001218515008,-17.180279808802,2679,47,237
-69.686808165566,-22.839666098758,2769,0,-817
-69.372397816124,-21.761687757814,2845,1,-1061
-75.885183625994,-13.72176596494,2886,4,-898
-75.03178410608,-12.688703388202,2699,282,1349
-73.45973235887,-15.203986183738,2751,63,805
-81.09541227389,-5.951338757302,2905,9,-1204
-70.180881571832,-16.326880288888,2666,54,1027
-72.606332838956,-12.913282209232,2789,289,1952
-70.135965807626,-19.33623649069,2851,24,-757
-74.088553057754,-13.811597493352,2717,73,1584
-69.147818995094,-19.11165766966,2703,32,619
-75.076699870286,-11.9251353967,2699,307,1957
-76.064846682818,-11.970051160906,2683,146,1306
-69.237650523506,-21.80660352202,2830,3,-810
-76.60383585329,-11.071735876786,2685,151,1283
-69.911386986596,-17.000616751978,2673,48,270
-77.142825023762,-10.712409763138,2724,21,669
-76.244509739642,-13.452271379704,NA,NA,NA
-78.580129478354,-8.55645308125,2902,21,-611
-68.339335239386,-18.43792120657,2696,32,731
-69.327482051918,-22.390508456698,2793,1,-850
-67.39610419106,-22.884581862964,2622,22,-501
-73.01057471681,-15.698059590004,2800,23,974
-77.457235373204,-9.993757535842,2717,28,1901
-79.343697469856,-6.669990984598,2890,82,996
-69.552060872948,-20.414214831634,2833,1,-820
-69.507145108742,-21.537108936784,2824,0,-984
-67.935093361532,-21.267614351548,2657,20,91
-75.615689040758,-11.47597775464,2715,273,1192
-76.334341268054,-9.814094479018,2753,360,1026
-71.932596375866,-14.485333956442,2709,48,1183
-68.608829824622,-19.875225661162,2704,20,-311
-69.1927347593,-21.986266578844,2784,4,-812
-76.37925703226,-13.856513257558,2889,3,-1183
-69.911386986596,-22.165929635668,2795,6,-841
-70.09105004342,-19.066741905454,2841,9,-827
-69.731723929772,-18.797247320218,2809,4,-548
-75.03178410608,-14.62008124906,2877,10,-790
-80.511507339212,-6.175917578332,2903,7,-1304
-70.674954978098,-16.820953695154,2754,23,58
-76.334341268054,-13.137861030262,2879,19,-923
-70.944449563334,-14.979407362708,2703,35,599
-69.821555458184,-22.749834570346,2775,0,-798
-73.639395415694,-12.868366445026,2865,83,151
-68.653745588828,-16.64129063833,2708,87,2788
-73.953805765136,-14.575165484854,2684,105,1692
-68.698661353034,-16.910785223566,2710,75,1864
-77.861477251058,-8.646284609662,2747,60,1385
-68.474082532004,-18.348089678158,2702,33,577
-69.013071702476,-18.168426621334,2682,37,207
-74.80720528505,-15.248901947944,2858,17,-987
-74.852121049256,-15.428565004768,2862,28,-734
-78.84962406359,-8.242042731808,2888,26,-569
-68.429166767798,-16.776037930948,2706,58,1698
-71.88768061166,-14.889575834296,2674,77,1726
-69.102903230888,-23.064244919788,2778,2,-717
-68.429166767798,-22.615087277728,2708,15,-566
-68.608829824622,-22.839666098758,2741,7,-649
-78.490297949942,-8.062379674984,2763,131,578
-69.41731358033,-20.144720246398,2830,3,-763
-72.202090961102,-16.686206402536,2854,12,-870
-78.535213714148,-8.421705788632,2912,40,-264
-72.426669782132,-13.362439851292,2727,261,3302
-72.202090961102,-14.485333956442,2687,79,2259
-77.27757231638,-11.296314697816,2873,15,-864
-76.244509739642,-12.419208802966,2826,37,218
-68.653745588828,-21.177782823136,2694,34,-273
-74.986868341874,-14.485333956442,2828,18,-250
-68.96815593827,-16.326880288888,2780,96,1899
-69.282566287712,-16.326880288888,2750,117,2166
-78.84962406359,-7.837800853954,2836,31,126
-78.62504524256,-9.050526487516,2889,12,-992
-69.102903230888,-19.830309896956,2727,18,128
-72.78599589578,-16.102301467858,2844,3,-991
-79.164034413032,-6.849654041422,2913,169,1002
-77.50215113741,-8.870863430692,2725,115,1929
-76.469088560672,-12.778534916614,2881,25,-766
-80.960664981272,-6.131001814126,2897,10,-1172
-77.27757231638,-10.263252121078,2697,35,1706
-68.159672182562,-18.21334238554,2712,32,903
-74.986868341874,-12.868366445026,2690,266,1235
-74.223300350372,-15.428565004768,2832,8,-632
-74.80720528505,-14.170923607,2722,93,888
-73.639395415694,-13.092945266056,2727,154,1421
-75.9300993902,-11.565809283052,2714,160,704
-75.795352097582,-13.362439851292,2894,66,-353
-75.25636292711,-13.991260550176,2790,48,510
-74.537710699814,-14.260755135412,2699,123,993
-76.558920089084,-11.341230462022,2683,191,1664
-68.653745588828,-20.324383303222,2668,31,-80
-76.693667381702,-11.9251353967,2901,29,-340
-69.686808165566,-18.976910377042,2856,3,-777
-78.041140307882,-8.062379674984,2757,103,964
-70.495291921274,-15.922638411034,2685,48,1269
-68.474082532004,-19.740478368544,2696,17,-357
-75.166531398698,-11.970051160906,2717,200,1156
-72.741080131574,-14.260755135412,2683,131,3853
-69.013071702476,-20.189636010604,2691,23,-125
-69.86647122239,-19.875225661162,2814,1,-917
-73.863974236724,-13.811597493352,2752,58,460
-67.665598776296,-22.615087277728,2643,31,-495
-73.190237773634,-15.653143825798,2790,19,551
-71.752933319042,-15.653143825798,2738,38,-277
-71.88768061166,-16.371796053094,2860,7,-746
-75.660604804964,-14.260755135412,2877,4,-1039
-73.100406245222,-15.29381771215,2753,79,2111
-71.169028384364,-13.407355615498,2699,1326,6540
-68.74357711724,-19.605731075926,2683,22,-73
-70.719870742304,-15.159070419532,2670,56,2352
-68.06984065415,-17.359942865626,2703,64,921
-68.474082532004,-22.749834570346,2724,10,-667
-72.11225943269,-16.596374874124,2858,4,-850
-76.199593975436,-13.003113737644,2891,17,-765
-74.762289520844,-14.889575834296,2855,14,-667
-68.96815593827,-19.875225661162,2716,24,83
-70.09105004342,-21.043035530518,2843,43,-591
-74.13346882196,-15.383649240562,2807,9,-112
-68.96815593827,-19.740478368544,2708,26,206
-72.516501310544,-15.698059590004,2801,55,-358
-73.280069302046,-15.922638411034,2849,5,-929
-72.875827424192,-13.04802950185,2814,222,903
-78.490297949942,-8.152211203396,2791,95,631
-72.022427904278,-15.383649240562,2670,84,1040
-78.40046642153,-7.837800853954,2767,114,730
-73.190237773634,-15.96755417524,2898,5,-991
-72.291922489514,-14.979407362708,2669,124,2198
-76.60383585329,-11.790388104082,2821,55,542
-69.237650523506,-14.664997013266,2660,831,3935
-73.998721529342,-13.901429021764,2715,76,1314
-75.70552056917,-14.709912777472,2891,12,-1102
-70.450376157068,-18.168426621334,2845,10,-605
-69.507145108742,-22.345592692492,2793,0,-907
-69.013071702476,-17.494690158244,2686,50,914
-68.833408645652,-18.033679328716,2683,46,958
-79.658107819298,-6.220833342538,2890,31,772
-68.788492881446,-18.797247320218,2675,23,434
-78.40046642153,-7.927632382366,2740,145,1141
-67.575767247884,-23.019329155582,2584,45,-301
-77.008077731144,-10.038673300048,2686,123,1460
-69.41731358033,-20.189636010604,2828,3,-789
-76.648751617496,-9.948841771636,2756,161,294
-73.6843111799,-14.305670899618,2700,98,1604
-73.23515353784,-16.371796053094,2867,37,-895
-70.674954978098,-15.114154655326,2675,56,2643
-69.147818995094,-19.875225661162,2756,14,-95
-70.405460392862,-17.76418474348,2863,19,-786
-68.339335239386,-19.740478368544,2698,14,-416
-68.96815593827,-15.74297535421,2724,207,1822
-80.152181225564,-6.53524369198,2898,7,-1260
-75.301278691316,-11.655640811464,2700,337,2299
-76.334341268054,-12.464124567172,2820,19,-180
-69.776639693978,-17.270111337214,2694,37,-90
-69.956302750802,-20.728625181076,2801,8,-848
-68.384251003592,-20.369299067428,2678,23,-352
-69.821555458184,-14.39550242803,2684,344,1711
-78.62504524256,-8.242042731808,2834,54,40
-75.076699870286,-11.880219632494,2685,351,2291
-75.660604804964,-11.745472339876,2694,192,1236
-75.795352097582,-12.464124567172,2740,107,655
-73.23515353784,-13.137861030262,2810,143,818
-67.935093361532,-18.303173913952,2703,32,794
-68.429166767798,-15.51839653318,2864,441,1645
-69.282566287712,-17.98876356451,2702,33,341
-68.878324409858,-16.371796053094,2773,89,1951
-76.469088560672,-9.993757535842,2758,185,583
-68.159672182562,-17.98876356451,2700,32,1551
-78.84962406359,-8.286958496014,2892,24,-731
-71.797849083248,-15.832806882622,2684,74,961
-70.31562886445,-14.754828541678,2697,42,802
-71.842764847454,-16.147217232064,2781,31,-151
-74.58262646402,-13.72176596494,2694,137,1287
-68.698661353034,-20.144720246398,2669,35,234
-78.086056072088,-7.837800853954,2763,79,691
-76.738583145908,-9.409852601164,2714,316,1366
-78.310634893118,-8.466621552838,2770,68,640
-70.585123449686,-14.440418192236,2694,85,1515
-73.100406245222,-12.733619152408,2860,245,1768
-68.159672182562,-18.797247320218,2687,16,284
-70.674954978098,-13.811597493352,2661,772,3789
-74.762289520844,-14.664997013266,2795,27,-143
-77.008077731144,-9.409852601164,2741,176,876
-70.450376157068,-15.06923889112,2706,37,2178
-76.82841467432,-10.35308364949,2700,129,1368
-72.022427904278,-15.832806882622,2709,52,626
-79.882686640328,-6.355580635156,2889,13,-900
-76.019930918612,-11.02682011258,2716,236,847
-74.35804764299,-13.27260832288,2752,75,297
-69.013071702476,-18.303173913952,2661,47,862
-76.019930918612,-12.688703388202,2799,38,228
-68.563914060416,-18.168426621334,2698,47,1388
-74.537710699814,-14.036176314382,2717,82,313
-74.313131878784,-13.587018672322,2735,63,482
-75.391110219728,-12.059882689318,2708,167,1635
-77.27757231638,-9.364936836958,2721,118,1882
-72.247006725308,-13.811597493352,2718,95,2631
-74.13346882196,-15.877722646828,2872,42,-803
-71.393607205394,-13.766681729146,2698,204,2361
-70.270713100244,-15.832806882622,2709,40,1084
-70.135965807626,-17.135364044596,2673,49,185
-69.462229344536,-15.563312297386,2778,70,1349
-69.102903230888,-18.931994612836,2688,36,745
-75.750436333376,-11.610725047258,2697,225,1163
-71.618186026424,-16.237048760476,2760,32,-115
-69.821555458184,-22.390508456698,2774,1,-753
-69.1927347593,-19.830309896956,2754,11,-176
-77.05299349535,-10.712409763138,2707,39,951
-68.29441947518,-23.064244919788,2765,5,-736
-69.1927347593,-14.934491598502,2690,494,2395
-69.507145108742,-21.492193172578,2822,0,-945
-69.686808165566,-20.998119766312,2796,2,-750
-70.405460392862,-18.123510857128,2847,13,-655
-75.03178410608,-11.655640811464,2732,527,2091
-68.339335239386,-18.033679328716,2703,35,1833
-75.975015154406,-12.419208802966,2710,79,1047
-68.833408645652,-16.102301467858,2762,109,2294
-72.78599589578,-16.147217232064,2843,3,-953
-74.313131878784,-13.811597493352,2723,58,468
-76.289425503848,-13.991260550176,NA,NA,NA
-72.56141707475,-16.19213299627,2864,5,-851
-75.885183625994,-10.892072819962,2710,487,1739
-72.33683825372,-16.012469939446,2840,17,-481
-68.608829824622,-15.922638411034,2734,271,3494
-68.249503710974,-16.64129063833,2709,62,838
-76.424172796466,-10.397999413696,2772,120,42
-69.552060872948,-21.087951294724,2811,0,-752
-75.570773276552,-12.868366445026,2700,234,964
-78.40046642153,-9.140358015928,2882,16,-935
-75.570773276552,-11.206483169404,2726,509,2424
-69.237650523506,-17.225195573008,2681,53,526
-74.762289520844,-13.901429021764,2692,130,1094
-73.23515353784,-15.698059590004,2779,17,333
-73.863974236724,-15.024323126914,2735,72,1282
-74.268216114578,-13.003113737644,2798,60,18
-69.013071702476,-20.369299067428,2705,23,-249
-69.552060872948,-18.6625000276,2732,16,422
-68.563914060416,-15.608228061592,2715,481,3152
-70.585123449686,-14.934491598502,2714,30,990
-75.25636292711,-12.733619152408,2694,253,938
-71.034281091746,-13.856513257558,2656,415,2694
-79.343697469856,-7.164064390864,2895,40,-632
-70.899533799128,-15.653143825798,2683,49,693
-73.90889000093,-13.676850200734,2744,64,945
-69.327482051918,-21.626940465196,2838,2,-924
-71.124112620158,-14.934491598502,2698,41,711
-80.960664981272,-5.996254521508,2903,11,-1148
-72.875827424192,-16.281964524682,2850,5,-922
-73.774142708312,-13.856513257558,2766,65,675
-76.109762447024,-12.419208802966,2749,59,977
-75.391110219728,-12.014966925112,2731,150,1242
-77.50215113741,-10.397999413696,2835,8,517
-69.911386986596,-22.165929635668,2795,6,-841
-69.462229344536,-22.525255749316,2781,0,-844
-69.41731358033,-16.686206402536,2684,85,1198
-70.405460392862,-17.98876356451,2856,20,-728
-71.528354498012,-16.326880288888,2792,21,-307
-68.698661353034,-20.099804482192,2690,32,67
-78.759792535178,-8.55645308125,2895,13,-1041
-69.327482051918,-22.615087277728,2781,1,-910
-71.21394414857,-16.147217232064,2705,41,-68
-70.719870742304,-17.09044828039,2752,22,62
-78.535213714148,-8.78103190228,2887,12,-1015
-74.537710699814,-13.49718714391,2696,186,1825
-71.88768061166,-14.081092078588,2712,62,2017
-68.024924889944,-21.087951294724,2699,15,-708
-70.001218515008,-15.06923889112,2705,46,1074
-72.067343668484,-15.428565004768,2649,113,1854
-70.225797336038,-18.88707884863,2853,6,-752
-70.405460392862,-16.776037930948,2682,35,204
-69.86647122239,-20.818456709488,2792,7,-827
-73.414816594664,-15.877722646828,2819,8,-812
-70.405460392862,-18.258258149746,2847,14,-572
-69.327482051918,-15.608228061592,2765,75,868
-67.935093361532,-18.976910377042,2681,17,298
-75.570773276552,-14.440418192236,2860,5,-1041
-69.507145108742,-19.830309896956,2823,2,-778
-73.6843111799,-12.868366445026,2810,108,786
-72.202090961102,-16.102301467858,2829,10,-598
-69.147818995094,-16.506543345712,2733,102,1604
-69.102903230888,-20.863372473694,2801,8,-738
-77.187740787968,-11.25139893361,2872,18,-528
-69.327482051918,-16.19213299627,2769,114,1966
-70.450376157068,-17.045532516184,2667,48,431
-77.50215113741,-11.071735876786,2870,5,-858
-75.525857512346,-14.350586663824,2872,6,-1002
-73.639395415694,-14.84466007009,2687,124,1644
-71.842764847454,-16.281964524682,2815,15,-491
-79.792855111916,-6.669990984598,2892,8,-1085
-79.658107819298,-7.074232862452,2894,9,-1194
-69.327482051918,-18.88707884863,2693,27,683
-75.391110219728,-14.440418192236,2868,7,-936
-68.29441947518,-19.830309896956,2685,15,-325
-68.114756418356,-17.943847800304,2704,31,1321
-77.996224543676,-8.421705788632,2764,82,1601
-71.169028384364,-13.452271379704,2692,1166,5578
-78.445382185736,-8.197126967602,2821,89,567
-71.752933319042,-15.06923889112,2664,88,2385
-78.490297949942,-8.55645308125,2896,29,-224
-70.719870742304,-16.057385703652,2687,37,473
-72.202090961102,-16.64129063833,2854,7,-1008
-74.088553057754,-12.913282209232,2726,145,1884
-74.80720528505,-14.754828541678,2878,16,-582
-68.114756418356,-17.225195573008,2704,58,1031
-74.402963407196,-14.575165484854,2697,83,663
-68.51899829621,-20.953204002106,2662,33,-82
-70.180881571832,-19.426068019102,2862,23,-772
-69.596976637154,-18.617584263394,2738,13,274
-75.121615634492,-11.880219632494,2697,302,2042
-69.327482051918,-18.617584263394,2664,30,677
-72.202090961102,-16.776037930948,2861,13,-736
-69.821555458184,-17.31502710142,2686,42,327
-76.558920089084,-12.059882689318,2860,48,-319
-75.436025983934,-13.27260832288,2711,264,1228
-69.1927347593,-16.776037930948,2694,85,1422
-75.70552056917,-10.847157055756,2743,709,2780
-75.076699870286,-11.835303868288,2696,390,2474
-77.636898430028,-10.892072819962,2874,6,-944
-76.918246202732,-9.095442251722,2771,256,624
-69.41731358033,-21.761687757814,2845,1,-1097
-70.046134279214,-15.608228061592,2718,46,1326
-74.088553057754,-15.96755417524,NA,NA,NA
-73.594479651488,-13.631934436528,2726,132,1695
-74.043637293548,-15.024323126914,2748,48,940
-68.51899829621,-21.13286705893,2675,35,-192
-72.741080131574,-15.608228061592,2698,94,997
-78.310634893118,-8.55645308125,2828,56,686
-68.74357711724,-17.045532516184,2709,58,1511
-69.102903230888,-16.326880288888,2755,161,4004
-71.842764847454,-15.608228061592,2736,40,-224
-68.024924889944,-22.345592692492,2674,41,-122
-69.64189240136,-17.943847800304,2729,27,-46
-68.339335239386,-21.896435050432,2613,36,191
-80.466591575006,-5.996254521508,2903,3,-1340
-72.247006725308,-14.170923607,2702,74,2135
-69.821555458184,-15.74297535421,2763,66,1635
-75.211447162904,-13.49718714391,2712,206,810
-73.01057471681,-14.709912777472,2671,141,2580
-74.627542228226,-13.676850200734,2706,138,1102
-71.348691441188,-16.820953695154,2830,7,-798
-72.830911659986,-12.958197973438,2759,338,2759
-69.282566287712,-22.121013871462,2817,2,-796
-68.96815593827,-15.787891118416,2731,178,1771
-68.653745588828,-15.653143825798,2724,406,2995
-70.135965807626,-22.884581862964,2825,9,-690
-70.585123449686,-16.506543345712,2670,52,963
-78.580129478354,-7.747969325542,2825,52,-382
-68.608829824622,-19.920141425368,2706,19,-338
-68.51899829621,-17.719268979274,2699,36,1335
-71.124112620158,-15.787891118416,2676,55,682
-78.265719128912,-8.78103190228,2849,24,206
-73.280069302046,-14.979407362708,2693,103,1765
-76.693667381702,-12.643787623996,NA,NA,NA
-69.776639693978,-17.31502710142,2694,37,2
-69.821555458184,-15.338733476356,2755,54,1240
-69.282566287712,-18.43792120657,2692,34,440
-68.249503710974,-19.156573433866,2706,12,-323
-69.057987466682,-22.121013871462,2770,7,-734
-68.114756418356,-21.851519286226,2667,27,-65
-76.60383585329,-11.341230462022,2691,196,1669
-69.237650523506,-19.066741905454,2718,25,374
-77.27757231638,-8.825947666486,2765,143,1874
-73.863974236724,-12.778534916614,2789,136,1012
-72.067343668484,-14.305670899618,2738,51,857
-81.005580745478,-5.816591464684,NA,NA,NA
-75.70552056917,-12.14971421773,2695,153,1037
-77.816561486852,-8.825947666486,2781,56,1123
-72.78599589578,-15.653143825798,2730,71,715
-74.313131878784,-12.553956095584,2746,305,1477
-72.606332838956,-15.653143825798,2735,92,309
-79.208950177238,-7.523390504512,2877,22,-516
-69.64189240136,-19.920141425368,2830,1,-867
-74.762289520844,-12.329377274554,2832,200,597
-69.86647122239,-14.62008124906,2666,169,2524
-69.596976637154,-22.03118234305,2824,0,-921
-73.998721529342,-13.811597493352,2725,66,1231
-74.852121049256,-14.934491598502,2867,10,-824
-80.466591575006,-6.041170285714,2903,3,-1333
-70.899533799128,-13.991260550176,2656,328,2600
-75.03178410608,-13.766681729146,2710,147,817
-68.114756418356,-17.180279808802,2704,56,960
-71.618186026424,-17.225195573008,2866,18,-538
-68.249503710974,-18.976910377042,2694,15,95
-80.466591575006,-6.445412163568,2901,10,-1264
-70.135965807626,-19.470983783308,2850,19,-789
-77.187740787968,-9.90392600743,2668,99,2252
-77.27757231638,-9.140358015928,2737,124,1638
-72.696164367368,-14.081092078588,2738,66,828
-68.563914060416,-23.019329155582,2735,7,-688
-76.558920089084,-11.341230462022,2683,191,1664
-69.282566287712,-16.955700987772,2687,71,1221
-68.608829824622,-18.393005442364,2696,30,252
-73.863974236724,-14.664997013266,2688,120,1828
-72.426669782132,-13.407355615498,2749,227,2578
-77.861477251058,-8.55645308125,2786,59,1018
-77.232656552174,-10.712409763138,2724,12,403
-70.135965807626,-15.159070419532,2710,42,1117
-78.130971836294,-7.837800853954,2754,82,576
-77.996224543676,-9.050526487516,2792,36,1068
-77.72672995844,-9.589515657988,2748,15,1357
-69.237650523506,-17.854016271892,2688,37,742
-69.462229344536,-17.898932036098,2684,42,740
-72.247006725308,-14.126007842794,2721,62,1098
-71.034281091746,-14.979407362708,2693,44,1089
-70.630039213892,-14.575165484854,2703,56,1239
-71.258859912776,-15.51839653318,2676,76,1594
-69.821555458184,-17.719268979274,2716,22,230
-76.289425503848,-9.544599893782,2789,663,1649
-72.651248603162,-16.461627581506,2856,14,-867
-79.613192055092,-7.074232862452,2894,10,-1227
-69.102903230888,-17.31502710142,2667,78,1875
-73.819058472518,-13.811597493352,2791,56,79
-79.253865941444,-7.927632382366,2888,12,-1041
-74.313131878784,-14.036176314382,2715,71,695
-69.372397816124,-14.440418192236,2744,799,3168
-67.980009125738,-21.941350814638,2658,24,-193
-68.249503710974,-16.281964524682,2683,375,3138
-78.355550657324,-8.10729543919,2755,134,1189
-70.854618034922,-16.820953695154,2798,14,-397
-69.147818995094,-18.393005442364,2659,51,1039
-73.504648123076,-12.82345068082,2803,189,1200
-75.840267861788,-14.305670899618,2870,3,-969
-72.067343668484,-13.182776794468,2731,228,3046
-70.585123449686,-18.033679328716,2848,7,-687
-72.022427904278,-13.317524087086,2790,108,768
-76.918246202732,-12.104798453524,2884,25,-904
-69.1927347593,-16.64129063833,2706,88,1131
-77.72672995844,-9.769178714812,2759,13,1474
-69.013071702476,-18.88707884863,2694,27,210
-73.145322009428,-15.608228061592,2773,25,893
-69.552060872948,-14.709912777472,2683,247,2392
-67.62068301209,-22.70491880614,2614,42,-194
-76.60383585329,-11.386146226228,2712,154,1206
-68.74357711724,-18.078595092922,2694,38,588
-70.225797336038,-22.121013871462,NA,NA,NA
-75.750436333376,-12.104798453524,2681,151,1109
-76.60383585329,-9.769178714812,2713,287,1093
-70.98936532754,-15.653143825798,2681,55,871
-72.651248603162,-15.203986183738,2647,156,3242
-72.56141707475,-15.203986183738,2656,135,2464
-75.076699870286,-13.72176596494,2717,150,737
-70.450376157068,-16.237048760476,2700,38,168
-70.270713100244,-15.51839653318,2710,37,758
-73.369900830458,-14.215839371206,2724,118,1980
-68.878324409858,-22.121013871462,2720,11,-707
-76.558920089084,-10.173420592666,2708,186,946
-68.698661353034,-21.447277408372,2699,18,-699
-70.360544628656,-17.270111337214,2763,30,-282
-70.76478650651,-17.045532516184,2765,18,17
-75.076699870286,-13.811597493352,2724,126,760
-69.327482051918,-22.25576116408,2803,1,-876
-77.05299349535,-10.308167885284,2713,63,1230
-72.651248603162,-15.338733476356,2683,112,1289
-77.636898430028,-8.601368845456,2771,84,1031
-70.046134279214,-14.260755135412,2698,347,2460
-72.426669782132,-14.126007842794,2698,95,2764
-79.253865941444,-7.478474740306,2882,20,-689
-73.594479651488,-14.889575834296,2693,126,1799
-74.043637293548,-13.452271379704,2727,56,888
-75.795352097582,-13.362439851292,2894,66,-353
-76.15467821123,-12.059882689318,2700,118,981
-73.549563887282,-12.82345068082,2838,116,68
-76.738583145908,-10.263252121078,2702,153,1000
-67.935093361532,-18.6625000276,2688,26,734
-73.594479651488,-13.04802950185,2798,131,931
-72.022427904278,-13.991260550176,2740,53,1025
-73.145322009428,-14.84466007009,2674,127,1914
-76.963161966938,-10.397999413696,2667,81,1555
-72.875827424192,-15.877722646828,2825,14,-269
-76.738583145908,-12.419208802966,2876,36,-897
-68.608829824622,-19.201489198072,2707,28,-17
-68.563914060416,-16.731122166742,2683,96,3078
-69.237650523506,-18.527752734982,2690,28,133
-75.840267861788,-11.745472339876,2690,170,1118
-69.86647122239,-14.62008124906,2666,169,2524
-78.535213714148,-8.376790024426,2898,49,-116
-68.29441947518,-15.877722646828,2728,537,4037
-77.50215113741,-11.386146226228,NA,NA,NA
-76.514004324878,-11.206483169404,2697,175,1402
-69.372397816124,-14.575165484854,2713,517,2791
-78.714876770972,-7.4335589761,2763,96,1424
-71.618186026424,-15.114154655326,2687,61,1181
-77.996224543676,-9.45476836537,2852,16,369
-76.334341268054,-13.991260550176,NA,NA,NA
-68.608829824622,-17.494690158244,2692,39,1201
-68.878324409858,-22.165929635668,2727,8,-794
-68.788492881446,-17.719268979274,2696,44,971
-68.96815593827,-15.563312297386,2769,264,1156
-73.863974236724,-12.868366445026,2715,146,1254
-69.41731358033,-15.024323126914,2687,137,2371
-69.86647122239,-21.58202470099,2802,11,-872
-69.596976637154,-15.96755417524,2766,100,1994
-72.381754017926,-14.39550242803,2677,81,2241
-76.109762447024,-12.553956095584,2751,43,675
-71.124112620158,-13.49718714391,2676,1323,5626
-68.51899829621,-15.832806882622,2672,438,4952
-69.776639693978,-15.024323126914,2712,56,674
-74.941952577668,-14.84466007009,2879,7,-887
-67.890177597326,-22.749834570346,2605,61,-45
-67.980009125738,-18.482836970776,2693,32,885
-68.608829824622,-20.9082882379,2659,26,-226
-72.56141707475,-13.94634478597,2729,80,1560
-71.932596375866,-15.653143825798,2705,68,418
-78.984371356208,-7.298811683482,2823,95,968
-73.819058472518,-14.709912777472,2682,125,1883
-68.923240174064,-18.707415791806,2693,24,134
-69.686808165566,-16.371796053094,2687,71,911
-68.429166767798,-20.414214831634,2679,24,-426
-78.355550657324,-7.703053561336,2767,69,846
-73.414816594664,-15.653143825798,2797,20,-73
-70.76478650651,-16.596374874124,2746,31,239
-69.911386986596,-21.447277408372,2812,22,-888
-68.204587946768,-16.506543345712,2706,122,1096
-76.064846682818,-11.70055657567,2683,155,1118
-75.9300993902,-14.530249720648,2866,9,-798
-77.457235373204,-10.622578234726,2888,5,-468
-77.72672995844,-9.364936836958,2717,30,1467
-73.729226944106,-13.991260550176,2755,102,1419
-70.854618034922,-17.09044828039,2823,9,-533
-70.001218515008,-17.809100507686,2832,18,-516
-69.552060872948,-22.390508456698,2789,0,-889
-69.1927347593,-20.45913059584,2793,7,-761
-78.40046642153,-9.185273780134,2885,15,-1020
-67.665598776296,-22.974413391376,2620,46,-386
-73.145322009428,-13.182776794468,2735,262,2994
-69.956302750802,-20.054888717986,2814,6,-766
-71.124112620158,-15.024323126914,2695,40,600
-74.223300350372,-15.787891118416,2870,39,-852
-73.90889000093,-12.958197973438,2741,104,711
-69.147818995094,-21.671856229402,2807,6,-775
-74.627542228226,-14.215839371206,2711,127,861
-67.710514540502,-22.570171513522,2642,35,-384
-73.639395415694,-14.081092078588,2747,88,876
-78.759792535178,-8.736116138074,NA,NA,NA
-72.830911659986,-14.754828541678,2661,161,3327
-78.086056072088,-8.421705788632,2795,68,996
-70.270713100244,-18.078595092922,2859,23,-778
-74.58262646402,-14.39550242803,2734,78,646
-69.147818995094,-20.68370941687,2817,7,-722
-68.608829824622,-21.626940465196,2711,23,-497
-70.001218515008,-18.393005442364,2870,17,-654
-77.187740787968,-11.970051160906,NA,NA,NA
-77.906393015264,-9.45476836537,2850,13,620
-69.911386986596,-22.03118234305,2776,10,-840
-76.37925703226,-13.003113737644,2882,24,-884
-68.698661353034,-17.31502710142,2694,48,1332
-76.37925703226,-9.948841771636,2811,156,288
-68.429166767798,-22.435424220904,2723,17,-588
-68.698661353034,-19.291320726484,2712,20,-401
-70.31562886445,-17.045532516184,2667,52,252
-73.504648123076,-16.057385703652,2837,19,-851
-69.372397816124,-17.898932036098,2690,41,777
-71.034281091746,-16.012469939446,2679,51,582
-79.97251816874,-6.220833342538,2891,12,-1034
-69.237650523506,-16.147217232064,2785,117,2249
-75.48094174814,-12.059882689318,2725,125,627
-69.776639693978,-16.731122166742,2691,55,337
-73.055490481016,-14.709912777472,2675,135,2332
-75.076699870286,-14.081092078588,2811,44,206
-68.29441947518,-18.21334238554,2705,43,1707
-68.878324409858,-21.492193172578,2704,21,-459
-68.429166767798,-19.695562604338,2698,16,-386
-77.816561486852,-9.6793471864,2745,11,1002
-71.88768061166,-14.84466007009,2671,87,2385
-77.27757231638,-10.12850482846,2726,36,1245
-74.58262646402,-13.991260550176,2700,98,713
-70.585123449686,-14.305670899618,2680,123,1604
-72.606332838956,-14.39550242803,2688,96,2460
-69.237650523506,-14.485333956442,2728,833,3521
-73.055490481016,-16.237048760476,2846,16,-889
-77.232656552174,-11.25139893361,2877,14,-746
-75.48094174814,-14.889575834296,2864,4,-915
-76.648751617496,-9.948841771636,2756,161,294
-68.96815593827,-21.312530115754,2751,15,-522
-68.51899829621,-23.019329155582,2734,8,-753
-71.797849083248,-16.506543345712,2851,5,-851
-68.74357711724,-22.076098107256,2697,11,-670
-77.322488080586,-10.712409763138,2814,7,-3
-69.327482051918,-19.33623649069,2751,14,195
-76.514004324878,-12.284461510348,2873,24,-508
-76.693667381702,-10.487830942108,2698,134,1061
-72.875827424192,-13.542102908116,2722,166,2962
-78.84962406359,-7.568306268718,2902,47,297
-68.653745588828,-18.078595092922,2701,37,499
-74.447879171402,-13.407355615498,2724,141,1293
-74.941952577668,-14.036176314382,2753,82,915
-69.821555458184,-21.177782823136,2793,9,-781
-75.525857512346,-11.745472339876,2739,144,325
-77.816561486852,-8.286958496014,2738,91,1035
-72.426669782132,-14.979407362708,2664,117,2188
-72.471585546338,-15.06923889112,2666,107,1808
-69.552060872948,-14.754828541678,2675,217,2504
-73.23515353784,-15.024323126914,2680,128,2613
-77.861477251058,-8.242042731808,2733,96,1230
-76.289425503848,-10.892072819962,2712,146,462
-77.142825023762,-11.610725047258,2877,19,-797
-80.107265461358,-6.445412163568,2896,6,-1326
-69.147818995094,-15.51839653318,2729,189,1170
-72.11225943269,-14.575165484854,2696,62,1223
-77.187740787968,-9.6793471864,2729,78,758
-69.776639693978,-21.58202470099,2799,6,-838
-70.674954978098,-16.776037930948,2737,25,473
-69.776639693978,-19.11165766966,2849,2,-850
-71.079196855952,-17.719268979274,2879,13,-1085
-68.788492881446,-22.390508456698,2728,4,-830
-69.282566287712,-22.794750334552,2788,1,-793
-68.29441947518,-21.222698587342,2701,21,-635
-72.651248603162,-13.452271379704,2764,221,2298
-72.920743188398,-15.608228061592,2781,49,1489
-70.719870742304,-17.000616751978,2738,24,290
-68.429166767798,-17.31502710142,2699,54,1707
-70.31562886445,-15.563312297386,2711,35,803
-68.429166767798,-21.58202470099,2663,30,-144
-75.436025983934,-14.799744305884,2865,5,-947
-78.355550657324,-8.646284609662,2901,31,-68
-73.414816594664,-14.530249720648,2697,109,1436
-74.986868341874,-11.970051160906,2730,398,2367
-69.956302750802,-18.88707884863,2849,2,-942
-76.244509739642,-13.856513257558,2880,2,-1032
-69.86647122239,-15.203986183738,2730,58,1556
-68.429166767798,-19.246404962278,2715,17,-415
-74.941952577668,-13.04802950185,2707,197,778
-69.821555458184,-20.23455177481,2800,0,-893
-75.121615634492,-13.227692558674,2680,258,1284
-71.258859912776,-14.485333956442,2703,67,1563
-72.157175196896,-15.114154655326,2673,105,1778
-77.681814194234,-9.409852601164,2705,30,1610
-68.024924889944,-22.974413391376,2743,28,-484
-68.51899829621,-16.86586945936,2704,66,1825
-73.819058472518,-14.440418192236,2694,95,1377
-78.669961006766,-8.421705788632,2897,25,-603
-75.03178410608,-11.9251353967,2684,379,2411
-73.774142708312,-12.958197973438,2756,113,893
-69.462229344536,-18.707415791806,2685,22,559
-70.31562886445,-17.494690158244,2858,15,-919
-70.719870742304,-13.901429021764,2654,495,2814
-69.462229344536,-15.877722646828,2790,99,2047
-75.211447162904,-13.182776794468,2676,300,1514
-73.729226944106,-16.012469939446,2847,14,-956
-69.956302750802,-20.593877888458,2803,4,-722
-78.220803364706,-9.589515657988,2889,5,-955
-72.11225943269,-16.326880288888,2869,4,-856
-71.708017554836,-14.126007842794,2741,48,583
-70.09105004342,-18.393005442364,2868,24,-779
-68.429166767798,-18.572668499188,2691,24,463
-77.50215113741,-8.646284609662,2746,106,1495
-69.282566287712,-14.709912777472,2691,567,2846
-76.82841467432,-10.308167885284,2699,132,1261
-75.301278691316,-15.024323126914,2888,6,-1089
-71.21394414857,-14.889575834296,2700,42,571
-74.043637293548,-13.72176596494,2758,48,666
-69.057987466682,-16.955700987772,2700,70,1191
-68.159672182562,-22.345592692492,2704,31,-357
-74.178384586166,-15.159070419532,2845,14,-29
-71.932596375866,-14.709912777472,2685,59,1140
-74.043637293548,-14.62008124906,2701,85,1216
-78.041140307882,-9.45476836537,2867,15,200
-77.547066901616,-8.33187426022,2806,109,641
-68.024924889944,-18.258258149746,2704,36,1183
-75.211447162904,-14.575165484854,2874,7,-914
-75.301278691316,-11.835303868288,2733,181,857
-76.019930918612,-11.745472339876,2679,157,1298
-73.549563887282,-14.934491598502,2707,107,1455
-76.289425503848,-10.757325527344,2708,153,538
-70.630039213892,-13.856513257558,2691,572,2507
-73.01057471681,-16.4167118173,2862,18,-860
-73.549563887282,-14.889575834296,2701,117,1538
-72.471585546338,-15.608228061592,2729,126,463
-72.651248603162,-13.137861030262,2780,234,1466
-69.147818995094,-20.818456709488,2809,7,-677
-69.86647122239,-22.165929635668,2778,4,-896
-74.986868341874,-14.664997013266,2862,11,-702
-71.977512140072,-14.709912777472,2693,57,1023
-70.495291921274,-13.991260550176,2692,334,1928
-75.525857512346,-13.003113737644,2718,228,728
-69.282566287712,-15.383649240562,2721,112,875
-75.391110219728,-11.970051160906,2728,165,1425
-68.74357711724,-21.087951294724,2682,39,-1
-72.696164367368,-14.485333956442,2680,109,3102
-76.15467821123,-10.442915177902,2712,147,507
-69.41731358033,-22.121013871462,2824,1,-933
-76.199593975436,-11.071735876786,2705,185,1001
-72.11225943269,-16.506543345712,2858,3,-816
-76.37925703226,-12.59887185979,2859,14,-634
-76.469088560672,-11.835303868288,2760,104,1603
-75.570773276552,-13.72176596494,2810,38,14
-72.696164367368,-14.889575834296,2691,84,860
-76.963161966938,-9.140358015928,2799,197,323
-72.247006725308,-13.991260550176,2718,68,1412
-68.339335239386,-20.054888717986,2643,27,146
-80.915749217066,-5.996254521508,2899,10,-1250
-69.776639693978,-22.749834570346,2770,0,-810
-73.6843111799,-14.215839371206,2718,83,922
-68.96815593827,-21.267614351548,2763,15,-518
-68.74357711724,-22.92949762717,2742,6,-731
-79.703023583504,-7.164064390864,2892,9,-1177
-69.102903230888,-20.728625181076,2796,9,-630
-70.76478650651,-15.51839653318,2686,53,1006
-68.788492881446,-18.43792120657,2689,37,471
-76.109762447024,-12.239545746142,2724,83,1108
-72.33683825372,-13.452271379704,2759,164,1912
-71.034281091746,-14.39550242803,2677,116,3058
-77.27757231638,-10.847157055756,2833,6,-173
-75.840267861788,-11.745472339876,2690,170,1118
-72.33683825372,-14.036176314382,2698,87,2563
-73.639395415694,-15.787891118416,2792,11,-639
-76.783498910114,-12.014966925112,2881,23,-611
-74.672457992432,-14.126007842794,2712,115,668
-79.613192055092,-6.265749106744,2893,33,1110
-73.324985066252,-13.49718714391,2774,86,904
-68.96815593827,-22.345592692492,2742,4,-773
-71.842764847454,-16.057385703652,2750,44,222
-71.258859912776,-17.31502710142,2851,14,-858
-68.024924889944,-21.761687757814,2660,25,87
-78.130971836294,-9.90392600743,2887,4,-867
-76.15467821123,-10.173420592666,2794,82,-173
-75.346194455522,-13.856513257558,2795,63,430
-76.514004324878,-10.442915177902,2718,163,624
-78.759792535178,-8.646284609662,NA,NA,NA
-69.237650523506,-17.31502710142,2673,57,952
-67.935093361532,-19.066741905454,2684,15,147
-68.159672182562,-21.851519286226,2671,30,3
-75.301278691316,-14.170923607,2818,19,-142
-70.495291921274,-18.033679328716,2848,10,-648
-68.878324409858,-22.884581862964,2758,5,-799
-75.885183625994,-10.847157055756,2718,480,1674
-69.282566287712,-17.000616751978,2692,65,860
-72.11225943269,-14.530249720648,2698,62,1198
-69.1927347593,-19.650646840132,2711,16,205
-69.86647122239,-20.189636010604,2803,1,-867
-68.74357711724,-16.371796053094,2763,79,2024
-68.923240174064,-16.86586945936,2705,79,1645
-71.752933319042,-14.575165484854,2673,71,2335
-75.885183625994,-11.970051160906,2696,144,1060
-69.911386986596,-15.203986183738,2721,49,1146
-69.282566287712,-21.626940465196,2838,3,-865
-68.788492881446,-16.86586945936,2709,76,1662
-70.135965807626,-17.31502710142,2737,32,-91
-75.9300993902,-14.260755135412,2872,3,-975
-74.627542228226,-14.485333956442,2790,51,214
-74.268216114578,-14.664997013266,2694,96,713
-68.653745588828,-17.854016271892,2698,44,1274
-76.424172796466,-12.239545746142,2774,34,49
-72.741080131574,-15.653143825798,2714,79,566
-70.854618034922,-15.787891118416,2684,44,597
-69.911386986596,-17.225195573008,2685,39,39
-69.41731358033,-16.012469939446,2781,112,2087
-75.750436333376,-14.036176314382,2888,2,-985
-74.537710699814,-13.182776794468,2698,194,1525
-75.885183625994,-11.9251353967,2677,152,1234
-68.788492881446,-16.910785223566,2711,68,1485
-74.223300350372,-13.811597493352,2705,81,1760
-72.33683825372,-15.96755417524,2799,25,-252
-68.563914060416,-19.470983783308,2672,25,149
-75.70552056917,-12.82345068082,2766,131,811
-72.965658952604,-13.72176596494,2759,78,1008
-71.752933319042,-16.731122166742,2862,6,-885
-72.965658952604,-16.147217232064,2833,6,-905
-70.09105004342,-21.13286705893,2843,45,-527
-69.956302750802,-22.974413391376,2791,1,-793
-74.268216114578,-15.832806882622,2863,36,-805
-70.31562886445,-14.350586663824,2676,144,2262
-69.731723929772,-15.024323126914,2705,76,1698
-74.13346882196,-14.126007842794,2708,75,835
-71.842764847454,-13.631934436528,2726,119,2363
-73.90889000093,-14.84466007009,2712,97,1358
-69.013071702476,-20.189636010604,2691,23,-125
-73.280069302046,-15.338733476356,2799,33,67
-75.885183625994,-10.57766247052,2706,575,1948
-74.313131878784,-13.362439851292,2749,60,211
-76.558920089084,-10.757325527344,2686,139,1011
-78.759792535178,-7.792885089748,2756,45,479
-75.795352097582,-13.407355615498,2847,60,-305
-76.648751617496,-9.364936836958,2731,504,2093
-69.911386986596,-19.33623649069,2836,4,-847
-76.019930918612,-11.745472339876,2679,157,1298
-71.124112620158,-16.910785223566,2830,6,-842
-71.66310179063,-15.024323126914,2691,47,827
-70.54020768548,-17.225195573008,2739,29,-167
-68.923240174064,-20.279467539016,2701,22,-357
-70.944449563334,-13.766681729146,2661,851,4235
-76.82841467432,-10.263252121078,2692,142,1348
-70.225797336038,-22.839666098758,2840,18,-693
-70.135965807626,-16.4167118173,2677,45,283
-69.686808165566,-20.324383303222,2810,0,-812
-70.585123449686,-16.64129063833,2668,51,1183
-73.190237773634,-16.102301467858,2869,15,-1063
-70.135965807626,-23.064244919788,2818,3,-734
-78.086056072088,-8.691200373868,2809,36,759
-72.741080131574,-12.958197973438,2801,285,2067
-75.25636292711,-14.709912777472,2856,3,-996
-70.360544628656,-17.494690158244,2845,14,-492
-75.48094174814,-14.350586663824,2870,8,-912
-73.145322009428,-14.754828541678,2675,122,1885
-72.33683825372,-14.84466007009,2669,142,2612
-79.029287120414,-7.65813779713,2885,21,-392
-75.660604804964,-14.485333956442,2853,5,-970
-71.528354498012,-14.889575834296,2696,43,657
-71.079196855952,-13.901429021764,2658,322,2504
-69.372397816124,-19.381152254896,2760,11,-71
-74.986868341874,-12.733619152408,2697,282,1366
-69.282566287712,-19.695562604338,2766,8,-309
-69.237650523506,-19.021826141248,2712,28,515
-69.282566287712,-15.338733476356,2724,113,740
-74.13346882196,-15.428565004768,2799,9,-245
-79.208950177238,-7.65813779713,2882,17,-1039
-68.698661353034,-16.955700987772,2711,70,1825
-75.975015154406,-11.02682011258,2697,318,1443
-80.242012753976,-6.265749106744,2896,6,-1334
-76.558920089084,-11.206483169404,2703,142,988
-69.911386986596,-14.754828541678,2701,70,692
-78.086056072088,-8.601368845456,2781,54,1499
-70.854618034922,-14.126007842794,2660,224,2659
-72.920743188398,-15.653143825798,2745,44,1577
-70.854618034922,-17.180279808802,2845,8,-701
-68.608829824622,-18.21334238554,2696,43,1037
-72.157175196896,-15.563312297386,2725,91,868
-70.719870742304,-15.428565004768,2671,69,2106
-69.596976637154,-19.470983783308,2823,3,-800
-71.528354498012,-13.94634478597,2700,84,1543
-73.863974236724,-14.39550242803,2726,69,539
-74.402963407196,-14.62008124906,2703,80,686
-80.466591575006,-6.265749106744,2902,8,-1307
-71.618186026424,-14.799744305884,2680,53,1626
-70.09105004342,-21.941350814638,2814,45,-777
-77.367403844792,-9.00561072331,2796,77,433
-74.852121049256,-13.003113737644,2712,210,1075
-69.956302750802,-18.21334238554,2860,15,-742
-71.079196855952,-13.94634478597,2662,267,2427
-68.249503710974,-21.35744587996,2695,30,-184
-74.402963407196,-14.036176314382,2703,91,952
-73.45973235887,-15.608228061592,2787,24,38
-71.348691441188,-14.84466007009,2697,46,792
-74.58262646402,-14.754828541678,2760,43,272
-73.729226944106,-13.182776794468,2841,77,-210
-76.019930918612,-14.305670899618,2879,3,-1078
-75.750436333376,-12.643787623996,2707,139,1362
-71.618186026424,-16.596374874124,2799,8,-752
-73.504648123076,-14.530249720648,2686,121,1979
-69.731723929772,-22.121013871462,2783,2,-803
-75.25636292711,-14.979407362708,2887,6,-1012
-76.963161966938,-10.532746706314,2694,69,1242
-68.96815593827,-15.832806882622,2741,155,1576
-78.355550657324,-8.33187426022,2772,99,895
-68.96815593827,-19.156573433866,2679,31,412
-74.447879171402,-13.587018672322,2770,67,-165
-76.738583145908,-10.12850482846,2711,181,1233
-69.552060872948,-14.350586663824,2717,847,3263
-75.211447162904,-11.47597775464,2791,417,2100
-72.022427904278,-13.49718714391,2759,83,1051
-73.6843111799,-14.62008124906,2689,105,1411
-78.1758876005,-9.948841771636,2888,4,-1181
-72.830911659986,-12.958197973438,2759,338,2759
-76.15467821123,-11.116651640992,2703,204,1181
-68.384251003592,-21.13286705893,2662,32,-83
-76.648751617496,-11.745472339876,2776,55,606
-68.429166767798,-16.64129063833,2707,57,1586
-69.372397816124,-16.237048760476,2753,120,2193
-68.159672182562,-19.33623649069,2707,12,-331
-71.303775676982,-16.057385703652,2701,41,8
-70.135965807626,-22.794750334552,2831,12,-648
-72.78599589578,-12.913282209232,2841,216,1247
-68.159672182562,-22.839666098758,2753,18,-537
-69.911386986596,-14.664997013266,2678,118,1867
-72.067343668484,-13.227692558674,2698,232,3194
-70.719870742304,-17.180279808802,2763,17,-276
-71.528354498012,-16.820953695154,2849,6,-841
-81.09541227389,-5.951338757302,2905,9,-1204
-71.169028384364,-17.449774394038,2853,7,-817
-81.050496509684,-6.175917578332,NA,NA,NA
-78.669961006766,-8.286958496014,2878,39,-173
-70.09105004342,-14.305670899618,2705,203,1267
-76.693667381702,-12.239545746142,2868,30,-698
-69.327482051918,-20.369299067428,2836,3,-686
-68.878324409858,-14.709912777472,2797,1024,2584
-76.873330438526,-9.589515657988,2736,195,926
-69.507145108742,-23.1540764482,2802,0,-842
-71.88768061166,-14.39550242803,2721,47,857
-75.840267861788,-11.610725047258,2729,138,189
-68.96815593827,-23.243907976612,2748,5,-666
-78.220803364706,-9.544599893782,2892,5,-912
-79.658107819298,-6.580159456186,2888,18,-129
-70.854618034922,-14.305670899618,2677,99,1547
-75.885183625994,-11.835303868288,2684,149,1026
-69.013071702476,-23.064244919788,2758,4,-664
-74.35804764299,-14.170923607,2689,88,920
-69.64189240136,-16.4167118173,2693,69,566
-74.627542228226,-14.934491598502,2843,16,-516
-69.372397816124,-22.884581862964,2783,0,-864
-73.100406245222,-16.102301467858,2835,12,-847
-70.360544628656,-14.350586663824,2681,129,2136
-70.630039213892,-17.898932036098,2852,6,-745
-69.911386986596,-22.076098107256,2784,9,-768
-74.672457992432,-13.04802950185,2737,163,688
-71.842764847454,-15.74297535421,2649,95,1496
-70.09105004342,-14.575165484854,2676,118,2557
-69.776639693978,-14.440418192236,2689,289,1449
-73.863974236724,-12.958197973438,2711,127,1196
-74.447879171402,-13.587018672322,2770,67,-165
-70.854618034922,-13.856513257558,2632,739,4295
-69.64189240136,-21.851519286226,2820,1,-873
-69.552060872948,-16.19213299627,2726,116,2173
-74.941952577668,-13.542102908116,2695,185,994
-68.698661353034,-18.617584263394,2694,22,211
-68.159672182562,-17.045532516184,2705,50,689
-77.187740787968,-10.442915177902,2822,18,-17
-75.076699870286,-12.37429303876,2736,195,598
-77.996224543676,-9.769178714812,2887,7,-195
-74.941952577668,-12.733619152408,2700,289,1444
-71.618186026424,-13.587018672322,2710,181,2478
-78.086056072088,-9.499684129576,2887,12,-225
-73.45973235887,-13.362439851292,2769,113,546
-68.878324409858,-20.953204002106,2713,28,-126
-77.50215113741,-9.275105308546,2675,86,2631
-68.788492881446,-19.830309896956,2677,28,114
-74.178384586166,-12.688703388202,2726,243,1848
-69.102903230888,-17.31502710142,2667,78,1875
-70.09105004342,-17.09044828039,2659,51,325
-74.447879171402,-14.664997013266,2714,75,710
-70.630039213892,-16.461627581506,2687,53,943
-75.076699870286,-14.215839371206,2874,25,-345
-77.187740787968,-11.071735876786,2891,10,-384
-70.98936532754,-15.428565004768,2670,85,2014
-72.202090961102,-16.371796053094,2856,4,-802
-75.301278691316,-14.709912777472,2854,3,-966
-68.249503710974,-17.225195573008,2683,71,2105
-76.244509739642,-12.643787623996,2860,17,-301
-69.821555458184,-21.941350814638,2781,6,-794
-77.187740787968,-11.565809283052,2874,18,-846
-69.013071702476,-17.629437450862,2686,48,1162
-73.594479651488,-13.72176596494,2780,84,394
-68.474082532004,-19.470983783308,2696,17,-333
-76.514004324878,-10.263252121078,2708,185,900
-69.41731358033,-16.776037930948,2673,94,1612
-68.06984065415,-16.506543345712,2730,167,692
-72.78599589578,-14.934491598502,2683,118,1877
-79.613192055092,-6.265749106744,2893,33,1110
-70.854618034922,-13.766681729146,2662,979,4768
-69.013071702476,-17.719268979274,2683,43,1158
-78.265719128912,-9.589515657988,2892,4,-1033
-78.130971836294,-9.499684129576,2893,11,-388
-76.918246202732,-11.70055657567,2886,24,-646
-69.731723929772,-19.740478368544,2828,1,-887
-75.750436333376,-11.431061990434,2739,236,693
-69.507145108742,-18.482836970776,2739,21,495
-73.369900830458,-14.934491598502,2760,69,222
-76.514004324878,-12.59887185979,2883,26,-789
-69.956302750802,-14.934491598502,2668,83,2813
-72.651248603162,-16.506543345712,2855,14,-572
-72.78599589578,-16.012469939446,2828,6,-901
-75.660604804964,-12.194629981936,2680,170,1271
-70.046134279214,-22.076098107256,2818,26,-652
-71.034281091746,-16.955700987772,2796,6,-627
-72.471585546338,-13.72176596494,2795,67,494
-73.998721529342,-14.305670899618,2726,84,753
-73.45973235887,-15.832806882622,2831,8,-728
-70.944449563334,-17.494690158244,2864,5,-827
-69.147818995094,-21.896435050432,2762,6,-882
-75.840267861788,-13.137861030262,2757,116,214
-72.875827424192,-13.04802950185,2814,222,903
-76.15467821123,-10.712409763138,2705,216,994
-80.511507339212,-6.08608604992,2903,5,-1338
-70.585123449686,-17.09044828039,2721,31,185
-69.596976637154,-14.664997013266,2688,241,2038
-71.079196855952,-15.563312297386,2684,51,465
-68.29441947518,-18.393005442364,2700,33,904
-73.414816594664,-16.102301467858,2844,20,-856
-74.223300350372,-13.901429021764,2722,67,1020
-75.615689040758,-11.296314697816,2730,448,2203
-69.1927347593,-20.953204002106,2828,4,-684
-69.013071702476,-22.570171513522,2762,2,-832
-72.247006725308,-15.922638411034,2757,37,40
-78.220803364706,-9.948841771636,2883,3,-1202
-69.057987466682,-20.054888717986,2719,21,-29
-68.74357711724,-19.246404962278,2705,22,-320
-68.51899829621,-22.92949762717,2735,7,-721
-69.86647122239,-21.492193172578,2805,12,-900
-69.372397816124,-15.787891118416,2789,94,1972
-68.29441947518,-19.56081531172,2703,13,-434
-78.984371356208,-7.298811683482,2823,95,968
-76.558920089084,-9.814094479018,2732,274,828
-69.41731358033,-20.45913059584,2847,2,-791
-68.339335239386,-22.121013871462,2711,26,-398
-74.447879171402,-13.452271379704,2716,143,1445
-75.795352097582,-12.688703388202,2713,113,1470
-70.180881571832,-17.943847800304,2868,23,-793
-69.776639693978,-21.222698587342,2792,6,-806
-75.840267861788,-13.452271379704,2849,39,-300
-68.74357711724,-20.548962124252,2689,24,-394
-75.25636292711,-13.407355615498,2699,226,1088
-68.608829824622,-19.156573433866,2671,33,598
-75.570773276552,-12.059882689318,2719,130,759
-73.280069302046,-16.371796053094,2866,37,-1109
-72.291922489514,-14.575165484854,2697,72,1308
-73.594479651488,-14.709912777472,2687,112,1331
-71.797849083248,-14.126007842794,2719,54,1508
-69.686808165566,-22.525255749316,2772,0,-842
-70.270713100244,-18.033679328716,2861,23,-770
-72.247006725308,-13.452271379704,2770,121,922
-68.29441947518,-16.147217232064,2693,423,3327
-73.953805765136,-15.563312297386,2804,15,-38
-71.752933319042,-14.575165484854,2673,71,2335
-69.462229344536,-22.390508456698,2789,0,-861
-75.840267861788,-13.407355615498,2891,46,-469
-75.25636292711,-13.227692558674,2691,236,1044
-78.490297949942,-8.062379674984,2763,131,578
-75.525857512346,-14.081092078588,2889,10,-661
-69.41731358033,-23.109160683994,2812,0,-821
-68.833408645652,-20.324383303222,2712,19,-609
-76.199593975436,-10.532746706314,2714,178,757
-70.98936532754,-17.809100507686,2860,10,-617
-73.369900830458,-15.51839653318,2751,40,934
-78.265719128912,-8.691200373868,2884,31,137
-75.840267861788,-12.778534916614,2808,73,929
-77.187740787968,-9.724262950606,2708,84,1141
-68.878324409858,-20.638793652664,2711,25,-240
-68.833408645652,-20.68370941687,2697,25,-250
-70.54020768548,-14.575165484854,2703,49,777
-70.225797336038,-18.258258149746,2856,25,-697
-71.348691441188,-13.856513257558,2677,175,2382
-74.941952577668,-12.239545746142,2793,194,370
-72.830911659986,-14.575165484854,2670,123,3023
-77.457235373204,-8.691200373868,2742,120,1820
-68.429166767798,-17.76418474348,2705,29,752
-69.1927347593,-18.123510857128,2682,49,961
-72.741080131574,-16.371796053094,2854,7,-926
-80.466591575006,-6.445412163568,2901,10,-1264
-70.360544628656,-16.86586945936,2676,40,101
-72.651248603162,-13.092945266056,2816,210,1257
-74.492794935608,-14.664997013266,2727,70,704
-74.13346882196,-15.51839653318,2834,14,-501
-71.977512140072,-15.563312297386,2713,56,426
-76.693667381702,-12.014966925112,2886,29,-454
-67.935093361532,-21.716771993608,2664,18,-207
-68.563914060416,-21.851519286226,2727,18,-648
-72.11225943269,-14.215839371206,2738,54,1000
-76.289425503848,-12.553956095584,2891,15,-495
-69.147818995094,-21.492193172578,2815,4,-742
-77.27757231638,-10.218336356872,2711,36,1523
-69.507145108742,-22.076098107256,2824,0,-995
-68.114756418356,-19.381152254896,2705,12,-303
-72.696164367368,-14.709912777472,2662,140,3241
-68.96815593827,-21.13286705893,2768,16,-457
-75.660604804964,-14.215839371206,2880,4,-1059
-79.253865941444,-6.804738277216,2915,125,638
-68.384251003592,-21.13286705893,2662,32,-83
-70.495291921274,-15.96755417524,2695,41,794
-70.899533799128,-15.787891118416,2678,48,822
-76.064846682818,-12.958197973438,2846,28,-150
-77.72672995844,-9.45476836537,2742,21,1481
-73.190237773634,-16.102301467858,2869,15,-1063
-69.372397816124,-14.709912777472,2687,353,2285
-77.591982665822,-10.936988584168,2873,5,-992
-71.034281091746,-15.877722646828,2679,45,412
-70.225797336038,-15.74297535421,2713,41,877
-68.06984065415,-21.986266578844,2622,30,63
-69.013071702476,-16.551459109918,2747,99,1966
-75.391110219728,-11.341230462022,2747,515,3285
-75.975015154406,-11.02682011258,2697,318,1443
-71.977512140072,-16.506543345712,2871,2,-867
-76.199593975436,-10.263252121078,2735,113,805
-76.15467821123,-10.263252121078,2785,108,92
-77.771645722646,-8.55645308125,2758,68,1187
-70.674954978098,-15.653143825798,2703,42,630
-76.199593975436,-9.90392600743,2825,126,-291
-70.360544628656,-14.934491598502,2697,39,1565
-69.372397816124,-20.953204002106,2839,1,-694
-68.923240174064,-18.123510857128,2646,54,1333
-69.686808165566,-16.64129063833,2694,61,312
-74.178384586166,-15.877722646828,2867,41,-874
-79.164034413032,-6.894569805628,2867,199,1522
-73.90889000093,-15.29381771215,2743,35,1135
-68.024924889944,-18.6625000276,2686,26,658
-78.62504524256,-8.825947666486,2890,11,-1040
-70.360544628656,-14.126007842794,2684,275,2203
-74.627542228226,-13.452271379704,2683,216,1913
-78.086056072088,-9.6793471864,2882,7,-411
-70.360544628656,-17.76418474348,2861,22,-792
-74.402963407196,-13.452271379704,2731,110,1088
-72.920743188398,-15.338733476356,2675,118,3289
-68.204587946768,-21.312530115754,2653,35,216
-73.549563887282,-13.407355615498,2765,130,1064
-70.270713100244,-15.248901947944,2714,42,1261
-73.055490481016,-16.4167118173,2863,23,-946
-76.244509739642,-13.27260832288,2875,13,-956
-77.996224543676,-8.646284609662,2798,43,1069
-78.759792535178,-8.421705788632,2895,18,-971
-78.355550657324,-8.017463910778,2736,142,1145
-77.591982665822,-8.691200373868,2755,95,1240
-70.180881571832,-16.596374874124,2632,80,1700
-68.923240174064,-15.473480768974,2776,320,297
-68.74357711724,-15.338733476356,2725,957,2868
-72.78599589578,-15.06923889112,2673,122,2259
-73.953805765136,-15.563312297386,2804,15,-38
-75.346194455522,-13.811597493352,2823,63,41
-77.142825023762,-11.835303868288,2881,11,-786
-75.301278691316,-12.553956095584,2693,267,1167
-68.29441947518,-20.953204002106,2696,17,-661
-68.024924889944,-21.626940465196,2684,20,-246
-68.384251003592,-16.551459109918,2713,59,884
-77.008077731144,-9.45476836537,2708,196,1297
-74.852121049256,-12.868366445026,2701,261,1500
-69.013071702476,-17.76418474348,2684,47,1302
-76.244509739642,-11.520893518846,2663,213,1763
-71.752933319042,-16.86586945936,2861,8,-879
-74.537710699814,-14.305670899618,2700,117,963
-69.86647122239,-23.019329155582,2789,0,-815
-69.282566287712,-22.92949762717,2801,1,-850
-76.469088560672,-11.835303868288,2760,104,1603
-71.528354498012,-13.49718714391,2719,286,2592
-71.393607205394,-13.631934436528,2735,208,1091
-68.96815593827,-14.979407362708,2673,976,3000
-71.573270262218,-13.676850200734,2735,109,963
-73.504648123076,-15.51839653318,2764,36,414
-73.100406245222,-12.958197973438,2768,259,2459
-70.09105004342,-15.024323126914,2704,43,1199
-77.27757231638,-11.161567405198,2880,10,-747
-69.686808165566,-21.492193172578,2806,3,-977
-69.507145108742,-21.447277408372,2820,0,-901
-77.636898430028,-10.218336356872,2851,8,266
-69.237650523506,-18.303173913952,2669,47,987
-68.204587946768,-21.716771993608,2717,17,-574
-71.034281091746,-17.404858629832,2857,9,-891
-72.741080131574,-13.631934436528,2716,167,3514
-69.776639693978,-19.11165766966,2849,2,-850
-75.570773276552,-12.37429303876,2682,180,965
-68.653745588828,-20.953204002106,2669,32,-136
-71.708017554836,-16.4167118173,2837,9,-779
-74.492794935608,-13.04802950185,2750,157,1033
-74.492794935608,-15.74297535421,NA,NA,NA
-69.282566287712,-17.809100507686,2696,30,304
-69.41731358033,-14.979407362708,2699,135,2006
-68.474082532004,-19.965057189574,2698,18,-419
-77.50215113741,-10.936988584168,2874,4,-849
-74.043637293548,-13.137861030262,2740,55,491
-73.998721529342,-13.856513257558,2711,73,1360
-69.327482051918,-22.076098107256,2827,1,-889
-74.941952577668,-15.203986183738,2861,9,-987
-69.911386986596,-20.054888717986,2801,4,-842
-72.696164367368,-13.227692558674,2738,304,2604
-71.708017554836,-17.09044828039,2865,15,-701
-70.809702270716,-15.563312297386,2660,76,2316
-70.854618034922,-16.012469939446,2671,55,1116
-68.114756418356,-16.551459109918,2732,119,922
-73.90889000093,-14.530249720648,2689,89,1355
-68.29441947518,-20.818456709488,2689,18,-532
-73.280069302046,-15.203986183738,2762,61,993
-79.164034413032,-7.4335589761,2874,30,-81
-74.178384586166,-13.49718714391,2748,50,623
-71.573270262218,-13.811597493352,2715,90,1249
-68.878324409858,-14.979407362708,2727,1068,3044
-68.608829824622,-19.201489198072,2707,28,-17
-79.837770876122,-6.580159456186,2889,9,-989
-69.327482051918,-16.102301467858,2781,116,2189
-71.4385229696,-16.102301467858,2706,42,-200
-73.998721529342,-13.72176596494,2793,38,-25
-72.56141707475,-13.04802950185,2815,223,1570
-68.788492881446,-18.168426621334,2688,44,719
-69.86647122239,-18.168426621334,2790,11,-360
-69.057987466682,-18.258258149746,2656,54,1102
-76.469088560672,-12.778534916614,2881,25,-766
-73.055490481016,-15.203986183738,2697,86,2085
-68.51899829621,-22.70491880614,2729,10,-597
-71.348691441188,-14.979407362708,2693,43,736
-79.388613234062,-7.703053561336,2888,12,-1079
-68.563914060416,-17.53960592245,2690,38,1242
-77.097909259556,-10.667493998932,2695,36,935
-76.289425503848,-13.766681729146,NA,NA,NA
-68.249503710974,-17.809100507686,2703,27,631
-69.552060872948,-18.258258149746,2731,23,413
-78.041140307882,-9.45476836537,2867,15,200
-77.322488080586,-9.275105308546,2680,123,2329
-69.731723929772,-14.889575834296,2705,78,930
-78.490297949942,-8.960694959104,2878,16,-972
-76.693667381702,-11.25139893361,2791,102,473
-70.180881571832,-18.976910377042,2846,8,-800
-70.674954978098,-16.551459109918,2732,42,502
-69.821555458184,-22.794750334552,2778,0,-761
-70.001218515008,-20.144720246398,2820,8,-760
-78.580129478354,-8.33187426022,2860,53,58
-72.875827424192,-15.428565004768,2662,102,2861
-70.046134279214,-20.773540945282,2820,18,-782
-68.96815593827,-16.506543345712,2758,90,1711
-77.097909259556,-11.520893518846,2878,27,-930
-75.166531398698,-13.27260832288,2682,241,1153
-71.842764847454,-15.74297535421,2649,95,1496
-76.289425503848,-12.643787623996,2857,15,-444
-69.102903230888,-17.000616751978,2698,68,1019
-75.166531398698,-14.260755135412,2824,16,-372
-70.809702270716,-17.135364044596,2810,11,-421
-75.076699870286,-13.407355615498,2682,230,1203
-78.130971836294,-7.972548146572,2745,125,1202
-72.33683825372,-14.664997013266,2675,94,1938
-69.282566287712,-20.054888717986,2793,5,-689
-75.525857512346,-11.02682011258,2768,666,3622
-75.391110219728,-13.182776794468,2704,295,1094
-76.693667381702,-9.275105308546,2739,471,1819
-76.334341268054,-11.880219632494,2703,140,1274
-77.05299349535,-10.308167885284,2713,63,1230
-73.280069302046,-15.608228061592,2764,26,710
-74.447879171402,-12.958197973438,2793,88,-5
-72.381754017926,-16.237048760476,2865,6,-987
-68.384251003592,-17.674353215068,2697,32,973
-78.759792535178,-8.466621552838,2894,17,-999
-72.11225943269,-15.024323126914,2673,105,1957
-69.147818995094,-20.998119766312,2825,6,-719
-67.980009125738,-22.121013871462,2657,37,-55
-76.469088560672,-11.25139893361,2684,201,1715
-73.369900830458,-15.024323126914,2717,85,1063
-70.001218515008,-14.979407362708,2684,66,2163
-68.96815593827,-19.11165766966,2686,31,386
-76.244509739642,-10.622578234726,2696,186,1008
-68.698661353034,-18.752331556012,2680,22,508
-69.282566287712,-21.312530115754,2835,2,-782
-73.45973235887,-14.485333956442,2687,115,1877
-68.024924889944,-22.749834570346,2715,42,-478
-70.180881571832,-16.102301467858,2688,51,1364
-69.237650523506,-19.56081531172,2748,13,33
-69.102903230888,-15.877722646828,2776,119,1686
-70.98936532754,-17.135364044596,2853,6,-728
-70.630039213892,-17.045532516184,2718,29,280
-69.013071702476,-21.312530115754,2784,11,-641
-71.483438733806,-15.608228061592,2678,67,1027
-74.537710699814,-15.428565004768,2856,31,-803
-68.06984065415,-22.48033998511,2668,40,-206
-72.157175196896,-15.608228061592,2735,88,851
-76.469088560672,-11.9251353967,2773,94,1179
-78.580129478354,-7.837800853954,2751,87,483
-71.258859912776,-16.147217232064,2699,44,95
-78.265719128912,-8.915779194898,2869,19,-140
-77.547066901616,-8.646284609662,2760,86,1093
-72.606332838956,-14.709912777472,2668,124,2857
-68.024924889944,-18.88707884863,2682,18,380
-74.762289520844,-14.081092078588,2703,125,972
-70.674954978098,-13.856513257558,2671,557,2543
-71.528354498012,-14.260755135412,2709,61,1328
-77.008077731144,-11.206483169404,2825,34,230
-73.6843111799,-15.74297535421,2803,12,-554
-70.09105004342,-20.818456709488,2835,23,-808
-72.830911659986,-14.709912777472,2662,164,3548
-69.86647122239,-18.931994612836,2820,2,-879
-70.809702270716,-16.955700987772,2764,17,59
-71.618186026424,-13.766681729146,2730,87,1151
-71.932596375866,-15.832806882622,2693,57,848
-69.64189240136,-15.473480768974,2779,65,1612
-67.935093361532,-18.43792120657,2696,34,927
-68.788492881446,-15.159070419532,2744,925,2147
-73.819058472518,-14.575165484854,2687,107,1616
-68.114756418356,-15.922638411034,2790,1004,4378
-70.09105004342,-15.428565004768,2710,41,1047
-70.001218515008,-21.177782823136,2819,38,-809
-70.001218515008,-20.23455177481,2816,8,-790
-77.457235373204,-10.038673300048,2746,23,1707
-80.601338867624,-6.355580635156,2902,11,-1209
-77.547066901616,-11.296314697816,2881,7,-1029
-69.731723929772,-16.237048760476,2698,74,1169
-78.086056072088,-8.511537317044,2845,52,813
-79.882686640328,-6.131001814126,2886,21,-636
-74.402963407196,-12.82345068082,2809,105,273
-77.681814194234,-10.57766247052,2881,5,-684
-76.334341268054,-10.263252121078,2779,88,12
-80.781001924448,-5.86150722889,2902,5,-1392
-68.878324409858,-17.584521686656,2689,47,1043
-69.237650523506,-21.716771993608,2831,3,-819
-68.923240174064,-16.686206402536,2720,101,2110
-67.84526183312,-22.884581862964,2650,62,-187
-77.097909259556,-10.397999413696,2754,39,996
-68.788492881446,-20.998119766312,2688,38,21
-75.795352097582,-12.059882689318,2681,150,1104
-72.965658952604,-14.39550242803,2725,75,1183
-74.941952577668,-13.49718714391,2704,189,923
-75.9300993902,-12.688703388202,2795,58,719
-69.1927347593,-16.955700987772,2696,70,985
-69.911386986596,-15.248901947944,2725,49,1086
-69.956302750802,-17.09044828039,2664,53,485
-68.204587946768,-22.615087277728,2714,26,-614
-69.057987466682,-18.482836970776,2665,42,733
-69.776639693978,-17.449774394038,2661,40,547
-71.348691441188,-15.338733476356,2687,74,1015
-68.249503710974,-20.593877888458,2692,16,-486
-68.474082532004,-16.19213299627,2735,187,2491
-69.1927347593,-17.898932036098,2685,40,853
-74.852121049256,-12.284461510348,2833,174,116
-71.483438733806,-13.631934436528,2739,159,999
-69.057987466682,-18.43792120657,2643,50,1124
-77.097909259556,-11.70055657567,2882,16,-887
-71.977512140072,-13.452271379704,2733,133,2270
-70.54020768548,-16.506543345712,2676,52,898
-75.436025983934,-14.036176314382,2865,17,-219
-78.086056072088,-9.6793471864,2882,7,-411
-76.064846682818,-13.991260550176,2870,2,-1048
-69.1927347593,-21.851519286226,2785,5,-834
-72.875827424192,-13.587018672322,2753,149,2489
-74.537710699814,-15.383649240562,2848,29,-862
-77.95130877947,-9.814094479018,2887,8,-8
-76.783498910114,-11.341230462022,2763,91,937
-71.708017554836,-13.856513257558,2720,79,1602
-69.956302750802,-19.56081531172,2828,3,-930
-68.339335239386,-17.809100507686,2705,27,647
-71.4385229696,-14.754828541678,2699,48,628
-78.086056072088,-8.915779194898,2783,35,751
-76.693667381702,-10.847157055756,2703,92,881
-77.861477251058,-8.691200373868,2749,57,1329
-79.433528998268,-7.119148626658,2893,31,-799
-72.78599589578,-12.868366445026,2781,268,2040
-74.852121049256,-12.553956095584,2746,237,1323
-75.391110219728,-14.799744305884,2863,5,-938
-70.180881571832,-17.76418474348,2846,23,-798
-73.819058472518,-14.39550242803,2712,71,637
-78.759792535178,-8.511537317044,2895,16,-1002
-80.4216758108,-5.951338757302,2901,2,-1316
-69.86647122239,-16.147217232064,2703,62,868
-74.717373756638,-15.114154655326,2845,8,-943
-75.660604804964,-14.305670899618,2872,3,-1022
-72.157175196896,-16.64129063833,2854,6,-969
-71.573270262218,-16.731122166742,2838,6,-762
-79.164034413032,-6.714906748804,2850,191,1811
-77.367403844792,-9.050526487516,2790,84,613
-68.878324409858,-23.019329155582,2752,6,-689
-73.01057471681,-15.653143825798,2853,19,358
-69.327482051918,-18.6625000276,2681,28,606
-77.50215113741,-11.341230462022,2882,8,-934
-68.788492881446,-17.000616751978,2709,60,1414
-69.237650523506,-17.09044828039,2690,62,714
-71.88768061166,-14.350586663824,2731,46,748
-69.731723929772,-22.210845399874,2775,1,-783
-70.76478650651,-16.731122166742,2798,21,-61
-76.558920089084,-11.116651640992,2701,141,1030
-68.384251003592,-16.731122166742,2707,53,1394
-70.270713100244,-16.820953695154,2670,47,349
-69.237650523506,-21.58202470099,2836,3,-807
-76.514004324878,-12.14971421773,2792,46,-72
-73.23515353784,-13.72176596494,2716,124,2373
-75.615689040758,-12.553956095584,2676,186,1086
-73.774142708312,-13.991260550176,2713,110,1962
-75.48094174814,-12.778534916614,2686,235,965
-71.66310179063,-15.06923889112,2681,59,1345
-75.570773276552,-11.386146226228,2762,311,1279
-70.09105004342,-16.461627581506,2676,45,127
-69.013071702476,-16.281964524682,2784,99,1803
-69.41731358033,-17.09044828039,2658,80,1671
-78.894539827796,-8.062379674984,2877,20,-692
-80.64625463183,-6.08608604992,2901,8,-1300
-71.4385229696,-13.766681729146,2687,184,2501
-71.618186026424,-16.147217232064,2746,46,165
-74.852121049256,-13.362439851292,2696,197,1241
-68.384251003592,-21.851519286226,2662,35,31
-76.963161966938,-9.90392600743,2708,143,1027
-78.265719128912,-8.10729543919,2738,168,1515
-75.885183625994,-12.643787623996,2751,83,1420
-74.762289520844,-14.979407362708,2896,8,-947
-76.019930918612,-13.27260832288,2885,25,-601
-69.956302750802,-22.660003041934,2804,2,-657
-69.282566287712,-21.941350814638,2828,2,-895
-68.878324409858,-19.33623649069,2704,24,-111
-75.570773276552,-12.688703388202,2690,179,848
-74.80720528505,-14.170923607,2722,93,888
-75.660604804964,-11.071735876786,2713,621,2732
-74.313131878784,-14.440418192236,2692,85,742
-68.024924889944,-16.955700987772,2686,80,835
-68.024924889944,-21.716771993608,2680,20,-222
-76.424172796466,-10.038673300048,2723,195,997
-71.348691441188,-15.203986183738,2676,83,1645
-70.899533799128,-13.901429021764,2660,460,2633
-74.627542228226,-14.305670899618,2722,95,688
-78.355550657324,-8.78103190228,2876,18,-192
-72.33683825372,-13.991260550176,2695,100,2858
-69.64189240136,-15.74297535421,2789,84,2139
-70.450376157068,-17.225195573008,2729,33,-130
-79.07420288462,-8.017463910778,2880,16,-1057
-70.270713100244,-17.31502710142,2752,30,-250
-69.552060872948,-14.754828541678,2675,217,2504
-81.050496509684,-6.08608604992,2900,9,-1153
-69.147818995094,-17.31502710142,2667,73,1701
-69.327482051918,-17.09044828039,2675,70,1196
-74.35804764299,-14.530249720648,2713,70,161
-71.66310179063,-16.012469939446,2750,52,110
-72.202090961102,-16.147217232064,2838,8,-699
-68.384251003592,-17.045532516184,2683,77,2642
-69.64189240136,-16.86586945936,2685,72,946
-68.429166767798,-22.749834570346,2715,10,-681
-76.15467821123,-13.362439851292,2880,10,-920
-73.23515353784,-15.74297535421,2823,11,-100
-68.51899829621,-20.414214831634,2697,18,-699
-75.121615634492,-14.709912777472,2866,6,-1036
-76.918246202732,-10.218336356872,2677,131,1692
-78.220803364706,-9.634431422194,2887,5,-840
-72.247006725308,-16.596374874124,2852,8,-886
-70.225797336038,-19.066741905454,2854,16,-811
-70.09105004342,-21.851519286226,2825,54,-653
-69.596976637154,-20.68370941687,2818,0,-820
-71.977512140072,-13.27260832288,2708,203,2533
-74.897036813462,-11.970051160906,2797,348,1076
-73.774142708312,-15.653143825798,2816,14,-220
-71.21394414857,-14.215839371206,2703,77,958
-69.731723929772,-14.889575834296,2705,78,930
-78.130971836294,-8.691200373868,2893,30,-68
-71.66310179063,-15.338733476356,2673,70,1112
-75.03178410608,-14.126007842794,2843,41,-5
-73.998721529342,-12.958197973438,2777,100,788
-68.74357711724,-20.369299067428,2654,27,-211
-77.861477251058,-8.511537317044,2776,63,959
-69.282566287712,-21.626940465196,2838,3,-865
-69.507145108742,-18.797247320218,2733,17,360
-76.37925703226,-11.9251353967,2715,136,1484
-74.492794935608,-15.159070419532,2902,4,-1146
-72.830911659986,-14.799744305884,2659,158,3119
-70.944449563334,-16.237048760476,2693,36,4
-69.147818995094,-20.863372473694,2819,6,-650
-72.471585546338,-15.159070419532,2671,104,1586
-69.911386986596,-14.979407362708,2689,71,1916
-74.35804764299,-13.676850200734,2706,96,1485
-68.923240174064,-19.156573433866,2695,30,230
-69.956302750802,-20.189636010604,2813,5,-752
-69.41731358033,-16.551459109918,2704,87,711
-68.429166767798,-22.03118234305,2690,28,-276
-68.474082532004,-20.773540945282,2686,23,-481
-75.750436333376,-11.655640811464,2694,189,813
-71.528354498012,-15.159070419532,2683,55,739
-69.552060872948,-15.608228061592,2788,75,1780
-68.563914060416,-19.920141425368,2699,21,-240
-70.225797336038,-15.608228061592,2711,39,955
-78.714876770972,-7.4335589761,2763,96,1424
-77.95130877947,-10.35308364949,2881,3,-978
-75.076699870286,-14.575165484854,2863,11,-625
-69.462229344536,-14.39550242803,2731,808,3094
-78.40046642153,-9.364936836958,2891,8,-1030
-69.237650523506,-20.953204002106,2834,3,-762
-70.001218515008,-22.121013871462,2804,17,-763
-75.750436333376,-13.182776794468,2779,152,328
-78.759792535178,-8.062379674984,2879,32,-172
-77.816561486852,-8.197126967602,2709,110,1504
-70.98936532754,-15.428565004768,2670,85,2014
-69.552060872948,-15.159070419532,2711,87,1866
-76.918246202732,-11.520893518846,2871,53,-286
-69.64189240136,-15.653143825798,2790,77,1981
-71.752933319042,-15.74297535421,2697,65,511
-74.627542228226,-13.27260832288,2690,204,1505
-76.289425503848,-12.868366445026,2883,22,-715
-77.097909259556,-11.161567405198,2876,19,-424
-75.615689040758,-12.59887185979,2679,189,1130
-73.594479651488,-13.182776794468,2739,170,1544
-68.249503710974,-22.794750334552,2751,10,-620
-68.96815593827,-20.998119766312,2757,17,-343
-70.046134279214,-21.671856229402,2827,56,-635
-78.84962406359,-7.4335589761,2863,80,835
-68.74357711724,-20.638793652664,2695,23,-406
-71.842764847454,-16.776037930948,2862,7,-896
-78.130971836294,-9.45476836537,2893,12,-372
-68.339335239386,-21.043035530518,2689,23,-389
-77.457235373204,-10.892072819962,2879,4,-753
-69.911386986596,-21.447277408372,2812,22,-888
-68.159672182562,-22.749834570346,2743,23,-492
-79.837770876122,-6.804738277216,2897,8,-1191
-67.84526183312,-21.626940465196,2663,15,-167
-71.573270262218,-14.305670899618,2707,56,1154
-69.86647122239,-20.728625181076,2791,3,-784
-75.525857512346,-14.664997013266,2851,5,-1018
-70.180881571832,-22.839666098758,2836,14,-698
-74.35804764299,-13.856513257558,2744,58,308
-69.64189240136,-16.686206402536,2695,70,553
-72.022427904278,-13.362439851292,2746,133,1987
-72.965658952604,-14.440418192236,2687,107,2508
-68.608829824622,-16.057385703652,2751,157,2328
-72.78599589578,-14.530249720648,2685,108,2603
-70.630039213892,-17.719268979274,2864,9,-865
-68.878324409858,-22.345592692492,2740,4,-751
-76.15467821123,-11.341230462022,2708,162,490
-79.388613234062,-6.894569805628,2894,58,-537
-70.54020768548,-16.147217232064,2712,33,70
-77.457235373204,-9.185273780134,2700,103,2319
-68.74357711724,-21.941350814638,2698,13,-729
-68.114756418356,-22.974413391376,2761,16,-642
-68.698661353034,-22.210845399874,2717,7,-757
-74.088553057754,-15.29381771215,2799,13,267
-70.001218515008,-15.698059590004,2725,49,1370
-76.064846682818,-14.215839371206,2881,3,-1081
-69.64189240136,-21.671856229402,2814,1,-914
-68.339335239386,-18.842163084424,2694,16,206
-74.178384586166,-13.676850200734,2729,56,1061
-71.932596375866,-14.126007842794,2705,78,2825
-69.282566287712,-22.660003041934,2779,1,-891
-69.372397816124,-17.449774394038,2682,40,360
-69.282566287712,-17.719268979274,2693,31,402
-69.237650523506,-19.246404962278,2712,26,548
-70.270713100244,-14.440418192236,2681,126,2444
-68.563914060416,-19.56081531172,2678,21,-51
-68.024924889944,-17.135364044596,2700,63,759
-70.450376157068,-14.799744305884,2694,47,2151
-69.507145108742,-22.300676928286,2800,0,-894
-72.606332838956,-13.676850200734,2751,105,1841
-72.33683825372,-16.776037930948,2856,19,-718
-69.1927347593,-14.575165484854,2701,734,3240
-76.738583145908,-12.059882689318,2900,23,-663
-68.429166767798,-22.660003041934,2713,13,-590
-69.282566287712,-14.664997013266,2671,645,3382
-80.242012753976,-6.31066487095,2897,6,-1337
-68.474082532004,-22.25576116408,2728,14,-701
-71.708017554836,-15.024323126914,2684,55,1162
-75.48094174814,-12.868366445026,2688,239,902
-76.783498910114,-11.745472339876,2804,39,29
-68.698661353034,-18.797247320218,2674,22,481
-69.1927347593,-17.719268979274,2685,45,1193
-74.492794935608,-14.934491598502,2772,28,-44
-75.660604804964,-14.170923607,2883,4,-1031
-77.547066901616,-10.038673300048,2769,17,1651
-75.48094174814,-11.296314697816,2722,500,2934
-70.09105004342,-14.575165484854,2676,118,2557
-69.102903230888,-22.570171513522,2769,1,-904
-77.996224543676,-9.275105308546,2807,24,685
-68.204587946768,-17.53960592245,2697,38,894
-72.202090961102,-13.631934436528,2746,120,2179
-74.268216114578,-13.766681729146,2699,70,1279
-69.956302750802,-15.338733476356,2720,52,1496
-70.225797336038,-18.393005442364,2858,23,-628
-77.95130877947,-8.10729543919,2726,115,1516
-70.225797336038,-16.64129063833,2656,57,796
-73.280069302046,-13.317524087086,2793,103,409
-69.013071702476,-17.629437450862,2686,48,1162
-75.975015154406,-11.206483169404,2713,238,703
-68.114756418356,-18.707415791806,2687,21,367
-76.15467821123,-9.859010243224,2837,170,-334
-75.211447162904,-14.39550242803,2870,11,-715
-73.504648123076,-15.338733476356,2732,59,1028
-76.289425503848,-12.329377274554,2884,35,-219
-76.15467821123,-11.116651640992,2703,204,1181
-71.528354498012,-15.024323126914,2669,70,1888
-76.199593975436,-11.206483169404,2711,168,535
-70.09105004342,-15.698059590004,2717,47,1354
-68.608829824622,-21.941350814638,2729,12,-747
-77.142825023762,-11.161567405198,2891,14,-593
-69.237650523506,-19.381152254896,2715,21,479
-71.528354498012,-13.856513257558,2751,68,369
-69.102903230888,-21.402361644166,2811,5,-725
-75.301278691316,-11.880219632494,2756,144,523
-71.708017554836,-15.383649240562,2668,78,1472
-72.381754017926,-13.27260832288,2732,212,2431
-77.72672995844,-9.589515657988,2748,15,1357
-75.660604804964,-13.49718714391,2843,61,-91
-69.237650523506,-15.024323126914,2701,276,1666
-69.686808165566,-21.537108936784,2805,3,-932
-68.51899829621,-19.426068019102,2706,19,-253
-69.507145108742,-23.243907976612,2792,0,-811
-73.549563887282,-15.114154655326,2745,61,629
-78.62504524256,-8.691200373868,2892,14,-983
-74.402963407196,-14.530249720648,2704,81,482
-69.507145108742,-19.470983783308,2813,4,-716
-78.62504524256,-7.388643211894,2779,131,1790
-68.698661353034,-15.608228061592,2768,408,2544
-77.816561486852,-8.736116138074,2749,70,1842
-68.833408645652,-16.506543345712,2755,92,2144
-79.74793934771,-6.265749106744,2886,23,22
-70.98936532754,-17.09044828039,2823,6,-797
-71.752933319042,-13.542102908116,2746,125,1340
-71.797849083248,-13.94634478597,2731,56,1055
-76.334341268054,-12.778534916614,2876,20,-683
-74.223300350372,-14.485333956442,2697,71,627
-74.447879171402,-15.563312297386,2877,22,-846
-69.776639693978,-22.25576116408,2783,1,-753
-73.504648123076,-16.237048760476,2856,33,-754
-77.05299349535,-11.70055657567,2879,19,-741
-73.90889000093,-14.39550242803,2713,75,833
-68.878324409858,-20.998119766312,2713,28,-141
-68.114756418356,-18.033679328716,2704,35,1599
-72.067343668484,-13.94634478597,2759,45,423
-76.334341268054,-10.083589064254,2751,131,706
-76.60383585329,-11.341230462022,2691,196,1669
-76.648751617496,-9.140358015928,2817,582,1834
-72.11225943269,-13.991260550176,2737,57,1433
-77.906393015264,-8.466621552838,2731,93,1815
-75.840267861788,-13.182776794468,2791,105,50
-68.788492881446,-16.461627581506,2750,104,3028
-76.60383585329,-10.892072819962,2676,127,1185
-68.96815593827,-16.19213299627,2777,121,2623
-68.74357711724,-18.797247320218,2686,21,270
-68.653745588828,-23.288823740818,2757,9,-677
-69.237650523506,-16.461627581506,2723,113,1997
-73.369900830458,-12.913282209232,2802,214,1946
-68.51899829621,-16.955700987772,2706,75,2392
-70.854618034922,-15.114154655326,2696,40,928
-69.731723929772,-22.165929635668,2772,2,-850
-77.591982665822,-10.57766247052,2876,5,-463
-71.573270262218,-13.856513257558,2707,98,1808
-68.923240174064,-20.548962124252,2709,24,-275
-75.615689040758,-11.835303868288,2712,152,1038
-78.355550657324,-8.646284609662,2901,31,-68
-70.180881571832,-14.260755135412,2702,190,1194
-69.64189240136,-20.189636010604,2822,0,-894
-70.76478650651,-17.000616751978,2748,20,154
-68.653745588828,-19.920141425368,2705,22,-230
-71.842764847454,-14.485333956442,2702,58,1302
-77.412319608998,-11.25139893361,2878,12,-930
-70.046134279214,-22.345592692492,2813,8,-741
-70.046134279214,-16.86586945936,2666,46,74
-75.121615634492,-13.676850200734,2707,180,901
-74.986868341874,-12.419208802966,2728,232,997
-69.102903230888,-21.177782823136,2814,6,-739
-75.391110219728,-11.655640811464,2697,294,1952
-69.41731358033,-17.584521686656,2686,32,217
-73.145322009428,-16.147217232064,2854,15,-915
-69.507145108742,-20.863372473694,2826,1,-789
-71.124112620158,-13.72176596494,2636,781,4771
-69.1927347593,-18.617584263394,2693,27,131
-68.51899829621,-18.033679328716,2703,48,1572
-74.537710699814,-13.092945266056,2713,198,1512
-75.48094174814,-13.49718714391,2852,110,170
-73.953805765136,-15.96755417524,2867,34,-952
-73.549563887282,-16.19213299627,2854,28,-805
-72.33683825372,-16.461627581506,2851,8,-868
-70.001218515008,-16.955700987772,2662,43,160
-70.001218515008,-14.979407362708,2684,66,2163
-70.180881571832,-17.943847800304,2868,23,-793
-74.043637293548,-15.29381771215,2777,17,543
-68.51899829621,-15.428565004768,2828,550,1609
-68.474082532004,-22.70491880614,2722,11,-599
-73.729226944106,-13.631934436528,2777,68,167
-69.596976637154,-16.057385703652,2749,115,2326
-68.51899829621,-15.698059590004,2706,419,3371
-71.4385229696,-15.114154655326,2678,74,1635
-70.135965807626,-19.021826141248,2843,8,-824
-76.289425503848,-12.778534916614,2866,18,-544
-71.079196855952,-13.901429021764,2658,322,2504
-69.507145108742,-22.25576116408,2805,0,-922
-68.923240174064,-22.345592692492,2746,4,-761
-70.719870742304,-14.709912777472,2698,50,1411
-69.147818995094,-19.11165766966,2703,32,619
-72.247006725308,-13.901429021764,2705,100,2850
-70.944449563334,-14.530249720648,2691,75,1893
-68.429166767798,-19.830309896956,2692,18,-245
-73.819058472518,-13.182776794468,2775,87,431
-76.82841467432,-10.12850482846,2702,157,1290
-69.911386986596,-22.92949762717,2775,0,-881
-69.282566287712,-22.615087277728,2779,1,-929
-69.013071702476,-20.998119766312,2776,13,-527
-75.391110219728,-14.62008124906,2860,4,-974
-75.03178410608,-14.799744305884,2871,6,-1007
-72.291922489514,-16.551459109918,2851,8,-846
-74.537710699814,-13.587018672322,2744,92,84
-77.591982665822,-9.409852601164,2775,33,584
-69.1927347593,-19.605731075926,2715,17,247
-74.897036813462,-12.329377274554,2756,283,1672
-70.31562886445,-17.09044828039,2684,49,92
-75.436025983934,-13.587018672322,2788,108,555
-73.729226944106,-13.94634478597,2776,94,1085
-67.84526183312,-22.92949762717,2654,60,-271
-74.492794935608,-15.29381771215,2866,12,-792
-76.60383585329,-10.532746706314,2724,129,491
-68.563914060416,-16.057385703652,2746,200,2796
-69.731723929772,-22.076098107256,2782,2,-827
-69.956302750802,-17.898932036098,2793,18,-400
-72.696164367368,-14.39550242803,2681,129,3809
-69.776639693978,-21.986266578844,2789,4,-722
-70.809702270716,-17.584521686656,2872,6,-919
-72.920743188398,-15.248901947944,2742,75,1212
-76.738583145908,-10.35308364949,2706,132,796
-75.570773276552,-11.565809283052,2722,238,1060
-78.490297949942,-7.613222032924,2782,70,846
-68.74357711724,-18.572668499188,2695,23,16
-68.159672182562,-22.660003041934,2712,31,-560
-72.741080131574,-14.260755135412,2683,131,3853
-72.022427904278,-14.305670899618,2737,53,1011
-70.76478650651,-16.012469939446,2687,40,498
-68.788492881446,-15.832806882622,2736,231,2655
-74.717373756638,-13.407355615498,2677,224,1927
-70.001218515008,-22.525255749316,2793,5,-634
-70.674954978098,-13.901429021764,2686,402,1873
-75.391110219728,-12.509040331378,2705,214,794
-73.594479651488,-15.698059590004,2797,15,-439
-68.339335239386,-20.00997295378,2682,20,-286
-77.72672995844,-10.757325527344,2877,7,-910
-73.819058472518,-13.991260550176,2753,72,843
-68.249503710974,-21.492193172578,2712,23,-465
-68.29441947518,-16.731122166742,2708,49,903
-76.693667381702,-9.320021072752,2740,467,1937
-74.447879171402,-13.227692558674,2732,139,1093
-68.51899829621,-17.09044828039,2711,66,1831
-74.043637293548,-13.72176596494,2758,48,666
-77.05299349535,-11.610725047258,2876,25,-708
-70.899533799128,-17.629437450862,2859,4,-820
-74.537710699814,-15.563312297386,2873,27,-728
-71.4385229696,-16.955700987772,2861,7,-866
-72.875827424192,-15.248901947944,2706,90,1681
-69.057987466682,-20.548962124252,2739,15,-476
-75.570773276552,-14.485333956442,2854,5,-1036
-71.393607205394,-17.31502710142,2862,21,-708
-74.986868341874,-15.428565004768,2865,22,-636
-80.152181225564,-6.220833342538,2895,7,-1283
-75.660604804964,-12.82345068082,2728,172,947
-70.31562886445,-14.036176314382,2683,510,3293
-73.01057471681,-16.147217232064,2833,9,-904
-68.653745588828,-22.92949762717,2750,5,-658
-69.1927347593,-19.965057189574,2764,10,-319
-73.6843111799,-12.958197973438,2775,109,799
-68.429166767798,-17.898932036098,2706,32,1463
-74.178384586166,-13.811597493352,2714,75,1624
-70.450376157068,-14.260755135412,2681,170,1884
-68.653745588828,-20.324383303222,2668,31,-80
-68.159672182562,-18.752331556012,2688,17,215
-72.291922489514,-15.114154655326,2679,95,1398
-72.830911659986,-14.664997013266,2665,156,3580
-68.474082532004,-20.9082882379,2667,32,-67
-72.291922489514,-13.227692558674,2773,151,1151
-68.563914060416,-17.494690158244,2693,38,1161
-70.001218515008,-14.754828541678,2691,69,1281
-71.393607205394,-17.494690158244,NA,NA,NA
-71.932596375866,-16.506543345712,2868,3,-954
-75.436025983934,-14.081092078588,2884,14,-418
-76.019930918612,-12.059882689318,2695,122,1079
-71.66310179063,-14.979407362708,2679,55,1289
-68.96815593827,-19.56081531172,2692,26,193
-70.450376157068,-16.326880288888,2681,45,468
-72.471585546338,-14.260755135412,2680,117,3284
-73.998721529342,-15.024323126914,2741,47,906
-79.478444762474,-7.343727447688,2889,12,-1102
-69.462229344536,-18.842163084424,2733,19,421
-74.58262646402,-12.733619152408,2746,232,1737
-74.402963407196,-15.653143825798,2871,26,-749
-75.121615634492,-12.59887185979,2701,301,1303
-72.606332838956,-15.29381771215,2669,134,1887
-71.21394414857,-15.832806882622,2685,49,323
-70.09105004342,-18.88707884863,2845,4,-868
-70.854618034922,-15.203986183738,2680,54,1459
-69.596976637154,-18.6625000276,2744,12,232
-73.863974236724,-15.653143825798,2802,14,-178
-71.303775676982,-17.584521686656,2859,12,-671
-69.552060872948,-23.109160683994,2803,0,-878
-70.046134279214,-16.281964524682,2682,53,906
-73.145322009428,-16.281964524682,2884,23,-1029
-76.693667381702,-9.589515657988,2734,260,910
-70.135965807626,-17.000616751978,2640,65,770
-75.346194455522,-13.631934436528,2736,147,878
-68.29441947518,-19.246404962278,2713,13,-341
-70.405460392862,-16.057385703652,2694,50,1264
-68.474082532004,-16.371796053094,2728,94,1560
-74.762289520844,-12.958197973438,2716,209,1126
-69.956302750802,-21.267614351548,2810,32,-846
-72.651248603162,-12.868366445026,2807,256,1448
-68.339335239386,-18.393005442364,2699,33,841
-75.975015154406,-14.081092078588,2872,2,-1011
-73.324985066252,-14.575165484854,2690,116,1736
-77.771645722646,-8.915779194898,2733,64,1770
-74.223300350372,-14.799744305884,2711,89,669
-76.199593975436,-11.565809283052,2673,219,1828
-68.563914060416,-18.123510857128,2705,44,1067
-70.31562886445,-16.19213299627,2661,63,1769
-72.696164367368,-13.137861030262,2736,313,2313
-78.40046642153,-8.78103190228,2885,15,-405
-75.436025983934,-11.341230462022,2742,485,2933
-68.923240174064,-20.23455177481,2700,22,-314
-73.23515353784,-13.542102908116,2826,55,117
-76.783498910114,-11.25139893361,2814,79,867
-68.024924889944,-18.348089678158,2698,37,1142
-75.25636292711,-11.565809283052,2747,410,2381
-68.024924889944,-18.617584263394,2689,26,592
-69.821555458184,-16.910785223566,2688,44,149
-70.674954978098,-15.473480768974,2698,51,885
-70.180881571832,-20.279467539016,NA,NA,NA
-78.62504524256,-7.568306268718,2872,46,184
-74.402963407196,-14.036176314382,2703,91,952
-71.124112620158,-16.281964524682,2691,43,134
-75.975015154406,-11.431061990434,2712,164,537
-71.169028384364,-15.787891118416,2677,58,712
-72.157175196896,-14.126007842794,2709,68,2103
-68.384251003592,-17.809100507686,2706,28,704
-69.237650523506,-17.449774394038,2683,48,788
-72.920743188398,-16.281964524682,2849,7,-911
-76.738583145908,-11.47597775464,2745,94,989
-76.918246202732,-9.409852601164,2706,249,1667
-68.74357711724,-16.86586945936,2708,80,1952
-72.516501310544,-15.29381771215,2668,133,1858
-67.980009125738,-19.201489198072,2694,12,0
-70.98936532754,-16.012469939446,2678,51,646
-70.180881571832,-22.615087277728,2849,19,-518
-68.51899829621,-17.629437450862,2697,34,1005
-70.719870742304,-13.991260550176,2663,324,2249
-79.658107819298,-7.20898015507,2892,9,-1167
-73.055490481016,-14.126007842794,2698,157,4101
-77.412319608998,-8.691200373868,2783,100,964
-70.54020768548,-16.596374874124,2668,46,823
-76.109762447024,-13.49718714391,2882,7,-909
-77.95130877947,-10.083589064254,2891,6,-550
-68.51899829621,-16.461627581506,2725,61,1171
-70.135965807626,-15.428565004768,2710,41,1083
-69.1927347593,-17.98876356451,2686,44,1019
-76.289425503848,-12.284461510348,2804,54,410
-80.691170396036,-5.906422993096,2901,4,-1367
-72.247006725308,-16.86586945936,2864,18,-640
-67.800346068914,-21.896435050432,2650,16,-394
-71.034281091746,-17.135364044596,2842,6,-933
-71.079196855952,-14.39550242803,2674,88,2199
-71.034281091746,-17.809100507686,2870,10,-729
-69.372397816124,-16.147217232064,2768,115,1973
-68.474082532004,-15.877722646828,2667,445,5066
-76.918246202732,-10.981904348374,2720,42,1062
-69.507145108742,-16.551459109918,2674,117,1960
-70.046134279214,-16.012469939446,2703,53,1275
-70.98936532754,-14.305670899618,2673,107,2319
-77.636898430028,-9.275105308546,2790,33,351
-68.563914060416,-19.740478368544,2687,21,-120
-71.932596375866,-13.49718714391,2760,88,889
-68.474082532004,-18.707415791806,2697,18,220
-72.067343668484,-13.991260550176,2756,49,892
-70.495291921274,-15.203986183738,2703,52,2266
-74.897036813462,-15.428565004768,2864,26,-692
-73.594479651488,-14.530249720648,2682,121,2048
-69.507145108742,-18.617584263394,2733,19,341
-69.821555458184,-18.976910377042,2824,2,-754
-69.013071702476,-18.931994612836,2669,29,513
-71.618186026424,-15.74297535421,2668,80,1386
-71.303775676982,-14.305670899618,2710,51,758
-77.681814194234,-10.57766247052,2881,5,-684
-69.237650523506,-22.884581862964,2794,1,-755
-73.819058472518,-15.338733476356,2745,33,692
-77.636898430028,-11.116651640992,NA,NA,NA
-68.833408645652,-22.210845399874,2721,6,-841
-70.046134279214,-18.6625000276,2854,12,-800
-68.833408645652,-20.9082882379,2697,33,-4
-69.057987466682,-17.898932036098,2686,35,590
-77.771645722646,-10.532746706314,2884,5,-862
-70.809702270716,-17.000616751978,2762,16,-9
-71.66310179063,-15.74297535421,2663,78,1259
-71.932596375866,-16.461627581506,2879,3,-776
-78.130971836294,-8.017463910778,2761,104,736
-69.057987466682,-21.267614351548,2801,8,-740
-79.029287120414,-8.10729543919,2880,17,-990
-71.528354498012,-17.045532516184,2871,13,-910
-69.776639693978,-18.976910377042,2830,3,-514
-69.327482051918,-17.809100507686,2696,30,212
-69.462229344536,-21.177782823136,2820,1,-818
-70.180881571832,-14.530249720648,2666,123,2902
-72.291922489514,-14.934491598502,2662,138,2707
-78.041140307882,-8.33187426022,2802,75,891
-69.821555458184,-16.102301467858,2701,81,1659
-74.088553057754,-15.698059590004,2857,28,-769
-70.854618034922,-16.237048760476,2671,49,750
-68.788492881446,-18.617584263394,2693,23,58
-76.37925703226,-9.6793471864,2726,612,1821
-74.268216114578,-13.676850200734,2724,59,821
-68.563914060416,-22.435424220904,2732,8,-683
-70.135965807626,-16.551459109918,2651,66,1011
-70.944449563334,-16.820953695154,2810,11,-794
-68.653745588828,-15.653143825798,2724,406,2995
-77.097909259556,-9.724262950606,2706,101,918
-70.405460392862,-17.719268979274,2862,20,-714
-69.821555458184,-21.537108936784,2799,9,-898
-69.776639693978,-19.650646840132,2829,1,-919
-72.875827424192,-14.260755135412,2687,139,4084
-67.62068301209,-22.884581862964,2612,38,-427
-70.674954978098,-14.215839371206,2667,174,2109
-77.232656552174,-10.12850482846,2719,42,1103
-71.708017554836,-17.180279808802,2866,16,-559
-76.064846682818,-13.766681729146,2876,4,-1063
-76.15467821123,-10.757325527344,2695,237,1347
-69.507145108742,-16.012469939446,2770,115,2222
-67.890177597326,-22.974413391376,2673,50,-412
-72.33683825372,-15.159070419532,2678,82,1033
-71.797849083248,-15.383649240562,2660,92,1794
-70.674954978098,-14.126007842794,2657,290,3036
-75.25636292711,-12.868366445026,2674,280,1126
-77.008077731144,-9.23018954434,2745,256,1692
-74.088553057754,-14.709912777472,2740,83,970
-70.719870742304,-17.719268979274,2864,7,-814
-77.187740787968,-10.57766247052,2803,17,177
-77.27757231638,-9.140358015928,2737,124,1638
-70.76478650651,-15.338733476356,2665,82,2844
-68.833408645652,-15.922638411034,2756,126,1309
-71.034281091746,-14.754828541678,2670,73,2595
-68.563914060416,-20.189636010604,2674,31,17
-71.4385229696,-15.608228061592,2690,49,321
-79.792855111916,-6.625075220392,2890,9,-965
-77.50215113741,-10.487830942108,2847,6,171
-68.429166767798,-22.884581862964,2744,6,-772
-68.204587946768,-23.109160683994,2760,6,-761
-69.956302750802,-17.404858629832,2704,31,287
-70.001218515008,-14.260755135412,2681,418,2886
-71.034281091746,-15.024323126914,2692,44,1005
-70.76478650651,-17.09044828039,2765,17,-95
-71.483438733806,-14.754828541678,2697,51,918
-70.405460392862,-17.719268979274,2862,20,-714
-68.29441947518,-21.761687757814,2697,25,-305
-74.852121049256,-12.553956095584,2746,237,1323
-76.693667381702,-11.970051160906,2894,28,-417
-73.729226944106,-13.72176596494,2759,80,512
-72.022427904278,-14.170923607,2708,67,2000
-71.034281091746,-14.081092078588,2661,184,2263
-73.369900830458,-13.49718714391,2758,89,768
-68.653745588828,-22.435424220904,2727,5,-792
-72.33683825372,-14.934491598502,2650,146,2957
-79.029287120414,-7.65813779713,2885,21,-392
-80.152181225564,-6.220833342538,2895,7,-1283
-76.469088560672,-9.320021072752,2871,495,1130
-75.525857512346,-14.664997013266,2851,5,-1018
-68.833408645652,-19.830309896956,2699,26,-8
-68.96815593827,-15.653143825798,2732,267,1741
-70.405460392862,-16.147217232064,2698,39,441
-71.21394414857,-16.461627581506,2691,43,165
-71.169028384364,-17.045532516184,2841,7,-971
-69.821555458184,-21.58202470099,2797,8,-922
-68.833408645652,-18.617584263394,2698,21,-191
-75.436025983934,-13.04802950185,2694,280,990
-74.762289520844,-14.39550242803,2769,58,584
-73.324985066252,-14.485333956442,2689,110,1615
-68.74357711724,-18.842163084424,2680,23,375
-77.457235373204,-10.173420592666,2822,13,1148
-68.29441947518,-21.58202470099,2715,17,-611
-80.286928518182,-6.53524369198,2899,8,-1312
-69.237650523506,-21.80660352202,2830,3,-810
-71.708017554836,-14.170923607,2719,60,1296
-72.741080131574,-16.64129063833,2858,23,-802
-77.50215113741,-10.757325527344,2881,4,-642
-76.693667381702,-9.90392600743,2728,202,1054
-79.658107819298,-6.53524369198,2887,20,-16
-68.923240174064,-21.492193172578,2730,17,-561
-69.327482051918,-18.258258149746,2697,37,463
-74.672457992432,-14.84466007009,2818,21,-312
-69.821555458184,-15.608228061592,2759,71,2348
-69.057987466682,-22.121013871462,2770,7,-734
-69.147818995094,-23.288823740818,2761,2,-788
-68.923240174064,-21.492193172578,2730,17,-561
-71.66310179063,-16.910785223566,2865,9,-776
-68.339335239386,-20.144720246398,2688,17,-680
-69.686808165566,-18.43792120657,2751,10,251
-68.249503710974,-16.371796053094,2697,250,2008
-77.412319608998,-9.275105308546,2677,105,2562
-67.84526183312,-21.58202470099,2654,16,-3
-76.60383585329,-11.655640811464,2737,84,1222
-78.041140307882,-10.12850482846,2893,4,-877
-80.152181225564,-6.445412163568,2897,6,-1311
-79.658107819298,-7.119148626658,2894,9,-1173
-70.225797336038,-17.943847800304,2859,25,-801
-70.270713100244,-16.731122166742,2667,43,357
-76.738583145908,-11.655640811464,2879,51,98
-69.731723929772,-15.51839653318,2782,66,1842
-69.821555458184,-19.11165766966,2846,2,-645
-75.03178410608,-11.970051160906,2709,339,2216
-71.303775676982,-17.53960592245,2862,12,-693
-71.124112620158,-16.776037930948,2830,8,-841
-68.429166767798,-20.369299067428,2692,20,-605
-70.09105004342,-17.584521686656,2773,18,-327
-67.530851483678,-22.839666098758,2610,35,-358
-77.27757231638,-8.960694959104,2784,83,481
-70.09105004342,-22.92949762717,2806,4,-824
-73.414816594664,-12.868366445026,2830,208,1615
-70.495291921274,-15.114154655326,2700,41,2282
-70.630039213892,-18.078595092922,2858,7,-677
-77.591982665822,-10.847157055756,2877,5,-924
-74.717373756638,-12.329377274554,2825,210,720
-78.445382185736,-8.825947666486,2879,15,-651
-78.580129478354,-8.825947666486,2886,12,-985
-76.109762447024,-12.59887185979,2740,39,573
-69.86647122239,-14.530249720648,2676,201,2183
-69.372397816124,-20.054888717986,2816,4,-743
-70.809702270716,-16.057385703652,2668,51,1060
-79.343697469856,-7.298811683482,2892,21,-770
-69.64189240136,-17.76418474348,2689,32,446
-71.079196855952,-15.653143825798,2683,49,509
-68.698661353034,-21.087951294724,2673,38,-19
-69.102903230888,-21.986266578844,2771,7,-762
-68.653745588828,-16.686206402536,2696,106,3491
-74.58262646402,-14.081092078588,2709,106,617
-71.169028384364,-17.584521686656,2852,12,-749
-77.50215113741,-9.859010243224,2725,30,1949
-70.180881571832,-17.53960592245,2812,17,-647
-77.457235373204,-10.80224129155,2865,4,-541
-72.516501310544,-16.371796053094,2866,7,-821
-71.124112620158,-15.877722646828,2680,50,456
-76.918246202732,-9.6793471864,2721,184,1193
-68.923240174064,-21.13286705893,2758,21,-312
-69.776639693978,-15.203986183738,2745,57,1165
-71.752933319042,-15.96755417524,2724,55,432
-68.96815593827,-22.48033998511,2763,3,-854
-73.549563887282,-15.29381771215,2755,50,628
-68.698661353034,-15.74297535421,2829,220,950
-71.752933319042,-14.036176314382,2719,60,1442
-69.86647122239,-15.248901947944,2735,53,1149
-79.478444762474,-6.625075220392,2893,29,-128
-77.816561486852,-10.532746706314,2884,5,-945
-70.98936532754,-14.305670899618,2673,107,2319
-76.37925703226,-12.82345068082,2889,26,-852
-73.45973235887,-12.958197973438,2829,119,299
-73.369900830458,-13.631934436528,2752,96,1013
-71.573270262218,-15.024323126914,2687,49,885
-73.639395415694,-15.203986183738,2733,70,1443
-77.816561486852,-10.667493998932,2878,7,-931
-69.956302750802,-22.615087277728,2786,3,-805
-73.819058472518,-14.530249720648,2691,104,1616
-68.159672182562,-18.797247320218,2687,16,284
-73.190237773634,-14.215839371206,2727,122,2401
-80.466591575006,-5.996254521508,2903,3,-1340
-69.596976637154,-17.629437450862,2696,31,97
-76.109762447024,-12.778534916614,2831,24,-5
-70.046134279214,-18.931994612836,2841,5,-850
-68.96815593827,-15.29381771215,2677,718,2643
-78.310634893118,-8.10729543919,2731,151,1423
-69.956302750802,-15.608228061592,2731,53,1614
-73.953805765136,-13.991260550176,2731,78,875
-69.911386986596,-15.383649240562,2734,50,1316
-76.918246202732,-9.499684129576,2718,220,1315
-70.719870742304,-16.102301467858,2693,40,617
-72.067343668484,-15.51839653318,2669,82,1066
-71.21394414857,-13.542102908116,2666,917,4715
-80.242012753976,-6.445412163568,2898,7,-1333
-75.346194455522,-12.014966925112,2752,131,941
-71.797849083248,-15.922638411034,2684,58,685
-77.771645722646,-9.993757535842,2891,12,374
-68.29441947518,-16.64129063833,2710,55,820
-75.25636292711,-12.509040331378,2708,256,1150
-77.816561486852,-10.532746706314,2884,5,-945
-72.651248603162,-15.922638411034,2794,26,-543
-73.45973235887,-14.934491598502,2715,94,1062
-70.719870742304,-13.72176596494,2660,1182,5187
-68.339335239386,-19.965057189574,2669,23,5
-70.944449563334,-15.832806882622,2680,49,715
-77.008077731144,-9.859010243224,2697,138,1232
-76.558920089084,-10.263252121078,2726,153,482
-76.244509739642,-12.239545746142,2827,68,321
-73.324985066252,-16.326880288888,2867,36,-832
-68.923240174064,-20.189636010604,2697,23,-269
-75.70552056917,-11.565809283052,2703,240,1139
-69.1927347593,-22.525255749316,2786,1,-1015
-67.980009125738,-17.98876356451,2702,34,1015
-76.963161966938,-9.23018954434,2793,190,378
-69.057987466682,-21.402361644166,2799,8,-719
-76.019930918612,-13.72176596494,2877,4,-962
-78.804708299384,-7.298811683482,2855,124,899
-69.64189240136,-21.986266578844,2824,1,-860
-68.114756418356,-22.570171513522,2676,37,-351
-79.74793934771,-7.074232862452,2893,8,-1240
-76.918246202732,-10.397999413696,2668,115,1987
-76.514004324878,-9.948841771636,2730,258,1192
-67.980009125738,-18.617584263394,2688,26,702
-68.608829824622,-15.114154655326,2836,876,2038
-78.445382185736,-8.062379674984,2764,134,782
-69.237650523506,-16.4167118173,2736,103,1530
-69.86647122239,-22.839666098758,2773,0,-840
-73.414816594664,-14.575165484854,2696,114,1581
-69.731723929772,-22.974413391376,2767,0,-841
-77.187740787968,-10.892072819962,2770,8,56
-69.282566287712,-21.851519286226,2841,2,-898
-75.885183625994,-12.958197973438,2787,105,446
-69.956302750802,-22.749834570346,2794,2,-767
-74.447879171402,-15.74297535421,2868,30,-818
-69.237650523506,-16.731122166742,2693,88,1359
-74.537710699814,-12.59887185979,2733,272,2093
-75.121615634492,-12.37429303876,2764,150,68
-71.752933319042,-16.281964524682,2817,19,-485
-69.147818995094,-17.584521686656,2689,38,645
-74.897036813462,-11.9251353967,2757,451,1812
-69.462229344536,-21.13286705893,2821,1,-814
-76.37925703226,-11.835303868288,2799,102,706
-70.09105004342,-16.371796053094,2654,66,1359
-75.840267861788,-13.092945266056,2735,132,358
-69.552060872948,-22.884581862964,2776,0,-828
-74.537710699814,-14.575165484854,2726,69,701
-72.606332838956,-15.922638411034,2810,26,-575
-69.686808165566,-21.986266578844,2818,1,-824
-70.001218515008,-19.246404962278,2842,6,-917
-71.797849083248,-14.754828541678,2683,52,1100
-78.62504524256,-7.703053561336,2843,46,-342
-68.96815593827,-18.482836970776,2673,42,732
-71.573270262218,-14.036176314382,2731,52,582
-72.202090961102,-16.86586945936,2865,17,-517
-73.055490481016,-13.991260550176,2733,116,2708
-77.771645722646,-9.140358015928,2787,35,454
-76.963161966938,-11.655640811464,2875,28,-735
-70.046134279214,-16.910785223566,2661,44,116
-76.783498910114,-12.059882689318,2895,24,-678
-69.911386986596,-20.863372473694,2801,13,-684
-70.270713100244,-16.461627581506,2668,57,914
-68.608829824622,-20.414214831634,2700,19,-644
-70.76478650651,-15.74297535421,2697,37,228
-69.821555458184,-16.237048760476,2681,71,1349
-69.731723929772,-15.114154655326,2719,77,1805
-77.636898430028,-9.859010243224,2718,17,1940
-73.639395415694,-13.542102908116,2739,138,1498
-76.558920089084,-12.329377274554,2876,25,-674
-69.776639693978,-15.877722646828,2754,82,1936
-77.996224543676,-8.152211203396,2773,91,848
-71.258859912776,-14.081092078588,2681,116,1991
-68.833408645652,-19.33623649069,2702,23,-201
-75.346194455522,-13.991260550176,2852,30,73
-73.819058472518,-13.856513257558,2782,64,317
-76.873330438526,-11.296314697816,2851,55,408
-69.462229344536,-22.48033998511,2780,0,-857
-73.549563887282,-13.542102908116,2747,138,1522
-72.875827424192,-14.934491598502,2656,146,2798
-69.057987466682,-16.776037930948,2702,94,1797
-72.651248603162,-14.934491598502,2664,127,2445
-68.204587946768,-15.74297535421,2826,678,3441
-78.265719128912,-8.736116138074,2832,29,406
-71.21394414857,-16.326880288888,2692,42,149
-72.696164367368,-16.596374874124,2855,21,-693
-69.596976637154,-22.660003041934,2769,0,-847
