"decimalLon","decimalLat","bio6","bio14","cmi_max"
-73.863974236724,-41.524624008454,NA,NA,NA
-70.495291921274,-45.971284664848,2705,84,60
-66.542704671146,-41.479708244248,2729,177,-180
-73.190237773634,-43.051759991458,NA,NA,NA
-64.92573715973,-40.266982610686,2760,194,-145
-65.37489480179,-44.129738332402,2783,104,-241
-64.02742187561,-43.096675755664,NA,NA,NA
-72.56141707475,-38.694930863476,2763,468,2549
-69.686808165566,-55.358679383902,NA,NA,NA
-70.135965807626,-53.067975409396,2726,313,131
-69.327482051918,-48.845893574032,2713,154,25
-68.51899829621,-47.049263005792,2719,114,-83
-71.932596375866,-43.276338812488,2713,953,3581
-68.788492881446,-49.923871914976,2715,169,-72
-70.270713100244,-48.486567460384,2657,175,68
-71.618186026424,-46.869599948968,2644,327,691
-65.82405244385,-43.994991039784,2744,147,-151
-66.946946549,-44.48906444605,2739,137,-81
-73.055490481016,-46.375526542702,2692,2337,4440
-65.913883972262,-45.072969380728,NA,NA,NA
-71.752933319042,-50.597608378066,2660,192,53
-69.147818995094,-43.905159511372,2721,59,-11
-69.731723929772,-45.16280090914,2702,149,147
-70.944449563334,-48.53148322459,2659,111,72
-71.977512140072,-49.295051216092,2691,88,-48
-72.696164367368,-46.28569501429,2684,1610,3269
-68.06984065415,-39.99748802545,2735,146,-67
-71.88768061166,-41.34496095163,2681,1110,5346
-68.024924889944,-42.647518113604,2711,169,-43
-68.159672182562,-41.255129423218,2704,170,9
-70.001218515008,-41.928865886308,2708,154,316
-72.247006725308,-53.112891173602,NA,NA,NA
-72.11225943269,-48.666230517208,2625,306,494
-73.953805765136,-50.732355670684,2687,4947,8115
-69.507145108742,-48.037409818324,2679,221,167
-70.135965807626,-39.638161911802,2715,126,308
-68.653745588828,-43.59074916193,2718,87,-92
-71.528354498012,-48.890809338238,2678,89,-30
-69.102903230888,-47.543336412058,2682,178,88
-64.566411046082,-42.602602349398,NA,NA,NA
-71.977512140072,-41.210213659012,2706,1227,5909
-68.74357711724,-42.69243387781,2677,222,203
-71.528354498012,-38.021194400386,2707,482,4079
-68.249503710974,-47.363673355234,2712,163,80
-72.426669782132,-43.59074916193,2684,2265,6067
-68.384251003592,-42.827181170428,2698,202,54
-72.920743188398,-39.99748802545,2755,495,3208
-72.291922489514,-38.290688985622,2765,440,2608
-71.752933319042,-43.3661703409,2668,1102,4012
-69.86647122239,-45.83653737223,2711,72,61
-64.970652923936,-41.524624008454,NA,NA,NA
-72.965658952604,-42.737349642016,NA,NA,NA
-71.573270262218,-39.368667326566,2748,516,4139
-69.776639693978,-45.342463965964,2707,124,82
-71.348691441188,-53.92137492931,NA,NA,NA
-70.270713100244,-45.477211258582,2712,84,16
-67.126609605824,-42.872096934634,2753,111,-117
-66.407957378528,-40.536477195922,2751,135,-134
-66.632536199558,-54.774774449224,2685,708,861
-72.78599589578,-48.800977809826,2729,734,996
-70.180881571832,-51.855249775834,2707,163,-55
-67.17152537003,-39.144088505536,2758,139,-160
-69.731723929772,-48.08232558253,2682,183,75
-71.169028384364,-45.432295494376,2692,249,622
-72.11225943269,-48.53148322459,2664,284,486
-68.474082532004,-45.342463965964,2729,98,-7
-70.98936532754,-50.32811379283,2676,181,48
-69.102903230888,-45.83653737223,2718,94,75
-66.812199256382,-39.458498854978,2754,158,-133
-71.079196855952,-46.106031957466,2686,140,284
-73.100406245222,-48.172157110942,2716,1626,2368
-72.516501310544,-51.22642907695,2693,297,336
-72.78599589578,-53.112891173602,2711,1907,2314
-75.48094174814,-46.51027383532,NA,NA,NA
-72.291922489514,-52.843396588366,2708,1219,1598
-68.878324409858,-49.160303923474,2712,160,-24
-65.329979037584,-41.434792480042,2761,150,-194
-73.594479651488,-38.290688985622,NA,NA,NA
-73.01057471681,-37.122879116266,2765,242,3024
-70.09105004342,-49.923871914976,2695,187,8
-67.62068301209,-39.683077676008,2755,144,-86
-73.369900830458,-50.597608378066,2652,4285,5968
-67.62068301209,-54.190869514546,2695,267,177
-73.369900830458,-40.132235318068,2750,574,3521
-66.542704671146,-40.850887545364,2742,155,-92
-71.258859912776,-41.973781650514,2690,359,1833
-74.447879171402,-49.070472395062,NA,NA,NA
-71.573270262218,-46.869599948968,2649,301,612
-72.067343668484,-42.198360471544,2697,1429,5665
-73.774142708312,-37.392373701502,NA,NA,NA
-66.27321008591,-42.602602349398,2759,143,-187
-73.549563887282,-46.95943147738,2660,4621,6838
-66.452873142734,-40.536477195922,2750,132,-130
-66.587620435352,-43.14159151987,2746,109,-110
-72.696164367368,-42.01869741472,NA,NA,NA
-72.606332838956,-35.416080076438,NA,NA,NA
-73.998721529342,-41.56953977266,NA,NA,NA
-69.552060872948,-45.207716673346,2707,114,49
-65.734220915438,-40.22206684648,2766,142,-169
-70.360544628656,-44.219569860814,2716,99,120
-65.59947362282,-43.051759991458,2753,123,-207
-73.01057471681,-39.817824968626,2771,383,2638
-70.719870742304,-46.824684184762,2684,71,25
-73.774142708312,-37.30254217309,NA,NA,NA
-73.055490481016,-51.091681784332,2722,1430,1679
-71.21394414857,-42.91701269884,2695,319,1052
-68.024924889944,-44.623811738668,2717,140,42
-69.237650523506,-41.704287065278,2694,202,329
-71.303775676982,-45.028053616522,2685,345,944
-68.833408645652,-42.782265406222,2703,150,27
-67.530851483678,-54.5951113924,2690,279,175
-70.360544628656,-45.38737973017,2711,85,28
-72.78599589578,-41.749202829484,NA,NA,NA
-70.495291921274,-50.148450736006,2693,145,-41
-67.62068301209,-40.22206684648,2741,149,-72
-66.407957378528,-44.48906444605,2736,173,-128
-72.965658952604,-51.989997068452,2726,1718,2261
-68.563914060416,-44.399232917638,2702,128,72
-71.932596375866,-50.77727143489,2667,283,322
-73.01057471681,-37.033047587854,2774,209,2576
-68.429166767798,-53.562048815662,2720,194,15
-66.991862313206,-40.311898374892,2745,144,-87
-71.528354498012,-42.782265406222,2657,792,3066
-75.391110219728,-46.51027383532,2776,2023,2620
-72.426669782132,-39.817824968626,2770,787,4938
-69.552060872948,-39.233920033948,2730,113,29
-70.001218515008,-42.512770820986,2697,128,211
-65.59947362282,-43.3661703409,2752,122,-141
-74.35804764299,-49.87895615077,NA,NA,NA
-71.66310179063,-47.18401029841,2695,255,345
-68.608829824622,-40.536477195922,2710,176,-10
-71.348691441188,-46.600105363732,2749,109,121
-71.528354498012,-41.56953977266,2726,582,3091
-66.72236772797,-48.172157110942,2731,164,-95
-65.15031598076,-42.782265406222,2754,152,-201
-66.767283492176,-48.666230517208,NA,NA,NA
-64.521495281876,-40.985634837982,NA,NA,NA
-70.719870742304,-48.261988639354,2658,73,17
-72.157175196896,-37.033047587854,2775,304,3186
-72.606332838956,-44.03990680399,2721,1795,4826
-65.464726330202,-40.67122448854,2755,148,-186
-69.956302750802,-44.758559031286,2713,117,109
-72.56141707475,-49.65437732974,2728,161,35
-70.54020768548,-38.470352042446,2717,128,770
-69.41731358033,-48.486567460384,2709,188,91
-67.84526183312,-39.503414619184,2747,150,-101
-66.946946549,-42.198360471544,2732,176,-174
-68.788492881446,-42.647518113604,2697,179,144
-70.09105004342,-43.096675755664,2702,135,257
-72.830911659986,-51.630670954804,2694,1906,2634
-69.552060872948,-43.860243747166,2705,72,-8
-68.608829824622,-39.144088505536,2752,116,-232
-65.15031598076,-42.91701269884,2757,137,-207
-69.911386986596,-46.824684184762,2688,87,8
-73.90889000093,-40.132235318068,NA,NA,NA
-69.911386986596,-45.297548201758,2717,97,32
-70.98936532754,-42.063613178926,2688,272,1363
-69.911386986596,-50.912018727508,2703,185,-28
-71.034281091746,-41.1203821306,2711,272,2362
-68.51899829621,-46.240779250084,2728,110,-95
-73.953805765136,-48.486567460384,2686,3911,5165
-64.072337639816,-42.647518113604,2792,138,-156
-73.324985066252,-40.401729903304,2771,389,2087
-68.159672182562,-42.108528943132,2682,236,78
-71.66310179063,-41.749202829484,2663,902,4054
-70.225797336038,-45.432295494376,2713,85,16
-69.372397816124,-51.540839426392,2707,152,-99
-70.76478650651,-43.680580690342,2671,249,607
-74.402963407196,-46.28569501429,2709,2993,4313
-70.31562886445,-49.744208858152,2690,180,28
-69.507145108742,-51.316260605362,2711,136,-63
-69.013071702476,-39.638161911802,2747,111,-14
-70.585123449686,-44.758559031286,2709,105,174
-70.899533799128,-46.28569501429,2694,120,202
-63.443516940932,-42.512770820986,NA,NA,NA
-69.327482051918,-48.261988639354,2696,237,160
-73.280069302046,-38.111025928798,2786,546,3297
-69.013071702476,-44.71364326708,2716,69,15
-70.809702270716,-50.1035349718,2681,185,-17
-71.842764847454,-45.028053616522,2700,714,2167
-70.31562886445,-40.132235318068,2722,133,566
-75.795352097582,-46.645021127938,NA,NA,NA
-69.776639693978,-44.309401389226,2705,102,92
-68.06984065415,-39.233920033948,2750,143,-109
-69.911386986596,-54.640027156606,2668,3181,4167
-71.4385229696,-47.498420647852,2696,95,-9
-71.079196855952,-48.037409818324,2658,82,77
-68.384251003592,-38.829678156094,2758,138,-122
-65.509642094408,-44.26448562502,2761,130,-219
-67.441019955266,-47.722999468882,2728,153,-67
-71.258859912776,-43.635664926136,2678,386,1300
-74.223300350372,-49.115388159268,2710,5786,8248
-70.54020768548,-42.108528943132,2709,135,480
-66.093547029086,-40.087319553862,2758,158,-181
-71.348691441188,-36.134732303734,2747,203,5241
-66.991862313206,-54.415448335576,2697,445,475
-68.96815593827,-53.067975409396,2718,215,4
-73.953805765136,-41.075466366394,2796,840,2410
-68.06984065415,-45.342463965964,2727,122,-11
-69.956302750802,-39.638161911802,2722,108,219
-71.66310179063,-35.775406190086,2774,58,1984
-71.932596375866,-46.195863485878,2636,755,1748
-64.162169168228,-39.77290920442,2767,211,-192
-71.079196855952,-42.782265406222,2682,316,1077
-70.76478650651,-47.812830997294,2660,75,6
-72.651248603162,-41.389876715836,2757,1926,5369
-73.280069302046,-44.129738332402,2777,1485,3193
-72.741080131574,-45.207716673346,2680,2982,5780
-67.755430304708,-50.058619207594,NA,NA,NA
-64.790989867112,-40.132235318068,2762,202,-156
-67.485935719472,-53.741711872486,NA,NA,NA
-69.776639693978,-43.456001869312,2713,90,77
-71.124112620158,-41.434792480042,2673,400,3067
-69.372397816124,-49.384882744504,2713,135,-48
-69.1927347593,-50.687439906478,2724,152,-105
-71.932596375866,-36.359311124764,2773,139,2733
-73.45973235887,-49.250135451886,2616,4063,5916
-69.282566287712,-39.503414619184,2745,94,-18
-71.4385229696,-36.808468766824,2653,481,7099
-73.190237773634,-50.013703443388,2722,1552,1910
-67.665598776296,-42.647518113604,2716,206,-181
-72.741080131574,-35.775406190086,NA,NA,NA
-67.890177597326,-53.427301523044,NA,NA,NA
-71.842764847454,-51.945081304246,2699,306,189
-71.618186026424,-45.342463965964,2690,415,1252
-72.291922489514,-44.129738332402,2693,1872,4969
-69.237650523506,-48.800977809826,2716,148,12
-70.944449563334,-52.439154710512,2698,382,235
-66.902030784794,-42.602602349398,2752,138,-131
-70.405460392862,-38.515267806652,2723,113,588
-73.369900830458,-41.210213659012,2766,584,1719
-72.875827424192,-48.30690440356,2675,1762,3055
-69.282566287712,-49.115388159268,2708,167,34
-72.875827424192,-42.422939292574,NA,NA,NA
-67.126609605824,-46.824684184762,2746,164,-156
-69.462229344536,-39.503414619184,2734,97,29
-69.282566287712,-42.647518113604,2709,100,31
-67.575767247884,-46.195863485878,NA,NA,NA
-71.348691441188,-51.361176369568,2689,278,120
-71.393607205394,-48.711146281414,2663,150,138
-72.875827424192,-36.134732303734,NA,NA,NA
-69.1927347593,-49.564545801328,2718,125,-72
-69.237650523506,-42.91701269884,2699,120,91
-69.552060872948,-40.805971781158,2715,159,151
-63.57826423355,-40.940719073776,2782,235,-149
-73.280069302046,-41.075466366394,2770,534,1748
-72.022427904278,-48.75606204562,2610,283,369
-70.585123449686,-50.32811379283,2684,165,2
-71.4385229696,-48.08232558253,2658,117,111
-66.767283492176,-54.999353270254,NA,NA,NA
-72.651248603162,-43.725496454548,2719,2737,6501
-69.057987466682,-46.779768420556,2712,93,-33
-72.920743188398,-36.718637238412,2777,244,3327
-70.180881571832,-48.621314753002,2670,148,36
-73.369900830458,-46.95943147738,2605,3446,5796
-70.854618034922,-51.091681784332,2694,212,70
-68.204587946768,-44.848390559698,2727,97,-12
-71.169028384364,-44.309401389226,2686,281,805
-67.575767247884,-41.1203821306,2712,165,-28
-72.875827424192,-49.20521968768,2689,1072,1606
-70.76478650651,-45.567042786994,2701,111,175
-71.079196855952,-47.722999468882,2651,102,95
-68.024924889944,-39.54833038339,2746,146,-87
-67.890177597326,-53.741711872486,2727,180,23
-65.105400216554,-41.165297894806,NA,NA,NA
-72.875827424192,-39.09917274133,2774,348,2243
-69.41731358033,-53.02305964519,2712,259,132
-68.698661353034,-39.503414619184,2757,143,-18
-72.516501310544,-51.046766020126,2694,216,182
-71.21394414857,-46.824684184762,2644,212,368
-73.90889000093,-46.645021127938,2747,3034,3602
-70.54020768548,-54.011206457722,NA,NA,NA
-67.710514540502,-48.75606204562,2724,158,21
-66.767283492176,-44.48906444605,2735,185,-44
-72.067343668484,-37.572036758326,2768,464,3917
-70.899533799128,-50.642524142272,2691,177,-10
-71.034281091746,-47.722999468882,2657,89,83
-66.587620435352,-48.172157110942,2738,142,-132
-71.393607205394,-35.685574661674,2766,126,4327
-72.426669782132,-49.42979850871,2660,284,342
-71.528354498012,-39.638161911802,2641,801,6870
-65.82405244385,-42.063613178926,2753,140,-172
-70.98936532754,-49.65437732974,2695,102,-27
-72.741080131574,-46.06111619326,2687,2076,4102
-71.079196855952,-50.912018727508,2694,178,5
-72.33683825372,-39.862740732832,2735,962,6278
-72.651248603162,-39.952572261244,2768,559,3278
-67.306272662648,-54.011206457722,NA,NA,NA
-71.034281091746,-52.439154710512,2701,342,165
-68.429166767798,-55.04426903446,2690,844,939
-69.64189240136,-42.378023528368,2703,124,204
-73.45973235887,-45.926368900642,2693,3705,5339
-73.863974236724,-49.923871914976,2722,4671,6648
-69.147818995094,-46.779768420556,2711,84,-10
-71.752933319042,-43.950075275578,2695,859,2867
-70.046134279214,-49.384882744504,2703,120,-47
-73.324985066252,-51.765418247422,NA,NA,NA
-70.54020768548,-45.207716673346,2704,98,126
-71.842764847454,-42.46785505678,2700,882,3641
-64.431663753464,-40.401729903304,2763,209,-158
-71.977512140072,-35.999985011116,2777,63,1631
-69.731723929772,-40.67122448854,2701,216,440
-73.729226944106,-38.290688985622,NA,NA,NA
-66.991862313206,-54.729858685018,2666,773,860
-68.429166767798,-50.32811379283,NA,NA,NA
-65.554557858614,-45.028053616522,NA,NA,NA
-72.606332838956,-43.725496454548,2724,2354,5918
-72.516501310544,-38.739846627682,2770,439,2556
-70.450376157068,-43.231423048282,2705,120,287
-69.372397816124,-46.330610778496,2714,95,7
-70.495291921274,-52.618817767336,2731,232,-52
-70.630039213892,-40.985634837982,2706,160,1070
-73.594479651488,-41.79411859369,NA,NA,NA
-69.686808165566,-54.011206457722,2702,811,1029
-74.402963407196,-45.971284664848,2748,2145,3454
-67.980009125738,-47.498420647852,2721,144,-60
-66.49778890694,-44.354317153432,2736,165,-102
-65.644389387026,-45.072969380728,NA,NA,NA
-70.854618034922,-39.458498854978,2657,283,2716
-69.102903230888,-41.56953977266,2687,201,237
-72.022427904278,-36.988131823648,2771,356,3676
-66.677451963764,-40.626308724334,2745,147,-90
-68.474082532004,-44.084822568196,2714,95,19
-72.202090961102,-35.101669726996,2811,27,1497
-66.677451963764,-47.992494054118,2731,155,-82
-72.202090961102,-39.593246147596,2768,853,5740
-70.899533799128,-43.635664926136,2683,239,584
-70.405460392862,-44.983137852316,2710,90,125
-70.719870742304,-51.585755190598,2703,234,58
-67.665598776296,-39.233920033948,2756,133,-73
-62.90452777046,-40.177151082274,2766,235,-166
-72.022427904278,-39.638161911802,2724,1106,7693
-71.124112620158,-40.716140252746,2718,227,2265
-72.920743188398,-37.931362871974,2752,390,2575
-69.1927347593,-53.517133051456,2710,337,254
-69.237650523506,-43.051759991458,2711,87,-23
-73.774142708312,-49.968787679182,2655,5843,8845
-66.407957378528,-39.952572261244,2755,152,-136
-68.74357711724,-52.304407417894,2746,147,-119
-71.752933319042,-41.030550602188,2729,665,3972
-66.767283492176,-39.683077676008,2763,160,-25
-73.23515353784,-43.59074916193,NA,NA,NA
-73.998721529342,-48.127241346736,2676,5408,7249
-71.169028384364,-40.67122448854,2721,245,2502
-68.74357711724,-52.484070474718,NA,NA,NA
-70.180881571832,-45.656874315406,2713,76,-1
-70.809702270716,-43.994991039784,2698,196,389
-69.237650523506,-40.805971781158,2715,183,83
-71.4385229696,-35.550827369056,2771,83,3214
-71.4385229696,-37.347457937296,2695,509,4610
-71.618186026424,-37.572036758326,2693,777,6326
-68.159672182562,-40.491561431716,2713,182,-7
-64.835905631318,-40.985634837982,NA,NA,NA
-65.285063273378,-40.626308724334,2756,157,-185
-73.145322009428,-49.20521968768,2619,2064,3038
-62.275707071576,-40.177151082274,NA,NA,NA
-70.270713100244,-39.683077676008,2704,177,695
-66.902030784794,-41.300045187424,2706,208,-19
-71.079196855952,-46.600105363732,2724,80,145
-73.414816594664,-39.683077676008,NA,NA,NA
-73.190237773634,-46.106031957466,2695,3197,5173
-73.594479651488,-37.661868286738,2813,506,4057
-67.84526183312,-40.761056016952,2720,149,-39
-73.729226944106,-37.482205229914,NA,NA,NA
-72.606332838956,-47.902662525706,2684,1093,2053
-71.797849083248,-49.609461565534,2692,96,-22
-65.868968208056,-41.389876715836,2753,146,-177
-68.923240174064,-41.210213659012,2715,149,5
-73.594479651488,-51.22642907695,2690,3743,5628
-68.51899829621,-39.458498854978,2734,179,-5
-71.393607205394,-44.03990680399,2680,563,1968
-71.303775676982,-49.025556630856,2678,78,-12
-69.462229344536,-48.172157110942,2685,236,178
-74.402963407196,-50.058619207594,NA,NA,NA
-69.013071702476,-49.115388159268,2710,161,2
-71.034281091746,-39.638161911802,2700,278,3058
-69.147818995094,-42.647518113604,2714,99,9
-73.414816594664,-50.732355670684,2625,4069,5621
-68.204587946768,-48.396735931972,2722,137,16
-73.145322009428,-47.812830997294,2688,2086,3217
-62.90452777046,-40.311898374892,2767,238,-161
-73.01057471681,-47.543336412058,2666,2181,3754
-65.015568688142,-42.782265406222,2761,146,-155
-68.159672182562,-41.749202829484,2687,210,38
-66.991862313206,-54.190869514546,2729,247,249
-63.308769648314,-40.716140252746,2769,217,-200
-65.734220915438,-42.647518113604,2760,117,-208
-70.225797336038,-52.708649295748,NA,NA,NA
-65.82405244385,-43.81532798296,2744,140,-151
-66.991862313206,-45.297548201758,NA,NA,NA
-66.587620435352,-47.543336412058,2735,122,-113
-68.653745588828,-41.659371301072,2699,163,89
-72.651248603162,-39.009341212918,2771,413,2790
-66.767283492176,-39.862740732832,2759,134,-79
-68.114756418356,-48.037409818324,2725,123,-51
-69.956302750802,-41.1203821306,2695,178,581
-70.674954978098,-47.543336412058,2673,73,-60
-68.384251003592,-44.623811738668,2717,133,82
-66.857115020588,-39.907656497038,2758,132,-77
-71.483438733806,-38.20085745721,2694,471,4247
-72.651248603162,-41.030550602188,2784,1357,4346
-71.034281091746,-51.361176369568,2695,238,77
-69.64189240136,-50.013703443388,2710,137,-51
-74.223300350372,-48.576398988796,2719,5643,7932
-67.890177597326,-44.129738332402,2731,102,-67
-71.752933319042,-44.803474795492,2684,836,2693
-69.327482051918,-47.947578289912,2680,194,131
-71.88768061166,-38.829678156094,2722,1023,6426
-70.674954978098,-46.73485265635,2684,74,56
-71.124112620158,-44.129738332402,2692,316,825
-66.991862313206,-42.422939292574,2736,156,-102
-73.863974236724,-46.375526542702,2733,3071,4230
-72.471585546338,-38.42543627824,2767,354,1953
-63.174022355696,-40.805971781158,2773,222,-160
-73.145322009428,-52.214575889482,2695,2536,3277
-71.932596375866,-39.233920033948,2735,984,6420
-72.33683825372,-43.186507284076,2683,2173,6209
-71.21394414857,-37.706784050944,2679,452,4089
-66.093547029086,-43.860243747166,2740,145,-112
-70.809702270716,-38.20085745721,2672,238,1785
-71.169028384364,-41.434792480042,2685,395,3086
-71.752933319042,-45.746705843818,2677,635,1875
-69.41731358033,-42.872096934634,2714,92,35
-71.66310179063,-49.789124622358,2692,78,-19
-69.013071702476,-38.65001509927,2748,120,-100
-72.741080131574,-36.988131823648,2772,201,2117
-72.56141707475,-45.16280090914,2671,1835,3559
-68.51899829621,-47.228926062616,2715,132,-3
-71.21394414857,-36.62880571,2659,336,6069
-66.138462793292,-47.543336412058,2738,143,-118
-74.178384586166,-50.32811379283,2698,5134,8578
-64.880821395524,-43.14159151987,2774,128,-203
-72.381754017926,-50.597608378066,2658,196,299
-63.174022355696,-41.300045187424,NA,NA,NA
-68.788492881446,-46.240779250084,2716,115,4
-70.54020768548,-40.940719073776,2688,224,1512
-67.39610419106,-48.890809338238,2749,146,-56
-67.710514540502,-41.479708244248,2700,184,26
-70.225797336038,-52.528986238924,2715,345,141
-69.462229344536,-45.567042786994,2699,119,21
-70.630039213892,-53.24763846622,NA,NA,NA
-71.88768061166,-40.266982610686,2707,1198,6633
-65.15031598076,-39.54833038339,2762,208,-188
-69.956302750802,-53.112891173602,2710,408,297
-67.530851483678,-49.339966980298,NA,NA,NA
-70.270713100244,-39.368667326566,2701,203,853
-69.686808165566,-40.44664566751,2703,224,434
-63.892674582992,-40.087319553862,2766,225,-156
-70.944449563334,-46.824684184762,2661,134,193
-68.96815593827,-41.165297894806,2711,171,26
-67.935093361532,-46.869599948968,2729,163,-86
-72.381754017926,-39.503414619184,2762,639,4292
-69.552060872948,-41.56953977266,2675,197,421
-68.653745588828,-53.966290693516,2702,292,258
-62.4553701284,-40.177151082274,2784,271,-140
-72.291922489514,-35.685574661674,2775,42,1170
-71.21394414857,-44.129738332402,2691,366,1065
-70.09105004342,-49.65437732974,2699,163,37
-72.830911659986,-50.238282264418,2718,580,643
-70.225797336038,-39.99748802545,2722,139,542
-64.566411046082,-42.46785505678,2795,136,-212
-68.563914060416,-45.297548201758,2729,94,-23
-70.944449563334,-40.940719073776,2681,308,2866
-70.09105004342,-41.210213659012,2700,145,537
-65.015568688142,-40.356814139098,2767,154,-149
-68.563914060416,-48.217072875148,2723,146,-47
-75.03178410608,-46.73485265635,NA,NA,NA
-72.516501310544,-38.65001509927,2769,415,2409
-69.462229344536,-51.765418247422,2715,145,-57
-70.98936532754,-45.6119585512,2697,141,290
-68.563914060416,-40.087319553862,2713,169,8
-71.483438733806,-43.635664926136,2683,578,2135
-73.819058472518,-46.555189599526,NA,NA,NA
-69.372397816124,-46.689936892144,2710,82,-22
-70.135965807626,-45.38737973017,2715,87,11
-72.11225943269,-48.75606204562,2638,301,489
-65.15031598076,-43.411086105106,2773,138,-197
-72.56141707475,-37.033047587854,2778,163,1850
-68.384251003592,-49.115388159268,2716,157,30
-69.147818995094,-54.14595375034,2694,615,610
-68.339335239386,-53.202722702014,NA,NA,NA
-67.441019955266,-45.16280090914,2731,173,13
-69.282566287712,-46.869599948968,2681,152,156
-72.067343668484,-37.796615579356,2763,477,4148
-70.405460392862,-45.38737973017,2709,87,38
-72.56141707475,-45.656874315406,2693,1557,3106
-73.100406245222,-43.905159511372,NA,NA,NA
-72.56141707475,-40.581392960128,2767,935,3911
-72.202090961102,-46.95943147738,2620,900,1617
-71.528354498012,-43.276338812488,2696,492,1922
-71.169028384364,-35.460995840644,2759,136,4168
-68.06984065415,-43.411086105106,2738,99,-92
-63.892674582992,-39.862740732832,2767,208,-169
-72.516501310544,-48.711146281414,2707,383,489
-71.528354498012,-39.144088505536,2696,877,7033
-70.630039213892,-42.782265406222,2700,138,412
-71.4385229696,-36.089816539528,2746,207,5331
-68.06984065415,-46.06111619326,2739,145,-68
-68.878324409858,-52.708649295748,2729,157,-15
-70.360544628656,-51.181513312744,2701,167,-23
-71.618186026424,-44.983137852316,2664,707,2186
-71.124112620158,-52.79848082416,2726,278,0
-66.812199256382,-40.581392960128,2742,151,-76
-70.450376157068,-53.786627636692,NA,NA,NA
-67.84526183312,-43.500917633518,2737,105,-50
-62.769780477842,-41.210213659012,NA,NA,NA
-67.84526183312,-48.845893574032,2721,173,40
-68.06984065415,-40.042403789656,2733,148,-55
-72.33683825372,-50.956934491714,2689,202,154
-71.483438733806,-50.867102963302,2686,238,121
-73.774142708312,-49.87895615077,2640,6143,9334
-72.202090961102,-40.581392960128,2714,1501,6919
-72.696164367368,-47.363673355234,2714,627,1304
-68.563914060416,-39.189004269742,2749,133,-102
-69.86647122239,-42.198360471544,2710,104,118
-69.372397816124,-40.132235318068,2719,136,94
-73.100406245222,-43.725496454548,NA,NA,NA
-66.767283492176,-39.458498854978,2755,160,-129
-69.282566287712,-44.93822208811,2700,126,110
-73.729226944106,-48.172157110942,2727,4057,5503
-72.157175196896,-49.968787679182,2702,73,50
-71.618186026424,-51.90016554004,2704,246,48
-72.067343668484,-38.65001509927,2758,726,4380
-73.863974236724,-49.384882744504,2711,3867,5137
-67.890177597326,-55.313763619696,NA,NA,NA
-66.902030784794,-42.647518113604,2753,129,-119
-72.157175196896,-43.545833397724,2683,1621,5391
-68.833408645652,-54.684942920812,2684,1110,1294
-70.809702270716,-45.971284664848,2697,100,149
-72.606332838956,-42.063613178926,NA,NA,NA
-70.001218515008,-50.597608378066,2699,173,-14
-70.899533799128,-41.389876715836,2691,263,1918
-73.01057471681,-39.77290920442,2773,386,2478
-68.878324409858,-55.223932091284,NA,NA,NA
-70.495291921274,-52.888312352572,NA,NA,NA
-73.504648123076,-37.52712099412,2802,505,4408
-65.958799736468,-47.812830997294,2746,139,-73
-72.606332838956,-38.245773221416,2767,318,1782
-68.339335239386,-48.800977809826,2718,151,8
-71.483438733806,-39.907656497038,2677,565,5036
-70.046134279214,-40.850887545364,2695,201,788
-67.575767247884,-40.087319553862,2746,143,-79
-64.880821395524,-40.985634837982,NA,NA,NA
-65.59947362282,-43.186507284076,2749,122,-166
-65.15031598076,-41.704287065278,2774,154,-220
-70.450376157068,-49.834040386564,2687,193,26
-66.72236772797,-43.096675755664,2751,98,-105
-65.464726330202,-40.850887545364,2756,143,-181
-66.452873142734,-42.69243387781,2755,134,-194
-68.384251003592,-43.59074916193,2729,94,-29
-72.202090961102,-43.635664926136,2701,1729,5382
-67.800346068914,-42.557686585192,2700,230,-15
-70.809702270716,-44.399232917638,2701,197,372
-68.788492881446,-43.231423048282,2722,83,-100
-71.393607205394,-53.112891173602,NA,NA,NA
-63.847758818786,-42.69243387781,2793,141,-135
-69.372397816124,-48.711146281414,2712,177,34
-71.977512140072,-41.749202829484,2706,1046,4300
-67.216441134236,-42.198360471544,2730,164,-167
-73.280069302046,-41.165297894806,2771,558,1659
-69.956302750802,-40.805971781158,2709,154,452
-69.282566287712,-50.373029557036,2697,215,28
-71.079196855952,-44.174654096608,2701,232,555
-70.405460392862,-46.330610778496,2712,77,59
-67.800346068914,-41.479708244248,2701,181,11
-72.830911659986,-49.744208858152,2681,811,1258
-68.698661353034,-55.448510912314,2734,1169,1466
-68.608829824622,-49.564545801328,2722,179,-9
-69.282566287712,-54.190869514546,2676,1028,1235
-73.774142708312,-48.441651696178,2700,3506,4657
-73.414816594664,-37.122879116266,NA,NA,NA
-70.674954978098,-38.155941693004,2702,163,1083
-68.249503710974,-42.961928463046,2701,205,1
-67.081693841618,-40.266982610686,2745,144,-88
-73.23515353784,-48.351820167766,2710,2572,3950
-68.384251003592,-48.800977809826,2718,146,-2
-67.575767247884,-45.028053616522,2730,150,-7
-70.809702270716,-38.021194400386,2684,229,1675
-68.204587946768,-53.966290693516,2704,208,111
-62.769780477842,-40.132235318068,2768,242,-159
-72.471585546338,-45.028053616522,2719,1149,2562
-67.530851483678,-44.71364326708,2733,125,-24
-69.507145108742,-55.403595148108,NA,NA,NA
-67.710514540502,-45.746705843818,2744,163,-77
-69.507145108742,-41.614455536866,2698,159,293
-67.935093361532,-41.030550602188,2712,161,-16
-70.001218515008,-41.614455536866,2700,179,428
-71.303775676982,-51.181513312744,2683,241,91
-75.211447162904,-46.779768420556,NA,NA,NA
-68.51899829621,-54.954437506048,2669,724,822
-69.86647122239,-49.474714272916,2710,110,-62
-69.282566287712,-51.271344841156,2717,145,-73
-65.958799736468,-47.812830997294,2746,139,-73
-72.157175196896,-46.779768420556,2648,753,1467
-67.935093361532,-47.40858911944,2723,131,-95
-70.585123449686,-40.89580330957,2700,190,1347
-66.363041614322,-47.902662525706,2735,153,-90
-71.573270262218,-51.046766020126,2680,189,57
-72.651248603162,-48.396735931972,2702,817,1410
-69.821555458184,-52.708649295748,NA,NA,NA
-72.741080131574,-37.75169981515,2765,286,2570
-68.653745588828,-44.399232917638,2701,133,188
-68.74357711724,-55.628173969138,NA,NA,NA
-73.280069302046,-37.706784050944,2767,621,4716
-69.013071702476,-40.44664566751,2707,206,81
-68.51899829621,-52.528986238924,NA,NA,NA
-73.414816594664,-38.919509684506,NA,NA,NA
-70.09105004342,-47.139094534204,2671,154,115
-66.991862313206,-43.905159511372,2741,130,-141
-65.59947362282,-54.81969021343,2730,543,690
-73.01057471681,-36.449142653176,NA,NA,NA
-72.381754017926,-43.770412218754,2714,1496,4526
-70.225797336038,-53.157806937808,2726,334,228
-71.348691441188,-44.533980210256,2698,267,732
-72.651248603162,-41.704287065278,NA,NA,NA
-71.977512140072,-42.333107764162,2661,1428,5701
-69.327482051918,-48.037409818324,2682,216,126
-68.788492881446,-48.261988639354,2719,171,39
-71.079196855952,-36.763553002618,2687,311,4919
-70.31562886445,-38.066110164592,2677,160,717
-71.348691441188,-36.269479596352,2736,248,5995
-68.878324409858,-45.028053616522,2705,106,118
-68.923240174064,-50.507776849654,NA,NA,NA
-74.897036813462,-46.150947721672,NA,NA,NA
-71.88768061166,-36.988131823648,2764,410,4054
-65.240147509172,-43.994991039784,2801,89,-422
-63.084190827284,-40.44664566751,2768,220,-165
-72.11225943269,-47.453504883646,2693,466,924
-69.013071702476,-39.907656497038,2728,127,-13
-70.09105004342,-43.860243747166,2688,118,229
-67.485935719472,-46.150947721672,NA,NA,NA
-69.956302750802,-50.956934491714,2705,165,-58
-70.54020768548,-41.749202829484,2707,184,828
-64.746074102906,-42.782265406222,NA,NA,NA
-71.4385229696,-51.091681784332,2681,199,73
-66.542704671146,-39.907656497038,2757,134,-120
-66.228294321704,-40.536477195922,2754,140,-144
-71.708017554836,-40.042403789656,2721,593,4294
-69.013071702476,-42.827181170428,2709,97,-80
-67.84526183312,-47.498420647852,2728,123,-121
-68.96815593827,-47.992494054118,2701,176,61
-74.402963407196,-49.115388159268,NA,NA,NA
-63.218938119902,-41.075466366394,2795,213,-156
-67.17152537003,-42.46785505678,2731,173,-138
-74.223300350372,-50.283198028624,2694,4833,8201
-71.66310179063,-50.013703443388,2671,121,-2
-74.402963407196,-48.98064086665,NA,NA,NA
-72.741080131574,-48.217072875148,2679,1356,2398
-65.644389387026,-44.26448562502,2753,141,-186
-69.731723929772,-47.588252176264,2678,146,50
-70.899533799128,-41.749202829484,2703,256,1358
-67.800346068914,-42.24327623575,2710,172,-105
-72.741080131574,-37.033047587854,2772,195,2164
-68.339335239386,-54.14595375034,2694,300,268
-69.147818995094,-54.550195628194,2701,892,958
-71.348691441188,-46.150947721672,2673,268,737
-72.741080131574,-51.810334011628,2731,934,966
-69.64189240136,-50.373029557036,2696,175,-6
-66.407957378528,-44.93822208811,2772,145,-200
-72.157175196896,-35.236417019614,2792,30,1783
-72.471585546338,-38.245773221416,2766,366,2063
-68.29441947518,-40.266982610686,2720,153,-53
-72.965658952604,-46.645021127938,2704,1852,4006
-70.854618034922,-50.642524142272,2693,174,-8
-69.596976637154,-45.567042786994,2704,122,115
-67.575767247884,-45.522127022788,2721,174,-34
-72.875827424192,-36.538974181588,2787,190,2776
-68.29441947518,-43.725496454548,2726,102,4
-71.797849083248,-50.55269261386,2658,165,41
-69.64189240136,-39.727993440214,2725,112,135
-72.830911659986,-52.304407417894,2694,1627,2039
-68.698661353034,-38.8745939203,2749,120,-96
-66.27321008591,-40.985634837982,2749,146,-149
-73.145322009428,-37.122879116266,2783,335,3813
-72.247006725308,-50.373029557036,2692,105,164
-67.84526183312,-39.952572261244,2741,149,-64
-70.450376157068,-51.45100789798,2704,145,-70
-69.013071702476,-53.562048815662,2702,368,259
-70.899533799128,-46.28569501429,2694,120,202
-73.819058472518,-46.869599948968,2712,4863,6463
-71.66310179063,-39.09917274133,2696,1084,7780
-69.102903230888,-51.630670954804,2725,135,NA
-73.729226944106,-37.796615579356,NA,NA,NA
-71.079196855952,-35.999985011116,2662,213,5434
-72.022427904278,-40.44664566751,2725,903,5138
-72.291922489514,-38.515267806652,2766,484,2734
-74.402963407196,-48.037409818324,2717,4205,5147
-70.944449563334,-38.066110164592,2653,362,3288
-69.821555458184,-41.34496095163,2711,122,252
-66.632536199558,-42.288191999956,2737,192,-118
-66.003715500674,-54.909521741842,2720,510,594
-73.190237773634,-45.297548201758,NA,NA,NA
-69.462229344536,-54.37053257137,NA,NA,NA
-69.596976637154,-44.03990680399,2694,90,132
-66.812199256382,-44.26448562502,2737,133,-110
-67.935093361532,-43.59074916193,2731,108,-48
-69.282566287712,-42.198360471544,2700,193,248
-71.932596375866,-46.914515713174,2650,535,1112
-72.33683825372,-50.956934491714,2689,202,154
-68.96815593827,-40.401729903304,2707,200,62
-69.057987466682,-41.928865886308,2686,227,254
-66.72236772797,-40.67122448854,2741,151,-98
-71.842764847454,-39.054256977124,2743,1048,7087
-70.630039213892,-39.952572261244,2700,185,1494
-66.632536199558,-41.389876715836,2720,200,-127
-68.429166767798,-49.744208858152,2723,171,-46
-72.78599589578,-50.148450736006,2681,768,1309
-69.86647122239,-48.711146281414,2689,168,0
-65.37489480179,-39.503414619184,2762,221,-165
-73.055490481016,-38.335604749828,2761,353,1987
-67.351188426854,-45.6119585512,2767,148,-211
-65.419810565996,-54.81969021343,2737,519,631
-70.854618034922,-48.621314753002,2655,132,101
-70.31562886445,-48.217072875148,2658,146,85
-71.258859912776,-44.893306323904,2691,319,800
-72.830911659986,-40.311898374892,2773,408,2079
-70.54020768548,-42.46785505678,2707,114,382
-70.360544628656,-37.97627863618,2685,151,735
-68.74357711724,-43.3661703409,2723,82,-72
-70.135965807626,-39.54833038339,2716,117,333
-67.755430304708,-46.779768420556,2732,169,-100
-69.372397816124,-50.867102963302,2722,166,-58
-66.857115020588,-39.862740732832,2759,134,-73
-67.036778077412,-48.30690440356,2732,153,-49
-67.935093361532,-54.460364099782,2678,475,617
-70.719870742304,-39.54833038339,2690,212,1728
-66.27321008591,-40.940719073776,2748,149,-127
-65.913883972262,-44.668727502874,2753,153,-183
-68.878324409858,-52.214575889482,2736,164,-50
-69.1927347593,-39.952572261244,2727,126,19
-72.830911659986,-49.519630037122,2734,567,592
-65.82405244385,-43.411086105106,2749,119,-117
-71.124112620158,-41.300045187424,2693,288,2420
-72.920743188398,-38.8745939203,2773,353,1880
-72.78599589578,-44.309401389226,2724,2534,5169
-75.166531398698,-46.240779250084,NA,NA,NA
-72.202090961102,-49.250135451886,2674,158,264
-72.965658952604,-51.495923662186,2711,1397,1708
-71.4385229696,-50.373029557036,2667,185,74
-69.911386986596,-50.732355670684,2703,184,-11
-70.09105004342,-49.519630037122,2709,96,-70
-70.31562886445,-50.417945321242,2692,152,-27
-73.998721529342,-48.08232558253,2702,5083,6605
-65.59947362282,-42.24327623575,2760,140,-207
-67.036778077412,-47.453504883646,2736,131,-91
-70.854618034922,-40.67122448854,2709,185,1725
-68.29441947518,-55.448510912314,2744,921,1256
-66.27321008591,-47.992494054118,2741,143,-112
-70.899533799128,-40.89580330957,2696,267,2482
-65.419810565996,-40.177151082274,2759,193,-160
-71.977512140072,-44.533980210256,2700,1026,3292
-72.067343668484,-50.462861085448,2656,162,138
-74.088553057754,-51.091681784332,2702,4694,7795
-69.956302750802,-44.848390559698,2714,126,127
-69.237650523506,-47.004347241586,2679,134,43
-70.54020768548,-44.219569860814,2700,154,254
-72.11225943269,-40.44664566751,2729,813,4711
-66.767283492176,-42.647518113604,2754,136,-109
-68.429166767798,-42.602602349398,2709,145,-19
-67.261356898442,-48.127241346736,2731,148,-58
-70.046134279214,-47.63316794047,2678,131,-3
-73.280069302046,-47.049263005792,2708,2547,4604
-72.741080131574,-35.910153482704,NA,NA,NA
-73.45973235887,-51.585755190598,2689,3523,5223
-69.507145108742,-53.382385758838,NA,NA,NA
-66.003715500674,-54.460364099782,NA,NA,NA
-72.920743188398,-40.311898374892,2772,351,1898
-72.067343668484,-53.157806937808,NA,NA,NA
-71.483438733806,-44.26448562502,2698,377,1226
-68.114756418356,-39.727993440214,2740,138,-56
-73.729226944106,-37.347457937296,NA,NA,NA
-65.958799736468,-41.255129423218,2751,147,-206
-72.067343668484,-40.716140252746,2704,1258,6809
-64.117253404022,-42.91701269884,NA,NA,NA
-68.249503710974,-46.195863485878,2735,119,-70
-71.034281091746,-48.351820167766,2651,85,50
-73.280069302046,-41.659371301072,2789,744,2247
-69.507145108742,-42.737349642016,2698,128,219
-70.001218515008,-50.193366500212,2709,104,-76
-70.135965807626,-41.300045187424,2693,148,565
-71.4385229696,-52.843396588366,NA,NA,NA
-64.072337639816,-40.581392960128,2767,194,-163
-71.169028384364,-49.42979850871,2686,63,-67
-67.485935719472,-53.831543400898,NA,NA,NA
-73.45973235887,-41.255129423218,2769,514,1612
-70.001218515008,-48.890809338238,2679,150,53
-72.426669782132,-35.595743133262,2791,82,2403
-70.98936532754,-44.623811738668,2691,211,455
-71.573270262218,-48.935725102444,2685,83,-45
-75.301278691316,-46.240779250084,NA,NA,NA
-64.835905631318,-39.817824968626,2765,199,-165
-65.285063273378,-54.5951113924,NA,NA,NA
-68.339335239386,-45.38737973017,2727,110,20
-71.169028384364,-46.689936892144,2711,96,141
-71.977512140072,-43.321254576694,2725,816,3010
-70.360544628656,-47.453504883646,2680,109,8
-74.58262646402,-46.869599948968,2777,2869,3382
-70.944449563334,-47.094178769998,2670,130,109
-73.190237773634,-37.886447107768,2762,573,3877
-71.842764847454,-51.720502483216,2700,313,163
-68.024924889944,-41.928865886308,2693,185,21
-65.82405244385,-55.04426903446,NA,NA,NA
-67.485935719472,-45.252632437552,2731,172,37
-71.4385229696,-52.214575889482,2698,426,300
-67.261356898442,-43.186507284076,2747,96,-111
-65.59947362282,-42.647518113604,2759,124,-192
-64.970652923936,-42.288191999956,2765,145,-190
-70.31562886445,-44.03990680399,2700,147,290
-66.138462793292,-39.32375156236,2763,177,-185
-73.549563887282,-52.3493231821,2742,2319,3090
-70.135965807626,-42.24327623575,2698,143,347
-63.713011526168,-41.030550602188,2792,217,-189
-72.78599589578,-50.822187199096,2685,1085,1886
-70.495291921274,-45.342463965964,2707,88,56
-67.081693841618,-44.309401389226,2736,139,-66
-65.285063273378,-40.985634837982,2759,155,-170
-73.863974236724,-46.28569501429,2722,2724,3699
-69.462229344536,-54.864605977636,2678,2208,2884
-69.462229344536,-54.101037986134,2685,988,1281
-68.429166767798,-54.101037986134,2695,314,327
-71.752933319042,-47.947578289912,2634,357,607
-70.630039213892,-45.926368900642,2703,90,98
-71.348691441188,-41.614455536866,2698,596,3535
-71.258859912776,-52.57390200313,2712,253,43
-70.180881571832,-39.054256977124,2710,158,504
-67.485935719472,-39.727993440214,2757,142,-72
-63.039275063078,-40.177151082274,2765,234,-163
-66.452873142734,-43.81532798296,2748,122,-141
-71.708017554836,-43.81532798296,2698,916,3273
-68.833408645652,-51.495923662186,NA,NA,NA
-68.833408645652,-44.354317153432,2725,70,80
-64.790989867112,-39.54833038339,2762,216,-184
-70.585123449686,-41.614455536866,2706,163,761
-65.464726330202,-39.368667326566,2763,213,-159
-69.911386986596,-48.576398988796,2676,207,126
-69.282566287712,-50.687439906478,2719,147,-107
-74.268216114578,-50.32811379283,2711,4108,6545
-69.64189240136,-54.101037986134,2690,959,1195
-71.752933319042,-36.40422688897,2769,207,3939
-72.33683825372,-41.165297894806,2704,1528,5777
-70.046134279214,-54.190869514546,NA,NA,NA
-70.180881571832,-39.727993440214,2706,161,525
-69.057987466682,-43.411086105106,2720,79,50
-65.060484452348,-41.479708244248,2780,161,-134
-72.11225943269,-48.666230517208,2625,306,494
-66.946946549,-45.297548201758,NA,NA,NA
-72.247006725308,-42.108528943132,2692,2407,8363
-65.509642094408,-44.533980210256,2776,115,-214
-71.932596375866,-46.555189599526,2723,293,710
-70.135965807626,-41.34496095163,2695,144,502
-68.204587946768,-40.581392960128,2716,153,-22
-70.76478650651,-50.013703443388,2683,188,26
-71.528354498012,-50.867102963302,2684,262,143
-68.563914060416,-48.576398988796,2722,126,-29
-73.774142708312,-51.091681784332,2727,2973,4066
-72.606332838956,-37.572036758326,2780,184,1722
-72.78599589578,-41.1203821306,2793,1142,3428
-68.653745588828,-45.117885144934,2699,137,69
-68.204587946768,-41.883950122102,2673,240,147
-72.741080131574,-44.03990680399,2701,2713,6332
-70.630039213892,-51.271344841156,2701,194,29
-69.731723929772,-44.084822568196,2694,106,130
-72.426669782132,-47.40858911944,2690,715,1471
-73.774142708312,-49.025556630856,2728,3633,4884
-71.483438733806,-38.066110164592,2701,488,4250
-67.351188426854,-45.746705843818,NA,NA,NA
-69.507145108742,-47.812830997294,2676,194,74
-71.124112620158,-50.912018727508,2693,191,23
-70.270713100244,-40.311898374892,2719,132,560
-70.899533799128,-50.77727143489,2696,174,-16
-72.830911659986,-45.38737973017,2734,2369,4122
-69.731723929772,-50.507776849654,2697,175,-14
-67.081693841618,-46.95943147738,2743,159,-113
-68.204587946768,-39.189004269742,2744,141,-134
-72.651248603162,-44.26448562502,2709,2561,5526
-73.324985066252,-49.025556630856,2645,2979,4280
-69.956302750802,-39.189004269742,2706,151,419
-72.830911659986,-42.422939292574,NA,NA,NA
-66.318125850116,-39.77290920442,2758,157,-163
-69.911386986596,-42.872096934634,2685,168,338
-71.842764847454,-38.470352042446,2749,675,4734
-73.504648123076,-37.841531343562,2810,446,3133
-71.573270262218,-42.557686585192,2716,402,1726
-63.982506111404,-40.89580330957,2778,233,-133
-72.516501310544,-46.06111619326,2672,1762,3639
-64.117253404022,-42.782265406222,2804,135,-117
-67.890177597326,-53.831543400898,2721,178,21
-68.159672182562,-39.32375156236,2745,146,-98
-71.169028384364,-38.290688985622,2689,467,4603
-67.62068301209,-45.297548201758,2731,159,36
-68.339335239386,-40.850887545364,2719,151,-73
-70.944449563334,-35.685574661674,2670,210,4597
-70.76478650651,-39.144088505536,2674,312,2676
-73.280069302046,-47.094178769998,2700,2443,4400
-67.036778077412,-41.479708244248,2696,239,53
-70.630039213892,-43.456001869312,2675,241,642
-71.124112620158,-38.829678156094,2678,404,3966
-70.180881571832,-42.198360471544,2708,134,323
-65.464726330202,-42.782265406222,2756,132,-186
-69.86647122239,-42.333107764162,2708,114,172
-71.932596375866,-39.907656497038,2717,766,5455
-73.998721529342,-51.181513312744,2735,3863,6066
-67.84526183312,-49.474714272916,2732,169,-16
-68.024924889944,-49.609461565534,2720,170,-25
-74.088553057754,-46.465358071114,2740,2584,3337
-70.674954978098,-43.411086105106,2677,246,645
-70.98936532754,-46.869599948968,2658,148,212
-72.56141707475,-35.640658897468,2815,81,2216
-70.944449563334,-42.01869741472,2688,262,1262
-70.54020768548,-50.956934491714,2698,184,-7
-73.90889000093,-41.749202829484,NA,NA,NA
-64.117253404022,-42.602602349398,2791,138,-142
-72.381754017926,-36.763553002618,2777,140,1744
-73.145322009428,-46.73485265635,2733,1987,3951
-70.76478650651,-47.139094534204,2671,87,36
-71.977512140072,-53.067975409396,2726,725,780
-68.96815593827,-45.207716673346,2718,96,16
-69.147818995094,-50.32811379283,2699,229,37
-72.471585546338,-38.42543627824,2767,354,1953
-71.124112620158,-38.42543627824,2674,412,4188
-67.216441134236,-44.354317153432,2737,143,-39
-69.41731358033,-45.297548201758,2718,90,-50
-67.755430304708,-48.711146281414,2724,152,11
-68.788492881446,-45.297548201758,2720,103,37
-72.067343668484,-39.503414619184,2765,968,6448
-70.674954978098,-48.30690440356,2652,83,-37
-73.819058472518,-49.339966980298,2733,3059,4002
-65.37489480179,-43.006844227252,2752,143,-181
-68.608829824622,-49.968787679182,NA,NA,NA
-70.54020768548,-48.172157110942,2662,76,39
-68.474082532004,-48.08232558253,2723,148,23
-72.247006725308,-48.396735931972,2669,386,671
-62.859612006254,-40.132235318068,2767,238,-160
-71.348691441188,-52.484070474718,2708,310,142
-67.84526183312,-40.761056016952,2720,149,-39
-71.573270262218,-44.848390559698,2694,484,1420
-71.034281091746,-53.831543400898,NA,NA,NA
-70.76478650651,-51.181513312744,2697,215,59
-69.776639693978,-54.190869514546,2701,894,1142
-70.854618034922,-41.56953977266,2695,228,1345
-70.225797336038,-53.202722702014,2726,354,185
-67.126609605824,-44.623811738668,2736,140,-69
-68.29441947518,-43.500917633518,2736,90,-65
-73.324985066252,-47.588252176264,2694,2798,4272
-67.575767247884,-43.186507284076,2746,109,-113
-69.102903230888,-51.945081304246,2719,147,-77
-69.86647122239,-52.933228116778,2729,250,80
-73.23515353784,-50.148450736006,2724,1992,2552
-70.001218515008,-40.44664566751,2706,198,683
-68.878324409858,-48.037409818324,2709,167,54
-67.665598776296,-48.396735931972,2726,136,-38
-72.426669782132,-53.427301523044,2697,1038,1200
-73.145322009428,-38.829678156094,2782,412,2081
-64.521495281876,-43.006844227252,2798,126,-155
-67.890177597326,-39.233920033948,2753,145,-87
-65.240147509172,-39.907656497038,2765,184,-175
-66.902030784794,-40.311898374892,2746,145,-94
-68.339335239386,-53.831543400898,2709,206,59
-66.093547029086,-44.668727502874,2743,171,-153
-71.079196855952,-47.902662525706,2650,91,61
-75.525857512346,-46.51027383532,NA,NA,NA
-65.464726330202,-42.69243387781,2757,131,-193
-67.890177597326,-44.03990680399,2730,101,-64
-68.923240174064,-39.54833038339,2760,115,7
-72.471585546338,-52.753565059954,NA,NA,NA
-71.66310179063,-50.912018727508,2677,260,148
-71.66310179063,-37.52712099412,2728,669,5385
-63.892674582992,-42.333107764162,2779,149,-166
-64.880821395524,-41.030550602188,NA,NA,NA
-71.708017554836,-44.983137852316,2672,823,2611
-70.674954978098,-47.139094534204,2676,76,14
-70.046134279214,-46.106031957466,2710,68,-6
-69.86647122239,-38.739846627682,2719,103,155
-72.067343668484,-38.42543627824,2762,622,3832
-68.51899829621,-49.87895615077,2724,149,-77
-72.875827424192,-50.462861085448,2676,1235,1925
-67.081693841618,-48.53148322459,2735,140,-73
-70.899533799128,-43.411086105106,2695,199,479
-70.809702270716,-49.519630037122,2698,73,-72
-67.261356898442,-45.38737973017,2741,166,-141
-67.081693841618,-48.935725102444,NA,NA,NA
-73.90889000093,-40.266982610686,NA,NA,NA
-70.98936532754,-48.98064086665,2676,78,64
-66.183378557498,-47.498420647852,2738,140,-119
-70.899533799128,-45.297548201758,2703,136,233
-72.606332838956,-49.474714272916,2730,280,300
-69.237650523506,-47.139094534204,2668,226,185
-73.190237773634,-40.356814139098,2771,352,1993
-70.405460392862,-38.65001509927,2716,137,685
-66.767283492176,-41.56953977266,2715,229,-83
-69.013071702476,-52.079828596864,2723,163,-35
-66.407957378528,-39.683077676008,2757,155,-163
-73.280069302046,-38.245773221416,2766,509,3186
-70.270713100244,-40.626308724334,2715,121,610
-63.982506111404,-42.737349642016,2797,137,-115
-69.013071702476,-51.22642907695,NA,NA,NA
-69.507145108742,-50.373029557036,2697,185,1
-68.474082532004,-55.313763619696,NA,NA,NA
-72.56141707475,-50.373029557036,2705,227,330
-75.436025983934,-46.779768420556,2770,3379,4863
-67.530851483678,-39.368667326566,2755,131,-108
-73.190237773634,-43.59074916193,NA,NA,NA
-70.405460392862,-50.687439906478,2697,168,-32
-72.651248603162,-41.165297894806,2788,1397,4363
-67.17152537003,-39.32375156236,2751,161,-109
-73.45973235887,-49.699293093946,2624,3452,4974
-70.674954978098,-43.096675755664,2698,162,440
-68.06984065415,-38.829678156094,2761,130,-25
-70.360544628656,-50.822187199096,2699,178,-18
-71.21394414857,-43.545833397724,2687,289,839
-68.474082532004,-42.557686585192,2709,145,-49
-69.372397816124,-49.923871914976,2709,156,-49
-72.965658952604,-48.666230517208,2704,1709,2927
-64.431663753464,-42.872096934634,NA,NA,NA
-67.665598776296,-42.333107764162,2715,179,-105
-73.369900830458,-46.330610778496,2713,2766,4359
-72.067343668484,-35.28133278382,2780,24,1252
-72.202090961102,-39.233920033948,2771,689,4806
-70.001218515008,-50.32811379283,2695,166,-7
-71.88768061166,-44.174654096608,2716,675,2157
-69.102903230888,-54.011206457722,2697,436,386
-68.384251003592,-55.448510912314,2741,1105,1544
-70.944449563334,-51.989997068452,2702,280,107
-66.407957378528,-47.498420647852,2735,135,-108
-65.464726330202,-44.803474795492,NA,NA,NA
-71.932596375866,-46.465358071114,2741,275,448
-70.76478650651,-39.638161911802,2702,189,1647
-65.015568688142,-42.512770820986,2760,143,-202
-65.913883972262,-44.983137852316,2786,105,-155
-71.618186026424,-39.233920033948,2720,942,7057
-70.360544628656,-39.727993440214,2707,156,636
-66.542704671146,-44.848390559698,2753,166,-198
-72.78599589578,-35.640658897468,NA,NA,NA
-70.31562886445,-42.24327623575,2710,139,409
-69.237650523506,-41.56953977266,2694,189,298
-70.76478650651,-38.919509684506,2688,261,2298
-66.49778890694,-43.860243747166,2744,132,-143
-72.11225943269,-52.753565059954,2693,980,1213
-70.405460392862,-53.741711872486,NA,NA,NA
-69.057987466682,-52.484070474718,NA,NA,NA
-67.081693841618,-47.498420647852,2733,134,-97
-74.492794935608,-45.83653737223,2768,2470,3972
-73.953805765136,-41.075466366394,2796,840,2410
-72.247006725308,-48.621314753002,2645,396,647
-66.138462793292,-44.309401389226,2741,154,-154
-67.306272662648,-54.011206457722,NA,NA,NA
-71.708017554836,-36.449142653176,2763,279,4872
-63.174022355696,-40.805971781158,2773,222,-160
-64.521495281876,-39.638161911802,2763,217,-180
-67.755430304708,-53.517133051456,NA,NA,NA
-71.708017554836,-47.318757591028,2694,220,311
-66.72236772797,-43.456001869312,2746,118,-116
-68.159672182562,-47.543336412058,2724,151,84
-67.84526183312,-44.578895974462,2730,119,5
-66.452873142734,-44.668727502874,2736,176,-128
-69.057987466682,-49.42979850871,2719,135,-77
-70.046134279214,-52.394238946306,2715,304,129
-66.27321008591,-42.153444707338,2745,170,-153
-72.965658952604,-47.63316794047,2716,1262,1974
-67.890177597326,-43.14159151987,2746,123,-128
-72.247006725308,-48.351820167766,2677,366,598
-63.757927290374,-42.737349642016,2797,142,-128
-65.689305151232,-43.725496454548,2748,133,-150
-70.585123449686,-38.155941693004,2707,141,902
-69.237650523506,-42.827181170428,2702,121,126
-72.965658952604,-50.238282264418,2716,1093,1344
-66.991862313206,-54.864605977636,2672,921,1143
-69.956302750802,-39.413583090772,2723,112,224
-68.06984065415,-40.311898374892,2725,148,-71
-67.39610419106,-48.08232558253,2730,144,-46
-66.542704671146,-44.354317153432,2735,171,-86
-71.303775676982,-47.722999468882,2658,102,110
-74.043637293548,-49.834040386564,2706,4634,6931
-70.944449563334,-44.309401389226,2694,245,583
-66.228294321704,-43.635664926136,2749,116,-112
-72.830911659986,-39.503414619184,2768,615,3759
-69.956302750802,-43.14159151987,2692,150,236
-65.82405244385,-41.614455536866,2752,149,-174
-70.854618034922,-38.784762391888,2662,302,2809
-72.067343668484,-36.134732303734,2776,78,1766
-72.426669782132,-49.564545801328,2727,124,-6
-73.324985066252,-38.021194400386,2788,584,3848
-69.956302750802,-40.042403789656,2731,115,237
-73.324985066252,-39.09917274133,NA,NA,NA
-64.162169168228,-42.108528943132,NA,NA,NA
-67.306272662648,-44.48906444605,2737,131,-29
-71.752933319042,-46.95943147738,2625,473,946
-73.819058472518,-49.339966980298,2733,3059,4002
-70.046134279214,-38.20085745721,2699,104,237
-73.190237773634,-53.067975409396,2727,2673,3420
-67.755430304708,-46.824684184762,2731,169,-102
-68.429166767798,-54.909521741842,NA,NA,NA
-71.348691441188,-48.351820167766,2646,119,125
-67.710514540502,-49.474714272916,2746,161,-28
-63.892674582992,-40.626308724334,2767,210,-153
-66.003715500674,-44.174654096608,2741,150,-148
-72.651248603162,-41.56953977266,2771,1857,5109
-65.689305151232,-40.985634837982,2755,141,-170
-71.21394414857,-37.616952522532,2659,535,4844
-68.608829824622,-51.630670954804,NA,NA,NA
-72.202090961102,-53.562048815662,2704,1315,1622
-65.329979037584,-43.051759991458,2752,147,-189
-68.878324409858,-40.940719073776,2691,224,148
-72.56141707475,-49.20521968768,2657,413,574
-71.618186026424,-36.898300295236,2756,475,5721
-72.067343668484,-45.701790079612,2706,594,1355
-66.677451963764,-48.441651696178,2746,142,-95
-69.102903230888,-55.134100562872,2669,1735,2313
-71.88768061166,-36.40422688897,2772,174,3357
-70.98936532754,-38.694930863476,2689,249,2477
-68.06984065415,-50.373029557036,NA,NA,NA
-71.169028384364,-49.564545801328,2693,68,-66
-70.405460392862,-43.545833397724,2698,122,230
-67.665598776296,-54.190869514546,2699,221,160
-71.258859912776,-48.576398988796,2662,131,113
-64.47657951767,-42.827181170428,NA,NA,NA
-67.665598776296,-47.678083704676,2729,142,-34
-70.674954978098,-40.311898374892,2724,137,1039
-73.280069302046,-45.926368900642,2720,2587,4151
-73.774142708312,-48.217072875148,2694,5700,7887
-69.596976637154,-55.134100562872,2684,2393,3283
-73.23515353784,-41.255129423218,2770,657,1827
-66.632536199558,-41.524624008454,2725,193,-151
-70.76478650651,-40.805971781158,2694,222,1887
-71.88768061166,-49.42979850871,2668,139,46
-71.752933319042,-46.824684184762,2670,325,757
-73.863974236724,-50.193366500212,2661,5625,8953
-65.509642094408,-43.905159511372,2761,136,-190
-64.790989867112,-40.89580330957,NA,NA,NA
-68.878324409858,-51.90016554004,2736,144,-96
-70.98936532754,-42.288191999956,2699,211,913
-70.899533799128,-43.051759991458,2695,237,660
-71.034281091746,-47.18401029841,2666,158,172
-72.651248603162,-38.20085745721,2766,317,1873
-72.516501310544,-37.97627863618,2770,274,2038
-69.372397816124,-44.983137852316,2701,114,30
-73.774142708312,-50.507776849654,2688,4849,7029
-68.384251003592,-52.439154710512,NA,NA,NA
-68.74357711724,-45.701790079612,2721,90,10
-65.958799736468,-42.153444707338,2753,142,-199
-67.575767247884,-49.609461565534,NA,NA,NA
-72.022427904278,-49.564545801328,2679,147,66
-67.62068301209,-54.954437506048,2674,616,639
-70.854618034922,-51.855249775834,2706,196,-50
-70.135965807626,-48.30690440356,2671,134,43
-73.863974236724,-46.420442306908,2736,2805,3673
-69.686808165566,-39.368667326566,2728,107,86
-65.464726330202,-42.782265406222,2756,132,-186
-70.31562886445,-40.177151082274,2719,133,560
-73.145322009428,-37.886447107768,2745,539,3555
-66.318125850116,-54.909521741842,2701,607,699
-65.958799736468,-54.774774449224,2716,417,470
-72.426669782132,-41.659371301072,2757,1359,4053
-71.618186026424,-53.112891173602,NA,NA,NA
-70.450376157068,-39.907656497038,2711,130,612
-67.351188426854,-44.668727502874,2737,121,50
-67.485935719472,-54.5951113924,2690,285,184
-72.022427904278,-35.236417019614,2777,23,1234
-70.450376157068,-44.983137852316,2709,90,136
-68.833408645652,-43.725496454548,2733,57,24
-69.86647122239,-46.95943147738,2685,96,43
-71.528354498012,-38.605099335064,2683,660,5438
-73.998721529342,-46.869599948968,2738,3846,4957
-71.752933319042,-36.359311124764,2770,188,3801
-63.263853884108,-40.356814139098,2768,219,-169
-68.474082532004,-50.417945321242,NA,NA,NA
-66.04863126488,-54.460364099782,NA,NA,NA
-72.830911659986,-36.314395360558,2804,144,2172
-68.923240174064,-44.174654096608,2720,55,37
-72.067343668484,-50.55269261386,2649,169,126
-68.653745588828,-55.358679383902,2703,1341,1687
-70.854618034922,-53.202722702014,NA,NA,NA
-70.76478650651,-36.494058417382,2653,221,3187
-72.696164367368,-46.689936892144,2703,1206,2522
-72.471585546338,-38.784762391888,2769,500,3088
-72.426669782132,-51.945081304246,2705,385,331
-67.530851483678,-54.460364099782,2688,308,351
-70.405460392862,-43.14159151987,2713,103,242
-72.78599589578,-47.588252176264,2643,1288,2179
-66.49778890694,-42.647518113604,2753,140,-191
-72.920743188398,-39.727993440214,2771,435,2867
-70.585123449686,-39.278835798154,2702,223,1390
-72.291922489514,-49.20521968768,2692,151,188
-68.339335239386,-41.659371301072,2694,191,43
-65.329979037584,-41.704287065278,2757,155,-206
-72.022427904278,-45.522127022788,2670,841,2011
-69.821555458184,-45.028053616522,2712,161,181
-69.776639693978,-45.297548201758,2710,126,130
-70.180881571832,-52.663733531542,NA,NA,NA
-69.596976637154,-45.83653737223,2704,101,80
-69.372397816124,-38.829678156094,2724,108,-28
-68.29441947518,-49.699293093946,2720,176,-3
-67.351188426854,-43.456001869312,2739,107,-89
-71.708017554836,-49.250135451886,2657,128,4
-72.381754017926,-42.961928463046,2711,2283,6302
-67.935093361532,-48.845893574032,2719,177,50
-72.78599589578,-40.491561431716,2774,529,2476
-71.708017554836,-37.482205229914,2741,669,5329
-72.202090961102,-43.231423048282,2686,2058,6531
-67.306272662648,-46.51027383532,NA,NA,NA
-68.384251003592,-42.153444707338,2682,234,89
-72.651248603162,-41.434792480042,2766,1690,4727
-72.516501310544,-40.536477195922,2763,1003,4299
-73.23515353784,-43.905159511372,2784,1728,3964
-70.674954978098,-45.746705843818,2701,90,140
-63.713011526168,-42.91701269884,NA,NA,NA
-72.830911659986,-53.292554230426,2702,2665,3344
-70.674954978098,-44.668727502874,2709,122,193
-67.710514540502,-39.144088505536,2752,148,-96
-72.11225943269,-46.195863485878,2697,506,1162
-70.09105004342,-50.373029557036,2694,164,-10
-68.96815593827,-42.153444707338,2686,206,202
-67.081693841618,-54.235785278752,2720,256,256
-66.767283492176,-47.992494054118,2731,154,-73
-70.405460392862,-47.543336412058,2683,102,-18
-71.348691441188,-39.54833038339,2715,423,4030
-73.549563887282,-46.28569501429,2727,2970,3944
-67.890177597326,-44.803474795492,2729,108,-63
-66.407957378528,-42.647518113604,2756,139,-185
-66.632536199558,-54.235785278752,NA,NA,NA
-73.729226944106,-47.228926062616,2673,5219,7266
-69.057987466682,-43.860243747166,2723,64,6
-68.563914060416,-48.30690440356,2721,176,42
-69.013071702476,-44.48906444605,2727,56,56
-72.830911659986,-43.545833397724,2722,3405,7734
-70.225797336038,-53.831543400898,NA,NA,NA
-67.530851483678,-48.800977809826,2729,158,-14
-66.812199256382,-43.096675755664,2752,97,-104
-67.980009125738,-40.536477195922,2724,147,-70
-73.01057471681,-52.12474436107,2719,1508,1778
-68.788492881446,-38.65001509927,2755,116,-129
-72.606332838956,-38.42543627824,2769,365,2047
-67.036778077412,-54.640027156606,2679,456,578
-71.708017554836,-43.770412218754,2688,1005,3569
-73.369900830458,-46.600105363732,2597,4724,7856
-73.953805765136,-48.576398988796,2703,3607,4583
-70.225797336038,-42.961928463046,2707,143,276
-70.180881571832,-47.139094534204,2668,174,143
-71.034281091746,-38.694930863476,2702,281,2779
-63.713011526168,-41.210213659012,NA,NA,NA
-71.573270262218,-52.439154710512,2689,664,684
-70.405460392862,-39.189004269742,2674,265,1383
-71.618186026424,-45.791621608024,2679,487,1423
-73.414816594664,-39.233920033948,NA,NA,NA
-71.483438733806,-47.318757591028,2707,113,-64
-66.093547029086,-39.32375156236,2764,178,-176
-66.093547029086,-42.69243387781,2760,121,-191
-65.82405244385,-39.77290920442,2762,180,-199
-68.96815593827,-54.415448335576,2647,1156,1413
-69.372397816124,-50.148450736006,2706,126,-44
-71.66310179063,-39.413583090772,2745,523,4146
-68.608829824622,-44.71364326708,2722,96,-32
-71.258859912776,-46.645021127938,2730,101,190
-71.618186026424,-51.136597548538,2679,198,93
-65.913883972262,-41.704287065278,2746,163,-143
-69.147818995094,-47.228926062616,2687,169,141
-72.11225943269,-37.392373701502,2768,449,3796
-64.47657951767,-40.401729903304,2762,208,-156
-71.303775676982,-42.602602349398,2666,546,2262
-66.632536199558,-40.311898374892,2749,148,-121
-63.57826423355,-42.333107764162,NA,NA,NA
-66.093547029086,-39.638161911802,2762,167,-189
-72.291922489514,-35.820321954292,2777,51,1296
-66.857115020588,-44.399232917638,2741,134,-57
-68.563914060416,-54.280701042958,2680,551,649
-70.270713100244,-38.829678156094,2709,145,557
-68.833408645652,-39.638161911802,2747,129,-12
-70.225797336038,-40.536477195922,2728,103,430
-70.180881571832,-42.24327623575,2709,127,314
-64.92573715973,-40.356814139098,2764,170,-126
-70.135965807626,-40.401729903304,2733,108,279
-65.015568688142,-41.300045187424,NA,NA,NA
-72.920743188398,-47.318757591028,2722,785,1581
-73.45973235887,-51.22642907695,2660,3721,5446
-67.665598776296,-47.363673355234,2730,134,-105
-73.23515353784,-45.207716673346,2752,2288,3854
-67.261356898442,-41.1203821306,2714,176,-4
-67.980009125738,-43.59074916193,2731,104,-55
-69.507145108742,-49.564545801328,2716,112,-68
-73.190237773634,-40.536477195922,2770,356,1781
-72.920743188398,-43.994991039784,2742,2431,5937
-70.76478650651,-40.850887545364,2687,270,2308
-70.046134279214,-54.505279863988,2673,2788,3662
-73.953805765136,-50.956934491714,2717,4005,6135
-70.31562886445,-44.354317153432,2710,103,106
-68.74357711724,-51.67558671901,NA,NA,NA
-69.057987466682,-53.69679610828,2697,535,526
-67.980009125738,-47.63316794047,2723,137,-22
-73.729226944106,-50.732355670684,2713,4329,6410
-68.51899829621,-43.321254576694,2735,83,-106
-67.890177597326,-46.689936892144,2732,161,-89
-71.303775676982,-48.441651696178,2659,106,35
-71.66310179063,-45.072969380728,2694,607,1903
-65.82405244385,-42.602602349398,2760,119,-212
-71.708017554836,-41.704287065278,2707,654,2957
-73.639395415694,-41.389876715836,2765,669,2108
-69.911386986596,-40.177151082274,2732,132,272
-65.779136679644,-39.368667326566,2767,182,-169
-71.797849083248,-43.905159511372,2699,828,2755
-75.660604804964,-46.600105363732,2793,1921,NA
-66.632536199558,-40.761056016952,2746,147,-92
-69.1927347593,-54.550195628194,2690,1338,1660
-65.015568688142,-42.872096934634,2754,160,-177
-69.1927347593,-46.779768420556,2705,89,-65
-69.911386986596,-44.354317153432,2714,88,3
-71.124112620158,-36.538974181588,2706,272,4932
-70.719870742304,-54.190869514546,NA,NA,NA
-71.4385229696,-44.26448562502,2700,357,1198
-69.462229344536,-48.396735931972,2698,210,104
-65.464726330202,-44.219569860814,2772,120,-196
-73.6843111799,-47.094178769998,2679,5260,7363
-65.868968208056,-41.614455536866,2752,149,-144
-68.249503710974,-44.399232917638,2724,115,37
-65.734220915438,-43.14159151987,2748,131,-178
-71.708017554836,-38.20085745721,2695,834,6719
-72.516501310544,-41.389876715836,2734,1691,5055
-69.956302750802,-51.945081304246,2709,156,-52
-67.62068301209,-41.614455536866,2697,193,45
-70.31562886445,-45.791621608024,2708,77,39
-72.741080131574,-42.198360471544,NA,NA,NA
-65.644389387026,-44.444148681844,2758,140,-233
-70.360544628656,-51.22642907695,2701,159,-47
-73.639395415694,-50.058619207594,2642,4953,7034
-67.755430304708,-44.623811738668,2728,131,48
-69.372397816124,-48.396735931972,2702,222,128
-73.45973235887,-39.503414619184,NA,NA,NA
-72.291922489514,-43.500917633518,2685,1878,5320
-68.249503710974,-48.845893574032,2719,148,5
-70.046134279214,-44.399232917638,2709,93,38
-68.563914060416,-44.174654096608,2717,89,38
-73.280069302046,-47.8577467615,2690,2770,3897
-69.507145108742,-42.557686585192,2707,102,65
-66.857115020588,-40.761056016952,2737,147,-82
-73.01057471681,-41.165297894806,2776,739,2262
-70.98936532754,-43.006844227252,2684,272,835
-72.426669782132,-36.449142653176,2777,98,1488
-71.348691441188,-36.044900775322,2740,190,5081
-70.31562886445,-49.968787679182,2693,179,11
-67.84526183312,-44.848390559698,2727,120,11
-72.965658952604,-38.605099335064,2768,403,2100
-70.135965807626,-47.767915233088,2686,114,-20
-70.046134279214,-50.148450736006,2704,127,-80
-72.381754017926,-52.663733531542,NA,NA,NA
-71.483438733806,-36.269479596352,2760,244,5423
-74.35804764299,-46.016200429054,2715,3070,4864
-63.039275063078,-40.177151082274,2765,234,-163
-72.56141707475,-43.770412218754,2696,2762,7037
-71.528354498012,-46.73485265635,2658,264,631
-71.258859912776,-38.066110164592,2703,478,4414
-72.516501310544,-38.021194400386,2769,288,2004
-62.500285892606,-40.89580330957,2786,256,-137
-67.800346068914,-42.602602349398,2700,234,-3
-69.372397816124,-43.860243747166,2713,66,-56
-65.15031598076,-40.44664566751,2767,144,-143
-72.516501310544,-39.727993440214,2767,646,3990
-68.833408645652,-43.905159511372,2726,59,6
-63.847758818786,-42.333107764162,2779,153,-160
-72.516501310544,-46.73485265635,2724,666,1535
-67.441019955266,-48.890809338238,2748,148,-52
-71.258859912776,-46.28569501429,2707,166,385
-67.39610419106,-44.803474795492,2736,128,-23
-70.630039213892,-43.770412218754,2681,177,434
-74.402963407196,-48.800977809826,2757,3674,4599
-66.632536199558,-55.313763619696,NA,NA,NA
-73.998721529342,-51.00185025592,2710,4596,7241
-72.022427904278,-51.046766020126,2677,169,76
-72.381754017926,-47.8577467615,2629,814,1481
-70.046134279214,-46.420442306908,2714,74,4
-69.013071702476,-44.71364326708,2716,69,15
-65.419810565996,-43.411086105106,2752,132,-178
-67.84526183312,-43.500917633518,2737,105,-50
-65.644389387026,-42.647518113604,2759,122,-199
-71.393607205394,-45.971284664848,2695,183,442
-63.80284305458,-42.153444707338,2795,148,-166
-68.653745588828,-53.517133051456,2714,232,74
-71.842764847454,-50.597608378066,2652,199,76
-66.587620435352,-39.54833038339,2757,162,-141
-72.741080131574,-42.378023528368,2778,1967,5707
-71.034281091746,-36.40422688897,2667,304,5713
-67.485935719472,-43.321254576694,2743,97,-113
-72.11225943269,-39.413583090772,2734,1161,8114
-65.689305151232,-43.186507284076,2750,135,-165
-71.303775676982,-46.689936892144,2714,129,217
-71.528354498012,-51.271344841156,2679,279,161
-71.303775676982,-52.888312352572,NA,NA,NA
-74.223300350372,-49.564545801328,NA,NA,NA
-69.956302750802,-39.54833038339,2720,116,241
-71.842764847454,-38.021194400386,2710,831,6619
-67.62068301209,-42.198360471544,2714,182,-100
-67.800346068914,-48.217072875148,2724,143,-15
-73.998721529342,-47.228926062616,2727,4674,6244
-70.001218515008,-53.47221728725,NA,NA,NA
-66.407957378528,-47.992494054118,2737,151,-85
-71.88768061166,-46.869599948968,2674,395,924
-67.755430304708,-40.536477195922,2732,146,-40
-64.880821395524,-39.54833038339,2762,215,-182
-68.249503710974,-43.500917633518,2736,92,-69
-66.542704671146,-45.072969380728,2782,136,-157
-72.471585546338,-49.42979850871,2655,338,482
-73.504648123076,-47.947578289912,2711,3532,4949
-71.303775676982,-51.765418247422,2705,263,45
-72.426669782132,-53.067975409396,NA,NA,NA
-68.51899829621,-42.557686585192,2708,147,-40
-66.093547029086,-40.132235318068,2757,159,-190
-74.178384586166,-48.98064086665,2716,5612,7756
-70.809702270716,-42.378023528368,2702,134,463
-67.485935719472,-39.278835798154,2749,135,-101
-66.093547029086,-54.81969021343,2695,680,800
-73.190237773634,-50.912018727508,2648,3233,4538
-66.318125850116,-40.626308724334,2751,134,-130
-71.393607205394,-50.732355670684,2689,218,61
-72.022427904278,-35.73049042588,2773,43,1229
-72.875827424192,-48.261988639354,2667,1911,3417
-65.37489480179,-43.680580690342,2776,127,-199
-66.632536199558,-43.321254576694,2746,106,-119
-71.393607205394,-35.595743133262,2767,102,3675
-69.41731358033,-54.280701042958,2674,1161,1519
-69.282566287712,-40.581392960128,2707,205,126
-66.49778890694,-40.581392960128,2750,134,-117
-71.528354498012,-41.1203821306,2710,503,3789
-73.369900830458,-37.167794880472,NA,NA,NA
-72.291922489514,-46.465358071114,2702,711,1457
-65.285063273378,-55.089184798666,NA,NA,NA
-74.088553057754,-41.300045187424,NA,NA,NA
-70.270713100244,-50.373029557036,2692,156,-18
-72.067343668484,-42.288191999956,2695,1622,6462
-68.249503710974,-38.964425448712,2757,113,-84
-72.247006725308,-43.456001869312,2684,1917,5933
-70.135965807626,-39.952572261244,2730,121,351
-72.606332838956,-43.231423048282,2727,2653,6642
-69.057987466682,-50.912018727508,NA,NA,NA
-72.067343668484,-46.330610778496,2674,586,1394
-69.507145108742,-50.148450736006,2707,120,-39
-69.057987466682,-47.722999468882,2680,219,135
-69.013071702476,-39.593246147596,2753,108,-21
-68.788492881446,-54.280701042958,2686,745,797
-73.504648123076,-39.99748802545,2793,723,4120
-68.159672182562,-40.536477195922,2712,178,-13
-70.360544628656,-52.753565059954,2748,229,19
-69.776639693978,-43.006844227252,2686,147,273
-70.630039213892,-45.028053616522,2709,105,196
-71.21394414857,-39.144088505536,2712,356,3266
-68.608829824622,-42.961928463046,2718,142,38
-72.022427904278,-46.600105363732,2670,463,1165
-70.98936532754,-37.886447107768,2685,281,2461
-69.596976637154,-54.235785278752,NA,NA,NA
-69.507145108742,-45.746705843818,2705,113,89
-68.698661353034,-42.737349642016,2674,228,229
-72.830911659986,-51.45100789798,2665,1858,2715
-68.923240174064,-46.420442306908,2719,111,-31
-67.575767247884,-40.89580330957,2719,155,-5
-70.046134279214,-40.266982610686,2735,113,194
-70.76478650651,-41.210213659012,2690,237,1653
-73.504648123076,-38.560183570858,2818,613,3496
-73.369900830458,-37.347457937296,2788,335,3464
-72.78599589578,-45.072969380728,2689,2857,5405
-70.450376157068,-43.3661703409,2704,111,234
-71.4385229696,-35.820321954292,2767,125,4612
-67.890177597326,-49.20521968768,2729,169,22
-72.067343668484,-44.758559031286,2672,1340,3811
-66.228294321704,-39.278835798154,2762,174,-177
-66.318125850116,-39.952572261244,2756,153,-154
-73.90889000093,-48.890809338238,2710,3783,4867
-68.698661353034,-41.34496095163,2711,132,-27
-70.360544628656,-38.560183570858,2722,120,573
-71.079196855952,-48.845893574032,2683,70,-42
-69.956302750802,-39.593246147596,2719,114,232
-66.49778890694,-43.59074916193,2746,118,-138
-69.013071702476,-43.59074916193,2732,62,-51
-71.393607205394,-42.288191999956,2675,466,2192
-74.58262646402,-47.453504883646,NA,NA,NA
-72.516501310544,-39.907656497038,2760,865,4735
-72.157175196896,-51.720502483216,2694,364,327
-71.752933319042,-51.989997068452,2701,314,165
-65.689305151232,-43.006844227252,2751,127,-184
-71.573270262218,-46.73485265635,2673,227,517
-73.145322009428,-38.8745939203,2780,414,2110
-65.37489480179,-42.288191999956,2761,141,-201
-69.013071702476,-40.985634837982,2712,208,128
-67.980009125738,-48.441651696178,2721,134,-3
-68.833408645652,-50.193366500212,2714,183,-26
-64.341832225052,-40.44664566751,2764,209,-159
-68.474082532004,-40.311898374892,2716,160,-34
-72.741080131574,-35.820321954292,NA,NA,NA
-67.39610419106,-44.533980210256,2735,135,-9
-71.169028384364,-43.81532798296,2681,315,976
-73.055490481016,-46.016200429054,2708,2270,3793
-64.072337639816,-42.378023528368,NA,NA,NA
-73.324985066252,-51.091681784332,2695,3435,4525
-70.046134279214,-48.800977809826,2684,125,58
-73.23515353784,-45.207716673346,2752,2288,3854
-65.734220915438,-42.46785505678,2758,128,-223
-69.327482051918,-46.689936892144,2710,85,-19
-67.441019955266,-41.434792480042,2702,199,18
-65.509642094408,-40.850887545364,2756,142,-178
-73.45973235887,-40.626308724334,2773,431,2071
-71.932596375866,-36.85338453103,2770,321,3726
-71.618186026424,-36.359311124764,2764,241,4974
-71.393607205394,-43.680580690342,2702,311,1008
-68.923240174064,-47.004347241586,2705,114,32
-70.046134279214,-52.3493231821,2714,292,103
-69.372397816124,-46.150947721672,2719,73,-33
-72.741080131574,-35.326248548026,NA,NA,NA
-73.190237773634,-48.396735931972,2694,3007,4877
-68.96815593827,-48.890809338238,2715,150,-12
-71.797849083248,-48.53148322459,2639,253,390
-64.521495281876,-43.231423048282,NA,NA,NA
-70.585123449686,-45.207716673346,2704,101,142
-70.809702270716,-41.524624008454,2686,241,1483
-68.339335239386,-42.512770820986,2712,142,-69
-71.393607205394,-36.988131823648,2677,483,5755
-68.74357711724,-53.112891173602,2726,166,-52
-67.530851483678,-46.465358071114,2748,149,-146
-67.935093361532,-45.38737973017,2732,136,5
-73.145322009428,-46.016200429054,2705,3003,4873
-72.516501310544,-35.640658897468,2808,84,2348
-70.09105004342,-49.115388159268,2692,127,2
-69.462229344536,-46.95943147738,2673,161,129
-69.013071702476,-47.63316794047,2675,236,204
-70.225797336038,-45.791621608024,2709,75,23
-72.11225943269,-39.09917274133,2751,886,6119
-70.405460392862,-46.600105363732,2699,65,-17
-65.554557858614,-54.640027156606,NA,NA,NA
-72.022427904278,-48.890809338238,2640,219,245
-66.003715500674,-41.255129423218,2750,147,-207
-72.920743188398,-38.470352042446,2768,286,1608
-68.429166767798,-44.03990680399,2721,86,23
-72.78599589578,-52.663733531542,2716,1902,2346
-67.126609605824,-40.716140252746,2735,154,-40
-74.672457992432,-47.588252176264,NA,NA,NA
-72.291922489514,-52.79848082416,2691,1362,1753
-67.261356898442,-54.909521741842,NA,NA,NA
-71.258859912776,-45.477211258582,2697,245,595
-71.303775676982,-53.786627636692,2696,974,1123
-70.54020768548,-43.186507284076,2701,125,323
-72.33683825372,-52.259491653688,2693,821,1003
-67.306272662648,-54.280701042958,2706,289,238
-65.105400216554,-39.99748802545,2763,191,-167
-69.507145108742,-52.57390200313,2747,186,-38
-70.630039213892,-43.725496454548,2685,177,396
-69.147818995094,-41.56953977266,2687,210,335
-71.079196855952,-46.420442306908,2726,107,186
-68.51899829621,-43.051759991458,2711,157,22
-73.324985066252,-37.437289465708,2782,444,4326
-72.651248603162,-41.434792480042,2766,1690,4727
-71.752933319042,-50.462861085448,2661,158,71
-71.258859912776,-36.808468766824,2741,223,3222
-66.452873142734,-55.403595148108,NA,NA,NA
-69.282566287712,-52.034912832658,2716,156,-41
-71.88768061166,-43.500917633518,2696,1172,4165
-70.450376157068,-46.73485265635,2690,67,-30
-70.180881571832,-48.800977809826,2679,100,19
-71.034281091746,-47.004347241586,2657,178,232
-69.013071702476,-49.295051216092,2705,200,13
-67.306272662648,-47.63316794047,2730,139,-98
-69.057987466682,-51.90016554004,2723,146,-77
-66.587620435352,-43.500917633518,2746,121,-123
-63.443516940932,-41.030550602188,2790,217,-160
-71.618186026424,-44.758559031286,2672,844,2778
-74.717373756638,-47.588252176264,NA,NA,NA
-66.902030784794,-42.46785505678,2743,146,-187
-67.351188426854,-47.273841826822,2733,158,-92
-71.977512140072,-43.860243747166,2685,1653,4983
-70.180881571832,-50.912018727508,2701,182,-15
-66.318125850116,-43.411086105106,2744,109,-181
-65.509642094408,-43.186507284076,2747,141,-154
-68.204587946768,-39.593246147596,2740,141,-71
-69.327482051918,-47.902662525706,2680,179,84
-70.585123449686,-48.172157110942,2660,76,23
-70.809702270716,-48.08232558253,2656,69,-11
-73.100406245222,-36.538974181588,NA,NA,NA
-68.204587946768,-48.98064086665,2715,166,52
-72.56141707475,-42.378023528368,2730,2322,7000
-67.755430304708,-49.87895615077,NA,NA,NA
-69.327482051918,-41.883950122102,2691,184,257
-69.013071702476,-40.940719073776,2715,208,97
-72.875827424192,-48.037409818324,2654,1967,3341
-67.575767247884,-45.028053616522,2730,150,-7
-73.45973235887,-45.522127022788,2744,3555,5449
-70.944449563334,-43.725496454548,2682,255,681
-73.45973235887,-50.867102963302,2633,4004,5606
-69.821555458184,-55.04426903446,NA,NA,NA
-66.138462793292,-41.928865886308,2746,145,-185
-73.324985066252,-49.834040386564,2692,2545,3525
-72.33683825372,-47.004347241586,2686,799,1412
-67.216441134236,-43.456001869312,2740,107,-89
-71.169028384364,-45.432295494376,2692,249,622
-72.920743188398,-45.477211258582,2727,2009,3712
-70.046134279214,-41.300045187424,2698,142,457
-69.327482051918,-42.333107764162,2714,138,131
-65.060484452348,-40.761056016952,2776,160,-197
-72.741080131574,-39.278835798154,2767,502,3435
-64.880821395524,-41.928865886308,NA,NA,NA
-71.797849083248,-38.290688985622,2722,929,6897
-71.348691441188,-37.796615579356,2721,544,4889
-73.100406245222,-36.85338453103,2797,232,2898
-67.306272662648,-44.533980210256,2736,136,-29
-72.247006725308,-49.20521968768,2691,135,120
-71.66310179063,-51.720502483216,2701,319,163
-73.414816594664,-40.940719073776,2762,543,2142
-74.088553057754,-50.642524142272,2689,5128,8796
-66.228294321704,-43.321254576694,2744,114,-172
-72.426669782132,-39.503414619184,2762,589,4053
-73.055490481016,-40.401729903304,2769,347,1852
-71.169028384364,-35.865237718498,2713,215,5567
-72.965658952604,-51.540839426392,NA,NA,NA
-68.429166767798,-55.448510912314,2728,1343,1853
-72.741080131574,-44.533980210256,2701,2748,6052
-66.767283492176,-41.659371301072,2718,228,-129
-73.549563887282,-37.437289465708,2813,401,3486
-64.970652923936,-40.805971781158,NA,NA,NA
-66.587620435352,-54.999353270254,2694,953,1137
-65.464726330202,-44.893306323904,NA,NA,NA
-67.485935719472,-48.935725102444,2754,144,-63
-70.405460392862,-44.48906444605,2716,86,89
-70.674954978098,-38.65001509927,2692,187,1283
-70.180881571832,-43.725496454548,2693,113,190
-73.369900830458,-44.03990680399,NA,NA,NA
-62.635033185224,-39.99748802545,2773,246,-156
-65.329979037584,-44.758559031286,NA,NA,NA
-68.29441947518,-48.711146281414,2722,131,-31
-64.835905631318,-42.063613178926,NA,NA,NA
-72.11225943269,-47.992494054118,2634,558,954
-67.800346068914,-42.961928463046,2725,178,-131
-73.549563887282,-41.749202829484,2792,628,2201
-72.157175196896,-35.595743133262,2770,45,1598
-62.859612006254,-40.805971781158,2774,250,-157
-72.965658952604,-49.160303923474,2666,1442,2055
-66.991862313206,-40.536477195922,2741,150,-54
-68.474082532004,-39.99748802545,2719,153,-66
-72.157175196896,-35.101669726996,2798,31,1852
-71.708017554836,-37.347457937296,2741,573,4671
-66.72236772797,-42.69243387781,2755,130,-127
-71.079196855952,-39.189004269742,2703,287,2894
-66.857115020588,-47.18401029841,2738,147,-130
-68.159672182562,-54.954437506048,2676,631,808
-66.228294321704,-42.557686585192,2757,153,-195
-72.022427904278,-46.869599948968,2672,472,927
-63.35368541252,-42.288191999956,NA,NA,NA
-71.528354498012,-38.65001509927,2694,672,5433
-69.596976637154,-44.668727502874,2697,138,158
-63.57826423355,-40.356814139098,2766,228,-160
-68.384251003592,-55.313763619696,NA,NA,NA
-69.372397816124,-39.817824968626,2731,129,105
-70.09105004342,-53.382385758838,2716,584,609
-69.237650523506,-52.57390200313,NA,NA,NA
-70.630039213892,-41.524624008454,2697,206,1123
-71.303775676982,-41.165297894806,2720,279,2430
-73.414816594664,-51.810334011628,2710,3255,4798
-72.157175196896,-46.95943147738,2683,648,1212
-70.405460392862,-38.111025928798,2687,164,858
-69.327482051918,-53.02305964519,2711,243,92
-73.774142708312,-40.356814139098,NA,NA,NA
-67.84526183312,-42.333107764162,2707,189,-83
-72.965658952604,-38.066110164592,2771,234,1454
-67.306272662648,-48.486567460384,2726,161,-59
-73.145322009428,-46.28569501429,2692,3198,5592
-71.977512140072,-41.56953977266,2699,1303,5817
-73.639395415694,-37.75169981515,NA,NA,NA
-69.147818995094,-54.640027156606,2686,1175,1393
-69.327482051918,-53.112891173602,2714,257,122
-65.82405244385,-40.401729903304,2757,159,-170
-62.365538599988,-39.99748802545,2788,277,-120
-70.674954978098,-39.368667326566,2707,161,1047
-66.003715500674,-47.588252176264,2740,156,-127
-67.351188426854,-42.378023528368,2728,174,-159
-67.216441134236,-48.08232558253,2730,146,-51
-67.935093361532,-49.250135451886,2722,213,82
-69.41731358033,-50.77727143489,2711,201,-14
-67.890177597326,-45.746705843818,2727,163,-42
-73.639395415694,-47.992494054118,NA,NA,NA
-68.878324409858,-52.3493231821,NA,NA,NA
-65.509642094408,-40.22206684648,2764,154,-180
-73.145322009428,-49.789124622358,2686,2050,3102
-72.247006725308,-46.330610778496,2671,1018,2284
-71.393607205394,-39.99748802545,2690,489,4705
-71.034281091746,-37.52712099412,2688,318,2959
-66.407957378528,-46.95943147738,NA,NA,NA
-70.046134279214,-38.739846627682,2721,110,299
-69.1927347593,-41.614455536866,2681,223,382
-69.41731358033,-39.189004269742,2727,135,30
-69.956302750802,-38.155941693004,2712,124,226
-72.067343668484,-43.321254576694,2685,1494,5350
-66.363041614322,-42.961928463046,2753,118,-120
-67.39610419106,-47.273841826822,2733,161,-79
-70.405460392862,-36.269479596352,2674,195,1770
-72.247006725308,-43.500917633518,2680,2095,6237
-72.247006725308,-43.680580690342,2671,1883,5072
-67.890177597326,-44.71364326708,2726,123,-14
-72.516501310544,-40.89580330957,2749,1357,5144
-70.360544628656,-54.280701042958,NA,NA,NA
-75.25636292711,-46.645021127938,NA,NA,NA
-72.022427904278,-36.134732303734,2776,78,1811
-68.06984065415,-46.869599948968,2729,132,-102
-68.06984065415,-44.893306323904,2727,111,4
-62.859612006254,-40.087319553862,2766,239,-158
-69.1927347593,-44.893306323904,2721,78,-44
-68.114756418356,-39.413583090772,2741,153,-90
-70.98936532754,-50.1035349718,2676,213,15
-73.45973235887,-40.311898374892,2769,483,2616
-72.965658952604,-38.739846627682,2774,328,1658
-71.88768061166,-53.067975409396,NA,NA,NA
-74.402963407196,-47.812830997294,NA,NA,NA
-70.630039213892,-45.252632437552,2704,112,174
-65.779136679644,-42.063613178926,2753,143,-189
-74.043637293548,-49.115388159268,NA,NA,NA
-66.946946549,-54.460364099782,2705,345,364
-67.62068301209,-46.73485265635,2733,184,-103
-70.270713100244,-49.744208858152,2690,184,31
-69.147818995094,-45.342463965964,2728,74,-168
-67.62068301209,-43.770412218754,2741,95,-98
-68.923240174064,-50.77727143489,NA,NA,NA
-72.875827424192,-43.14159151987,2776,2362,5749
-67.441019955266,-54.415448335576,2693,287,265
-71.21394414857,-47.588252176264,2663,93,138
-72.56141707475,-38.380520514034,2766,368,1946
-63.623179997756,-42.422939292574,2789,151,-192
-67.530851483678,-38.964425448712,2755,140,-123
-69.013071702476,-47.40858911944,2676,236,186
-68.249503710974,-42.422939292574,2704,197,-12
-69.462229344536,-55.04426903446,2705,1662,2084
-69.64189240136,-44.758559031286,2692,151,206
-70.98936532754,-38.694930863476,2689,249,2477
-65.554557858614,-43.860243747166,2758,139,-179
-68.249503710974,-44.219569860814,2720,107,16
-69.86647122239,-41.075466366394,2696,177,493
-65.554557858614,-44.084822568196,2758,134,-207
-70.76478650651,-49.339966980298,2683,89,-53
-68.788492881446,-47.049263005792,2706,134,21
-68.159672182562,-41.749202829484,2687,210,38
-70.76478650651,-52.79848082416,NA,NA,NA
-72.56141707475,-51.765418247422,2718,428,395
-72.741080131574,-45.028053616522,2687,2748,5642
-72.56141707475,-50.867102963302,2669,444,632
-74.313131878784,-46.330610778496,2707,3238,4497
-72.381754017926,-38.42543627824,2765,405,2275
-68.608829824622,-38.694930863476,2754,138,-155
-68.249503710974,-45.791621608024,2716,156,84
-71.348691441188,-44.129738332402,2691,436,1370
-68.339335239386,-53.876459165104,2708,196,59
-67.530851483678,-46.51027383532,2744,160,-137
-67.62068301209,-48.08232558253,2725,156,-17
-65.958799736468,-41.614455536866,2752,149,-153
-72.157175196896,-51.720502483216,2694,364,327
-62.590117421018,-40.985634837982,NA,NA,NA
-67.62068301209,-39.458498854978,2754,147,-102
-73.6843111799,-50.417945321242,2712,3625,4685
-69.327482051918,-46.51027383532,2718,84,-70
-71.303775676982,-37.167794880472,2694,473,5293
-67.755430304708,-53.966290693516,2716,215,108
-68.96815593827,-53.876459165104,2705,325,218
-68.51899829621,-54.550195628194,2691,394,345
-70.09105004342,-44.71364326708,2717,91,58
-71.528354498012,-46.016200429054,2691,244,761
-71.752933319042,-51.136597548538,2678,193,97
-71.21394414857,-40.626308724334,2672,387,3966
-68.96815593827,-40.67122448854,2712,184,67
-70.450376157068,-46.645021127938,2697,64,-10
-68.788492881446,-38.694930863476,2744,140,-132
-69.552060872948,-41.389876715836,2700,137,230
-71.573270262218,-51.720502483216,2700,337,142
-69.102903230888,-50.77727143489,NA,NA,NA
-66.767283492176,-48.396735931972,2739,144,-59
-67.261356898442,-44.893306323904,2736,159,21
-72.11225943269,-47.139094534204,2667,606,1103
-67.935093361532,-43.500917633518,2737,98,-34
-73.90889000093,-47.228926062616,2738,3495,4496
-72.202090961102,-42.91701269884,2694,1982,6558
-66.093547029086,-40.626308724334,2755,135,-135
-68.698661353034,-51.136597548538,NA,NA,NA
-70.630039213892,-48.441651696178,2658,91,27
-71.258859912776,-52.933228116778,NA,NA,NA
-66.767283492176,-54.864605977636,2672,817,956
-67.39610419106,-40.581392960128,2736,141,-49
-63.533348469344,-42.872096934634,NA,NA,NA
-71.932596375866,-40.177151082274,2740,1041,5795
-71.752933319042,-51.585755190598,2685,427,368
-71.303775676982,-37.07796335206,2693,410,4736
-66.407957378528,-41.659371301072,2742,165,-193
-62.949443534666,-40.536477195922,2768,230,-156
-72.426669782132,-52.12474436107,2703,585,634
-73.549563887282,-51.540839426392,2701,3162,4621
-63.488432705138,-42.063613178926,NA,NA,NA
-68.024924889944,-46.51027383532,2729,154,-58
-67.441019955266,-47.228926062616,2733,158,-79
-72.606332838956,-46.420442306908,2686,1197,2456
-69.327482051918,-40.132235318068,2715,152,104
-65.734220915438,-40.716140252746,2753,141,-167
-69.731723929772,-54.954437506048,2721,1673,2013
-71.977512140072,-52.57390200313,NA,NA,NA
-72.202090961102,-50.822187199096,2661,278,398
-70.944449563334,-43.321254576694,2689,228,602
-69.372397816124,-43.411086105106,2706,103,0
-70.76478650651,-50.687439906478,2695,164,-34
-63.982506111404,-40.716140252746,2767,214,-158
-66.093547029086,-54.505279863988,NA,NA,NA
-66.228294321704,-43.321254576694,2744,114,-172
-66.767283492176,-47.40858911944,2735,130,-140
-71.034281091746,-45.16280090914,2702,199,407
-72.202090961102,-35.146585491202,2807,31,1768
-66.318125850116,-42.063613178926,2740,167,-150
-71.573270262218,-43.456001869312,2696,510,1837
-71.4385229696,-43.456001869312,2686,644,2345
-69.86647122239,-49.968787679182,2698,199,9
-71.303775676982,-49.834040386564,2679,125,28
-70.001218515008,-54.81969021343,2691,3478,4452
-65.689305151232,-42.01869741472,2755,137,-193
-68.608829824622,-39.907656497038,2722,156,-4
-67.755430304708,-47.498420647852,2730,131,-83
-69.102903230888,-41.704287065278,2682,216,346
-71.21394414857,-38.8745939203,2710,346,3115
-66.27321008591,-40.087319553862,2756,153,-151
-69.327482051918,-39.32375156236,2735,124,35
-67.441019955266,-44.893306323904,2734,138,-25
-69.057987466682,-47.094178769998,2689,147,41
-71.4385229696,-45.881453136436,2690,280,655
-70.360544628656,-41.34496095163,2694,159,780
-67.485935719472,-49.025556630856,NA,NA,NA
-72.78599589578,-47.049263005792,2716,724,1695
-65.82405244385,-44.219569860814,2745,148,-170
-67.306272662648,-40.89580330957,2722,162,-49
-66.228294321704,-43.500917633518,2744,124,-162
-70.899533799128,-48.711146281414,2657,126,94
-70.270713100244,-50.013703443388,2694,178,7
-71.66310179063,-35.95506924691,2774,83,2681
-67.530851483678,-47.228926062616,2732,148,-84
-69.057987466682,-49.025556630856,2712,157,-1
-70.270713100244,-53.92137492931,NA,NA,NA
-70.450376157068,-45.072969380728,2706,94,116
-66.138462793292,-44.399232917638,2740,159,-173
-74.178384586166,-49.834040386564,2686,5118,8215
-70.674954978098,-53.606964579868,NA,NA,NA
-70.674954978098,-42.198360471544,2703,128,464
-64.072337639816,-41.1203821306,NA,NA,NA
-65.689305151232,-40.266982610686,2762,154,-170
-69.776639693978,-43.276338812488,2700,135,271
-65.868968208056,-48.172157110942,NA,NA,NA
-68.653745588828,-41.434792480042,2706,137,-1
-71.079196855952,-41.479708244248,2684,361,2640
-67.17152537003,-43.3661703409,2743,103,-93
-73.055490481016,-43.950075275578,2754,2240,5359
-70.674954978098,-35.910153482704,2694,129,2491
-71.977512140072,-42.782265406222,2692,1128,4445
-72.516501310544,-40.177151082274,2779,629,2788
-68.29441947518,-40.985634837982,2721,142,-64
-72.965658952604,-42.782265406222,NA,NA,NA
-73.100406245222,-37.482205229914,2757,380,3953
-67.980009125738,-43.096675755664,2737,142,-165
-68.474082532004,-40.761056016952,2716,154,-42
-66.946946549,-44.219569860814,2737,137,-65
-66.27321008591,-44.26448562502,2741,149,-155
-72.247006725308,-41.56953977266,2707,1869,6041
-68.024924889944,-49.968787679182,2740,158,-47
-71.842764847454,-48.98064086665,2646,202,202
-73.23515353784,-51.67558671901,NA,NA,NA
-69.147818995094,-45.072969380728,2719,81,7
-74.268216114578,-49.609461565534,2719,4363,6122
-73.6843111799,-49.65437732974,2642,4558,6538
-66.677451963764,-55.134100562872,NA,NA,NA
-72.830911659986,-40.311898374892,2773,408,2079
-67.036778077412,-47.63316794047,2732,136,-97
-71.034281091746,-40.44664566751,2698,250,2591
-70.854618034922,-43.545833397724,2692,212,515
-72.78599589578,-49.115388159268,2647,1033,1668
-67.710514540502,-39.638161911802,2749,149,-101
-68.249503710974,-44.803474795492,2728,94,-26
-71.573270262218,-39.278835798154,2713,930,7365
-71.4385229696,-41.839034357896,2717,535,2730
-68.06984065415,-40.805971781158,2723,134,-66
-66.812199256382,-39.683077676008,2763,142,-76
-71.66310179063,-52.753565059954,2712,460,404
-68.024924889944,-48.261988639354,2722,130,-9
-72.741080131574,-45.656874315406,2708,2699,4789
-65.913883972262,-40.491561431716,2756,138,-145
-70.09105004342,-42.872096934634,2701,143,297
-69.147818995094,-51.495923662186,2716,177,-37
-71.618186026424,-35.550827369056,2776,54,2069
-73.324985066252,-38.784762391888,2801,480,2593
-73.23515353784,-39.817824968626,2786,446,2615
-69.686808165566,-51.67558671901,2714,129,-89
-64.431663753464,-42.378023528368,NA,NA,NA
-72.920743188398,-38.829678156094,2772,333,1754
-73.100406245222,-41.56953977266,2787,809,2349
-64.47657951767,-40.850887545364,2782,197,-161
-72.247006725308,-40.491561431716,2700,1435,6978
-71.169028384364,-51.316260605362,2690,252,90
-75.750436333376,-46.914515713174,NA,NA,NA
-71.124112620158,-35.73049042588,2732,154,4019
-69.057987466682,-48.30690440356,2712,206,78
-68.204587946768,-43.545833397724,2736,92,-70
-71.21394414857,-35.685574661674,2750,148,4380
-65.59947362282,-42.602602349398,2761,123,-202
-69.686808165566,-54.14595375034,2673,1479,2050
-68.429166767798,-52.79848082416,NA,NA,NA
-70.450376157068,-40.985634837982,2687,215,1357
-73.414816594664,-40.536477195922,2772,413,2070
-71.842764847454,-36.62880571,2771,268,4302
-71.393607205394,-39.683077676008,2673,612,5892
-70.135965807626,-41.300045187424,2693,148,565
-69.956302750802,-39.907656497038,2732,110,256
-64.746074102906,-40.087319553862,2762,201,-160
-68.878324409858,-41.614455536866,2694,175,90
-70.719870742304,-53.606964579868,NA,NA,NA
-69.057987466682,-51.720502483216,2728,140,-91
-69.41731358033,-49.250135451886,2701,187,-14
-72.56141707475,-38.245773221416,2768,329,1865
-64.970652923936,-40.985634837982,NA,NA,NA
-67.980009125738,-40.401729903304,2727,148,-54
-68.698661353034,-48.172157110942,2721,157,17
-72.067343668484,-38.290688985622,2755,685,4485
-68.204587946768,-42.46785505678,2704,189,-47
-75.121615634492,-46.869599948968,NA,NA,NA
-67.980009125738,-53.157806937808,NA,NA,NA
-68.429166767798,-49.923871914976,2726,147,-59
-66.183378557498,-43.231423048282,2746,116,-168
-69.102903230888,-53.741711872486,2700,478,472
-71.034281091746,-43.3661703409,2677,312,847
-72.516501310544,-43.456001869312,2696,2497,6360
-70.270713100244,-48.800977809826,2672,98,1
-72.516501310544,-42.108528943132,NA,NA,NA
-66.183378557498,-42.198360471544,2749,162,-183
-72.516501310544,-38.605099335064,2769,371,2215
-68.878324409858,-54.684942920812,2672,1096,1344
-72.741080131574,-39.278835798154,2767,502,3435
-69.282566287712,-50.642524142272,2709,186,-60
-65.958799736468,-47.947578289912,2752,132,-81
-74.35804764299,-46.150947721672,2708,3295,4883
-68.474082532004,-46.824684184762,2725,113,-57
-73.953805765136,-49.20521968768,2726,3339,4174
-71.708017554836,-42.69243387781,2727,718,3091
-65.419810565996,-42.378023528368,2760,146,-195
-75.570773276552,-46.51027383532,NA,NA,NA
-69.1927347593,-47.004347241586,2683,124,34
-65.734220915438,-48.037409818324,NA,NA,NA
-71.752933319042,-36.224563832146,2772,145,3202
-72.606332838956,-41.210213659012,2784,1186,3798
-68.249503710974,-41.524624008454,2699,184,39
-70.854618034922,-42.46785505678,2686,207,829
-70.046134279214,-39.009341212918,2709,139,371
-70.76478650651,-53.067975409396,NA,NA,NA
-73.23515353784,-40.716140252746,2766,406,1853
-69.86647122239,-39.862740732832,2733,96,176
-72.830911659986,-41.300045187424,2786,1229,3705
-66.183378557498,-43.276338812488,2745,115,-171
-72.741080131574,-38.380520514034,2766,334,1793
-71.348691441188,-36.17964806794,2742,232,5775
-70.585123449686,-51.67558671901,2705,211,6
-74.717373756638,-46.195863485878,2756,2425,3396
-73.729226944106,-51.630670954804,2730,3546,5744
-67.17152537003,-39.862740732832,2753,145,-89
-70.944449563334,-46.330610778496,2706,107,168
-71.66310179063,-49.20521968768,2656,131,10
-69.462229344536,-53.69679610828,2712,491,488
-70.585123449686,-48.75606204562,2663,88,-4
-71.842764847454,-44.983137852316,2686,950,2910
-62.23079130737,-40.716140252746,NA,NA,NA
-73.594479651488,-37.07796335206,NA,NA,NA
-70.630039213892,-41.56953977266,2701,186,940
-68.788492881446,-44.03990680399,2723,62,51
-70.854618034922,-46.914515713174,2676,102,128
-70.944449563334,-44.623811738668,2683,232,506
-64.7011583387,-42.827181170428,NA,NA,NA
-73.6843111799,-38.245773221416,NA,NA,NA
-74.852121049256,-46.150947721672,2778,2509,3376
-63.398601176726,-42.198360471544,NA,NA,NA
-70.809702270716,-50.822187199096,2697,177,-15
-64.521495281876,-42.602602349398,NA,NA,NA
-73.280069302046,-46.330610778496,2730,2530,4230
-71.66310179063,-52.888312352572,2733,503,305
-70.674954978098,-53.47221728725,NA,NA,NA
-69.552060872948,-46.51027383532,2709,95,-68
-71.66310179063,-47.363673355234,2657,260,417
-66.72236772797,-42.602602349398,2754,145,-109
-68.698661353034,-49.42979850871,2715,209,-42
-68.159672182562,-40.89580330957,2722,145,-32
-66.318125850116,-47.767915233088,2739,137,-108
-69.237650523506,-45.477211258582,2727,85,-143
-70.719870742304,-48.396735931972,2660,72,-18
-65.779136679644,-41.56953977266,2754,147,-146
-71.079196855952,-37.572036758326,2670,390,3420
-69.596976637154,-48.800977809826,2707,132,5
-67.036778077412,-44.399232917638,2735,136,-83
-69.552060872948,-49.115388159268,2701,182,31
-72.291922489514,-39.458498854978,2755,770,5567
-68.429166767798,-52.3493231821,2758,141,-157
-64.207084932434,-42.24327623575,2801,131,-289
-67.036778077412,-45.342463965964,NA,NA,NA
-70.809702270716,-49.519630037122,2698,73,-72
-66.542704671146,-43.231423048282,2745,107,-134
-72.920743188398,-49.250135451886,2675,1049,1318
-69.372397816124,-54.460364099782,2674,1695,2318
-73.23515353784,-41.075466366394,2773,530,1759
-72.920743188398,-40.491561431716,2770,414,1970
-72.067343668484,-39.233920033948,2776,796,5271
-70.225797336038,-48.30690440356,2660,153,51
-71.348691441188,-47.767915233088,2646,149,233
-71.977512140072,-49.609461565534,2701,100,-6
-69.64189240136,-52.034912832658,2712,159,-45
-69.282566287712,-39.907656497038,2725,136,70
-71.169028384364,-38.964425448712,2682,356,3374
-67.62068301209,-54.325616807164,2687,300,275
-70.54020768548,-42.782265406222,2711,108,309
-72.830911659986,-35.865237718498,NA,NA,NA
-66.812199256382,-47.8577467615,2732,143,-80
-70.180881571832,-53.067975409396,2730,295,156
-73.280069302046,-48.621314753002,2659,2956,4474
-67.485935719472,-43.276338812488,2744,97,-105
-67.39610419106,-47.004347241586,2733,157,-119
-73.055490481016,-38.380520514034,2764,318,1787
-65.37489480179,-40.850887545364,2755,152,-176
-67.575767247884,-39.593246147596,2754,149,-90
-72.830911659986,-39.638161911802,2764,650,3934
-69.102903230888,-50.013703443388,2719,116,-79
-70.76478650651,-37.706784050944,2664,268,2384
-70.180881571832,-49.968787679182,2695,183,8
-68.653745588828,-52.304407417894,2750,144,-124
-70.630039213892,-48.666230517208,2661,89,8
-65.015568688142,-41.56953977266,2788,150,-189
-70.180881571832,-44.983137852316,2717,89,49
-72.33683825372,-35.640658897468,2779,59,1624
-68.653745588828,-55.628173969138,NA,NA,NA
-71.797849083248,-37.52712099412,2745,607,4771
-71.977512140072,-36.40422688897,2773,146,2708
-68.698661353034,-45.83653737223,2720,105,55
-73.863974236724,-48.396735931972,2719,3094,4106
-68.923240174064,-43.680580690342,2734,59,7
-67.441019955266,-48.217072875148,2727,161,-22
-71.573270262218,-48.53148322459,2649,174,150
-71.573270262218,-36.583889945794,2759,338,5633
-66.946946549,-42.288191999956,2730,175,-77
-68.74357711724,-45.926368900642,2715,117,53
-70.001218515008,-38.65001509927,2721,96,231
-68.114756418356,-40.311898374892,2724,149,-82
-65.464726330202,-41.210213659012,2757,142,-169
-73.414816594664,-41.479708244248,2774,645,1868
-71.618186026424,-47.947578289912,2639,296,504
-68.74357711724,-55.49342667652,NA,NA,NA
-65.240147509172,-42.333107764162,2759,140,-180
-71.708017554836,-38.8745939203,2738,698,4882
-62.500285892606,-41.075466366394,NA,NA,NA
-67.126609605824,-39.503414619184,2757,137,-78
-69.013071702476,-52.079828596864,2723,163,-35
-73.01057471681,-37.572036758326,2744,358,3498
-70.944449563334,-39.593246147596,2710,170,1662
-68.384251003592,-41.749202829484,2686,223,169
-69.327482051918,-39.907656497038,2724,143,115
-71.348691441188,-40.536477195922,2679,498,4717
-71.842764847454,-35.550827369056,2775,38,1515
-69.147818995094,-55.179016327078,2665,1980,2707
-68.114756418356,-49.295051216092,2713,217,66
-68.024924889944,-47.453504883646,2718,152,-15
-69.911386986596,-55.134100562872,2708,3038,4192
-70.854618034922,-41.479708244248,2696,220,1415
-71.079196855952,-40.626308724334,2677,360,3797
-68.698661353034,-40.626308724334,2707,186,12
-71.842764847454,-44.03990680399,2703,1064,3442
-69.013071702476,-48.53148322459,2723,181,-12
-71.66310179063,-35.865237718498,2774,68,2309
-70.225797336038,-39.99748802545,2722,139,542
-73.998721529342,-48.98064086665,2715,4397,5969
-69.911386986596,-53.427301523044,NA,NA,NA
-68.51899829621,-47.453504883646,2710,142,11
-70.944449563334,-52.079828596864,2700,334,195
-70.76478650651,-53.02305964519,NA,NA,NA
-71.258859912776,-46.330610778496,2716,161,382
-72.875827424192,-40.626308724334,2772,495,2098
-70.76478650651,-44.309401389226,2695,205,426
-69.731723929772,-51.945081304246,2711,167,-26
-66.04863126488,-48.351820167766,NA,NA,NA
-72.606332838956,-44.758559031286,2731,1766,3729
-66.991862313206,-55.134100562872,NA,NA,NA
-71.842764847454,-52.12474436107,2680,607,563
-67.935093361532,-45.207716673346,2723,153,-12
-71.932596375866,-41.749202829484,2695,1242,5185
-65.734220915438,-54.954437506048,NA,NA,NA
-66.632536199558,-42.01869741472,2734,180,-135
-67.62068301209,-39.278835798154,2757,125,-99
-68.474082532004,-45.297548201758,2729,102,10
-68.339335239386,-47.40858911944,2710,167,61
-71.977512140072,-44.848390559698,2696,987,2952
-72.516501310544,-38.829678156094,2771,457,2785
-69.552060872948,-54.864605977636,NA,NA,NA
-69.372397816124,-40.311898374892,2708,176,122
-69.686808165566,-46.600105363732,2708,82,-56
-71.483438733806,-49.699293093946,2685,87,-19
-66.991862313206,-43.3661703409,2746,105,-93
-71.752933319042,-48.261988639354,2651,225,334
-65.37489480179,-40.356814139098,2769,139,-200
-69.64189240136,-39.727993440214,2725,112,135
-68.923240174064,-45.567042786994,2730,76,38
-72.965658952604,-50.597608378066,2711,1281,1732
-65.105400216554,-41.839034357896,2778,152,-245
-69.821555458184,-48.935725102444,2689,159,52
-68.923240174064,-47.947578289912,2698,197,85
-70.495291921274,-39.458498854978,2695,212,1246
-70.674954978098,-37.796615579356,2696,154,1117
-71.932596375866,-46.95943147738,2627,612,1136
-70.809702270716,-38.155941693004,2682,240,1833
-70.046134279214,-46.465358071114,2717,67,-18
-67.351188426854,-44.354317153432,2740,127,84
-63.757927290374,-40.311898374892,2766,221,-179
-68.51899829621,-44.803474795492,2725,87,-20
-68.833408645652,-39.32375156236,2753,113,-199
-69.013071702476,-38.784762391888,2743,127,-103
-67.575767247884,-46.375526542702,2760,128,-146
-66.093547029086,-39.77290920442,2760,167,-182
-73.863974236724,-48.98064086665,2734,2998,3687
-72.965658952604,-51.720502483216,2725,1548,1838
-73.639395415694,-37.841531343562,NA,NA,NA
-74.13346882196,-50.732355670684,2700,3969,6428
-66.991862313206,-44.129738332402,2738,134,-60
-71.618186026424,-37.482205229914,2704,759,6413
-66.857115020588,-40.940719073776,2731,165,-88
-71.169028384364,-50.193366500212,2679,125,-62
-66.138462793292,-47.8577467615,2740,155,-83
-68.833408645652,-53.112891173602,2723,170,-52
-71.618186026424,-44.26448562502,2712,371,1210
-65.105400216554,-42.153444707338,2767,147,-202
-69.911386986596,-40.087319553862,2727,137,341
-73.414816594664,-48.621314753002,2638,4274,6047
-69.41731358033,-38.784762391888,2722,105,-36
-66.003715500674,-41.839034357896,2747,146,-183
-71.169028384364,-48.98064086665,2688,66,-85
-68.024924889944,-48.261988639354,2722,130,-9
-72.157175196896,-35.73049042588,2770,49,1307
-65.419810565996,-41.704287065278,2758,152,-176
-65.59947362282,-43.231423048282,2746,134,-165
-69.86647122239,-39.32375156236,2725,104,149
-72.651248603162,-49.834040386564,2682,481,806
-73.055490481016,-42.827181170428,NA,NA,NA
-71.752933319042,-44.03990680399,2687,1111,3797
-73.01057471681,-44.03990680399,2742,3070,7053
-66.902030784794,-39.952572261244,2757,127,-85
-70.98936532754,-50.1035349718,2676,213,15
-70.360544628656,-52.618817767336,2737,220,-75
-73.01057471681,-47.947578289912,2664,2481,4013
-67.890177597326,-48.75606204562,2724,141,19
-67.485935719472,-41.075466366394,2720,157,-10
-72.291922489514,-36.314395360558,2772,99,1595
-70.854618034922,-46.195863485878,2695,112,172
-71.88768061166,-37.167794880472,2764,472,3982
-72.56141707475,-46.555189599526,2688,999,2008
-67.17152537003,-47.992494054118,2729,158,-36
-69.776639693978,-44.983137852316,2706,171,201
-65.195231744966,-43.725496454548,NA,NA,NA
-70.001218515008,-52.169660125276,2710,192,-24
-72.247006725308,-46.51027383532,2713,726,1640
-67.351188426854,-39.09917274133,2758,132,-127
-71.66310179063,-44.71364326708,2680,644,2216
-72.11225943269,-37.07796335206,2774,360,3745
-73.369900830458,-52.394238946306,2714,2949,4264
-70.046134279214,-50.642524142272,2700,175,-22
-72.157175196896,-48.666230517208,2640,279,433
-70.001218515008,-54.101037986134,2720,921,1204
-71.303775676982,-46.914515713174,2655,229,320
-69.237650523506,-46.420442306908,2716,104,44
-72.157175196896,-49.564545801328,2693,126,55
-65.15031598076,-44.084822568196,NA,NA,NA
-71.21394414857,-37.392373701502,2703,391,3857
-67.665598776296,-42.557686585192,2695,289,17
-66.318125850116,-39.907656497038,2756,155,-159
-68.878324409858,-54.684942920812,2672,1096,1344
-72.067343668484,-40.761056016952,2701,1521,8229
-64.611326810288,-39.817824968626,2766,209,-199
-71.573270262218,-46.016200429054,2685,281,823
-73.280069302046,-50.687439906478,2628,3023,4248
-71.797849083248,-44.084822568196,2671,1192,3910
-70.76478650651,-39.817824968626,2710,155,1375
-71.169028384364,-42.108528943132,2700,254,1315
-71.842764847454,-39.683077676008,2731,830,5967
-70.046134279214,-43.096675755664,2690,152,268
-66.183378557498,-41.79411859369,2741,165,-192
-68.74357711724,-39.503414619184,2761,142,-3
-67.441019955266,-48.127241346736,2729,154,-32
-68.653745588828,-43.006844227252,2717,134,47
-72.78599589578,-40.042403789656,2768,458,2649
-73.190237773634,-47.318757591028,2668,2336,4298
-69.64189240136,-42.512770820986,2710,114,193
-72.78599589578,-47.992494054118,2660,1688,3015
-63.937590347198,-41.030550602188,2790,221,-262
-73.953805765136,-50.642524142272,2683,5557,9078
-63.892674582992,-42.063613178926,NA,NA,NA
-67.126609605824,-54.056122221928,NA,NA,NA
-72.965658952604,-36.449142653176,NA,NA,NA
-72.516501310544,-37.796615579356,2778,218,1738
-62.4553701284,-40.22206684648,2785,264,-143
-68.833408645652,-41.56953977266,2697,173,101
-69.282566287712,-42.378023528368,2714,136,111
-67.755430304708,-47.004347241586,2729,151,-113
-73.504648123076,-37.167794880472,NA,NA,NA
-69.237650523506,-38.739846627682,2734,113,-92
-68.653745588828,-54.325616807164,2680,762,903
-72.920743188398,-50.058619207594,2658,980,1385
-71.528354498012,-53.157806937808,2729,449,220
-73.45973235887,-38.919509684506,NA,NA,NA
-68.698661353034,-39.638161911802,2741,148,0
-66.632536199558,-54.280701042958,NA,NA,NA
-67.17152537003,-42.153444707338,2729,165,-152
-70.31562886445,-39.054256977124,2696,205,920
-72.78599589578,-44.26448562502,2706,3261,6125
-71.124112620158,-41.389876715836,2685,334,2616
-64.970652923936,-39.727993440214,2761,219,-172
-72.33683825372,-38.290688985622,2766,418,2447
-71.4385229696,-38.919509684506,2685,552,4523
-69.552060872948,-50.193366500212,2701,139,-36
-73.819058472518,-40.177151082274,NA,NA,NA
-72.741080131574,-40.940719073776,2779,1023,3417
-70.405460392862,-52.394238946306,2713,234,-13
-69.731723929772,-46.106031957466,2710,77,22
-69.956302750802,-42.872096934634,2679,165,277
-68.51899829621,-42.422939292574,2704,181,-9
-66.767283492176,-40.087319553862,2750,139,-120
-73.504648123076,-49.115388159268,2623,4340,6248
-69.013071702476,-46.150947721672,2719,94,10
-65.285063273378,-43.051759991458,2756,143,-181
-67.800346068914,-53.741711872486,2733,179,6
-69.057987466682,-47.139094534204,2682,198,129
-68.29441947518,-52.439154710512,NA,NA,NA
-64.92573715973,-40.581392960128,2763,198,-116
-67.39610419106,-43.186507284076,2747,101,-108
-70.270713100244,-45.38737973017,2713,85,18
-70.674954978098,-41.973781650514,2708,161,634
-69.057987466682,-41.839034357896,2682,223,284
-69.372397816124,-54.505279863988,2662,1991,2672
-62.365538599988,-40.940719073776,NA,NA,NA
-73.414816594664,-38.515267806652,2784,773,4565
-72.11225943269,-52.304407417894,2672,743,793
-71.4385229696,-40.266982610686,2676,591,5289
-71.21394414857,-42.288191999956,2698,257,1206
-64.431663753464,-40.311898374892,2765,202,-164
-66.04863126488,-40.401729903304,2759,136,-131
-71.977512140072,-38.694930863476,2751,820,5160
-67.306272662648,-45.342463965964,2725,184,-13
-68.878324409858,-44.084822568196,2723,56,28
-69.327482051918,-40.940719073776,2722,132,28
-67.530851483678,-45.072969380728,2734,145,6
-73.055490481016,-45.701790079612,2696,2940,5153
-72.78599589578,-45.567042786994,2692,2933,5502
-69.237650523506,-50.283198028624,2695,208,35
-71.66310179063,-50.32811379283,2687,98,27
-70.944449563334,-38.470352042446,2650,331,3246
-66.677451963764,-48.127241346736,2733,163,-70
-67.800346068914,-44.444148681844,2731,122,8
-69.372397816124,-38.42543627824,2727,136,-10
-68.339335239386,-40.266982610686,2721,152,-49
-68.29441947518,-52.214575889482,NA,NA,NA
-71.348691441188,-50.597608378066,2681,204,45
-67.710514540502,-39.638161911802,2749,149,-101
-74.672457992432,-46.195863485878,2755,2787,4000
-68.51899829621,-49.250135451886,2711,199,54
-65.419810565996,-44.03990680399,2772,119,-209
-73.055490481016,-50.193366500212,2722,1187,1351
-71.932596375866,-37.033047587854,2766,429,4074
-72.606332838956,-48.172157110942,2654,1304,2377
-69.41731358033,-55.448510912314,2747,1298,1732
-69.013071702476,-48.75606204562,2719,139,3
-70.899533799128,-40.581392960128,2711,217,2148
-68.429166767798,-39.009341212918,2755,117,-64
-64.431663753464,-42.737349642016,NA,NA,NA
-70.135965807626,-43.994991039784,2688,148,275
-70.585123449686,-38.605099335064,2710,149,896
-66.946946549,-48.037409818324,2732,149,-72
-70.899533799128,-45.701790079612,2702,118,239
-68.788492881446,-39.189004269742,2740,149,-96
-72.157175196896,-38.964425448712,2763,666,4248
-67.84526183312,-55.26884785549,NA,NA,NA
-70.001218515008,-44.93822208811,2717,115,87
-71.977512140072,-43.096675755664,2709,1101,4105
-65.913883972262,-39.99748802545,2761,169,-182
-71.348691441188,-47.63316794047,2664,104,153
-72.022427904278,-44.93822208811,2693,1275,3596
-65.958799736468,-54.5951113924,NA,NA,NA
-64.341832225052,-42.782265406222,NA,NA,NA
-69.013071702476,-46.016200429054,2718,89,5
-71.303775676982,-46.106031957466,2674,250,691
-72.11225943269,-43.276338812488,2704,1591,5314
-71.079196855952,-37.437289465708,2676,400,3955
-69.057987466682,-49.025556630856,2712,157,-1
-68.923240174064,-53.92137492931,2705,305,184
-72.651248603162,-50.77727143489,2638,568,873
-71.88768061166,-46.195863485878,2660,690,1800
-68.833408645652,-48.30690440356,2718,193,73
-75.615689040758,-46.600105363732,2790,2036,NA
-69.956302750802,-49.115388159268,2685,171,-15
-74.268216114578,-46.106031957466,2717,3024,4706
-68.563914060416,-39.54833038339,2737,163,25
-64.970652923936,-43.411086105106,NA,NA,NA
-72.516501310544,-39.952572261244,2756,881,4576
-68.96815593827,-42.198360471544,2686,208,157
-69.1927347593,-43.276338812488,2725,79,-4
-68.788492881446,-41.479708244248,2706,140,8
-68.653745588828,-50.283198028624,NA,NA,NA
-70.630039213892,-49.65437732974,2695,111,-55
-69.86647122239,-40.177151082274,2729,141,344
-69.462229344536,-47.678083704676,2675,185,47
-71.169028384364,-39.189004269742,2664,400,3915
-71.393607205394,-37.392373701502,2714,484,4300
-69.462229344536,-52.3493231821,NA,NA,NA
-65.913883972262,-42.46785505678,2759,132,-214
-72.965658952604,-36.62880571,2798,184,2324
-67.710514540502,-43.456001869312,2738,99,-92
-69.1927347593,-47.767915233088,2684,165,69
-69.41731358033,-53.651880344074,2713,468,452
-67.126609605824,-43.635664926136,2740,126,-75
-66.452873142734,-42.288191999956,2743,168,-146
-70.98936532754,-36.988131823648,2673,261,3189
-71.483438733806,-49.025556630856,2677,87,-42
-68.159672182562,-45.072969380728,2718,152,110
-73.414816594664,-47.767915233088,2716,2408,3254
-68.563914060416,-49.160303923474,2711,185,41
-68.563914060416,-40.89580330957,2716,144,-120
-64.566411046082,-42.512770820986,2800,117,-452
-69.147818995094,-54.101037986134,2687,683,756
-66.183378557498,-44.354317153432,2740,160,-148
-70.135965807626,-44.983137852316,2718,91,43
-70.76478650651,-50.283198028624,2679,163,-2
-67.17152537003,-39.952572261244,2753,143,-74
-72.291922489514,-51.630670954804,2691,404,376
-69.237650523506,-42.378023528368,2714,152,148
-67.351188426854,-45.701790079612,2776,130,-242
-72.471585546338,-50.507776849654,2677,171,313
-71.124112620158,-43.051759991458,2683,345,1102
-66.183378557498,-44.71364326708,2743,176,-149
-71.932596375866,-37.033047587854,2766,429,4074
-69.102903230888,-38.739846627682,2742,114,-83
-72.78599589578,-38.111025928798,2767,283,1825
-68.833408645652,-49.250135451886,2710,184,14
-69.282566287712,-49.025556630856,2710,159,9
-70.225797336038,-43.81532798296,2697,98,161
-72.381754017926,-35.28133278382,2819,40,1702
-71.977512140072,-43.770412218754,2683,1411,4467
-73.324985066252,-43.905159511372,NA,NA,NA
-69.64189240136,-50.77727143489,2706,183,-26
-74.35804764299,-50.193366500212,2701,5148,8273
-71.573270262218,-35.73049042588,2771,83,3057
-68.159672182562,-52.708649295748,NA,NA,NA
-70.180881571832,-50.867102963302,2701,183,-9
-70.674954978098,-39.413583090772,2704,158,967
-65.509642094408,-42.422939292574,2759,147,-210
-67.710514540502,-48.711146281414,2724,153,9
-66.04863126488,-39.77290920442,2760,172,-181
-67.935093361532,-39.683077676008,2743,144,-59
-72.965658952604,-44.084822568196,2713,3410,7092
-66.542704671146,-45.16280090914,NA,NA,NA
-70.98936532754,-44.93822208811,2703,234,534
-70.98936532754,-50.55269261386,2686,171,5
-73.549563887282,-47.992494054118,2745,2629,3738
-67.84526183312,-39.952572261244,2741,149,-64
-71.079196855952,-49.115388159268,2683,71,2
-70.54020768548,-49.87895615077,2685,195,16
-67.39610419106,-40.44664566751,2739,150,-59
-72.56141707475,-35.550827369056,2816,74,2198
-71.348691441188,-41.030550602188,2719,324,2785
-69.776639693978,-50.058619207594,2707,158,-8
-71.169028384364,-46.420442306908,2733,121,227
-68.788492881446,-49.65437732974,2723,139,-92
-65.689305151232,-40.805971781158,2754,136,-171
-73.549563887282,-47.63316794047,2715,2708,3846
-73.639395415694,-46.689936892144,2693,4943,6800
-68.923240174064,-49.295051216092,2707,199,12
-69.86647122239,-54.190869514546,NA,NA,NA
-72.426669782132,-35.146585491202,NA,NA,NA
-70.944449563334,-37.661868286738,2714,230,1846
-70.001218515008,-54.550195628194,2653,3252,4341
-68.74357711724,-47.767915233088,2699,208,26
-72.202090961102,-36.538974181588,2774,132,2054
-69.282566287712,-41.165297894806,2718,122,114
-68.384251003592,-46.51027383532,2728,128,-35
-73.414816594664,-38.65001509927,2809,579,3343
-64.341832225052,-42.063613178926,NA,NA,NA
-68.249503710974,-49.609461565534,2728,146,4
-70.405460392862,-46.330610778496,2712,77,59
-69.372397816124,-46.195863485878,2719,76,-20
-67.306272662648,-44.219569860814,2741,128,-69
-72.651248603162,-44.71364326708,2715,2195,4299
-63.937590347198,-40.626308724334,2766,211,-156
-69.327482051918,-44.129738332402,2707,74,23
-71.4385229696,-39.144088505536,2680,656,5515
-71.258859912776,-40.89580330957,2668,467,4496
-65.37489480179,-43.725496454548,2779,129,-209
-68.653745588828,-53.786627636692,2705,264,103
-66.04863126488,-39.413583090772,2762,180,-186
-73.324985066252,-48.800977809826,2658,3235,4622
-62.23079130737,-40.401729903304,NA,NA,NA
-63.533348469344,-40.716140252746,2769,211,-158
-68.653745588828,-47.363673355234,2696,194,142
-70.405460392862,-39.593246147596,2698,208,1026
-70.585123449686,-44.48906444605,2714,108,139
-63.308769648314,-39.907656497038,2767,225,-162
-73.055490481016,-50.912018727508,2692,2007,2760
-70.09105004342,-53.24763846622,2709,492,496
-66.003715500674,-44.309401389226,2742,149,-170
-68.698661353034,-40.626308724334,2707,186,12
-68.29441947518,-39.593246147596,2737,133,-81
-66.407957378528,-43.456001869312,2745,112,-164
-69.462229344536,-53.786627636692,2709,493,517
-67.935093361532,-49.474714272916,2723,177,9
-72.741080131574,-50.32811379283,2713,364,478
-71.034281091746,-44.71364326708,2692,242,541
-70.225797336038,-52.843396588366,2748,237,27
-65.913883972262,-41.524624008454,2751,146,-167
-67.081693841618,-46.869599948968,2747,161,-113
-68.74357711724,-45.567042786994,2731,77,-155
-68.878324409858,-44.48906444605,2726,76,119
-72.965658952604,-51.765418247422,NA,NA,NA
-71.258859912776,-44.848390559698,2682,391,1063
-70.809702270716,-51.630670954804,2703,250,70
-71.842764847454,-44.893306323904,2693,754,2297
-67.575767247884,-47.453504883646,2730,146,-60
-63.668095761962,-39.862740732832,2768,218,-157
-63.488432705138,-42.647518113604,NA,NA,NA
-69.102903230888,-42.24327623575,2687,208,244
-68.06984065415,-53.69679610828,2725,171,30
-69.64189240136,-47.812830997294,2675,191,114
-74.35804764299,-45.881453136436,2730,3239,5309
-69.282566287712,-55.358679383902,NA,NA,NA
-71.842764847454,-49.384882744504,2681,84,-56
-70.09105004342,-39.727993440214,2721,119,289
-72.157175196896,-45.6119585512,2703,806,1845
-66.946946549,-46.73485265635,NA,NA,NA
-72.291922489514,-41.479708244248,2746,1002,3455
-73.23515353784,-46.330610778496,2682,3109,5233
-73.594479651488,-48.30690440356,2684,4833,6781
-72.202090961102,-51.989997068452,2698,353,308
-69.64189240136,-51.945081304246,2713,156,-39
-69.1927347593,-46.779768420556,2705,89,-65
-67.39610419106,-53.92137492931,NA,NA,NA
-70.899533799128,-48.441651696178,2655,88,18
-67.441019955266,-55.26884785549,2711,805,947
-66.946946549,-44.893306323904,2725,195,-62
-67.39610419106,-54.774774449224,2665,754,839
-73.100406245222,-45.028053616522,2713,2781,5018
-72.022427904278,-51.046766020126,2677,169,76
-70.98936532754,-43.051759991458,2697,214,574
-70.180881571832,-46.28569501429,2711,76,-3
-69.41731358033,-48.396735931972,2699,215,94
-67.755430304708,-49.923871914976,NA,NA,NA
-70.450376157068,-53.427301523044,NA,NA,NA
-66.542704671146,-54.81969021343,2680,795,918
-70.98936532754,-47.947578289912,2651,83,18
-73.369900830458,-46.824684184762,2645,4075,6755
-67.081693841618,-54.774774449224,2676,645,767
-68.474082532004,-50.462861085448,NA,NA,NA
-71.348691441188,-42.153444707338,2680,378,1908
-67.126609605824,-42.01869741472,2722,193,-175
-70.899533799128,-48.711146281414,2657,126,94
-68.833408645652,-43.770412218754,2733,57,37
-71.348691441188,-50.687439906478,2687,211,51
-67.755430304708,-49.744208858152,2740,176,6
-69.237650523506,-55.313763619696,NA,NA,NA
-72.651248603162,-39.233920033948,2769,428,3139
-66.812199256382,-39.593246147596,2759,147,-106
-65.105400216554,-42.69243387781,2754,152,-199
-70.046134279214,-47.812830997294,2680,133,14
-69.86647122239,-53.202722702014,2699,469,414
-72.33683825372,-50.148450736006,2685,198,268
-69.372397816124,-40.22206684648,2712,159,113
-73.055490481016,-44.03990680399,2731,3252,7238
-64.656242574494,-43.3661703409,NA,NA,NA
-70.360544628656,-47.812830997294,2686,78,-28
-63.757927290374,-39.907656497038,2767,217,-159
-73.639395415694,-49.42979850871,2653,4103,5818
-67.800346068914,-45.6119585512,2722,168,-10
-72.78599589578,-39.09917274133,2768,372,2399
-69.147818995094,-39.683077676008,2737,119,14
-68.159672182562,-52.708649295748,NA,NA,NA
-71.034281091746,-36.17964806794,2658,242,4905
-71.618186026424,-36.494058417382,2753,309,5314
-66.138462793292,-41.704287065278,2742,162,-240
-70.944449563334,-51.585755190598,2699,257,83
-71.88768061166,-49.20521968768,2679,114,13
-71.4385229696,-47.094178769998,2650,290,483
-66.407957378528,-54.909521741842,2705,483,540
-71.258859912776,-45.342463965964,2698,216,526
-72.651248603162,-40.940719073776,2776,1229,4227
-68.653745588828,-45.38737973017,2731,91,-72
-73.23515353784,-40.536477195922,2771,351,1803
-72.78599589578,-49.789124622358,2661,664,1008
-73.863974236724,-48.127241346736,2714,4338,5646
-69.552060872948,-52.663733531542,2742,195,-35
-66.27321008591,-41.524624008454,2743,165,-203
-70.899533799128,-50.912018727508,2694,192,12
-64.656242574494,-39.952572261244,2766,194,-167
-74.35804764299,-49.070472395062,2734,3790,4759
-71.348691441188,-50.597608378066,2681,204,45
-68.878324409858,-47.8577467615,2697,171,58
-72.56141707475,-47.228926062616,2711,661,1348
-69.102903230888,-46.914515713174,2682,175,99
-67.485935719472,-45.746705843818,2764,142,-160
-67.62068301209,-44.803474795492,2730,126,-3
-69.956302750802,-41.165297894806,2697,167,535
-67.980009125738,-46.240779250084,2743,107,-87
-63.039275063078,-40.491561431716,2768,226,-167
-67.441019955266,-39.233920033948,2748,151,-109
-68.06984065415,-55.179016327078,2724,836,1047
-72.830911659986,-47.588252176264,2684,955,1714
-72.830911659986,-39.99748802545,2770,396,2444
-72.157175196896,-38.65001509927,2761,664,3951
-69.731723929772,-52.3493231821,2727,194,-53
-70.31562886445,-41.479708244248,2682,208,863
-67.710514540502,-46.28569501429,2758,115,-131
-71.483438733806,-39.278835798154,2681,877,7348
-71.752933319042,-36.044900775322,2774,84,2304
-66.04863126488,-47.139094534204,2759,139,-145
-73.100406245222,-39.144088505536,2786,581,3125
-63.623179997756,-42.872096934634,NA,NA,NA
-70.854618034922,-42.512770820986,2690,212,788
-72.56141707475,-43.770412218754,2696,2762,7037
-67.530851483678,-44.26448562502,2737,128,-39
-69.956302750802,-46.330610778496,2711,79,7
-71.752933319042,-36.763553002618,2758,380,4804
-69.1927347593,-48.890809338238,2714,157,5
-65.958799736468,-42.198360471544,2755,139,-202
-72.067343668484,-47.8577467615,2675,353,585
-73.01057471681,-51.855249775834,2711,2159,2878
-67.126609605824,-41.524624008454,2696,231,41
-70.674954978098,-40.805971781158,2716,151,1145
-67.710514540502,-39.727993440214,2751,144,-91
-66.767283492176,-45.297548201758,NA,NA,NA
-71.842764847454,-39.907656497038,2708,782,5301
-70.944449563334,-37.122879116266,2664,331,4094
-69.86647122239,-38.694930863476,2724,96,157
-69.552060872948,-41.614455536866,2692,172,352
-73.863974236724,-46.465358071114,NA,NA,NA
-69.507145108742,-51.720502483216,2714,143,-68
-70.674954978098,-52.888312352572,NA,NA,NA
-72.291922489514,-39.009341212918,2769,601,4124
-69.013071702476,-41.79411859369,2670,260,384
-70.719870742304,-44.309401389226,2701,169,301
-72.606332838956,-42.288191999956,2721,2628,7963
-68.653745588828,-47.18401029841,2708,141,-39
-73.280069302046,-49.923871914976,2717,2143,2806
-64.386747989258,-39.638161911802,2763,218,-178
-72.067343668484,-50.687439906478,2640,209,120
-73.45973235887,-48.486567460384,2637,4636,6615
-72.965658952604,-44.309401389226,NA,NA,NA
-69.282566287712,-53.202722702014,2719,260,57
-67.710514540502,-41.389876715836,2700,194,50
-72.381754017926,-39.458498854978,2769,563,4093
-65.419810565996,-40.626308724334,2756,154,-187
-63.039275063078,-39.99748802545,2765,231,-160
-66.49778890694,-54.684942920812,2693,547,657
-71.393607205394,-53.69679610828,2697,852,1014
-67.39610419106,-39.99748802545,2750,143,-67
-70.225797336038,-44.848390559698,2717,83,50
-66.452873142734,-54.774774449224,2691,585,660
-66.902030784794,-39.54833038339,2753,149,-125
-67.890177597326,-54.011206457722,2706,204,117
-71.303775676982,-40.67122448854,2729,278,2495
-70.899533799128,-42.063613178926,2692,265,1272
-73.729226944106,-40.311898374892,2784,1029,4935
-69.911386986596,-39.638161911802,2722,110,219
-67.935093361532,-43.14159151987,2746,118,-181
-72.516501310544,-43.231423048282,2738,1937,5565
-73.280069302046,-39.458498854978,NA,NA,NA
-68.51899829621,-43.051759991458,2711,157,22
-64.611326810288,-42.647518113604,NA,NA,NA
-69.596976637154,-47.004347241586,2687,97,47
-68.249503710974,-45.297548201758,2726,122,18
-73.639395415694,-51.540839426392,NA,NA,NA
-74.492794935608,-50.32811379283,2701,4132,6826
-72.291922489514,-46.51027383532,2694,847,1872
-67.216441134236,-54.190869514546,2723,248,202
-71.393607205394,-52.753565059954,2726,271,1
-69.102903230888,-55.583258204932,NA,NA,NA
-71.618186026424,-51.181513312744,2680,212,121
-72.56141707475,-35.865237718498,2794,112,2625
-68.608829824622,-43.994991039784,2724,64,12
-68.653745588828,-43.770412218754,2730,61,-17
-65.015568688142,-40.356814139098,2767,154,-149
-73.729226944106,-37.886447107768,NA,NA,NA
-65.329979037584,-44.354317153432,2791,102,-205
-70.98936532754,-45.567042786994,2699,144,279
-71.573270262218,-45.38737973017,2672,521,1604
-69.507145108742,-46.869599948968,2701,86,93
-69.731723929772,-40.805971781158,2706,176,292
-71.797849083248,-51.495923662186,2676,402,326
-70.630039213892,-47.812830997294,2668,78,-16
-69.327482051918,-39.413583090772,2739,107,-2
-73.639395415694,-49.789124622358,2657,3835,5302
-72.247006725308,-45.072969380728,2701,1159,2743
-67.216441134236,-41.34496095163,2705,209,55
-67.800346068914,-46.555189599526,2730,185,-75
-66.407957378528,-42.91701269884,2757,111,-113
-70.405460392862,-39.458498854978,2705,192,863
-73.055490481016,-40.401729903304,2769,347,1852
-67.755430304708,-40.356814139098,2734,155,-48
-69.147818995094,-53.382385758838,2720,232,61
-70.225797336038,-44.71364326708,2718,79,41
-73.055490481016,-37.07796335206,2776,267,3325
-64.92573715973,-40.356814139098,2764,170,-126
-73.145322009428,-39.144088505536,2789,573,3081
-68.878324409858,-40.536477195922,2711,179,17
-71.618186026424,-48.53148322459,2649,178,232
-64.47657951767,-39.683077676008,2762,219,-187
-68.384251003592,-54.37053257137,2674,504,623
-73.280069302046,-45.567042786994,2718,3765,5619
-73.863974236724,-50.912018727508,2724,3138,4455
-68.474082532004,-48.890809338238,2715,157,14
-73.45973235887,-50.867102963302,2633,4004,5606
-66.363041614322,-42.24327623575,2748,150,-170
-70.180881571832,-53.831543400898,2753,493,275
-69.102903230888,-53.69679610828,2695,560,579
-67.39610419106,-46.645021127938,2749,166,-140
-72.516501310544,-41.479708244248,2725,1640,5308
-72.426669782132,-38.470352042446,2767,383,2120
-72.33683825372,-40.44664566751,2727,1346,6236
-66.49778890694,-41.524624008454,2731,175,-221
-72.741080131574,-44.03990680399,2701,2713,6332
-70.719870742304,-51.989997068452,2706,250,28
-74.537710699814,-47.498420647852,NA,NA,NA
-71.258859912776,-40.44664566751,2694,397,4017
-73.324985066252,-47.63316794047,2668,3507,5505
-72.516501310544,-53.427301523044,2688,1366,1571
-67.62068301209,-39.189004269742,2749,155,-98
-69.731723929772,-46.375526542702,2712,84,-22
-66.183378557498,-41.075466366394,2746,153,-174
-66.946946549,-43.276338812488,2745,103,-110
-68.204587946768,-44.983137852316,2723,117,17
-65.195231744966,-40.626308724334,2761,158,-171
-72.830911659986,-41.614455536866,NA,NA,NA
-67.17152537003,-39.009341212918,2758,159,-137
-67.890177597326,-43.770412218754,2732,94,-53
-68.249503710974,-48.98064086665,2713,172,58
-63.892674582992,-40.177151082274,2765,227,-154
-70.809702270716,-53.47221728725,NA,NA,NA
-71.303775676982,-45.522127022788,2702,204,457
-70.001218515008,-48.08232558253,2682,129,-28
-71.528354498012,-35.95506924691,2769,140,4373
-74.313131878784,-49.384882744504,2694,5418,8265
-70.54020768548,-46.869599948968,2682,78,21
-73.639395415694,-37.482205229914,NA,NA,NA
-73.863974236724,-47.767915233088,2704,4738,6516
-72.426669782132,-43.81532798296,2699,2436,7024
-68.429166767798,-50.32811379283,NA,NA,NA
-69.327482051918,-43.500917633518,2721,84,-2
-71.348691441188,-45.567042786994,2701,214,519
-71.4385229696,-46.555189599526,2759,128,64
-73.100406245222,-52.753565059954,2696,2783,3776
-67.216441134236,-54.14595375034,2726,253,229
-70.674954978098,-49.519630037122,2699,75,-71
-72.741080131574,-50.55269261386,2668,589,969
-75.570773276552,-46.600105363732,2773,3247,4369
-69.327482051918,-55.089184798666,2693,1662,2256
-68.563914060416,-48.800977809826,2718,147,-11
-70.719870742304,-45.342463965964,2707,109,155
-67.261356898442,-54.190869514546,2720,263,180
-72.920743188398,-51.989997068452,NA,NA,NA
-71.348691441188,-37.167794880472,2668,513,5528
-67.485935719472,-45.791621608024,2771,136,-52
-70.944449563334,-52.978143880984,2733,301,95
-71.034281091746,-43.545833397724,2679,350,977
-71.752933319042,-38.335604749828,2691,1041,7803
-73.01057471681,-39.593246147596,2776,460,2618
-66.632536199558,-40.940719073776,2744,158,-81
-68.024924889944,-46.06111619326,2741,145,-85
-73.819058472518,-40.536477195922,NA,NA,NA
-72.067343668484,-50.77727143489,2668,255,219
-67.39610419106,-42.557686585192,2727,183,-189
-70.809702270716,-52.12474436107,2706,296,91
-72.606332838956,-53.157806937808,2709,1460,1554
-72.11225943269,-43.950075275578,2682,2020,5681
-72.56141707475,-48.486567460384,2704,472,838
-66.093547029086,-44.03990680399,2739,146,-127
-74.852121049256,-46.914515713174,NA,NA,NA
-71.88768061166,-46.465358071114,2745,252,416
-70.31562886445,-44.084822568196,2704,140,296
-65.779136679644,-54.640027156606,NA,NA,NA
-66.363041614322,-54.774774449224,2694,587,669
-72.651248603162,-41.749202829484,2785,1872,5348
-67.441019955266,-44.893306323904,2734,138,-25
-69.507145108742,-45.656874315406,2707,112,102
-72.33683825372,-49.744208858152,2707,90,10
-72.875827424192,-42.782265406222,NA,NA,NA
-67.216441134236,-43.006844227252,2750,106,-150
-72.471585546338,-48.261988639354,2683,696,1137
-71.528354498012,-47.18401029841,2687,240,310
-68.204587946768,-41.255129423218,2707,164,13
-67.036778077412,-42.512770820986,2728,181,-110
-69.372397816124,-54.864605977636,2701,1787,2261
-68.339335239386,-39.32375156236,2738,147,-96
-71.4385229696,-49.609461565534,2690,64,-89
-73.414816594664,-38.739846627682,2814,440,2442
-71.528354498012,-40.356814139098,2719,514,4043
-68.833408645652,-38.8745939203,2741,127,-10
-65.644389387026,-43.14159151987,2752,122,-181
-70.31562886445,-48.127241346736,2669,85,7
-69.686808165566,-43.950075275578,2708,68,45
-71.483438733806,-39.593246147596,2703,606,5417
-73.100406245222,-37.257626408884,2764,341,3703
-66.72236772797,-48.351820167766,2740,140,-93
-70.674954978098,-41.883950122102,2704,222,976
-72.920743188398,-43.770412218754,NA,NA,NA
-67.980009125738,-55.134100562872,2703,892,1142
-66.003715500674,-46.95943147738,NA,NA,NA
-69.956302750802,-54.37053257137,2697,1497,1809
-73.23515353784,-37.931362871974,2772,537,3604
-73.01057471681,-52.663733531542,2688,3136,4264
-72.875827424192,-51.316260605362,2702,1294,1804
-70.450376157068,-40.716140252746,2704,146,935
-66.946946549,-44.309401389226,2735,135,-97
-71.66310179063,-43.680580690342,2674,875,3094
-71.708017554836,-49.968787679182,2675,115,25
-67.261356898442,-39.862740732832,2754,144,-73
-70.495291921274,-37.886447107768,2682,176,1242
-69.057987466682,-40.491561431716,2708,208,86
-68.96815593827,-54.774774449224,2678,1257,1495
-70.360544628656,-44.93822208811,2713,86,90
-69.462229344536,-47.453504883646,2677,163,62
-64.7011583387,-42.378023528368,2780,139,-190
-68.608829824622,-53.067975409396,2729,164,-70
-73.01057471681,-53.202722702014,2707,2508,3230
-65.59947362282,-39.368667326566,2766,190,-148
-69.686808165566,-47.767915233088,2673,175,73
-67.17152537003,-44.893306323904,2733,181,23
-73.6843111799,-47.812830997294,NA,NA,NA
-69.057987466682,-42.69243387781,2710,117,45
-71.258859912776,-47.812830997294,2658,98,115
-68.249503710974,-42.647518113604,2712,140,-19
-68.114756418356,-43.051759991458,2712,190,-21
-72.247006725308,-37.257626408884,2772,279,2648
-68.249503710974,-41.389876715836,2708,156,0
-68.878324409858,-49.609461565534,2722,135,-98
-69.327482051918,-46.375526542702,2715,93,-28
-70.001218515008,-38.515267806652,2710,114,235
-66.363041614322,-44.983137852316,2780,135,-161
-68.96815593827,-50.55269261386,NA,NA,NA
-67.800346068914,-48.486567460384,2725,139,-7
-67.755430304708,-41.165297894806,2710,166,24
-70.225797336038,-40.626308724334,2719,115,514
-69.102903230888,-51.271344841156,2726,174,-49
-68.788492881446,-40.491561431716,2708,187,67
-73.190237773634,-37.07796335206,NA,NA,NA
-72.606332838956,-52.12474436107,2712,727,568
-71.708017554836,-47.139094534204,2662,357,723
-72.471585546338,-43.006844227252,2742,1797,4966
-73.90889000093,-46.689936892144,2748,3034,3606
-75.211447162904,-47.004347241586,NA,NA,NA
-71.258859912776,-36.224563832146,2695,281,6533
-70.585123449686,-50.148450736006,2691,147,-30
-71.977512140072,-37.572036758326,2761,475,3919
-72.471585546338,-47.139094534204,2683,779,1529
-68.339335239386,-42.872096934634,2695,218,80
-71.977512140072,-43.411086105106,2680,1558,5520
-72.247006725308,-46.330610778496,2671,1018,2284
-72.696164367368,-49.744208858152,2693,500,841
-67.710514540502,-40.985634837982,2720,145,-6
-72.426669782132,-50.507776849654,2655,181,205
-70.405460392862,-39.009341212918,2695,198,898
-71.66310179063,-35.50591160485,2777,43,1780
-68.923240174064,-52.3493231821,NA,NA,NA
-71.4385229696,-40.132235318068,2723,388,3511
-71.393607205394,-51.67558671901,2695,360,183
-71.393607205394,-44.399232917638,2669,475,1638
-64.92573715973,-41.749202829484,NA,NA,NA
-71.303775676982,-47.139094534204,2662,231,368
-70.674954978098,-44.03990680399,2703,152,271
-70.180881571832,-38.20085745721,2707,119,292
-63.533348469344,-40.940719073776,2782,236,-148
-73.504648123076,-50.912018727508,2672,3714,5036
-68.788492881446,-50.058619207594,2717,160,-50
-68.698661353034,-52.663733531542,2738,148,-62
-65.464726330202,-39.683077676008,2766,187,-158
-71.483438733806,-48.441651696178,2649,163,211
-67.890177597326,-49.834040386564,2735,160,-49
-70.360544628656,-49.115388159268,2676,133,27
-63.937590347198,-39.99748802545,2766,222,-155
-72.022427904278,-37.75169981515,2762,480,4015
-72.022427904278,-52.708649295748,2710,472,454
-64.970652923936,-43.231423048282,2774,128,-205
-73.549563887282,-38.784762391888,NA,NA,NA
-71.797849083248,-51.046766020126,2676,183,77
-71.932596375866,-46.420442306908,2738,300,655
-69.1927347593,-55.26884785549,NA,NA,NA
-73.819058472518,-48.75606204562,2686,4927,6775
-71.528354498012,-46.555189599526,2761,143,152
-72.516501310544,-41.165297894806,2758,1583,4838
-68.788492881446,-38.784762391888,2743,146,-99
-70.719870742304,-40.940719073776,2702,189,1372
-69.956302750802,-40.266982610686,2716,179,566
-65.689305151232,-55.04426903446,NA,NA,NA
-72.965658952604,-49.025556630856,2634,1548,2498
-74.35804764299,-45.83653737223,2733,3171,5385
-73.45973235887,-48.621314753002,2641,4391,6175
-72.830911659986,-40.626308724334,2773,541,2304
-72.291922489514,-41.659371301072,2757,895,2963
-72.247006725308,-51.765418247422,2698,352,303
-72.830911659986,-40.89580330957,2778,691,2389
-70.98936532754,-41.434792480042,2686,255,1870
-73.280069302046,-48.08232558253,2698,2979,4360
-73.998721529342,-40.985634837982,NA,NA,NA
-72.741080131574,-39.907656497038,2767,459,2894
-70.31562886445,-40.536477195922,2728,98,441
-65.554557858614,-43.456001869312,2749,132,-157
-72.33683825372,-36.763553002618,2777,142,1746
-72.78599589578,-47.992494054118,2660,1688,3015
-71.303775676982,-37.616952522532,2708,573,5186
-68.833408645652,-51.00185025592,NA,NA,NA
-71.034281091746,-40.89580330957,2718,209,2046
-67.710514540502,-40.67122448854,2726,159,-25
-68.159672182562,-41.300045187424,2703,187,57
-66.363041614322,-45.252632437552,NA,NA,NA
-66.902030784794,-47.453504883646,2731,142,-90
-68.474082532004,-47.363673355234,2714,133,-17
-73.23515353784,-37.033047587854,NA,NA,NA
-69.057987466682,-50.55269261386,NA,NA,NA
-73.414816594664,-41.165297894806,2765,560,1769
-64.341832225052,-42.872096934634,NA,NA,NA
-69.686808165566,-50.373029557036,2696,176,-7
-72.381754017926,-38.829678156094,2770,543,3408
-71.034281091746,-38.20085745721,2666,367,3503
-66.72236772797,-41.928865886308,2735,170,-157
-67.84526183312,-50.013703443388,NA,NA,NA
-66.49778890694,-41.479708244248,2733,173,-197
-66.407957378528,-43.411086105106,2745,110,-166
-74.35804764299,-49.20521968768,2724,3852,4836
-71.573270262218,-47.453504883646,2700,145,127
-71.842764847454,-50.642524142272,2659,194,65
-72.157175196896,-39.458498854978,2765,947,6260
-68.204587946768,-39.413583090772,2740,153,-74
-67.935093361532,-41.1203821306,2713,150,-20
-71.4385229696,-40.805971781158,2683,661,5623
-68.878324409858,-50.1035349718,2716,154,-48
-67.216441134236,-42.827181170428,2753,125,-142
-68.653745588828,-45.16280090914,2704,126,46
-72.606332838956,-39.009341212918,2772,422,2909
-72.516501310544,-49.20521968768,2665,315,458
-72.875827424192,-45.926368900642,2666,3134,5668
-69.237650523506,-47.498420647852,2681,171,77
-74.268216114578,-46.240779250084,2725,2627,3928
-69.686808165566,-50.956934491714,2710,169,-35
-69.596976637154,-41.839034357896,2695,174,303
-66.407957378528,-43.231423048282,2745,111,-138
-73.280069302046,-36.898300295236,NA,NA,NA
-62.635033185224,-40.266982610686,2773,247,-155
-70.585123449686,-42.063613178926,2704,154,585
-73.369900830458,-51.90016554004,2696,3705,5678
-72.426669782132,-47.543336412058,2633,965,1751
-71.4385229696,-41.883950122102,2717,474,2306
-71.528354498012,-42.24327623575,2688,424,2060
-72.965658952604,-50.687439906478,2708,1386,1818
-68.114756418356,-55.71800549755,NA,NA,NA
-70.944449563334,-36.40422688897,2684,208,3578
-69.013071702476,-47.004347241586,2702,114,17
-66.991862313206,-47.40858911944,2732,135,-101
-68.29441947518,-46.375526542702,2739,104,-52
-68.114756418356,-39.727993440214,2740,138,-56
-70.31562886445,-44.309401389226,2717,94,121
-73.369900830458,-38.470352042446,2774,692,4121
-68.653745588828,-42.288191999956,2691,225,135
-66.812199256382,-40.311898374892,2747,145,-100
-68.51899829621,-50.597608378066,NA,NA,NA
-67.665598776296,-49.42979850871,2752,150,-98
-69.1927347593,-41.524624008454,2700,172,219
-66.407957378528,-43.456001869312,2745,112,-164
-68.788492881446,-46.150947721672,2716,117,-6
-68.878324409858,-44.219569860814,2713,63,82
-72.920743188398,-40.22206684648,2771,383,2099
-64.835905631318,-43.051759991458,2771,125,-203
-69.102903230888,-49.968787679182,2719,118,-66
-64.611326810288,-40.940719073776,NA,NA,NA
-70.270713100244,-48.845893574032,2674,99,12
-69.282566287712,-38.605099335064,2738,104,-44
-68.474082532004,-54.37053257137,2682,512,664
-70.944449563334,-47.722999468882,2659,71,31
-67.261356898442,-39.952572261244,2751,143,-72
-68.923240174064,-39.144088505536,2739,134,-97
-65.37489480179,-44.983137852316,NA,NA,NA
-69.462229344536,-51.136597548538,2722,131,-91
-68.159672182562,-53.47221728725,2741,168,-12
-70.450376157068,-36.269479596352,2616,293,3442
-70.674954978098,-39.77290920442,2707,158,1192
-68.563914060416,-54.190869514546,2682,553,580
-73.594479651488,-38.470352042446,NA,NA,NA
-68.833408645652,-42.602602349398,2699,147,21
-71.124112620158,-49.070472395062,2678,77,14
-62.724864713636,-40.940719073776,2786,256,-141
-68.878324409858,-44.578895974462,2717,95,166
-71.21394414857,-43.231423048282,2672,456,1569
-69.552060872948,-51.45100789798,2706,143,-64
-73.6843111799,-50.867102963302,2676,4715,7312
-71.88768061166,-38.8745939203,2755,863,5439
-66.003715500674,-43.3661703409,2750,116,-164
-73.145322009428,-37.482205229914,2763,400,4189
-72.022427904278,-45.028053616522,2659,1276,3495
-71.348691441188,-52.978143880984,NA,NA,NA
-72.516501310544,-38.65001509927,2769,415,2409
-63.713011526168,-40.67122448854,2766,215,-167
-70.180881571832,-49.519630037122,2707,93,-74
-68.653745588828,-49.834040386564,2717,180,-60
-69.41731358033,-39.009341212918,2711,134,-13
-67.84526183312,-49.20521968768,2731,171,-4
-73.145322009428,-40.087319553862,2766,435,2871
-63.713011526168,-41.1203821306,2802,197,-141
-65.958799736468,-41.479708244248,2753,141,-164
-71.797849083248,-47.40858911944,2692,209,249
-65.060484452348,-39.638161911802,2764,208,-175
-69.102903230888,-41.479708244248,2702,155,126
-70.360544628656,-47.004347241586,2673,120,146
-75.795352097582,-46.600105363732,NA,NA,NA
-71.124112620158,-46.195863485878,2685,153,342
-69.776639693978,-47.63316794047,2674,166,52
-66.946946549,-43.006844227252,2753,98,-94
-70.899533799128,-48.486567460384,2657,102,43
-70.854618034922,-41.704287065278,2698,272,1509
-72.471585546338,-41.883950122102,2746,2173,6519
-70.809702270716,-46.28569501429,2696,104,144
-70.944449563334,-45.971284664848,2693,114,191
-74.178384586166,-48.576398988796,2717,5748,7820
-69.147818995094,-47.992494054118,2685,232,152
-69.552060872948,-43.096675755664,2685,152,218
-74.043637293548,-46.645021127938,2746,3166,3902
-71.752933319042,-41.883950122102,2689,1012,4504
-68.923240174064,-39.907656497038,2728,131,-27
-67.800346068914,-54.864605977636,2687,496,540
-72.875827424192,-41.928865886308,NA,NA,NA
-72.157175196896,-35.95506924691,2774,64,1521
-71.079196855952,-52.663733531542,2718,271,36
-74.35804764299,-46.195863485878,2714,2856,4231
-71.079196855952,-39.54833038339,2692,321,3463
-70.450376157068,-54.056122221928,NA,NA,NA
-69.507145108742,-44.03990680399,2685,108,205
-66.946946549,-42.378023528368,2728,148,-170
-68.74357711724,-41.255129423218,2714,120,-75
-73.280069302046,-37.482205229914,2770,545,5067
-72.56141707475,-51.00185025592,2697,272,327
-71.034281091746,-46.465358071114,2726,97,147
-67.84526183312,-49.789124622358,2735,168,-17
-68.024924889944,-50.193366500212,NA,NA,NA
-68.878324409858,-42.647518113604,2694,181,91
-71.842764847454,-39.009341212918,2734,1078,7388
-71.393607205394,-53.337469994632,2685,830,945
-67.755430304708,-50.148450736006,NA,NA,NA
-70.135965807626,-48.08232558253,2673,123,-4
-65.015568688142,-41.300045187424,NA,NA,NA
-71.932596375866,-37.30254217309,2763,474,3779
-67.261356898442,-45.656874315406,NA,NA,NA
-69.821555458184,-40.536477195922,2709,191,362
-66.946946549,-44.129738332402,2738,142,-45
-72.291922489514,-49.160303923474,2703,124,-52
-68.29441947518,-53.02305964519,NA,NA,NA
-68.474082532004,-52.484070474718,NA,NA,NA
-70.135965807626,-41.56953977266,2693,186,560
-72.426669782132,-44.399232917638,2661,3156,7216
-67.575767247884,-46.150947721672,NA,NA,NA
-65.285063273378,-42.01869741472,2763,147,-217
-67.935093361532,-38.829678156094,2759,143,-92
-73.145322009428,-38.919509684506,2776,456,2386
-66.902030784794,-40.44664566751,2744,148,-76
-71.842764847454,-51.316260605362,2669,290,249
-68.204587946768,-45.746705843818,2719,163,141
-67.84526183312,-40.311898374892,2731,157,-52
-70.54020768548,-53.427301523044,NA,NA,NA
-69.1927347593,-40.536477195922,2707,210,118
-72.022427904278,-39.189004269742,2740,1201,7894
-68.96815593827,-45.432295494376,2730,76,-53
-70.54020768548,-43.500917633518,2695,152,371
-66.407957378528,-41.075466366394,2741,161,-166
-71.258859912776,-52.753565059954,2725,267,-2
-72.381754017926,-48.351820167766,2663,594,1110
-68.29441947518,-50.507776849654,NA,NA,NA
-67.261356898442,-45.342463965964,2730,178,-120
-70.674954978098,-49.339966980298,2683,93,-27
-70.76478650651,-43.3661703409,2675,252,631
-66.183378557498,-43.276338812488,2745,115,-171
-65.15031598076,-41.075466366394,NA,NA,NA
-69.372397816124,-43.545833397724,2709,100,66
-72.291922489514,-45.117885144934,2708,1125,2654
-73.100406245222,-53.24763846622,2705,3148,4510
-71.618186026424,-47.678083704676,2655,207,392
-70.001218515008,-39.952572261244,2734,112,275
-71.708017554836,-38.111025928798,2726,703,5694
-66.407957378528,-47.678083704676,2736,129,-158
-66.677451963764,-43.905159511372,2747,129,-100
-71.169028384364,-44.623811738668,2672,286,750
-66.138462793292,-43.81532798296,2740,142,-109
-70.809702270716,-43.321254576694,2686,220,558
-69.462229344536,-40.311898374892,2708,186,211
-65.37489480179,-44.668727502874,NA,NA,NA
-67.890177597326,-39.683077676008,2745,143,-62
-65.285063273378,-40.311898374892,2768,148,-201
-69.462229344536,-41.389876715836,2713,107,116
-73.01057471681,-36.718637238412,2795,184,2266
-69.956302750802,-50.507776849654,2697,167,-18
-67.485935719472,-43.500917633518,2739,101,-106
-63.623179997756,-40.177151082274,2766,221,-170
-72.022427904278,-48.172157110942,2648,404,698
-72.920743188398,-42.602602349398,NA,NA,NA
-66.677451963764,-41.479708244248,2720,203,-125
-66.812199256382,-47.094178769998,2744,148,-68
-71.977512140072,-48.486567460384,2664,248,445
-69.013071702476,-43.860243747166,2725,64,32
-68.114756418356,-47.094178769998,2725,124,-29
-70.450376157068,-50.956934491714,2699,180,-17
-73.01057471681,-52.753565059954,2705,2593,3107
-68.608829824622,-54.325616807164,2679,667,759
-71.124112620158,-49.744208858152,2696,93,-17
-72.516501310544,-39.99748802545,2762,849,4227
-72.696164367368,-36.17964806794,2783,149,2806
-73.190237773634,-41.210213659012,2773,620,1808
-66.318125850116,-47.273841826822,2738,146,-100
-69.731723929772,-51.136597548538,2714,133,-109
-67.306272662648,-40.761056016952,2727,158,-43
-70.405460392862,-46.914515713174,2681,88,78
-69.86647122239,-40.536477195922,2707,200,548
-72.381754017926,-46.95943147738,2656,978,1615
-70.046134279214,-42.512770820986,2698,108,96
-63.398601176726,-40.581392960128,2767,243,-162
-72.11225943269,-40.087319553862,2722,1161,6113
-67.935093361532,-46.195863485878,2746,117,-90
-73.190237773634,-37.482205229914,2764,524,5475
-63.488432705138,-40.985634837982,2786,222,-163
-69.686808165566,-49.295051216092,2708,138,-22
-73.504648123076,-45.701790079612,2711,3099,4321
-72.247006725308,-49.339966980298,2647,222,220
-71.393607205394,-45.38737973017,2683,348,995
-68.788492881446,-53.427301523044,2708,265,163
-69.462229344536,-48.800977809826,2709,162,43
-66.857115020588,-54.729858685018,2678,721,904
-70.944449563334,-43.81532798296,2687,265,734
-70.09105004342,-48.890809338238,2676,140,51
-69.552060872948,-47.678083704676,2677,168,43
-73.369900830458,-40.491561431716,2770,422,2170
-66.452873142734,-44.309401389226,2737,158,-114
-68.249503710974,-38.964425448712,2757,113,-84
-70.001218515008,-53.876459165104,2711,992,1338
-63.039275063078,-39.952572261244,2766,230,-156
-74.13346882196,-49.115388159268,2707,4710,6287
-71.708017554836,-36.359311124764,2768,206,4116
-66.363041614322,-48.261988639354,2750,141,-42
-64.746074102906,-42.153444707338,NA,NA,NA
-67.62068301209,-42.647518113604,2717,201,-169
-69.956302750802,-40.581392960128,2700,222,740
-72.11225943269,-42.602602349398,2677,1956,7007
-71.977512140072,-46.869599948968,2665,479,1066
-72.291922489514,-48.845893574032,2641,399,619
-69.372397816124,-42.108528943132,2682,221,377
-71.977512140072,-46.689936892144,2638,670,1426
-70.046134279214,-53.337469994632,2714,530,560
-72.920743188398,-48.98064086665,2677,1468,2483
-64.117253404022,-40.761056016952,2767,208,-155
-65.15031598076,-43.3661703409,2770,139,-174
-72.606332838956,-38.111025928798,2769,319,2041
-67.530851483678,-44.623811738668,2734,128,-6
-71.932596375866,-45.072969380728,2662,1031,2971
-62.185875543164,-40.536477195922,NA,NA,NA
-65.59947362282,-39.77290920442,2765,187,-177
-73.774142708312,-48.30690440356,2691,5036,7106
-74.268216114578,-50.507776849654,2702,4079,6494
-72.965658952604,-41.704287065278,NA,NA,NA
-70.405460392862,-41.839034357896,2714,136,431
-71.88768061166,-41.075466366394,2719,856,4800
-66.677451963764,-55.358679383902,NA,NA,NA
-71.169028384364,-43.456001869312,2640,544,1590
-65.329979037584,-40.536477195922,2761,150,-166
-67.84526183312,-44.533980210256,2728,124,21
-70.405460392862,-39.99748802545,2720,124,520
-71.66310179063,-38.021194400386,2696,703,5699
-71.528354498012,-36.494058417382,2733,370,6510
-73.01057471681,-36.988131823648,2782,201,2499
-72.56141707475,-36.044900775322,2788,86,1775
-70.854618034922,-51.406092133774,2700,228,61
-68.06984065415,-38.784762391888,2762,137,-139
-72.696164367368,-41.659371301072,NA,NA,NA
-63.398601176726,-40.805971781158,2773,223,-148
-63.668095761962,-42.378023528368,2785,153,-162
-68.788492881446,-51.90016554004,2743,139,-109
-70.270713100244,-48.396735931972,2656,193,107
-67.530851483678,-44.758559031286,2732,129,-24
-71.21394414857,-49.42979850871,2685,60,-82
-73.369900830458,-45.881453136436,2727,2385,3496
-70.31562886445,-39.862740732832,2709,138,545
-70.135965807626,-41.524624008454,2684,203,673
-65.734220915438,-39.862740732832,2762,185,-197
-67.575767247884,-46.73485265635,2734,185,-106
-65.060484452348,-41.165297894806,NA,NA,NA
-66.902030784794,-54.81969021343,2685,595,709
-72.965658952604,-49.744208858152,2673,1202,1906
-72.56141707475,-53.427301523044,2694,1349,1493
-75.795352097582,-46.779768420556,NA,NA,NA
-66.04863126488,-43.321254576694,2747,121,-157
-72.696164367368,-43.545833397724,2720,2914,6577
-69.372397816124,-46.645021127938,2713,79,-46
-67.441019955266,-39.503414619184,2756,152,-75
-70.98936532754,-36.763553002618,2668,279,4271
-65.419810565996,-42.557686585192,2760,134,-191
-70.225797336038,-49.968787679182,2691,188,-4
-72.33683825372,-47.049263005792,2711,568,981
-72.696164367368,-43.231423048282,2730,2827,7044
-66.003715500674,-41.704287065278,2747,161,-155
-65.105400216554,-39.727993440214,2762,217,-158
-68.923240174064,-39.503414619184,2764,111,-6
-70.585123449686,-52.57390200313,2723,238,-33
-68.249503710974,-48.08232558253,2726,120,-85
-69.686808165566,-43.81532798296,2715,65,-24
-70.135965807626,-48.261988639354,2671,123,11
-69.282566287712,-51.90016554004,2714,153,-61
-74.043637293548,-40.89580330957,NA,NA,NA
-73.01057471681,-42.46785505678,NA,NA,NA
-65.285063273378,-41.56953977266,2762,153,-200
-70.944449563334,-36.673721474206,2659,278,4321
-71.079196855952,-52.214575889482,2703,320,125
-67.935093361532,-41.614455536866,2702,168,-23
-72.291922489514,-44.309401389226,2666,1893,4716
-65.59947362282,-47.767915233088,NA,NA,NA
-73.504648123076,-41.659371301072,2787,579,1940
-69.686808165566,-47.453504883646,2676,181,68
-71.842764847454,-37.437289465708,2753,537,4166
-68.96815593827,-40.716140252746,2712,180,39
-71.348691441188,-44.219569860814,2705,283,805
-65.734220915438,-42.91701269884,2753,127,-180
-69.731723929772,-45.791621608024,2717,70,63
-68.563914060416,-43.860243747166,2727,66,-32
-68.608829824622,-45.432295494376,2730,91,1
-71.708017554836,-51.585755190598,2687,416,316
-72.067343668484,-49.42979850871,2684,112,95
-67.485935719472,-49.42979850871,NA,NA,NA
-72.651248603162,-36.269479596352,2779,110,2039
-63.982506111404,-40.536477195922,2767,205,-167
-72.33683825372,-46.420442306908,2695,870,1840
-69.237650523506,-40.536477195922,2706,216,156
-69.462229344536,-41.075466366394,2723,118,5
-71.483438733806,-53.02305964519,NA,NA,NA
-67.84526183312,-40.581392960128,2730,143,-44
-68.06984065415,-49.295051216092,2713,223,70
-68.74357711724,-47.63316794047,2695,185,103
-72.247006725308,-41.56953977266,2707,1869,6041
-68.474082532004,-54.684942920812,2645,837,975
-70.944449563334,-35.775406190086,2729,149,3476
-67.216441134236,-41.389876715836,2704,210,56
-69.64189240136,-49.609461565534,2715,116,-60
-70.09105004342,-51.316260605362,2704,143,-78
-73.100406245222,-49.42979850871,2682,1957,3020
-65.734220915438,-44.578895974462,2769,116,-222
-72.78599589578,-51.316260605362,2711,729,813
-69.372397816124,-38.42543627824,2727,136,-10
-66.318125850116,-42.063613178926,2740,167,-150
-71.573270262218,-43.006844227252,2709,539,2135
-67.530851483678,-41.928865886308,2699,183,-60
-71.88768061166,-44.03990680399,2698,1056,3325
-72.247006725308,-41.030550602188,2745,1129,4410
-72.426669782132,-43.276338812488,2739,1436,4494
-72.202090961102,-43.59074916193,2687,2004,6058
-67.39610419106,-48.261988639354,2729,159,-14
-65.913883972262,-47.588252176264,2746,144,-149
-72.830911659986,-48.30690440356,2703,1289,2254
-68.204587946768,-48.441651696178,2723,126,-29
-74.941952577668,-46.689936892144,2780,2731,3482
-73.6843111799,-38.066110164592,NA,NA,NA
-63.263853884108,-39.907656497038,2767,227,-164
-67.84526183312,-43.680580690342,2734,95,-70
-70.585123449686,-43.14159151987,2705,123,337
-66.49778890694,-41.973781650514,2737,158,-158
-69.86647122239,-38.784762391888,2716,109,199
-70.630039213892,-53.112891173602,NA,NA,NA
-64.92573715973,-40.581392960128,2763,198,-116
-67.351188426854,-43.231423048282,2746,96,-103
-72.11225943269,-50.013703443388,2703,70,20
-72.830911659986,-40.266982610686,2773,418,2124
-72.651248603162,-43.81532798296,2711,2914,6529
-70.899533799128,-47.8577467615,2654,73,10
-71.034281091746,-48.75606204562,2662,123,115
-67.62068301209,-45.656874315406,2736,176,-77
-66.812199256382,-42.512770820986,2752,141,-136
-66.632536199558,-47.722999468882,2732,128,-121
-68.29441947518,-44.03990680399,2726,84,3
-71.21394414857,-45.701790079612,2690,204,467
-66.27321008591,-44.399232917638,2739,164,-137
-68.698661353034,-50.77727143489,NA,NA,NA
-73.100406245222,-47.498420647852,2672,2222,3704
-68.474082532004,-45.432295494376,2729,102,16
-69.731723929772,-52.888312352572,2731,233,79
-74.35804764299,-48.621314753002,2763,2932,3632
-66.407957378528,-39.09917274133,2765,145,-183
-71.4385229696,-38.739846627682,2702,613,5266
-66.946946549,-54.37053257137,2710,374,395
-71.528354498012,-48.037409818324,2660,161,200
-68.833408645652,-43.500917633518,2722,80,1
-73.01057471681,-40.311898374892,2771,338,1890
-67.441019955266,-49.295051216092,NA,NA,NA
-71.124112620158,-36.269479596352,2671,283,5982
-65.240147509172,-41.075466366394,2764,157,-165
-69.147818995094,-41.1203821306,2716,158,76
-65.15031598076,-43.59074916193,NA,NA,NA
-66.407957378528,-40.401729903304,2756,130,-121
-68.923240174064,-41.165297894806,2710,169,8
-68.249503710974,-44.668727502874,2706,151,34
-73.23515353784,-38.111025928798,2764,543,3297
-72.426669782132,-45.83653737223,2676,1332,2885
-72.11225943269,-52.214575889482,2679,586,592
-72.875827424192,-41.030550602188,2786,686,2098
-68.474082532004,-42.827181170428,2700,192,110
-72.291922489514,-39.32375156236,2751,824,5987
-69.64189240136,-44.354317153432,2693,118,129
-71.483438733806,-41.524624008454,2697,609,3426
-66.093547029086,-42.46785505678,2758,151,-196
-66.72236772797,-54.280701042958,NA,NA,NA
-71.348691441188,-36.494058417382,2711,318,6300
-62.67994894943,-40.626308724334,2770,234,-154
-67.216441134236,-42.24327623575,2731,166,-163
-67.351188426854,-39.144088505536,2753,148,-148
-67.800346068914,-53.651880344074,NA,NA,NA
-74.537710699814,-47.543336412058,NA,NA,NA
-72.067343668484,-43.770412218754,2661,1847,5705
-68.878324409858,-42.198360471544,2683,213,165
-70.31562886445,-44.983137852316,2713,93,86
-68.653745588828,-47.767915233088,2709,162,28
-68.06984065415,-47.543336412058,2717,190,50
-67.800346068914,-45.252632437552,2727,159,-20
-67.755430304708,-49.070472395062,2742,135,-57
-69.282566287712,-49.789124622358,2717,120,-81
-69.821555458184,-46.869599948968,2692,87,67
-65.82405244385,-43.680580690342,2743,136,-130
-72.741080131574,-44.399232917638,2707,2694,4827
-73.280069302046,-49.339966980298,2655,2103,2930
-63.982506111404,-42.872096934634,NA,NA,NA
-71.752933319042,-35.595743133262,2777,42,1602
-68.06984065415,-48.800977809826,2717,175,47
-72.067343668484,-38.829678156094,2754,892,5485
-68.74357711724,-41.56953977266,2702,161,63
-69.956302750802,-42.512770820986,2695,132,236
-69.731723929772,-53.741711872486,2722,486,505
-72.291922489514,-41.389876715836,2762,992,3473
-73.639395415694,-39.862740732832,NA,NA,NA
-71.618186026424,-40.311898374892,2691,715,5249
-72.56141707475,-44.174654096608,2685,3054,6758
-70.585123449686,-50.417945321242,2687,162,-12
-68.563914060416,-46.28569501429,2729,108,-97
-64.386747989258,-42.46785505678,2800,135,-173
-72.381754017926,-44.309401389226,2704,2273,5985
-66.991862313206,-42.91701269884,2754,101,-141
-66.946946549,-48.217072875148,2731,157,-73
-70.76478650651,-53.741711872486,NA,NA,NA
-68.024924889944,-54.550195628194,2687,382,362
-67.351188426854,-39.77290920442,2755,144,-70
-69.237650523506,-44.623811738668,2714,85,-32
-70.719870742304,-41.79411859369,2699,270,1279
-67.890177597326,-47.992494054118,2726,127,-82
-72.471585546338,-35.595743133262,2802,82,2464
-69.686808165566,-48.75606204562,2703,136,8
-69.731723929772,-53.651880344074,2740,346,69
-66.812199256382,-44.354317153432,2741,127,-82
-72.426669782132,-38.245773221416,2766,368,2128
-67.935093361532,-40.67122448854,2719,159,-67
-65.644389387026,-39.727993440214,2765,186,-175
-70.854618034922,-42.69243387781,2691,211,702
-75.70552056917,-46.914515713174,NA,NA,NA
-72.247006725308,-45.971284664848,2703,831,1916
-71.573270262218,-39.638161911802,2696,751,6466
-70.585123449686,-54.101037986134,2729,905,1037
-66.72236772797,-43.545833397724,2748,118,-96
-65.868968208056,-43.770412218754,2742,138,-136
-67.710514540502,-44.803474795492,2729,114,-53
-68.339335239386,-46.689936892144,2728,132,-66
-71.752933319042,-43.500917633518,2684,871,3108
-73.23515353784,-51.945081304246,2707,2524,3176
-68.06984065415,-47.094178769998,2724,126,-52
-71.4385229696,-49.474714272916,2676,87,-81
-72.651248603162,-49.474714272916,2731,298,298
-71.573270262218,-35.865237718498,2771,98,3498
-65.329979037584,-44.399232917638,2791,106,-180
-69.507145108742,-50.32811379283,2696,184,6
-68.474082532004,-50.283198028624,NA,NA,NA
-67.261356898442,-40.716140252746,2730,157,-49
-65.464726330202,-43.051759991458,2755,125,-178
-72.56141707475,-41.614455536866,2727,2185,6434
-66.767283492176,-41.34496095163,2708,213,-49
-68.249503710974,-47.004347241586,2722,126,-68
-68.249503710974,-53.831543400898,2712,191,44
-69.327482051918,-43.725496454548,2707,92,28
-68.608829824622,-44.354317153432,2705,120,101
-72.381754017926,-47.273841826822,2682,575,1145
-66.363041614322,-44.129738332402,2743,133,-101
-68.384251003592,-47.947578289912,2723,136,14
-68.878324409858,-47.812830997294,2702,144,-26
-71.932596375866,-51.720502483216,2698,324,185
-73.414816594664,-39.952572261244,2787,591,3556
-64.970652923936,-41.075466366394,NA,NA,NA
-69.327482051918,-48.08232558253,2687,221,139
-65.82405244385,-47.049263005792,NA,NA,NA
-66.677451963764,-43.096675755664,2751,101,-99
-64.970652923936,-39.503414619184,2762,216,-189
-69.776639693978,-48.621314753002,2696,169,92
-70.854618034922,-53.606964579868,NA,NA,NA
-68.653745588828,-53.831543400898,2706,260,117
-73.369900830458,-45.297548201758,NA,NA,NA
-72.830911659986,-45.971284664848,2702,2228,4317
-71.483438733806,-52.394238946306,2695,526,440
-70.719870742304,-38.739846627682,2671,264,2226
-66.228294321704,-47.094178769998,2755,124,-128
-72.202090961102,-48.576398988796,2635,397,634
-72.56141707475,-38.515267806652,2767,363,2183
-69.64189240136,-38.42543627824,2728,104,47
-67.575767247884,-41.928865886308,2697,187,-22
-65.689305151232,-41.704287065278,2751,147,-183
-68.024924889944,-55.179016327078,2724,735,970
-69.552060872948,-39.09917274133,2723,121,52
-73.998721529342,-49.609461565534,2718,4102,5656
-71.932596375866,-35.146585491202,2772,23,1284
-72.067343668484,-44.174654096608,2713,1013,3035
-71.66310179063,-43.14159151987,2713,504,1875
-73.190237773634,-45.881453136436,2719,2874,4640
-67.306272662648,-48.351820167766,2731,152,-34
-73.594479651488,-41.79411859369,NA,NA,NA
-70.180881571832,-51.046766020126,2702,168,-26
-72.157175196896,-42.288191999956,2678,2138,7526
-67.126609605824,-43.500917633518,2741,115,-88
-67.306272662648,-44.803474795492,2736,134,-19
-68.204587946768,-47.004347241586,2723,130,-38
-63.847758818786,-42.737349642016,2797,142,-108
-68.339335239386,-41.34496095163,2706,160,11
-68.29441947518,-45.342463965964,2728,115,6
-68.74357711724,-43.096675755664,2711,122,2
-68.653745588828,-45.83653737223,2722,109,55
-72.741080131574,-39.862740732832,2771,409,2571
-73.594479651488,-41.434792480042,2767,646,1882
-72.11225943269,-42.69243387781,2705,1846,6648
-65.329979037584,-44.399232917638,2791,106,-180
-66.318125850116,-42.647518113604,2759,133,-211
-72.022427904278,-44.03990680399,2694,1485,4615
-71.842764847454,-41.928865886308,2712,884,3902
-68.698661353034,-41.030550602188,2707,173,-22
-68.698661353034,-46.375526542702,2727,106,-60
-70.98936532754,-36.988131823648,2673,261,3189
-63.892674582992,-42.46785505678,2779,138,-161
-71.88768061166,-35.999985011116,2776,66,1770
-73.414816594664,-39.233920033948,NA,NA,NA
-72.696164367368,-36.898300295236,2771,185,2131
-69.462229344536,-43.860243747166,2707,72,12
-69.64189240136,-45.16280090914,2705,121,125
-67.39610419106,-40.266982610686,2742,149,-84
-69.147818995094,-46.420442306908,2713,114,-1
-68.114756418356,-40.491561431716,2718,157,-81
-73.100406245222,-50.193366500212,2720,1608,2144
-71.258859912776,-41.883950122102,2655,584,3144
-69.596976637154,-49.834040386564,2706,171,-7
-72.202090961102,-47.812830997294,2681,436,724
-74.043637293548,-46.51027383532,2735,3084,4003
-63.443516940932,-40.67122448854,2768,216,-234
-71.393607205394,-42.557686585192,2691,444,2028
-66.632536199558,-42.422939292574,2738,193,-141
-70.046134279214,-53.112891173602,2716,378,234
-66.49778890694,-39.817824968626,2755,152,-132
-69.057987466682,-40.44664566751,2707,205,88
-69.462229344536,-55.223932091284,2691,2364,3280
-66.632536199558,-41.749202829484,2731,213,-144
-72.291922489514,-38.784762391888,2765,592,3573
-70.719870742304,-45.117885144934,2709,118,227
-71.034281091746,-46.420442306908,2724,98,155
-64.835905631318,-40.67122448854,2777,173,-159
-68.429166767798,-50.642524142272,NA,NA,NA
-73.369900830458,-49.564545801328,2646,2492,3517
-68.024924889944,-44.309401389226,2727,112,-19
-69.327482051918,-51.271344841156,2716,140,-73
-69.372397816124,-41.614455536866,2702,154,220
-67.935093361532,-40.626308724334,2726,143,-74
-68.563914060416,-45.477211258582,2726,105,33
-64.02742187561,-42.378023528368,2782,128,-183
-68.159672182562,-40.940719073776,2723,136,-65
-73.055490481016,-50.956934491714,2667,2247,3346
-66.677451963764,-44.084822568196,2745,129,-90
-68.878324409858,-40.850887545364,2690,236,100
-72.11225943269,-38.42543627824,2762,591,3545
-67.62068301209,-43.186507284076,2741,117,-98
-71.797849083248,-40.22206684648,2699,1100,7072
-65.060484452348,-43.500917633518,NA,NA,NA
-72.381754017926,-35.685574661674,2788,69,1815
-74.178384586166,-46.06111619326,2703,3385,5703
-71.88768061166,-50.238282264418,2702,83,31
-65.779136679644,-43.545833397724,2741,136,-122
-73.414816594664,-50.193366500212,2605,3471,4834
-65.419810565996,-42.288191999956,2762,141,-211
-69.64189240136,-49.87895615077,2702,197,30
-66.138462793292,-40.805971781158,2753,141,-126
-72.157175196896,-51.630670954804,2690,349,279
-69.596976637154,-42.602602349398,2698,137,266
-72.247006725308,-38.380520514034,2764,485,2837
-69.327482051918,-46.73485265635,2710,79,-14
-71.303775676982,-35.550827369056,2765,119,4125
-71.21394414857,-51.989997068452,2704,234,32
-68.608829824622,-49.115388159268,2711,175,27
-71.21394414857,-52.439154710512,2709,230,-15
-71.079196855952,-35.685574661674,2742,174,4399
-70.046134279214,-45.83653737223,2710,71,21
-71.842764847454,-50.867102963302,2678,270,233
-73.324985066252,-40.356814139098,2773,381,2106
-75.70552056917,-46.555189599526,NA,NA,NA
-68.788492881446,-47.139094534204,2697,163,42
-70.360544628656,-40.132235318068,2710,151,686
-72.56141707475,-42.063613178926,NA,NA,NA
-73.998721529342,-40.940719073776,NA,NA,NA
-69.41731358033,-45.16280090914,2701,123,110
-72.741080131574,-40.266982610686,2774,490,2367
-68.429166767798,-41.839034357896,2690,199,120
-65.195231744966,-43.950075275578,NA,NA,NA
-66.49778890694,-47.094178769998,2743,145,-87
-66.632536199558,-45.16280090914,2780,146,-128
-64.970652923936,-41.030550602188,NA,NA,NA
-68.159672182562,-42.46785505678,2711,185,40
-71.348691441188,-46.375526542702,2740,144,293
-71.21394414857,-37.931362871974,2701,494,4738
-66.452873142734,-44.758559031286,2741,186,-165
-69.596976637154,-52.439154710512,2742,180,-47
-72.651248603162,-45.6119585512,2678,2756,5293
-69.462229344536,-43.905159511372,2702,85,110
-69.462229344536,-49.87895615077,2708,156,-18
-68.429166767798,-48.261988639354,2721,159,30
-72.516501310544,-38.380520514034,2766,366,1974
-68.204587946768,-48.396735931972,2722,137,16
-63.488432705138,-42.288191999956,NA,NA,NA
-68.249503710974,-52.843396588366,NA,NA,NA
-67.081693841618,-42.063613178926,2726,188,-171
-68.114756418356,-42.24327623575,2683,253,142
-73.549563887282,-48.127241346736,NA,NA,NA
-70.944449563334,-45.6119585512,2699,126,248
-70.98936532754,-37.437289465708,2657,404,3927
-72.426669782132,-44.623811738668,2680,2209,5093
-73.414816594664,-39.503414619184,NA,NA,NA
-67.980009125738,-40.940719073776,2717,146,-51
-72.875827424192,-48.396735931972,2714,1265,2134
-69.41731358033,-43.725496454548,2701,92,49
-67.39610419106,-41.1203821306,2709,175,1
-72.11225943269,-49.339966980298,2669,173,169
-70.225797336038,-53.651880344074,NA,NA,NA
-67.216441134236,-39.817824968626,2755,145,-74
-69.147818995094,-50.283198028624,2697,227,49
-70.719870742304,-50.507776849654,2687,164,-30
-71.079196855952,-44.084822568196,2687,345,943
-70.674954978098,-51.810334011628,2706,209,-7
-65.779136679644,-43.994991039784,2746,147,-154
-69.596976637154,-47.767915233088,2678,166,56
-69.147818995094,-44.623811738668,2714,88,106
-66.318125850116,-42.198360471544,2745,167,-154
-72.696164367368,-47.363673355234,2714,627,1304
-73.819058472518,-46.51027383532,NA,NA,NA
-71.752933319042,-44.71364326708,2692,649,2218
-68.429166767798,-47.678083704676,2715,155,22
-68.249503710974,-46.06111619326,2718,171,-36
-67.39610419106,-40.401729903304,2740,151,-57
-70.76478650651,-51.22642907695,2697,220,67
-63.35368541252,-40.266982610686,2766,225,-177
-69.911386986596,-53.157806937808,2702,417,311
-69.013071702476,-49.519630037122,2716,154,-59
-69.956302750802,-52.888312352572,2738,236,30
-69.237650523506,-44.533980210256,2713,86,26
-69.596976637154,-44.03990680399,2694,90,132
-68.96815593827,-47.40858911944,2674,258,190
-72.606332838956,-47.228926062616,2716,575,1121
-74.043637293548,-46.73485265635,2748,3392,4222
-66.093547029086,-47.318757591028,2744,151,-116
-73.45973235887,-50.956934491714,2660,3230,4360
-73.414816594664,-40.89580330957,2762,514,2132
-64.566411046082,-40.177151082274,2765,202,-163
-68.204587946768,-53.157806937808,NA,NA,NA
-71.348691441188,-42.737349642016,2687,439,1782
-71.88768061166,-48.486567460384,2664,220,441
-71.124112620158,-35.999985011116,2624,231,6036
-64.072337639816,-40.356814139098,2766,222,-148
-72.516501310544,-44.26448562502,2731,2019,4733
-66.452873142734,-44.578895974462,2735,171,-133
-71.618186026424,-40.356814139098,2711,691,5020
-68.788492881446,-49.070472395062,2712,166,6
-71.66310179063,-45.252632437552,2709,330,883
-71.4385229696,-50.732355670684,2689,219,48
-74.402963407196,-46.28569501429,2709,2993,4313
-72.741080131574,-37.52712099412,2769,224,2379
-72.965658952604,-39.458498854978,2774,465,2692
-69.821555458184,-54.864605977636,NA,NA,NA
-71.708017554836,-53.157806937808,NA,NA,NA
-68.024924889944,-46.28569501429,2741,109,-76
-72.11225943269,-44.533980210256,2688,1492,4329
-74.627542228226,-46.240779250084,2735,3714,5296
-69.821555458184,-46.420442306908,2712,89,13
-68.923240174064,-46.51027383532,2723,91,-87
-72.202090961102,-39.593246147596,2768,853,5740
-64.92573715973,-39.907656497038,2765,189,-176
-68.608829824622,-50.283198028624,NA,NA,NA
-71.483438733806,-40.266982610686,2694,514,4424
-70.180881571832,-52.3493231821,2711,301,104
-72.291922489514,-46.779768420556,2659,988,1920
-69.731723929772,-43.860243747166,2711,71,45
-67.485935719472,-47.63316794047,2730,152,-71
-68.249503710974,-38.8745939203,2758,130,-102
-62.410454364194,-40.89580330957,2790,266,-121
-66.632536199558,-54.81969021343,2682,812,920
-69.282566287712,-49.923871914976,2711,145,-38
-71.932596375866,-39.458498854978,2686,1400,9568
-71.932596375866,-37.572036758326,2755,546,4317
-67.351188426854,-55.313763619696,NA,NA,NA
-72.875827424192,-36.40422688897,NA,NA,NA
-68.653745588828,-43.950075275578,2725,62,45
-71.483438733806,-52.79848082416,2726,366,157
-67.485935719472,-45.16280090914,2733,166,-3
-70.001218515008,-51.45100789798,2710,123,-87
-70.270713100244,-45.477211258582,2712,84,16
-64.970652923936,-39.99748802545,2764,193,-163
-72.067343668484,-43.545833397724,2717,828,2680
-63.308769648314,-39.862740732832,2768,223,-164
-66.677451963764,-54.864605977636,2687,777,934
-69.86647122239,-42.69243387781,2709,102,180
-72.022427904278,-36.044900775322,2777,68,1668
-67.62068301209,-39.503414619184,2754,148,-101
-69.147818995094,-43.096675755664,2726,80,-14
-67.126609605824,-48.396735931972,2729,153,-67
-72.426669782132,-46.016200429054,2673,1647,3593
-65.105400216554,-43.500917633518,NA,NA,NA
-72.022427904278,-44.758559031286,2682,1374,4152
-71.618186026424,-36.898300295236,2756,475,5721
-71.932596375866,-36.134732303734,2775,85,1985
-73.01057471681,-51.495923662186,2715,1224,1418
-73.280069302046,-40.805971781158,2769,447,1871
-71.573270262218,-47.543336412058,2704,113,41
-69.911386986596,-39.952572261244,2737,101,167
-69.057987466682,-42.24327623575,2682,222,253
-72.741080131574,-42.512770820986,2781,1804,5194
-72.606332838956,-36.943216059442,2774,187,2179
-72.875827424192,-43.231423048282,2778,2053,4912
-69.013071702476,-46.824684184762,2712,96,-43
-70.180881571832,-53.157806937808,2723,358,200
-68.339335239386,-40.491561431716,2716,151,-58
-66.632536199558,-47.678083704676,2734,133,-110
-72.875827424192,-45.207716673346,2720,2224,4176
-72.606332838956,-38.470352042446,2767,401,2331
-66.767283492176,-43.680580690342,2744,141,-82
-69.327482051918,-43.276338812488,2710,96,-11
-67.216441134236,-44.084822568196,2743,116,-71
-69.596976637154,-45.028053616522,2684,152,132
-68.74357711724,-40.67122448854,2704,185,3
-73.6843111799,-47.18401029841,2655,5039,7104
-67.755430304708,-39.727993440214,2750,141,-66
-73.145322009428,-38.021194400386,2763,400,2478
-73.100406245222,-52.708649295748,2696,2910,4062
-72.202090961102,-45.83653737223,2642,1348,2919
-73.100406245222,-39.727993440214,2780,439,2625
-67.890177597326,-40.266982610686,2730,155,-58
-68.608829824622,-45.656874315406,2730,87,7
-70.09105004342,-52.843396588366,2745,239,-8
-67.126609605824,-55.04426903446,2682,1135,1434
-66.003715500674,-44.758559031286,2758,146,-183
-74.13346882196,-46.06111619326,2709,3505,5907
-70.809702270716,-44.668727502874,2706,154,226
-72.067343668484,-38.111025928798,2753,597,4453
-72.78599589578,-47.363673355234,2702,906,1852
-68.204587946768,-42.737349642016,2689,231,111
-63.892674582992,-40.985634837982,2786,243,-192
-73.774142708312,-37.482205229914,NA,NA,NA
-72.381754017926,-45.16280090914,2709,1484,3356
-71.573270262218,-48.127241346736,2658,129,115
-67.890177597326,-45.16280090914,2721,160,11
-73.01057471681,-39.32375156236,2771,562,3331
-65.060484452348,-40.22206684648,2761,194,-147
-71.303775676982,-51.271344841156,2685,264,114
-70.001218515008,-41.928865886308,2708,154,316
-63.892674582992,-42.24327623575,2784,148,-161
-69.731723929772,-42.961928463046,2679,168,303
-69.462229344536,-47.722999468882,2679,169,65
-71.124112620158,-51.00185025592,2694,185,19
-70.09105004342,-41.300045187424,2694,155,566
-67.351188426854,-48.30690440356,2730,157,-47
-69.552060872948,-46.06111619326,2717,66,-29
-71.797849083248,-43.231423048282,2708,833,3197
-73.100406245222,-38.111025928798,2756,431,2682
-70.585123449686,-53.202722702014,NA,NA,NA
-67.755430304708,-45.83653737223,2738,187,-27
-71.573270262218,-39.009341212918,2664,978,7102
-70.495291921274,-42.872096934634,2708,129,328
-72.022427904278,-39.638161911802,2724,1106,7693
-68.788492881446,-52.304407417894,NA,NA,NA
-73.594479651488,-48.172157110942,2713,5105,7361
-72.606332838956,-43.231423048282,2727,2653,6642
-72.247006725308,-40.805971781158,2722,1549,6721
-67.980009125738,-44.26448562502,2726,118,-11
-68.384251003592,-49.42979850871,2723,199,-8
-73.414816594664,-47.139094534204,2668,2798,4560
-73.280069302046,-38.245773221416,2766,509,3186
-68.384251003592,-39.77290920442,2728,147,-47
-69.327482051918,-50.55269261386,2702,205,-11
-67.530851483678,-39.458498854978,2756,148,-82
-72.381754017926,-47.543336412058,2632,918,1706
-68.339335239386,-42.333107764162,2703,215,13
-73.190237773634,-52.3493231821,2694,2629,3575
-69.596976637154,-50.058619207594,2713,112,-77
-69.776639693978,-51.720502483216,2709,144,-61
-70.54020768548,-47.498420647852,2680,80,-46
-71.842764847454,-48.800977809826,2642,246,310
-71.169028384364,-52.708649295748,2722,263,13
-68.653745588828,-48.935725102444,2714,152,2
-74.13346882196,-45.926368900642,2725,2672,4987
-68.159672182562,-42.46785505678,2711,185,40
-68.96815593827,-39.189004269742,2733,150,-70
-65.419810565996,-39.817824968626,2766,176,-169
-74.043637293548,-47.588252176264,2712,3711,4648
-70.719870742304,-35.775406190086,2624,210,4528
-65.779136679644,-44.03990680399,2746,147,-161
-69.147818995094,-47.722999468882,2682,174,81
-68.51899829621,-50.013703443388,NA,NA,NA
-67.62068301209,-39.233920033948,2755,130,-83
-73.190237773634,-43.81532798296,NA,NA,NA
-69.41731358033,-42.69243387781,2702,115,132
-70.54020768548,-50.822187199096,2698,179,-14
-71.66310179063,-36.17964806794,2769,162,3760
-69.731723929772,-51.989997068452,2712,157,-45
-71.303775676982,-52.528986238924,2709,274,125
-66.49778890694,-42.737349642016,2757,127,-173
-70.31562886445,-38.470352042446,2718,115,558
-66.27321008591,-44.129738332402,2740,138,-131
-71.977512140072,-38.42543627824,2757,773,5111
-66.003715500674,-40.89580330957,2750,144,-158
-69.776639693978,-52.888312352572,2733,238,88
-68.74357711724,-45.117885144934,2715,105,19
-70.225797336038,-41.165297894806,2694,170,787
-73.100406245222,-37.033047587854,2787,299,3561
-71.977512140072,-52.843396588366,2707,634,566
-70.630039213892,-42.69243387781,2703,131,385
-73.190237773634,-49.699293093946,2665,2018,2927
-70.495291921274,-35.73049042588,2626,189,3368
-69.911386986596,-41.479708244248,2701,148,361
-66.27321008591,-47.767915233088,2740,134,-115
-72.920743188398,-45.83653737223,2692,2700,4718
-73.369900830458,-38.245773221416,2787,590,3650
-67.39610419106,-44.848390559698,2736,130,-77
-72.471585546338,-44.084822568196,2717,1850,5117
-69.327482051918,-55.04426903446,2680,1578,2012
-68.204587946768,-42.01869741472,2671,261,134
-70.809702270716,-49.160303923474,2674,110,-5
-68.474082532004,-43.186507284076,2717,137,-10
-66.04863126488,-47.094178769998,2767,121,-115
-69.507145108742,-47.63316794047,2676,183,109
-65.240147509172,-42.512770820986,2757,146,-178
-69.327482051918,-50.373029557036,2696,205,19
-71.88768061166,-44.174654096608,2716,675,2157
-69.552060872948,-47.678083704676,2677,168,43
-62.814696242048,-40.940719073776,2785,234,-168
-72.606332838956,-42.69243387781,2715,2571,7203
-70.899533799128,-43.860243747166,2687,230,578
-73.369900830458,-46.914515713174,2626,3715,6181
-66.318125850116,-42.961928463046,2752,121,-138
-73.504648123076,-52.169660125276,NA,NA,NA
-67.485935719472,-45.072969380728,2735,152,23
-68.249503710974,-55.448510912314,2739,1088,1564
-72.426669782132,-48.08232558253,2641,784,1426
-69.1927347593,-38.919509684506,2731,117,-37
-72.78599589578,-42.647518113604,2771,2075,5718
-66.857115020588,-39.458498854978,2754,155,-134
-65.734220915438,-40.401729903304,2762,136,-164
-72.022427904278,-50.1035349718,2702,93,50
-74.13346882196,-50.193366500212,2700,4264,6812
-68.51899829621,-54.864605977636,NA,NA,NA
-69.147818995094,-40.44664566751,2705,212,122
-70.944449563334,-49.295051216092,2683,86,-16
-69.372397816124,-47.902662525706,2683,179,110
-73.639395415694,-47.63316794047,2738,2086,2888
-70.854618034922,-49.519630037122,2698,73,-64
-72.56141707475,-51.316260605362,2695,316,309
-69.86647122239,-52.978143880984,2722,278,118
-73.145322009428,-39.413583090772,2769,772,4015
-70.360544628656,-39.458498854978,2705,169,707
-68.204587946768,-49.789124622358,2724,160,-39
-63.35368541252,-40.89580330957,2779,240,-155
-68.159672182562,-48.75606204562,2718,157,21
-65.419810565996,-39.638161911802,2766,192,-161
-67.036778077412,-44.758559031286,2737,173,-12
-67.126609605824,-47.094178769998,2736,153,-106
-67.755430304708,-47.8577467615,2729,128,-43
-65.59947362282,-43.321254576694,2754,110,-145
-71.88768061166,-49.699293093946,2702,77,-36
-71.4385229696,-53.337469994632,2692,801,998
-64.746074102906,-42.063613178926,NA,NA,NA
-71.708017554836,-38.65001509927,2702,898,6615
-67.306272662648,-49.070472395062,NA,NA,NA
-68.923240174064,-50.148450736006,2713,153,-46
-69.013071702476,-55.134100562872,2656,1662,2237
-73.100406245222,-38.65001509927,2775,411,1967
-70.135965807626,-46.150947721672,2710,71,3
-74.043637293548,-50.956934491714,2716,4207,6523
-67.036778077412,-54.190869514546,2727,244,206
-69.237650523506,-38.739846627682,2734,113,-92
-72.11225943269,-37.616952522532,2769,469,4125
-70.854618034922,-38.155941693004,2663,311,2713
-67.351188426854,-45.791621608024,NA,NA,NA
-71.483438733806,-42.91701269884,2701,536,2129
-72.11225943269,-42.737349642016,2677,1943,6893
-69.41731358033,-43.770412218754,2713,71,-33
-68.788492881446,-40.401729903304,2708,182,23
-66.767283492176,-42.782265406222,2755,116,-117
-72.78599589578,-47.363673355234,2702,906,1852
-72.965658952604,-50.642524142272,2712,1274,1588
-73.774142708312,-46.95943147738,2725,4255,5514
-65.868968208056,-40.805971781158,2756,128,-152
-71.932596375866,-46.869599948968,2626,532,1121
-72.965658952604,-48.441651696178,2685,1705,2879
-62.320622835782,-40.401729903304,NA,NA,NA
-68.878324409858,-51.181513312744,NA,NA,NA
-67.935093361532,-55.313763619696,NA,NA,NA
-72.965658952604,-37.07796335206,2779,173,2143
-68.96815593827,-44.129738332402,2719,56,55
-71.169028384364,-50.956934491714,2688,219,53
-72.157175196896,-46.465358071114,2667,925,1945
-69.282566287712,-49.42979850871,2714,137,-37
-71.797849083248,-37.886447107768,2723,766,6276
-72.202090961102,-46.645021127938,2656,716,1619
-73.45973235887,-41.255129423218,2769,514,1612
-73.6843111799,-45.83653737223,NA,NA,NA
-70.225797336038,-48.98064086665,2677,118,94
-67.441019955266,-39.32375156236,2755,124,-111
-70.54020768548,-36.17964806794,2629,263,3888
-69.102903230888,-51.45100789798,2719,174,-60
-65.644389387026,-47.588252176264,NA,NA,NA
-72.920743188398,-37.07796335206,2777,173,2044
-68.06984065415,-48.30690440356,2722,123,-23
-69.147818995094,-52.843396588366,2716,184,52
-67.800346068914,-42.602602349398,2700,234,-3
-66.857115020588,-47.094178769998,2740,156,-114
-72.157175196896,-52.169660125276,2691,540,534
-73.863974236724,-51.091681784332,2719,3907,6035
-71.708017554836,-52.978143880984,NA,NA,NA
-69.956302750802,-45.6119585512,2713,82,11
-67.351188426854,-40.44664566751,2739,148,-60
-70.31562886445,-41.928865886308,2714,121,306
-75.391110219728,-46.375526542702,NA,NA,NA
-68.833408645652,-54.190869514546,2684,742,817
-72.606332838956,-45.028053616522,2723,1752,3990
-66.27321008591,-40.401729903304,2759,130,-125
-69.776639693978,-46.555189599526,2715,72,-41
-71.977512140072,-37.437289465708,2764,461,3710
-74.268216114578,-49.025556630856,2728,4396,6289
-70.09105004342,-45.16280090914,2718,88,16
-70.809702270716,-52.259491653688,2704,321,119
-66.812199256382,-45.342463965964,NA,NA,NA
-66.632536199558,-48.576398988796,NA,NA,NA
-70.09105004342,-38.8745939203,2710,130,367
-71.258859912776,-51.271344841156,2686,260,110
-69.911386986596,-47.363673355234,2674,153,84
-65.419810565996,-41.479708244248,2760,148,-171
-73.100406245222,-45.342463965964,NA,NA,NA
-68.159672182562,-47.722999468882,2725,129,-52
-69.462229344536,-43.950075275578,2698,89,103
-65.868968208056,-48.08232558253,NA,NA,NA
-67.62068301209,-49.250135451886,NA,NA,NA
-68.339335239386,-49.025556630856,2713,165,36
-69.956302750802,-48.08232558253,2684,127,-19
-71.4385229696,-51.271344841156,2682,275,135
-66.542704671146,-47.678083704676,2731,138,-123
-66.363041614322,-47.543336412058,2736,134,-112
-70.09105004342,-45.791621608024,2710,73,22
-72.022427904278,-52.843396588366,2706,718,734
-68.74357711724,-54.505279863988,2696,589,635
-71.573270262218,-49.789124622358,2686,90,-2
-72.516501310544,-46.06111619326,2672,1762,3639
-66.857115020588,-44.03990680399,2740,140,-67
-71.528354498012,-36.673721474206,2724,428,6554
-72.33683825372,-39.09917274133,2770,668,4627
-68.833408645652,-38.739846627682,2738,141,-118
-65.060484452348,-43.905159511372,NA,NA,NA
-64.207084932434,-43.051759991458,NA,NA,NA
-66.991862313206,-44.399232917638,2735,137,-94
-70.31562886445,-39.907656497038,2712,135,543
-73.729226944106,-51.00185025592,2719,3721,5454
-63.668095761962,-40.401729903304,2766,218,-178
-72.022427904278,-43.456001869312,2681,1559,5119
-66.542704671146,-54.505279863988,2719,361,438
-65.195231744966,-43.14159151987,2758,146,-210
-70.495291921274,-47.992494054118,2672,70,-10
-68.51899829621,-49.968787679182,NA,NA,NA
-71.348691441188,-40.940719073776,2709,445,4011
-70.046134279214,-49.295051216092,2700,125,-31
-70.09105004342,-44.71364326708,2717,91,58
-72.33683825372,-43.051759991458,2708,2095,5950
-72.33683825372,-47.8577467615,2640,786,1447
-68.51899829621,-38.784762391888,2758,126,-165
-66.677451963764,-39.77290920442,2758,180,-18
-71.393607205394,-42.827181170428,2704,363,1393
-72.56141707475,-42.153444707338,NA,NA,NA
-69.911386986596,-51.945081304246,2710,152,-60
-71.66310179063,-37.033047587854,2728,598,5837
-72.696164367368,-52.079828596864,2715,894,776
-73.549563887282,-50.373029557036,2723,3697,4895
-73.639395415694,-47.004347241586,2661,5497,7863
-73.324985066252,-36.85338453103,NA,NA,NA
-69.956302750802,-51.22642907695,2704,164,-45
-67.39610419106,-43.59074916193,2740,114,-102
-72.920743188398,-38.964425448712,2774,360,1928
-67.890177597326,-53.517133051456,NA,NA,NA
-69.282566287712,-46.600105363732,2716,84,-49
-70.585123449686,-47.992494054118,2669,65,-31
-73.280069302046,-38.829678156094,2799,445,2206
-65.868968208056,-54.999353270254,NA,NA,NA
-67.39610419106,-40.716140252746,2731,145,-23
-71.573270262218,-37.482205229914,2702,732,6054
-72.606332838956,-53.517133051456,NA,NA,NA
-68.159672182562,-41.434792480042,2701,182,61
-71.618186026424,-49.42979850871,2678,71,-78
-68.51899829621,-54.056122221928,2695,329,285
-72.381754017926,-44.129738332402,2708,1860,4932
-72.56141707475,-39.413583090772,2767,507,3881
-69.911386986596,-49.699293093946,2703,168,20
-71.348691441188,-41.56953977266,2698,617,3830
-65.913883972262,-55.04426903446,NA,NA,NA
-69.282566287712,-41.075466366394,2721,130,112
-72.11225943269,-51.810334011628,2703,245,97
-69.147818995094,-52.708649295748,2730,164,-7
-66.991862313206,-46.689936892144,NA,NA,NA
-71.842764847454,-35.50591160485,2776,36,1412
-70.98936532754,-44.48906444605,2690,239,579
-70.495291921274,-50.956934491714,2699,182,-10
-70.31562886445,-45.297548201758,2709,105,59
-70.046134279214,-50.687439906478,2701,175,-27
-67.530851483678,-54.505279863988,2677,401,452
-65.195231744966,-43.770412218754,NA,NA,NA
-69.731723929772,-45.881453136436,2715,64,-12
-72.696164367368,-39.817824968626,2768,495,3034
-69.102903230888,-54.190869514546,2692,631,685
-73.190237773634,-49.609461565534,2662,2193,3211
-69.057987466682,-47.318757591028,2675,235,182
-72.830911659986,-42.69243387781,2783,1754,4756
-65.689305151232,-54.774774449224,2731,420,484
-69.507145108742,-55.49342667652,NA,NA,NA
-73.100406245222,-47.947578289912,2694,2326,3436
-70.31562886445,-51.22642907695,2704,150,-54
-69.552060872948,-49.923871914976,2708,163,-2
-71.124112620158,-40.087319553862,2716,205,2158
-63.218938119902,-40.536477195922,2767,232,-170
-68.51899829621,-47.63316794047,2710,163,39
-70.899533799128,-41.210213659012,2706,228,1836
-67.890177597326,-39.593246147596,2744,152,-72
-72.022427904278,-45.432295494376,2690,658,1621
-72.696164367368,-48.75606204562,2667,974,1817
-73.280069302046,-44.983137852316,2748,3169,5703
-71.708017554836,-48.396735931972,2658,184,284
-69.86647122239,-38.42543627824,2718,103,159
-73.055490481016,-47.049263005792,2641,2154,4391
-73.23515353784,-39.593246147596,2770,693,3906
-68.698661353034,-45.701790079612,2726,93,38
-66.946946549,-48.75606204562,NA,NA,NA
-71.393607205394,-39.638161911802,2701,508,4753
-68.563914060416,-43.411086105106,2732,77,-81
-72.516501310544,-40.44664566751,2762,986,4277
-71.483438733806,-52.933228116778,NA,NA,NA
-69.372397816124,-54.999353270254,NA,NA,NA
-63.308769648314,-41.34496095163,NA,NA,NA
-70.674954978098,-41.749202829484,2700,246,1177
-65.329979037584,-40.985634837982,2757,156,-172
-65.509642094408,-43.186507284076,2747,141,-154
-66.407957378528,-54.909521741842,2705,483,540
-67.710514540502,-49.070472395062,2746,129,-66
-72.202090961102,-36.044900775322,2770,74,1517
-67.530851483678,-40.805971781158,2720,164,-29
-69.596976637154,-54.280701042958,NA,NA,NA
-66.138462793292,-41.479708244248,2745,161,-205
-67.755430304708,-43.276338812488,2744,95,-109
-67.62068301209,-48.127241346736,2725,153,-15
-67.980009125738,-41.389876715836,2698,213,89
-71.842764847454,-44.399232917638,2687,953,3413
-71.88768061166,-44.354317153432,2685,873,3106
-71.528354498012,-38.829678156094,2695,815,6265
-66.677451963764,-41.389876715836,2713,221,-77
-67.575767247884,-43.860243747166,2739,108,-54
-66.318125850116,-40.177151082274,2758,130,-157
-68.06984065415,-40.087319553862,2734,145,-30
-69.911386986596,-52.663733531542,NA,NA,NA
-73.190237773634,-47.947578289912,2714,2004,2888
-65.105400216554,-40.356814139098,2768,148,-157
-68.653745588828,-41.928865886308,2675,233,192
-71.4385229696,-37.212710644678,2744,480,4846
-70.854618034922,-52.169660125276,2704,316,118
-69.41731358033,-38.829678156094,2719,107,-42
-68.51899829621,-42.288191999956,2696,234,77
-64.970652923936,-43.006844227252,2761,133,-208
-72.11225943269,-41.34496095163,2709,1527,6139
-70.854618034922,-44.219569860814,2699,217,465
-66.138462793292,-42.198360471544,2751,153,-191
-65.82405244385,-43.725496454548,2743,136,-139
-73.280069302046,-39.32375156236,NA,NA,NA
-66.318125850116,-42.557686585192,2754,154,-222
-68.024924889944,-45.881453136436,2723,171,-1
-69.507145108742,-43.635664926136,2698,107,126
-71.483438733806,-51.765418247422,2703,295,85
-68.024924889944,-46.465358071114,2729,149,-38
-67.890177597326,-48.845893574032,2720,174,49
-65.464726330202,-44.26448562502,2768,124,-222
-67.800346068914,-47.902662525706,2728,127,-62
-72.606332838956,-51.316260605362,2700,399,477
-64.880821395524,-43.051759991458,2769,129,-204
-74.178384586166,-46.195863485878,2717,3261,5135
-73.280069302046,-45.117885144934,2730,3013,4884
-64.072337639816,-42.108528943132,NA,NA,NA
-73.594479651488,-47.363673355234,2689,3792,5512
-67.39610419106,-48.127241346736,2730,149,-25
-69.821555458184,-40.985634837982,2699,188,469
-70.360544628656,-43.635664926136,2685,133,263
-67.710514540502,-39.278835798154,2758,130,-75
-64.207084932434,-43.051759991458,NA,NA,NA
-72.830911659986,-39.952572261244,2763,468,3152
-72.56141707475,-39.278835798154,2769,557,4085
-67.710514540502,-49.744208858152,NA,NA,NA
-65.734220915438,-42.782265406222,2757,125,-181
-71.66310179063,-53.47221728725,2696,794,915
-65.554557858614,-39.593246147596,2766,192,-167
-73.280069302046,-52.843396588366,2710,2758,3919
-71.842764847454,-38.245773221416,2708,913,6756
-66.857115020588,-44.623811738668,2733,197,-20
-66.138462793292,-48.08232558253,2750,132,-74
-74.447879171402,-46.28569501429,2745,2408,3493
-70.180881571832,-43.411086105106,2691,173,396
-70.854618034922,-39.907656497038,2723,142,1429
-65.37489480179,-42.108528943132,2760,145,-203
-72.606332838956,-40.042403789656,2767,687,3455
-67.351188426854,-55.04426903446,2679,1049,1260
-67.39610419106,-48.127241346736,2730,149,-25
-72.426669782132,-48.935725102444,2716,227,120
-69.372397816124,-54.999353270254,NA,NA,NA
-68.833408645652,-54.5951113924,2692,820,925
-73.414816594664,-41.659371301072,2785,625,1932
-73.504648123076,-49.834040386564,2618,4177,5951
-72.247006725308,-53.427301523044,2715,1016,1052
-69.462229344536,-49.250135451886,2708,166,-13
-71.303775676982,-51.67558671901,2695,354,188
-69.327482051918,-50.32811379283,2696,201,18
-72.426669782132,-38.111025928798,2764,381,2649
-70.001218515008,-54.325616807164,2709,1254,1527
-72.920743188398,-38.380520514034,2766,284,1539
-69.013071702476,-47.992494054118,2698,196,93
-68.74357711724,-54.729858685018,2697,852,1013
-70.854618034922,-48.08232558253,2656,68,8
-71.4385229696,-36.359311124764,2728,319,6603
-70.76478650651,-37.572036758326,2675,208,1863
-67.261356898442,-39.368667326566,2755,132,-102
-71.708017554836,-52.618817767336,NA,NA,NA
-68.159672182562,-45.297548201758,2725,122,-13
-69.776639693978,-46.600105363732,2713,67,-51
-65.37489480179,-40.626308724334,2755,157,-190
-71.528354498012,-41.79411859369,2709,445,2179
-73.23515353784,-37.97627863618,2770,460,3061
-68.653745588828,-50.148450736006,2726,172,-30
-74.268216114578,-49.744208858152,NA,NA,NA
-63.80284305458,-39.907656497038,2767,216,-164
-72.696164367368,-43.096675755664,2757,2086,5445
-72.651248603162,-42.063613178926,NA,NA,NA
-68.74357711724,-48.441651696178,2724,169,-2
-68.29441947518,-46.28569501429,2737,103,-100
-68.339335239386,-47.8577467615,2725,134,-13
-72.516501310544,-50.013703443388,2668,265,400
-67.890177597326,-48.666230517208,2722,144,2
-67.935093361532,-55.134100562872,2712,858,1108
-71.88768061166,-53.517133051456,NA,NA,NA
-70.809702270716,-51.091681784332,2695,212,64
-70.225797336038,-53.876459165104,NA,NA,NA
-66.587620435352,-43.635664926136,2747,123,-116
-68.563914060416,-41.255129423218,2715,118,-64
-68.429166767798,-42.782265406222,2697,206,125
-72.830911659986,-38.694930863476,2771,342,1778
-68.698661353034,-49.250135451886,2712,181,8
-70.899533799128,-45.971284664848,2692,109,150
-70.405460392862,-45.16280090914,2706,99,110
-72.157175196896,-37.482205229914,2768,450,3864
-70.405460392862,-36.089816539528,2615,257,3419
-67.530851483678,-42.46785505678,2717,193,-206
-69.64189240136,-50.77727143489,2706,183,-26
-71.752933319042,-50.193366500212,2698,80,-22
-71.528354498012,-49.789124622358,2679,111,3
-69.64189240136,-42.063613178926,2708,158,239
-72.33683825372,-43.81532798296,2713,1317,3668
-65.329979037584,-42.288191999956,2761,138,-205
-73.639395415694,-51.630670954804,2723,2995,4433
-64.790989867112,-39.683077676008,2762,219,-179
-70.944449563334,-37.931362871974,2679,328,2965
-63.12910659149,-41.210213659012,NA,NA,NA
-70.719870742304,-47.992494054118,2652,85,-27
-65.509642094408,-39.952572261244,2764,186,-173
-70.225797336038,-50.238282264418,2704,102,-69
-67.575767247884,-40.356814139098,2738,153,-59
-71.708017554836,-53.02305964519,NA,NA,NA
-72.247006725308,-50.373029557036,2692,105,164
-72.426669782132,-45.881453136436,2652,1799,3783
-72.202090961102,-52.079828596864,2684,660,786
-72.875827424192,-49.968787679182,2652,834,1167
-70.225797336038,-40.536477195922,2728,103,430
-67.306272662648,-48.486567460384,2726,161,-59
-70.225797336038,-50.956934491714,2700,183,-14
-69.686808165566,-45.83653737223,2715,69,-9
-70.001218515008,-50.1035349718,2703,157,-31
-68.923240174064,-43.006844227252,2713,106,-21
-69.057987466682,-53.92137492931,2702,344,237
-70.225797336038,-53.966290693516,NA,NA,NA
-68.06984065415,-39.862740732832,2739,144,-52
-67.755430304708,-43.186507284076,2736,128,-47
-72.381754017926,-38.515267806652,2767,410,2288
-71.303775676982,-42.557686585192,2670,524,2230
-70.585123449686,-50.597608378066,2693,159,-36
-68.024924889944,-49.160303923474,2721,166,51
-67.890177597326,-47.273841826822,2726,132,-51
-68.51899829621,-50.373029557036,NA,NA,NA
-69.776639693978,-49.564545801328,2713,114,-68
-72.606332838956,-39.638161911802,2760,629,3932
-64.611326810288,-42.91701269884,NA,NA,NA
-66.407957378528,-47.498420647852,2735,135,-108
-69.462229344536,-53.741711872486,2707,554,652
-63.668095761962,-42.198360471544,NA,NA,NA
-65.240147509172,-54.774774449224,2744,548,664
-69.956302750802,-54.460364099782,2679,2422,3136
-73.549563887282,-50.462861085448,2703,3237,4270
-68.923240174064,-42.422939292574,2689,203,162
-71.124112620158,-35.640658897468,2708,200,4989
-72.56141707475,-46.73485265635,2729,640,1277
-67.530851483678,-47.40858911944,2731,142,-91
-66.49778890694,-54.37053257137,NA,NA,NA
-69.911386986596,-39.32375156236,2725,103,166
-67.800346068914,-41.210213659012,2714,159,47
-67.081693841618,-48.711146281414,NA,NA,NA
-72.11225943269,-45.38737973017,2667,1186,2810
-71.079196855952,-49.744208858152,2697,95,-14
-70.674954978098,-51.810334011628,2706,209,-7
-68.384251003592,-39.009341212918,2755,117,-100
-72.830911659986,-43.905159511372,2746,2352,5631
-63.982506111404,-42.872096934634,NA,NA,NA
-68.923240174064,-51.810334011628,2736,139,-100
-69.282566287712,-53.02305964519,2710,251,84
-67.081693841618,-40.266982610686,2745,144,-88
-67.980009125738,-47.094178769998,2726,136,-43
-62.769780477842,-41.210213659012,NA,NA,NA
-67.485935719472,-43.051759991458,2750,116,-155
-65.82405244385,-43.770412218754,2744,137,-149
-72.471585546338,-36.85338453103,2777,151,1800
-64.970652923936,-42.647518113604,2763,139,-361
-71.169028384364,-36.898300295236,2678,251,3368
-69.057987466682,-38.8745939203,2737,110,-79
-70.31562886445,-47.094178769998,2669,133,91
-71.079196855952,-41.524624008454,2665,446,3099
-68.249503710974,-43.500917633518,2736,92,-69
-63.80284305458,-42.333107764162,2780,154,-163
-68.249503710974,-52.663733531542,NA,NA,NA
-67.261356898442,-47.722999468882,2728,147,-66
-73.953805765136,-48.621314753002,2688,4184,5613
-72.022427904278,-38.20085745721,2747,739,5310
-68.51899829621,-49.384882744504,2711,242,67
-70.899533799128,-39.593246147596,2686,217,2203
-69.282566287712,-39.503414619184,2745,94,-18
-68.653745588828,-45.477211258582,2732,86,-156
-69.41731358033,-51.45100789798,2707,146,-73
-71.573270262218,-40.716140252746,2699,798,6003
-66.946946549,-40.850887545364,2737,147,-55
-71.66310179063,-36.314395360558,2768,212,4379
-65.82405244385,-44.084822568196,2744,148,-157
-68.429166767798,-43.994991039784,2725,74,-20
-71.483438733806,-36.943216059442,2694,528,6242
-67.126609605824,-41.973781650514,2720,198,-144
-73.639395415694,-46.73485265635,2689,5134,7107
-67.710514540502,-38.8745939203,2752,151,-107
-70.98936532754,-46.914515713174,2660,158,215
-66.04863126488,-44.803474795492,2761,137,-179
-69.956302750802,-53.02305964519,2721,299,154
-74.402963407196,-47.543336412058,NA,NA,NA
-67.890177597326,-46.016200429054,2742,169,-58
-65.734220915438,-40.940719073776,2754,140,-168
-68.923240174064,-40.850887545364,2691,239,147
-70.54020768548,-50.507776849654,2690,152,-39
-68.51899829621,-47.004347241586,2719,115,-54
-69.956302750802,-52.708649295748,NA,NA,NA
-69.956302750802,-48.576398988796,2672,207,142
-73.504648123076,-52.618817767336,2720,3344,5195
-70.899533799128,-45.117885144934,2708,154,298
-65.015568688142,-40.626308724334,2766,171,-146
-72.291922489514,-43.680580690342,2716,1170,3360
-71.528354498012,-49.384882744504,2674,78,-82
-72.741080131574,-48.396735931972,2658,1641,2971
-69.057987466682,-54.37053257137,2672,1016,1278
-74.13346882196,-50.193366500212,2700,4264,6812
-69.596976637154,-49.339966980298,2710,139,-35
-65.060484452348,-44.174654096608,NA,NA,NA
-70.719870742304,-41.79411859369,2699,270,1279
-72.875827424192,-43.3661703409,2753,3079,7595
-68.923240174064,-43.006844227252,2713,106,-21
-72.067343668484,-47.543336412058,2646,510,938
-69.552060872948,-54.999353270254,2695,2471,3366
-68.29441947518,-39.144088505536,2754,128,-122
-65.464726330202,-42.602602349398,2760,132,-184
-72.291922489514,-46.689936892144,2642,991,2042
-69.911386986596,-41.165297894806,2698,163,480
-70.809702270716,-35.999985011116,2654,246,5227
-65.37489480179,-44.084822568196,2781,110,-211
-70.09105004342,-46.420442306908,2711,74,-57
-70.585123449686,-51.406092133774,2701,186,2
-67.530851483678,-46.73485265635,2736,182,-107
-70.405460392862,-42.108528943132,2713,137,485
-69.552060872948,-51.90016554004,2713,161,-27
-70.405460392862,-42.602602349398,2714,106,302
-71.618186026424,-53.651880344074,2700,1015,1209
-66.407957378528,-41.255129423218,2737,169,-191
-72.291922489514,-36.583889945794,2777,122,1781
-71.169028384364,-37.122879116266,2673,386,4524
-69.86647122239,-42.557686585192,2711,108,178
-71.842764847454,-50.417945321242,2673,140,95
-71.124112620158,-37.616952522532,2684,454,4060
-71.618186026424,-42.422939292574,2689,629,2797
-72.202090961102,-38.021194400386,2763,459,3590
-72.157175196896,-39.638161911802,2753,983,6504
-67.306272662648,-39.144088505536,2755,147,-136
-72.78599589578,-37.796615579356,2766,308,2534
-70.450376157068,-46.195863485878,2709,86,45
-66.677451963764,-48.53148322459,NA,NA,NA
-72.022427904278,-39.727993440214,2722,1009,6679
-66.04863126488,-40.22206684648,2757,159,-190
-72.56141707475,-52.618817767336,NA,NA,NA
-71.21394414857,-39.683077676008,2725,282,2817
-65.868968208056,-43.231423048282,2746,128,-171
-71.932596375866,-51.720502483216,2698,324,185
-69.1927347593,-44.71364326708,2723,74,-18
-71.079196855952,-51.22642907695,2691,234,90
-70.899533799128,-48.890809338238,2670,67,-18
-68.74357711724,-46.465358071114,2725,106,-95
-68.653745588828,-50.058619207594,2720,179,-34
-67.665598776296,-54.056122221928,2713,207,96
-73.369900830458,-46.28569501429,2688,3473,4984
-69.372397816124,-39.952572261244,2726,126,101
-70.719870742304,-45.432295494376,2704,102,151
-69.86647122239,-39.862740732832,2733,96,176
-67.800346068914,-46.375526542702,2745,122,-66
-72.247006725308,-35.011838198584,NA,NA,NA
-73.45973235887,-47.18401029841,2582,3533,5698
-67.306272662648,-54.909521741842,NA,NA,NA
-70.31562886445,-42.198360471544,2697,153,482
-69.147818995094,-43.3661703409,2735,71,34
-72.696164367368,-38.964425448712,2771,422,2653
-66.138462793292,-41.210213659012,2750,145,-140
-69.596976637154,-55.313763619696,2713,2247,3109
-65.689305151232,-43.635664926136,2746,129,-148
-71.797849083248,-44.758559031286,2667,1064,3491
-72.381754017926,-40.67122448854,2767,980,4034
-72.471585546338,-45.297548201758,2676,2055,4132
-70.495291921274,-39.368667326566,2701,208,1072
-68.339335239386,-46.555189599526,2729,133,-48
-71.528354498012,-41.749202829484,2711,464,2291
-73.190237773634,-49.834040386564,2688,1977,2718
-68.024924889944,-53.337469994632,NA,NA,NA
-66.04863126488,-41.883950122102,2747,143,-171
-63.847758818786,-40.311898374892,2766,208,-195
-68.024924889944,-47.722999468882,2732,99,-88
-72.741080131574,-42.108528943132,NA,NA,NA
-71.034281091746,-44.03990680399,2688,301,794
-71.4385229696,-37.437289465708,2680,619,5593
-73.145322009428,-38.560183570858,2758,523,2693
-71.528354498012,-43.006844227252,2711,397,1499
-68.429166767798,-53.517133051456,2724,188,15
-71.079196855952,-49.789124622358,2687,119,2
-72.067343668484,-52.753565059954,2697,876,1081
-70.630039213892,-42.108528943132,2707,134,500
-68.249503710974,-41.704287065278,2686,213,26
-66.318125850116,-43.81532798296,2746,127,-100
-70.09105004342,-44.084822568196,2683,158,319
-69.507145108742,-43.456001869312,2691,123,171
-69.911386986596,-42.827181170428,2676,171,328
-71.4385229696,-51.945081304246,2704,249,61
-70.854618034922,-45.926368900642,2695,107,172
-71.66310179063,-44.03990680399,2678,975,3417
-72.157175196896,-35.460995840644,2771,36,1392
-69.41731358033,-51.136597548538,2723,131,-87
-70.225797336038,-50.642524142272,2698,169,-30
-69.911386986596,-51.091681784332,2705,157,-51
-65.913883972262,-54.5951113924,NA,NA,NA
-64.521495281876,-42.827181170428,NA,NA,NA
-68.384251003592,-39.189004269742,2752,133,-117
-66.003715500674,-41.300045187424,2749,149,-216
-71.21394414857,-50.462861085448,2674,186,40
-69.64189240136,-46.28569501429,2709,98,72
-73.819058472518,-48.30690440356,2694,4153,5709
-65.105400216554,-42.01869741472,2779,143,-212
-67.980009125738,-41.524624008454,2702,186,37
-72.830911659986,-40.44664566751,2773,443,2160
-70.180881571832,-51.495923662186,2707,136,-79
-74.627542228226,-46.600105363732,2763,2489,3246
-66.991862313206,-43.59074916193,2741,123,-92
-67.485935719472,-54.280701042958,2695,273,213
-72.78599589578,-50.283198028624,2717,451,469
-64.835905631318,-39.862740732832,2764,196,-169
-73.280069302046,-43.860243747166,NA,NA,NA
-73.504648123076,-46.465358071114,2713,4130,6198
-72.022427904278,-46.465358071114,2735,398,720
-70.360544628656,-49.070472395062,2674,124,34
-73.729226944106,-46.645021127938,2713,5170,7094
-66.318125850116,-47.094178769998,2748,137,-102
-71.66310179063,-36.449142653176,2760,303,5437
-70.09105004342,-45.656874315406,2715,73,0
-71.079196855952,-41.300045187424,2699,267,2189
-68.608829824622,-55.49342667652,NA,NA,NA
-66.542704671146,-44.48906444605,2736,181,-82
-66.857115020588,-43.680580690342,2740,140,-115
-71.4385229696,-38.290688985622,2697,462,4148
-73.729226944106,-48.98064086665,2678,5072,7048
-68.06984065415,-45.522127022788,2731,140,62
-62.545201656812,-40.177151082274,2779,259,-147
-69.552060872948,-40.536477195922,2700,229,320
-69.102903230888,-54.505279863988,2659,1332,1755
-69.327482051918,-38.784762391888,2724,111,-77
-73.998721529342,-46.95943147738,2743,3653,4868
-65.37489480179,-43.14159151987,2751,143,-187
-71.303775676982,-36.85338453103,2707,362,5213
-71.21394414857,-46.51027383532,2752,98,-10
-69.596976637154,-39.278835798154,2730,109,36
-72.516501310544,-38.42543627824,2768,347,1931
-69.282566287712,-38.784762391888,2730,111,-48
-72.291922489514,-44.533980210256,2656,2448,5728
-65.913883972262,-48.08232558253,NA,NA,NA
-71.348691441188,-51.091681784332,2682,215,84
-72.067343668484,-42.512770820986,2674,1677,6141
-66.363041614322,-41.973781650514,2740,166,-154
-71.66310179063,-39.233920033948,2732,948,6923
-71.348691441188,-52.3493231821,2701,403,259
-73.594479651488,-38.335604749828,NA,NA,NA
-62.724864713636,-40.985634837982,2791,235,-156
-72.022427904278,-49.474714272916,2678,144,127
-69.821555458184,-45.297548201758,2713,107,46
-73.23515353784,-47.588252176264,2688,2504,4175
-70.31562886445,-41.704287065278,2698,193,683
-72.11225943269,-46.645021127938,2630,825,1775
-69.1927347593,-44.758559031286,2723,73,-43
-71.169028384364,-36.494058417382,2706,267,5104
-70.630039213892,-38.919509684506,2663,300,2265
-72.11225943269,-43.14159151987,2680,1693,5885
-68.608829824622,-46.240779250084,2723,107,-101
-71.618186026424,-39.009341212918,2681,1005,7261
-66.857115020588,-45.38737973017,NA,NA,NA
-68.51899829621,-45.522127022788,2729,106,55
-66.407957378528,-43.186507284076,2746,113,-134
-65.195231744966,-40.266982610686,2765,155,-189
-68.878324409858,-47.004347241586,2696,142,-19
-70.360544628656,-49.070472395062,2674,124,34
-71.4385229696,-37.841531343562,2695,676,5965
-70.54020768548,-46.51027383532,2706,67,6
-65.329979037584,-42.422939292574,2761,132,-195
-70.270713100244,-39.278835798154,2695,181,574
-67.755430304708,-43.545833397724,2731,114,-63
-70.046134279214,-43.186507284076,2696,125,147
-67.261356898442,-39.638161911802,2759,137,-76
-70.31562886445,-43.905159511372,2683,170,389
-69.821555458184,-42.827181170428,2704,119,207
-65.779136679644,-41.659371301072,2750,150,-170
-70.450376157068,-42.198360471544,2705,148,524
-72.516501310544,-51.855249775834,NA,NA,NA
-73.90889000093,-46.420442306908,2734,2870,3794
-62.994359298872,-40.132235318068,2765,234,-161
-67.755430304708,-44.71364326708,2730,123,136
-66.72236772797,-48.08232558253,2731,159,-80
-69.102903230888,-49.789124622358,2714,138,-81
-70.135965807626,-38.784762391888,2721,115,347
-66.902030784794,-44.354317153432,2738,133,-114
-63.713011526168,-40.716140252746,2768,210,-164
-71.66310179063,-37.07796335206,2727,604,5651
-72.78599589578,-43.006844227252,NA,NA,NA
-65.868968208056,-55.089184798666,NA,NA,NA
-68.474082532004,-50.238282264418,NA,NA,NA
-71.842764847454,-37.886447107768,2717,830,6607
-70.944449563334,-48.486567460384,2658,98,39
-69.237650523506,-49.025556630856,2710,163,21
-69.327482051918,-44.444148681844,2710,82,12
-64.656242574494,-39.593246147596,2763,217,-181
-73.190237773634,-43.950075275578,2752,2634,6228
-72.022427904278,-39.233920033948,2775,834,5429
-63.80284305458,-40.626308724334,2768,198,-221
-66.857115020588,-48.351820167766,2735,149,-105
-72.516501310544,-47.004347241586,2683,957,1973
-72.78599589578,-43.051759991458,2756,2847,7250
-70.31562886445,-53.517133051456,NA,NA,NA
-73.23515353784,-48.486567460384,2662,2883,4525
-71.124112620158,-40.850887545364,2706,254,2618
-72.920743188398,-37.52712099412,2755,265,2829
-72.247006725308,-50.238282264418,2710,84,-55
-65.82405244385,-47.139094534204,NA,NA,NA
-70.180881571832,-41.030550602188,2702,136,583
-67.081693841618,-41.479708244248,2696,239,67
-68.51899829621,-54.460364099782,2661,858,1067
-64.072337639816,-40.356814139098,2766,222,-148
-68.339335239386,-45.656874315406,2725,131,70
-72.426669782132,-44.48906444605,2686,2724,5628
-67.935093361532,-39.09917274133,2754,135,-114
-70.450376157068,-53.337469994632,2751,308,-3
-73.639395415694,-46.150947721672,NA,NA,NA
-63.57826423355,-40.132235318068,2766,222,-168
-69.237650523506,-50.822187199096,2729,161,-98
-67.890177597326,-45.38737973017,2732,136,-15
-63.623179997756,-41.075466366394,2796,206,-148
-70.809702270716,-47.588252176264,2664,73,-28
-72.381754017926,-49.789124622358,2686,143,106
-68.923240174064,-42.961928463046,2720,87,-78
-73.594479651488,-49.339966980298,2661,3720,5274
-68.923240174064,-52.12474436107,2731,162,-64
-64.566411046082,-40.44664566751,2762,198,-158
-69.013071702476,-53.02305964519,2711,235,41
-71.977512140072,-46.06111619326,2648,853,2112
-73.055490481016,-51.091681784332,2722,1430,1679
-65.240147509172,-44.03990680399,2800,90,-277
-67.441019955266,-44.48906444605,2738,128,-88
-72.381754017926,-50.912018727508,2681,261,273
-67.17152537003,-43.950075275578,2743,117,-122
-71.393607205394,-35.95506924691,2753,173,5129
-72.022427904278,-51.67558671901,2694,339,247
-68.51899829621,-40.805971781158,2716,142,-65
-70.585123449686,-52.034912832658,2706,245,25
-69.64189240136,-45.38737973017,2708,114,98
-68.429166767798,-42.69243387781,2692,181,21
-68.339335239386,-43.3661703409,2736,99,-120
-72.830911659986,-50.193366500212,2714,702,916
-72.875827424192,-41.56953977266,NA,NA,NA
-66.003715500674,-39.638161911802,2761,172,-191
-68.563914060416,-53.966290693516,2702,262,210
-70.899533799128,-50.148450736006,2680,185,10
-66.407957378528,-43.096675755664,2747,117,-125
-67.935093361532,-45.522127022788,2725,175,104
-71.393607205394,-52.3493231821,2699,427,229
-69.282566287712,-55.134100562872,2675,1926,2627
-73.414816594664,-48.217072875148,2696,3601,5115
-63.039275063078,-40.89580330957,2780,241,-162
-71.977512140072,-36.089816539528,2776,73,1785
-68.878324409858,-49.384882744504,2713,194,-32
-71.708017554836,-36.449142653176,2763,279,4872
-65.285063273378,-44.129738332402,2796,91,-238
-74.223300350372,-46.824684184762,2756,2892,3384
-69.282566287712,-50.283198028624,2695,202,29
-70.630039213892,-53.92137492931,2733,556,492
-67.84526183312,-39.817824968626,2744,143,-76
-63.533348469344,-40.087319553862,2766,223,-166
-70.809702270716,-44.623811738668,2697,207,453
-72.830911659986,-41.389876715836,2782,1378,3919
-66.767283492176,-42.24327623575,2730,199,-64
-71.348691441188,-53.69679610828,2688,931,991
-68.29441947518,-46.600105363732,2730,130,-62
-70.270713100244,-42.333107764162,2706,124,360
-66.138462793292,-54.460364099782,NA,NA,NA
-71.752933319042,-43.096675755664,2670,958,3622
-72.920743188398,-47.543336412058,2669,1810,3330
-68.653745588828,-45.252632437552,2726,95,-15
-64.611326810288,-42.69243387781,NA,NA,NA
-73.369900830458,-51.00185025592,2700,3392,4439
-70.225797336038,-42.557686585192,2689,132,291
-64.521495281876,-40.761056016952,2777,206,-118
-72.426669782132,-47.18401029841,2704,631,1242
-65.285063273378,-41.255129423218,2759,158,-171
-73.324985066252,-47.139094534204,2676,3026,5314
-71.573270262218,-46.465358071114,2763,154,132
-68.698661353034,-40.850887545364,2701,182,-44
-67.530851483678,-48.217072875148,2726,150,-33
-71.258859912776,-47.453504883646,2682,90,54
-69.911386986596,-41.479708244248,2701,148,361
-70.585123449686,-43.006844227252,2707,123,308
-70.09105004342,-42.602602349398,2713,92,194
-67.84526183312,-54.684942920812,2667,652,799
-66.318125850116,-41.749202829484,2735,197,-170
-73.23515353784,-36.673721474206,NA,NA,NA
-66.407957378528,-43.186507284076,2746,113,-134
-68.923240174064,-49.42979850871,2716,171,-57
-72.381754017926,-49.968787679182,2683,148,154
-71.842764847454,-35.371164312232,2774,34,1592
-72.381754017926,-53.157806937808,2713,1121,1098
-68.923240174064,-53.47221728725,2702,358,263
-70.944449563334,-49.609461565534,2698,84,-48
-68.51899829621,-42.24327623575,2674,271,170
-69.507145108742,-48.53148322459,2704,202,117
-70.585123449686,-38.8745939203,2679,238,1592
-68.384251003592,-40.761056016952,2718,150,-59
-72.381754017926,-45.38737973017,2689,1766,3556
-71.483438733806,-38.155941693004,2702,473,4244
-68.653745588828,-40.805971781158,2716,147,-61
-66.632536199558,-45.16280090914,2780,146,-128
-66.452873142734,-39.862740732832,2755,155,-131
-67.351188426854,-54.011206457722,NA,NA,NA
-71.4385229696,-48.396735931972,2647,167,249
-70.046134279214,-51.945081304246,2709,152,-68
-72.426669782132,-38.515267806652,2767,386,2160
-72.651248603162,-36.718637238412,2773,156,2034
-68.653745588828,-47.004347241586,2713,130,14
-68.96815593827,-43.950075275578,2721,59,56
-69.507145108742,-48.845893574032,2708,141,17
-67.351188426854,-48.127241346736,2729,147,-44
-68.384251003592,-42.198360471544,2682,241,60
-70.944449563334,-41.659371301072,2670,351,2100
-69.462229344536,-43.500917633518,2692,127,134
-68.159672182562,-41.300045187424,2703,187,57
-72.067343668484,-52.843396588366,2708,697,659
-71.977512140072,-52.259491653688,2675,701,818
-68.878324409858,-41.479708244248,2706,153,33
-67.575767247884,-48.666230517208,2725,156,-15
-69.462229344536,-48.08232558253,2682,228,153
-71.303775676982,-38.739846627682,2679,479,4409
-72.067343668484,-50.373029557036,2682,116,136
-72.022427904278,-36.449142653176,2774,151,2682
-67.17152537003,-44.354317153432,2735,147,-39
-67.980009125738,-48.75606204562,2719,156,35
-68.429166767798,-43.770412218754,2728,73,-12
-71.348691441188,-48.935725102444,2692,71,-117
-74.447879171402,-47.678083704676,2743,4179,5510
-72.875827424192,-45.342463965964,2688,3720,6584
-69.372397816124,-54.729858685018,2666,1978,2546
-72.830911659986,-53.292554230426,2702,2665,3344
-69.462229344536,-51.45100789798,2706,146,-68
-71.4385229696,-42.557686585192,2698,412,1900
-73.45973235887,-49.609461565534,2634,3261,4695
-67.081693841618,-40.805971781158,2734,148,-43
-66.632536199558,-39.99748802545,2758,133,-104
-70.630039213892,-48.711146281414,2662,87,40
-69.731723929772,-46.824684184762,2696,80,10
-65.644389387026,-45.072969380728,NA,NA,NA
-66.003715500674,-43.456001869312,2751,114,-124
-64.521495281876,-43.276338812488,NA,NA,NA
-67.261356898442,-43.096675755664,2749,101,-104
-65.958799736468,-47.678083704676,2742,158,-119
-72.78599589578,-46.465358071114,2699,1473,3324
-70.54020768548,-38.155941693004,2692,174,1152
-71.618186026424,-43.276338812488,2693,641,2511
-69.013071702476,-51.316260605362,NA,NA,NA
-69.462229344536,-51.271344841156,2713,142,-56
-73.45973235887,-40.536477195922,2770,458,2277
-69.686808165566,-39.458498854978,2725,111,104
-69.956302750802,-39.458498854978,2722,114,226
-67.980009125738,-46.600105363732,2730,161,-72
-71.21394414857,-39.907656497038,2718,257,2763
-71.4385229696,-44.93822208811,2695,318,769
-65.913883972262,-44.578895974462,2755,148,-177
-71.169028384364,-39.189004269742,2664,400,3915
-69.372397816124,-51.00185025592,2734,141,-117
-73.01057471681,-42.872096934634,NA,NA,NA
-68.74357711724,-55.134100562872,2678,946,1089
-67.890177597326,-39.278835798154,2752,146,-97
-64.431663753464,-40.940719073776,NA,NA,NA
-75.121615634492,-46.779768420556,NA,NA,NA
-72.157175196896,-40.266982610686,2751,868,4523
-72.157175196896,-41.34496095163,2723,1456,5617
-69.102903230888,-45.567042786994,2728,83,16
-66.72236772797,-40.850887545364,2736,162,-115
-73.190237773634,-41.479708244248,2780,722,2019
-73.190237773634,-52.528986238924,2720,2435,2971
-70.809702270716,-35.685574661674,2635,223,4707
-72.33683825372,-38.8745939203,2769,573,3714
-68.204587946768,-47.004347241586,2723,130,-38
-71.348691441188,-48.08232558253,2655,102,127
-69.552060872948,-39.233920033948,2730,113,29
-72.247006725308,-49.968787679182,2692,88,15
-71.079196855952,-41.524624008454,2665,446,3099
-74.537710699814,-46.420442306908,2724,3563,4815
-71.393607205394,-36.269479596352,2728,270,6449
-68.29441947518,-42.961928463046,2708,191,-18
-69.596976637154,-39.233920033948,2730,114,47
-70.046134279214,-54.235785278752,NA,NA,NA
-68.339335239386,-38.919509684506,2758,114,-148
-68.608829824622,-42.602602349398,2699,168,-4
-73.100406245222,-40.087319553862,2759,457,2998
-65.644389387026,-40.850887545364,2754,138,-178
-68.788492881446,-44.084822568196,2720,65,45
-71.797849083248,-52.57390200313,NA,NA,NA
-63.443516940932,-40.311898374892,2767,226,-172
-70.001218515008,-44.174654096608,2687,145,217
-65.644389387026,-43.231423048282,2748,134,-170
-70.046134279214,-55.134100562872,NA,NA,NA
-70.585123449686,-41.749202829484,2704,200,912
-70.854618034922,-46.95943147738,2670,105,97
-62.590117421018,-40.491561431716,2771,237,-156
-68.878324409858,-55.26884785549,2694,1017,1297
-67.081693841618,-40.89580330957,2725,159,-62
-66.902030784794,-41.79411859369,2729,187,-155
-69.102903230888,-39.413583090772,2755,98,-56
-66.677451963764,-40.761056016952,2744,152,-86
-72.830911659986,-51.136597548538,2681,1328,1930
-65.779136679644,-39.458498854978,2765,188,-184
-72.651248603162,-52.663733531542,NA,NA,NA
-68.833408645652,-43.006844227252,2721,89,-120
-67.17152537003,-41.749202829484,2725,164,-132
-73.324985066252,-46.555189599526,2683,3883,6973
-73.45973235887,-38.739846627682,NA,NA,NA
-68.204587946768,-53.741711872486,2718,178,1
-67.62068301209,-40.356814139098,2738,154,-54
-74.35804764299,-47.722999468882,2713,4748,6199
-69.911386986596,-52.259491653688,2713,212,19
-70.76478650651,-54.011206457722,2714,958,1080
-68.474082532004,-48.666230517208,2721,134,-27
-65.689305151232,-43.994991039784,2750,142,-175
-66.138462793292,-44.893306323904,2774,119,-192
-66.946946549,-43.905159511372,2739,143,-99
-71.528354498012,-46.869599948968,2650,286,559
-72.965658952604,-52.439154710512,2682,2566,3371
-64.47657951767,-40.805971781158,2777,212,-124
-73.549563887282,-50.193366500212,2616,4585,6378
-67.261356898442,-39.413583090772,2755,131,-110
-73.145322009428,-38.42543627824,2766,380,2111
-67.980009125738,-39.727993440214,2744,133,-84
-70.854618034922,-35.95506924691,2660,235,5104
-66.183378557498,-39.907656497038,2759,158,-168
-73.6843111799,-40.67122448854,2770,1009,4595
-70.225797336038,-40.940719073776,2720,108,482
-71.303775676982,-35.550827369056,2765,119,4125
-71.618186026424,-39.144088505536,2694,1051,7948
-69.41731358033,-39.77290920442,2736,101,47
-68.788492881446,-53.651880344074,2702,412,341
-68.608829824622,-54.14595375034,2691,479,502
-65.958799736468,-48.08232558253,2760,122,-70
-66.72236772797,-42.961928463046,2754,101,-99
-69.237650523506,-52.169660125276,2725,162,-91
-68.159672182562,-40.850887545364,2720,152,-40
-63.308769648314,-40.581392960128,2768,231,-169
-71.797849083248,-49.20521968768,2657,144,82
-70.270713100244,-38.560183570858,2724,114,494
-71.169028384364,-48.217072875148,2646,84,6
-66.27321008591,-39.189004269742,2764,161,-178
-71.034281091746,-53.876459165104,NA,NA,NA
-70.98936532754,-43.635664926136,2689,228,557
-68.653745588828,-44.668727502874,2707,120,56
-73.190237773634,-38.245773221416,2764,409,2461
-64.7011583387,-42.782265406222,NA,NA,NA
-66.452873142734,-42.512770820986,2747,163,-250
-73.863974236724,-48.217072875148,2710,4583,6108
-71.842764847454,-45.028053616522,2700,714,2167
-66.27321008591,-43.770412218754,2742,143,-128
-69.64189240136,-46.06111619326,2715,65,-22
-67.216441134236,-40.89580330957,2732,148,-48
-72.965658952604,-48.890809338238,2723,1342,2152
-69.86647122239,-48.127241346736,2684,136,23
-68.923240174064,-44.444148681844,2725,67,31
-71.797849083248,-43.456001869312,2679,1045,3665
-70.630039213892,-39.278835798154,2694,239,1518
-68.698661353034,-55.583258204932,NA,NA,NA
-66.857115020588,-48.576398988796,NA,NA,NA
-71.932596375866,-44.174654096608,2693,963,3137
-71.348691441188,-43.950075275578,2686,441,1482
-70.450376157068,-52.79848082416,NA,NA,NA
-73.549563887282,-50.597608378066,2722,3692,4849
-71.258859912776,-36.089816539528,2711,235,5705
-71.977512140072,-42.063613178926,2702,1126,4838
-69.327482051918,-48.53148322459,2711,202,110
-71.034281091746,-48.351820167766,2651,85,50
-66.138462793292,-55.089184798666,NA,NA,NA
-69.147818995094,-50.148450736006,2711,121,-27
-69.821555458184,-52.57390200313,NA,NA,NA
-71.483438733806,-51.22642907695,2679,267,164
-65.734220915438,-41.030550602188,2755,143,-146
-73.100406245222,-51.585755190598,2716,1787,2259
-66.587620435352,-44.219569860814,2738,156,-57
-69.41731358033,-50.283198028624,2696,183,11
-68.833408645652,-50.013703443388,2718,148,-52
-70.585123449686,-50.238282264418,2696,107,-59
-68.698661353034,-47.588252176264,2699,161,43
-65.644389387026,-54.999353270254,NA,NA,NA
-69.102903230888,-48.127241346736,2704,173,62
-73.6843111799,-37.52712099412,NA,NA,NA
-72.696164367368,-48.172157110942,2656,1103,1929
-68.51899829621,-54.056122221928,2695,329,285
-71.124112620158,-38.919509684506,2712,261,2305
-73.055490481016,-44.03990680399,2731,3252,7238
-65.913883972262,-41.839034357896,2747,158,-164
-71.842764847454,-45.252632437552,2689,567,1641
-69.686808165566,-41.973781650514,2697,182,355
-72.875827424192,-47.812830997294,2666,1739,2829
-66.27321008591,-39.593246147596,2760,161,-176
-68.788492881446,-46.375526542702,2721,117,-41
-70.674954978098,-47.498420647852,2674,72,-56
-69.282566287712,-52.304407417894,NA,NA,NA
-69.552060872948,-49.42979850871,2712,120,-70
-70.001218515008,-43.860243747166,2692,104,171
-67.351188426854,-41.524624008454,2702,196,3
-71.258859912776,-41.659371301072,2694,496,3036
-70.674954978098,-46.600105363732,2705,57,5
-72.291922489514,-37.75169981515,2772,283,2398
-69.911386986596,-49.65437732974,2706,144,0
-67.800346068914,-46.240779250084,2748,129,-75
-70.630039213892,-46.06111619326,2702,89,88
-70.809702270716,-49.160303923474,2674,110,-5
-71.079196855952,-47.363673355234,2687,83,-22
-66.04863126488,-43.186507284076,2747,120,-168
-70.450376157068,-35.820321954292,2627,220,3778
-68.653745588828,-41.928865886308,2675,233,192
-66.587620435352,-43.635664926136,2747,123,-116
-70.31562886445,-45.297548201758,2709,105,59
-72.516501310544,-52.978143880984,2694,1880,2296
-72.381754017926,-52.484070474718,2719,688,685
-70.944449563334,-35.73049042588,2715,189,4403
-72.426669782132,-51.720502483216,2706,367,300
-69.911386986596,-52.753565059954,NA,NA,NA
-72.78599589578,-39.727993440214,2768,498,3213
-66.542704671146,-47.318757591028,2735,135,-112
-70.585123449686,-53.92137492931,2735,579,537
-70.135965807626,-39.09917274133,2705,162,520
-72.965658952604,-41.839034357896,NA,NA,NA
-67.530851483678,-54.235785278752,2691,326,326
-68.51899829621,-41.883950122102,2686,200,170
-68.06984065415,-49.295051216092,2713,223,70
-69.731723929772,-41.973781650514,2698,181,350
-71.124112620158,-42.602602349398,2685,317,1201
-69.596976637154,-47.318757591028,2680,136,47
-72.875827424192,-48.98064086665,2693,1248,2105
-73.594479651488,-38.784762391888,NA,NA,NA
-70.944449563334,-37.347457937296,2706,215,2115
-72.696164367368,-40.536477195922,2773,691,3076
-68.114756418356,-49.42979850871,2727,149,-38
-67.755430304708,-38.964425448712,2755,123,-100
-65.554557858614,-40.626308724334,2755,145,-183
-68.923240174064,-39.683077676008,2741,116,-30
-71.079196855952,-38.021194400386,2662,355,3320
-69.013071702476,-40.22206684648,2713,167,24
-72.067343668484,-43.411086105106,2704,1263,4343
-71.88768061166,-38.380520514034,2742,818,5522
-70.31562886445,-44.129738332402,2703,142,298
-71.079196855952,-48.172157110942,2647,77,14
-65.59947362282,-43.725496454548,2752,130,-156
-68.429166767798,-54.37053257137,2677,505,606
-72.426669782132,-43.096675755664,2746,1539,4372
-72.696164367368,-46.106031957466,2649,2115,4177
-71.034281091746,-38.42543627824,2678,348,3493
-66.363041614322,-41.614455536866,2741,161,-187
-71.66310179063,-39.593246147596,2683,988,7946
-72.426669782132,-39.54833038339,2767,495,3443
-71.079196855952,-50.687439906478,2691,184,7
-66.587620435352,-43.994991039784,2745,126,-161
-72.516501310544,-51.495923662186,2690,501,637
-73.055490481016,-49.339966980298,2645,2069,3172
-72.426669782132,-39.54833038339,2767,495,3443
-71.708017554836,-40.716140252746,2741,570,3659
-63.892674582992,-41.030550602188,2790,235,-152
-72.157175196896,-38.335604749828,2760,566,3513
-69.552060872948,-40.761056016952,2710,176,168
-72.067343668484,-45.38737973017,2687,827,2056
-69.102903230888,-42.153444707338,2692,212,221
-70.54020768548,-41.34496095163,2684,211,1219
-70.225797336038,-46.28569501429,2711,76,-7
-72.426669782132,-39.458498854978,2763,583,4284
-68.653745588828,-45.567042786994,2731,84,-157
-72.291922489514,-35.640658897468,2775,48,1380
-71.124112620158,-40.89580330957,2686,328,3330
-73.055490481016,-48.890809338238,2724,1756,2565
-68.878324409858,-49.250135451886,2708,189,-2
-71.977512140072,-38.111025928798,2745,750,5719
-71.483438733806,-53.47221728725,2684,968,1159
-71.66310179063,-52.933228116778,NA,NA,NA
-65.868968208056,-45.028053616522,NA,NA,NA
-71.169028384364,-43.14159151987,2699,283,860
-70.225797336038,-40.536477195922,2728,103,430
-69.956302750802,-49.115388159268,2685,171,-15
-66.857115020588,-40.356814139098,2745,147,-92
-67.710514540502,-40.626308724334,2728,155,-28
-72.291922489514,-44.084822568196,2706,1495,4149
-72.022427904278,-35.326248548026,2769,27,1117
-70.585123449686,-40.087319553862,2706,172,1287
-69.1927347593,-54.774774449224,2608,2273,2934
-72.291922489514,-53.067975409396,NA,NA,NA
-72.696164367368,-38.42543627824,2768,352,1874
-73.190237773634,-50.148450736006,2709,1888,2525
-72.381754017926,-42.01869741472,2713,2448,7667
-66.183378557498,-54.460364099782,NA,NA,NA
-72.696164367368,-39.907656497038,2769,500,3059
-64.25200069664,-42.602602349398,NA,NA,NA
-66.003715500674,-41.614455536866,2751,150,-176
-69.821555458184,-49.564545801328,2713,115,-64
-68.653745588828,-40.042403789656,2722,153,-21
-64.386747989258,-42.647518113604,NA,NA,NA
-72.78599589578,-42.872096934634,2767,2073,5297
-71.573270262218,-51.720502483216,2700,337,142
-68.563914060416,-52.663733531542,NA,NA,NA
-68.06984065415,-40.266982610686,2726,150,-64
-70.54020768548,-41.614455536866,2711,151,688
-69.911386986596,-48.441651696178,2684,143,3
-69.462229344536,-47.588252176264,2676,164,104
-69.821555458184,-53.562048815662,NA,NA,NA
-66.452873142734,-42.01869741472,2736,163,-159
-70.854618034922,-52.169660125276,2704,316,118
-72.516501310544,-49.160303923474,2678,312,553
-71.528354498012,-53.427301523044,2678,980,1242
-68.563914060416,-47.588252176264,2707,157,34
-73.23515353784,-38.964425448712,2793,500,2544
-68.74357711724,-43.006844227252,2722,100,-41
-68.878324409858,-43.905159511372,2725,62,41
-68.96815593827,-53.337469994632,2718,209,41
-69.282566287712,-41.973781650514,2678,218,313
-66.27321008591,-44.444148681844,2739,166,-143
-69.013071702476,-53.606964579868,2699,449,436
-70.495291921274,-44.71364326708,2711,94,139
-67.485935719472,-44.803474795492,2733,131,-25
-69.731723929772,-42.422939292574,2707,113,176
-69.507145108742,-40.22206684648,2711,172,220
-70.31562886445,-50.956934491714,2700,178,-25
-69.686808165566,-41.524624008454,2698,134,235
-72.291922489514,-53.382385758838,2699,1192,1390
-68.29441947518,-42.333107764162,2701,220,17
-70.135965807626,-40.536477195922,2721,137,540
-70.719870742304,-43.456001869312,2684,222,583
-66.318125850116,-47.18401029841,2745,130,-96
-68.384251003592,-41.839034357896,2682,212,133
-73.145322009428,-49.250135451886,2618,2089,3114
-65.82405244385,-42.01869741472,2754,137,-181
-65.82405244385,-41.749202829484,2748,162,-169
-70.76478650651,-46.869599948968,2681,80,72
-64.431663753464,-43.051759991458,2806,121,-318
-71.393607205394,-47.588252176264,2676,104,122
-70.899533799128,-36.583889945794,2664,222,3348
-71.528354498012,-38.20085745721,2674,528,4555
-68.96815593827,-54.14595375034,2684,777,953
-73.145322009428,-39.503414619184,2763,689,3824
-73.369900830458,-37.07796335206,NA,NA,NA
-69.64189240136,-42.288191999956,2717,99,52
-67.39610419106,-43.14159151987,2749,102,-112
-69.596976637154,-39.458498854978,2727,108,54
-66.902030784794,-42.198360471544,2739,163,-88
-64.656242574494,-40.042403789656,2766,196,-163
-73.729226944106,-50.417945321242,2697,4504,6274
-72.920743188398,-41.165297894806,2786,762,2192
-64.431663753464,-40.850887545364,2780,211,-141
-68.51899829621,-41.255129423218,2710,135,-42
-73.324985066252,-36.943216059442,NA,NA,NA
-69.102903230888,-46.600105363732,2719,90,-47
-71.21394414857,-38.335604749828,2685,478,4838
-72.830911659986,-53.24763846622,2689,2394,3041
-72.606332838956,-44.893306323904,2730,1499,3306
-72.696164367368,-45.567042786994,2683,2686,5056
-72.067343668484,-40.177151082274,2744,1008,5229
-70.630039213892,-39.907656497038,2698,197,1591
-69.013071702476,-48.576398988796,2727,156,-33
-69.327482051918,-47.588252176264,2682,147,56
-70.135965807626,-48.351820167766,2667,155,61
-69.057987466682,-42.288191999956,2687,210,296
-70.944449563334,-36.85338453103,2672,227,3162
-69.057987466682,-44.803474795492,2720,68,-9
-70.944449563334,-50.956934491714,2695,181,3
-75.346194455522,-46.73485265635,NA,NA,NA
-69.013071702476,-47.588252176264,2685,183,123
-74.35804764299,-46.016200429054,2715,3070,4864
-67.351188426854,-47.318757591028,2732,157,-88
-72.830911659986,-37.122879116266,2770,212,2375
-67.980009125738,-41.075466366394,2713,155,-23
-72.067343668484,-52.528986238924,NA,NA,NA
-69.327482051918,-44.174654096608,2706,73,19
-67.935093361532,-46.150947721672,2744,131,-96
-66.04863126488,-39.952572261244,2762,157,-174
-66.407957378528,-48.441651696178,NA,NA,NA
-73.23515353784,-52.843396588366,2696,2968,4313
-66.902030784794,-44.533980210256,2740,142,-67
-68.114756418356,-39.727993440214,2740,138,-56
-74.088553057754,-51.046766020126,2705,4631,7571
-72.830911659986,-48.576398988796,2705,1274,2327
-67.39610419106,-45.16280090914,2728,185,94
-67.710514540502,-46.28569501429,2758,115,-131
-69.462229344536,-54.235785278752,2693,1134,1446
-66.138462793292,-41.075466366394,2747,152,-194
-69.776639693978,-42.333107764162,2699,139,285
-69.237650523506,-54.909521741842,2674,1749,2314
-71.124112620158,-36.808468766824,2684,293,4457
-71.618186026424,-37.033047587854,2714,618,6184
-65.285063273378,-54.81969021343,2738,700,853
-67.351188426854,-53.831543400898,NA,NA,NA
-71.21394414857,-46.779768420556,2656,183,328
-62.90452777046,-40.850887545364,2777,237,-173
-72.157175196896,-47.588252176264,2639,583,1089
-71.573270262218,-41.389876715836,2709,656,4037
-63.892674582992,-42.24327623575,2784,148,-161
-71.797849083248,-35.865237718498,2776,53,1641
-72.157175196896,-36.673721474206,2776,181,2632
-70.674954978098,-36.134732303734,2635,243,4296
-65.464726330202,-54.954437506048,NA,NA,NA
-72.696164367368,-37.167794880472,2774,203,2054
-69.956302750802,-53.786627636692,2732,597,705
-70.944449563334,-51.540839426392,2701,240,71
-68.923240174064,-41.973781650514,2686,217,205
-65.464726330202,-43.051759991458,2755,125,-178
-68.833408645652,-46.06111619326,2715,127,76
-72.33683825372,-35.28133278382,2811,42,1853
-65.240147509172,-40.581392960128,2757,159,-186
-68.024924889944,-42.782265406222,2708,205,-56
-73.6843111799,-52.528986238924,NA,NA,NA
-73.414816594664,-38.65001509927,2809,579,3343
-71.66310179063,-41.255129423218,2724,589,3511
-68.833408645652,-49.115388159268,2716,146,-65
-70.944449563334,-42.782265406222,2691,268,878
-71.258859912776,-45.701790079612,2685,223,504
-70.180881571832,-43.231423048282,2705,143,314
-73.100406245222,-41.79411859369,NA,NA,NA
-68.29441947518,-49.115388159268,2713,165,14
-71.573270262218,-53.741711872486,2704,989,1111
-71.124112620158,-50.956934491714,2690,212,52
-72.965658952604,-51.271344841156,2692,1589,2146
-69.731723929772,-47.139094534204,2683,109,20
-68.024924889944,-46.73485265635,2732,147,-84
-67.62068301209,-39.458498854978,2754,147,-102
-71.303775676982,-36.718637238412,2736,252,4131
-67.890177597326,-46.73485265635,2732,160,-86
-72.247006725308,-46.73485265635,2692,665,1491
-73.549563887282,-49.070472395062,2642,4576,6569
-69.147818995094,-47.902662525706,2685,199,122
-72.875827424192,-40.761056016952,2773,548,2137
-73.729226944106,-49.474714272916,2679,4582,6382
-70.585123449686,-44.848390559698,2709,103,179
-71.932596375866,-52.753565059954,2699,601,573
-67.261356898442,-41.389876715836,2706,197,32
-66.587620435352,-40.626308724334,2747,142,-91
-67.84526183312,-42.288191999956,2708,180,-106
-71.797849083248,-45.38737973017,2668,758,2173
-73.863974236724,-47.498420647852,2705,4272,5658
-71.21394414857,-35.550827369056,2761,136,4251
-70.225797336038,-51.00185025592,2701,171,-29
-71.752933319042,-40.716140252746,2724,637,4040
-69.821555458184,-39.503414619184,2723,108,150
-73.504648123076,-48.98064086665,2631,4571,6490
-66.72236772797,-41.614455536866,2719,223,-123
-63.398601176726,-41.255129423218,NA,NA,NA
-70.046134279214,-38.42543627824,2721,97,202
-65.59947362282,-42.198360471544,2760,139,-220
-71.079196855952,-44.803474795492,2677,360,1000
-67.261356898442,-43.321254576694,2743,100,-116
-69.147818995094,-53.69679610828,2694,582,636
-74.043637293548,-47.453504883646,2701,4741,6131
-70.360544628656,-38.335604749828,2678,199,1241
-70.944449563334,-45.028053616522,2707,167,304
-72.651248603162,-36.943216059442,2770,207,2258
-71.21394414857,-48.98064086665,2690,70,-77
-66.677451963764,-47.992494054118,2731,155,-82
-73.639395415694,-48.800977809826,2657,4729,6590
-71.618186026424,-53.606964579868,2683,1167,1460
-74.13346882196,-49.789124622358,2705,4907,7267
-70.585123449686,-42.961928463046,2710,120,305
-71.348691441188,-39.54833038339,2715,423,4030
-71.752933319042,-37.167794880472,2738,613,5390
-69.596976637154,-43.725496454548,2711,84,75
-66.003715500674,-43.231423048282,2747,121,-169
-70.270713100244,-45.791621608024,2709,75,31
-67.665598776296,-49.160303923474,2753,139,-16
-68.29441947518,-48.127241346736,2725,124,-13
-73.819058472518,-51.181513312744,2712,3769,5809
-66.632536199558,-40.087319553862,2753,140,-132
-70.585123449686,-41.210213659012,2691,216,1368
-70.944449563334,-41.210213659012,2701,251,2058
-72.56141707475,-36.17964806794,2782,79,1530
-69.731723929772,-40.491561431716,2700,213,438
-73.23515353784,-48.486567460384,2662,2883,4525
-73.774142708312,-48.800977809826,2683,5177,7145
-71.079196855952,-42.01869741472,2668,361,1960
-71.034281091746,-45.6119585512,2695,149,318
-70.899533799128,-44.084822568196,2690,230,494
-69.41731358033,-39.458498854978,2735,104,45
-69.776639693978,-39.278835798154,2727,109,110
-70.585123449686,-52.79848082416,NA,NA,NA
-67.980009125738,-44.71364326708,2724,124,-4
-70.31562886445,-44.444148681844,2711,100,68
-64.92573715973,-41.704287065278,NA,NA,NA
-70.001218515008,-51.046766020126,2703,169,-27
-68.96815593827,-45.881453136436,2720,86,21
-73.055490481016,-52.933228116778,2686,3731,5365
-72.516501310544,-37.706784050944,2778,212,1855
-69.776639693978,-41.165297894806,2697,181,453
-72.426669782132,-50.822187199096,2670,308,343
-67.216441134236,-41.79411859369,2730,144,-184
-72.291922489514,-40.716140252746,2728,1309,5631
-71.66310179063,-49.65437732974,2694,76,-17
-69.1927347593,-47.722999468882,2683,170,80
-70.001218515008,-45.297548201758,2718,88,-3
-70.046134279214,-43.276338812488,2700,135,225
-72.696164367368,-52.978143880984,2684,2587,3256
-68.429166767798,-42.961928463046,2692,217,131
-70.180881571832,-38.066110164592,2707,114,311
-73.639395415694,-46.600105363732,2693,5115,7292
-71.842764847454,-48.621314753002,2631,266,337
-70.76478650651,-46.645021127938,2698,63,17
-66.27321008591,-41.165297894806,2748,151,-160
-66.318125850116,-39.32375156236,2761,170,-169
-67.84526183312,-40.311898374892,2731,157,-52
-73.369900830458,-40.89580330957,2763,490,2037
-66.183378557498,-47.18401029841,2747,138,-106
-71.66310179063,-39.638161911802,2693,958,7762
-70.225797336038,-39.54833038339,2721,117,322
-67.665598776296,-47.947578289912,2729,133,-71
-66.452873142734,-41.030550602188,2741,162,-151
-69.462229344536,-42.557686585192,2713,89,12
-73.23515353784,-51.361176369568,2711,2258,2960
-69.147818995094,-45.297548201758,2728,74,-168
-63.937590347198,-39.817824968626,2768,205,-180
-68.51899829621,-42.827181170428,2705,182,77
-70.495291921274,-44.668727502874,2712,95,146
-72.426669782132,-39.09917274133,2773,545,3905
-67.39610419106,-45.926368900642,NA,NA,NA
-72.291922489514,-46.95943147738,2668,836,1368
-65.958799736468,-42.46785505678,2757,139,-222
-63.937590347198,-42.557686585192,2782,145,-157
-68.429166767798,-53.112891173602,NA,NA,NA
-71.21394414857,-51.855249775834,2708,203,-23
-71.079196855952,-48.621314753002,2660,122,89
-66.04863126488,-45.028053616522,NA,NA,NA
-66.991862313206,-47.722999468882,2730,144,-86
-67.755430304708,-48.890809338238,2725,189,51
-71.797849083248,-53.202722702014,NA,NA,NA
-73.145322009428,-51.22642907695,2679,3011,4194
-70.719870742304,-48.666230517208,2660,79,-4
-65.82405244385,-47.588252176264,2758,131,-150
-64.072337639816,-40.401729903304,2766,223,-154
-67.84526183312,-39.458498854978,2751,146,-82
-68.51899829621,-39.32375156236,2743,183,5
-72.56141707475,-43.096675755664,2734,2155,5838
-65.329979037584,-40.67122448854,2756,158,-185
-72.78599589578,-37.616952522532,2764,232,2287
-70.180881571832,-43.59074916193,2704,99,106
-70.360544628656,-45.072969380728,2717,83,65
-71.618186026424,-49.65437732974,2689,76,-55
-70.270713100244,-45.38737973017,2713,85,18
-70.046134279214,-45.881453136436,2710,69,18
-71.528354498012,-38.335604749828,2691,599,5175
-71.169028384364,-41.434792480042,2685,395,3086
-69.821555458184,-47.812830997294,2672,178,93
-66.812199256382,-41.300045187424,2708,205,-49
-68.51899829621,-40.311898374892,2714,164,-40
-73.100406245222,-45.83653737223,2720,2465,4184
-64.970652923936,-40.087319553862,2762,196,-157
-72.516501310544,-53.067975409396,NA,NA,NA
-73.639395415694,-40.761056016952,2765,744,3269
-73.324985066252,-48.53148322459,2625,4269,6480
-74.178384586166,-45.881453136436,2728,2874,5061
-69.821555458184,-47.40858911944,2670,192,109
-69.237650523506,-46.150947721672,2720,75,-43
-66.318125850116,-40.985634837982,2747,150,-136
-68.74357711724,-46.779768420556,2721,106,-47
-73.953805765136,-49.474714272916,2686,4766,6897
-72.875827424192,-36.943216059442,2773,195,2277
-67.755430304708,-48.396735931972,2723,142,-19
-66.318125850116,-47.453504883646,2737,136,-113
-64.341832225052,-42.46785505678,2797,140,-161
-71.88768061166,-43.411086105106,2666,1368,4849
-64.611326810288,-40.985634837982,NA,NA,NA
-67.261356898442,-41.165297894806,2711,185,9
-68.96815593827,-47.004347241586,2704,113,9
-66.228294321704,-47.588252176264,2738,139,-121
-72.651248603162,-35.50591160485,NA,NA,NA
-66.677451963764,-47.273841826822,2736,136,-107
-72.11225943269,-36.718637238412,2774,231,3315
-73.45973235887,-47.812830997294,2745,2187,2767
-72.830911659986,-52.843396588366,2703,2431,3011
-70.360544628656,-39.593246147596,2711,173,763
-71.034281091746,-40.311898374892,2697,264,2817
-65.958799736468,-41.524624008454,2753,141,-164
-69.821555458184,-39.009341212918,2721,115,164
-73.639395415694,-46.06111619326,NA,NA,NA
-65.59947362282,-43.725496454548,2752,130,-156
-69.462229344536,-41.928865886308,2691,194,323
-67.755430304708,-40.581392960128,2732,146,14
-64.835905631318,-39.458498854978,2763,212,-188
-70.046134279214,-39.727993440214,2721,114,281
-70.31562886445,-52.394238946306,2709,309,84
-68.51899829621,-39.54833038339,2730,172,-6
-69.102903230888,-49.65437732974,2717,132,-63
-68.474082532004,-46.73485265635,2731,102,-167
-72.067343668484,-41.704287065278,2726,891,3442
-70.360544628656,-41.1203821306,2709,130,664
-71.66310179063,-51.22642907695,2677,239,162
-73.100406245222,-38.8745939203,2775,424,2280
-73.055490481016,-39.09917274133,2777,546,2963
-71.977512140072,-39.54833038339,2745,897,6126
-65.285063273378,-42.198360471544,2760,150,-201
-73.100406245222,-47.902662525706,2703,2158,3268
-70.270713100244,-51.585755190598,2705,158,-55
-72.471585546338,-48.711146281414,2643,531,761
-69.057987466682,-44.93822208811,2719,68,-38
-69.821555458184,-55.179016327078,2725,2648,3568
-68.608829824622,-39.817824968626,2718,163,-3
-66.677451963764,-54.325616807164,2735,312,212
-70.585123449686,-51.361176369568,2702,170,-16
-72.471585546338,-40.940719073776,2745,1405,5314
-69.776639693978,-42.557686585192,2715,95,171
-73.549563887282,-41.434792480042,2765,664,1971
-72.33683825372,-44.803474795492,2694,1710,4044
-65.509642094408,-45.117885144934,NA,NA,NA
-70.76478650651,-47.318757591028,2667,92,38
-66.49778890694,-44.623811738668,2735,170,-120
-73.594479651488,-40.087319553862,2780,1132,6066
-70.495291921274,-43.725496454548,2690,132,278
-71.4385229696,-42.378023528368,2701,380,1756
-64.47657951767,-40.89580330957,2790,173,-315
-69.596976637154,-54.864605977636,NA,NA,NA
-67.036778077412,-42.827181170428,2754,114,-94
-71.88768061166,-35.191501255408,2763,31,1707
-68.563914060416,-45.791621608024,2727,104,40
-73.729226944106,-51.495923662186,2708,3392,5254
-67.935093361532,-42.46785505678,2709,192,-71
-67.62068301209,-44.03990680399,2732,124,-42
-71.348691441188,-44.93822208811,2683,373,1090
-72.741080131574,-41.704287065278,NA,NA,NA
-70.046134279214,-53.157806937808,2714,399,269
-69.237650523506,-39.817824968626,2737,111,38
-67.17152537003,-42.153444707338,2729,165,-152
-66.857115020588,-45.16280090914,2761,166,-146
-65.060484452348,-43.950075275578,NA,NA,NA
-70.899533799128,-35.775406190086,2674,193,4349
-70.630039213892,-45.971284664848,2703,90,94
-63.35368541252,-40.356814139098,2766,230,-170
-71.348691441188,-48.127241346736,2655,96,76
-70.450376157068,-52.843396588366,NA,NA,NA
-69.64189240136,-39.189004269742,2722,125,82
-70.450376157068,-51.67558671901,2705,187,-48
-70.09105004342,-46.824684184762,2686,86,21
-73.414816594664,-41.524624008454,2777,615,1735
-73.324985066252,-45.701790079612,2719,2727,4496
-72.516501310544,-35.326248548026,NA,NA,NA
-72.067343668484,-36.089816539528,2776,75,1726
-68.114756418356,-54.37053257137,2678,465,582
-71.88768061166,-45.701790079612,2692,606,1604
-68.608829824622,-49.609461565534,2721,192,-11
-70.809702270716,-37.706784050944,2674,244,2078
-72.651248603162,-38.021194400386,2768,293,1948
-66.72236772797,-43.456001869312,2746,118,-116
-73.819058472518,-50.283198028624,2686,5159,7729
-64.880821395524,-40.89580330957,NA,NA,NA
-68.96815593827,-45.028053616522,2718,78,50
-68.608829824622,-44.758559031286,2726,82,-17
-71.124112620158,-49.250135451886,2680,66,-28
-73.549563887282,-51.271344841156,2714,3146,4230
-66.946946549,-41.300045187424,2704,213,4
-72.067343668484,-43.096675755664,2724,1214,4355
-71.124112620158,-52.259491653688,2705,307,105
-72.78599589578,-40.761056016952,2774,659,2460
-66.72236772797,-54.505279863988,2713,397,477
-67.935093361532,-42.288191999956,2698,212,-18
-71.842764847454,-50.597608378066,2652,199,76
-67.126609605824,-46.869599948968,2743,165,-109
-70.09105004342,-51.091681784332,2702,169,-24
-74.717373756638,-46.73485265635,2778,2791,3648
-68.788492881446,-42.557686585192,2702,160,50
-69.86647122239,-49.384882744504,2708,114,-66
-67.441019955266,-45.926368900642,NA,NA,NA
-74.627542228226,-46.06111619326,2743,2939,4289
-62.859612006254,-40.850887545364,2777,248,-160
-66.363041614322,-54.999353270254,NA,NA,NA
-69.507145108742,-39.952572261244,2731,114,90
-65.105400216554,-43.456001869312,NA,NA,NA
-69.282566287712,-48.576398988796,2717,172,-4
-71.348691441188,-45.881453136436,2690,260,549
-71.393607205394,-46.824684184762,2651,276,526
-70.135965807626,-40.266982610686,2719,136,434
-71.303775676982,-47.543336412058,2676,96,119
-73.01057471681,-40.581392960128,2768,422,1896
-69.1927347593,-42.557686585192,2714,107,27
-71.034281091746,-44.93822208811,2696,250,554
-70.98936532754,-36.224563832146,2658,212,4137
-71.66310179063,-37.033047587854,2728,598,5837
-69.776639693978,-50.462861085448,2696,174,-13
-72.471585546338,-42.422939292574,2741,1645,5415
-73.23515353784,-51.630670954804,NA,NA,NA
-64.835905631318,-39.593246147596,2762,212,-181
-67.126609605824,-41.255129423218,2709,200,41
-68.159672182562,-44.444148681844,2727,120,21
-74.402963407196,-49.923871914976,NA,NA,NA
-71.932596375866,-41.479708244248,2712,858,3812
-72.920743188398,-36.988131823648,2780,166,1938
-68.114756418356,-44.758559031286,2726,106,-10
-65.82405244385,-41.839034357896,2751,142,-198
-73.594479651488,-47.453504883646,2701,3378,4860
-69.41731358033,-46.375526542702,2713,92,-15
-70.135965807626,-54.280701042958,2724,1001,961
-68.923240174064,-52.169660125276,2732,164,-42
-70.046134279214,-49.339966980298,2701,125,-33
-73.729226944106,-47.228926062616,2673,5219,7266
-67.800346068914,-46.689936892144,2731,175,-91
-72.202090961102,-45.072969380728,2673,1195,2874
-70.09105004342,-52.843396588366,2745,239,-8
-71.528354498012,-49.070472395062,2657,129,6
-69.552060872948,-40.805971781158,2715,159,151
-63.80284305458,-42.198360471544,2790,151,-168
-72.78599589578,-49.474714272916,2732,435,423
-69.911386986596,-41.704287065278,2691,180,447
-72.78599589578,-35.371164312232,NA,NA,NA
-72.56141707475,-45.746705843818,2718,1418,2874
-67.485935719472,-42.46785505678,2721,188,-193
-73.055490481016,-40.940719073776,2774,532,1842
-71.752933319042,-49.474714272916,2686,73,-41
-69.821555458184,-42.422939292574,2702,110,116
-72.247006725308,-45.701790079612,2701,890,1837
-68.204587946768,-55.089184798666,NA,NA,NA
-71.483438733806,-44.399232917638,2686,420,1453
-73.100406245222,-39.32375156236,2778,751,4222
-72.33683825372,-38.784762391888,2767,580,3535
-71.079196855952,-43.680580690342,2682,289,832
-67.351188426854,-43.096675755664,2750,103,-110
-71.169028384364,-47.18401029841,2662,177,217
-71.124112620158,-53.202722702014,2702,696,764
-67.935093361532,-49.923871914976,2739,160,-51
-72.696164367368,-39.817824968626,2768,495,3034
-70.585123449686,-51.316260605362,2701,182,2
-68.114756418356,-48.800977809826,2717,175,47
-69.776639693978,-50.417945321242,2696,174,-8
-72.965658952604,-39.862740732832,2769,411,2996
-65.868968208056,-43.545833397724,2741,130,-130
-64.566411046082,-41.075466366394,NA,NA,NA
-73.819058472518,-49.160303923474,2706,4266,5800
-69.86647122239,-53.92137492931,2704,973,1353
-72.291922489514,-49.564545801328,2708,119,22
-63.443516940932,-40.761056016952,2771,216,-154
-66.49778890694,-44.71364326708,2735,181,-130
-69.1927347593,-39.77290920442,2734,121,33
-69.552060872948,-41.839034357896,2696,172,276
-71.124112620158,-39.54833038339,2686,353,3742
-62.500285892606,-40.536477195922,2774,239,-145
-65.285063273378,-43.59074916193,2776,124,-255
-68.788492881446,-38.739846627682,2742,148,-111
-70.809702270716,-42.557686585192,2688,205,745
-66.183378557498,-42.153444707338,2748,159,-191
-71.124112620158,-37.212710644678,2682,365,4042
-72.067343668484,-47.40858911944,2630,694,1238
-71.4385229696,-48.486567460384,2656,151,185
-70.76478650651,-41.255129423218,2692,241,1654
-69.596976637154,-39.77290920442,2725,109,114
-71.124112620158,-53.831543400898,2720,758,840
-69.911386986596,-44.129738332402,2686,136,216
-71.977512140072,-39.907656497038,2703,956,6679
-69.282566287712,-52.169660125276,2724,170,-73
-72.157175196896,-43.725496454548,2728,1049,3222
-68.06984065415,-45.881453136436,2718,178,2
-67.126609605824,-40.67122448854,2735,153,-64
-68.698661353034,-47.588252176264,2699,161,43
-70.809702270716,-51.361176369568,2699,228,66
-66.857115020588,-44.623811738668,2733,197,-20
-70.944449563334,-39.413583090772,2708,182,1686
-72.381754017926,-46.51027383532,2666,1022,2207
-67.441019955266,-46.375526542702,NA,NA,NA
-69.057987466682,-41.210213659012,2717,135,2
-68.204587946768,-39.144088505536,2750,132,-141
-72.696164367368,-45.432295494376,2723,1496,2818
-70.360544628656,-43.3661703409,2702,128,298
-66.677451963764,-54.640027156606,2688,593,727
-72.965658952604,-51.90016554004,2732,1551,1907
-71.752933319042,-39.189004269742,2724,955,6510
-73.01057471681,-41.659371301072,NA,NA,NA
-71.348691441188,-42.557686585192,2676,505,2248
-73.639395415694,-47.543336412058,2741,1857,2674
-70.135965807626,-52.528986238924,2730,264,66
-71.932596375866,-40.042403789656,2692,999,6166
-69.147818995094,-47.812830997294,2685,175,84
-70.450376157068,-40.940719073776,2689,214,1404
-75.301278691316,-46.824684184762,NA,NA,NA
-68.384251003592,-43.411086105106,2736,87,-105
-69.057987466682,-41.075466366394,2709,207,142
-70.09105004342,-43.950075275578,2686,139,279
-67.17152537003,-43.500917633518,2741,113,-86
-73.90889000093,-49.160303923474,2717,3738,4867
-72.696164367368,-45.252632437552,2716,2478,4881
-69.776639693978,-52.933228116778,2726,245,82
-72.067343668484,-51.855249775834,2703,233,84
-69.057987466682,-44.48906444605,2721,62,4
-71.258859912776,-51.45100789798,2696,277,115
-66.946946549,-55.223932091284,NA,NA,NA
-71.483438733806,-43.231423048282,2704,389,1498
-69.282566287712,-52.484070474718,NA,NA,NA
-72.965658952604,-38.245773221416,2765,328,2060
-65.958799736468,-41.704287065278,2746,159,-142
-71.303775676982,-50.642524142272,2684,196,35
-72.157175196896,-45.6119585512,2703,806,1845
-72.067343668484,-47.18401029841,2687,401,684
-68.29441947518,-48.666230517208,2722,131,-24
-72.067343668484,-36.359311124764,2774,112,2105
-65.644389387026,-42.557686585192,2758,127,-212
-71.4385229696,-43.096675755664,2721,360,1295
-71.573270262218,-41.434792480042,2709,700,4071
-63.668095761962,-40.087319553862,2766,222,-172
-70.001218515008,-50.417945321242,2696,170,-11
-70.270713100244,-41.34496095163,2691,181,821
-66.363041614322,-39.54833038339,2760,158,-171
-68.698661353034,-52.888312352572,2724,181,-18
-69.102903230888,-49.474714272916,2714,141,-57
-72.606332838956,-46.375526542702,2687,1310,2720
-69.86647122239,-38.290688985622,2729,95,138
-72.606332838956,-47.40858911944,2700,691,1473
-65.554557858614,-47.543336412058,NA,NA,NA
-73.190237773634,-39.144088505536,2793,567,3020
-69.776639693978,-45.297548201758,2710,126,130
-73.01057471681,-41.210213659012,2780,732,2083
-66.991862313206,-47.273841826822,2734,143,-117
-72.875827424192,-43.096675755664,2774,2442,5975
-66.767283492176,-44.848390559698,2732,192,-116
-70.09105004342,-54.190869514546,NA,NA,NA
-73.190237773634,-49.025556630856,2637,2351,3441
-68.653745588828,-47.318757591028,2704,150,-14
-69.956302750802,-48.217072875148,2681,141,20
-71.348691441188,-44.219569860814,2705,283,805
-73.863974236724,-41.434792480042,2793,612,1670
-64.835905631318,-40.22206684648,2760,199,-145
-71.618186026424,-44.03990680399,2695,749,2681
-67.980009125738,-45.926368900642,2726,188,77
-71.124112620158,-37.167794880472,2680,397,4664
-72.830911659986,-47.947578289912,2674,1794,3094
-72.78599589578,-46.73485265635,2736,850,1711
-67.665598776296,-54.5951113924,2687,313,337
-65.82405244385,-47.63316794047,2758,127,-146
-72.291922489514,-49.42979850871,2660,239,245
-71.4385229696,-51.585755190598,2694,333,162
-69.147818995094,-45.207716673346,2727,78,-31
-67.306272662648,-40.850887545364,2724,163,-79
-70.001218515008,-45.971284664848,2710,70,48
-69.1927347593,-40.22206684648,2717,155,55
-69.057987466682,-49.070472395062,2711,160,-2
-73.280069302046,-41.210213659012,2770,591,1703
-73.100406245222,-37.52712099412,2744,417,4189
-68.114756418356,-45.926368900642,2717,187,37
-67.84526183312,-39.952572261244,2741,149,-64
-70.630039213892,-52.978143880984,NA,NA,NA
-69.552060872948,-39.907656497038,2731,108,81
-66.632536199558,-39.32375156236,2758,160,-153
-71.573270262218,-36.40422688897,2764,253,5081
-68.114756418356,-47.094178769998,2725,124,-29
-63.937590347198,-39.683077676008,2765,232,-171
-65.644389387026,-43.186507284076,2752,125,-154
-70.54020768548,-40.22206684648,2719,150,997
-65.329979037584,-43.411086105106,2754,139,-186
-66.991862313206,-44.03990680399,2745,124,-26
-68.024924889944,-54.37053257137,2678,440,549
-67.800346068914,-46.824684184762,2731,167,-100
-74.717373756638,-46.645021127938,2766,2837,3821
-74.178384586166,-47.273841826822,2754,4266,5444
-70.719870742304,-38.335604749828,2693,183,1352
-71.258859912776,-49.744208858152,2690,93,-24
-67.485935719472,-44.71364326708,2734,126,-30
-73.369900830458,-37.437289465708,2788,422,4136
-70.719870742304,-41.56953977266,2701,210,1129
-69.686808165566,-48.172157110942,2680,190,79
-67.351188426854,-42.961928463046,2749,127,-130
-72.78599589578,-46.689936892144,2679,1541,2992
-70.899533799128,-43.051759991458,2695,237,660
-69.237650523506,-50.867102963302,2728,189,-48
-71.528354498012,-36.044900775322,2771,152,4492
-72.651248603162,-43.051759991458,2747,2081,5431
-66.407957378528,-54.280701042958,NA,NA,NA
-72.56141707475,-48.75606204562,2709,457,855
-69.821555458184,-40.805971781158,2702,189,432
-64.7011583387,-40.940719073776,NA,NA,NA
-70.719870742304,-42.378023528368,2705,118,399
-67.800346068914,-46.869599948968,2730,168,-98
-64.521495281876,-39.727993440214,2763,215,-186
-72.11225943269,-52.618817767336,NA,NA,NA
-72.247006725308,-37.167794880472,2774,258,2592
-70.09105004342,-47.318757591028,2670,136,25
-73.190237773634,-38.380520514034,2756,393,2179
-70.09105004342,-49.250135451886,2696,124,-22
-65.779136679644,-54.81969021343,2724,477,554
-69.147818995094,-54.280701042958,2677,984,1235
-67.261356898442,-54.505279863988,2691,328,334
-73.729226944106,-49.968787679182,2653,5705,8477
-69.327482051918,-46.465358071114,2713,97,-76
-68.788492881446,-53.427301523044,2708,265,163
-71.393607205394,-49.295051216092,2670,82,-80
-72.606332838956,-35.640658897468,2820,73,1882
-73.774142708312,-37.347457937296,NA,NA,NA
-68.474082532004,-42.422939292574,2706,174,-51
-70.450376157068,-53.876459165104,2744,564,518
-69.327482051918,-41.165297894806,2719,115,146
-71.708017554836,-42.647518113604,2698,787,3341
-70.405460392862,-49.834040386564,2689,194,28
-69.956302750802,-53.786627636692,2732,597,705
-68.788492881446,-40.536477195922,2702,197,37
-67.62068301209,-43.231423048282,2745,101,-124
-67.216441134236,-54.460364099782,2693,321,349
-71.169028384364,-44.93822208811,2695,315,773
-72.33683825372,-37.706784050944,2774,242,2018
-63.488432705138,-39.862740732832,2768,219,-159
-73.055490481016,-43.051759991458,NA,NA,NA
-69.507145108742,-41.839034357896,2694,181,306
-69.147818995094,-48.486567460384,2716,208,59
-69.1927347593,-47.678083704676,2683,171,85
-68.29441947518,-47.363673355234,2706,165,18
-70.450376157068,-49.87895615077,2688,191,19
-65.913883972262,-40.761056016952,2755,131,-146
-74.13346882196,-50.956934491714,2706,4929,8027
-69.057987466682,-54.684942920812,2660,1277,1578
-73.23515353784,-43.770412218754,NA,NA,NA
-64.02742187561,-40.22206684648,2767,212,-185
-70.944449563334,-46.06111619326,2693,118,199
-69.282566287712,-51.091681784332,2731,146,-69
-64.92573715973,-40.401729903304,2766,166,-111
-72.875827424192,-50.058619207594,2666,814,1114
-67.485935719472,-47.453504883646,2731,147,-88
-72.11225943269,-46.51027383532,2734,431,730
-66.183378557498,-42.872096934634,2755,125,-162
-69.86647122239,-50.822187199096,2704,183,-16
-62.769780477842,-40.536477195922,2769,229,-158
-68.878324409858,-51.810334011628,2739,139,-92
-73.729226944106,-47.228926062616,2673,5219,7266
-68.024924889944,-55.403595148108,NA,NA,NA
-65.419810565996,-39.862740732832,2766,185,-168
-72.78599589578,-41.56953977266,NA,NA,NA
-70.31562886445,-45.83653737223,2708,75,38
-71.977512140072,-49.519630037122,2681,139,94
-69.327482051918,-52.663733531542,2737,177,-36
-69.731723929772,-54.190869514546,2691,1070,1401
-64.790989867112,-42.288191999956,2776,141,-184
-66.767283492176,-41.883950122102,2736,170,-155
-65.329979037584,-43.186507284076,2755,131,-196
-64.7011583387,-42.602602349398,NA,NA,NA
-70.225797336038,-51.765418247422,2710,156,-63
-71.4385229696,-41.165297894806,2713,418,3383
-72.965658952604,-51.271344841156,2692,1589,2146
-71.169028384364,-42.647518113604,2673,345,1234
-70.270713100244,-39.368667326566,2701,203,853
-67.036778077412,-44.129738332402,2742,129,-55
-69.776639693978,-45.656874315406,2715,86,40
-69.462229344536,-41.255129423218,2716,123,145
-69.327482051918,-40.89580330957,2714,161,87
-69.147818995094,-53.741711872486,2699,482,459
-70.854618034922,-42.512770820986,2690,212,788
-66.812199256382,-44.758559031286,2732,189,-59
-68.608829824622,-52.034912832658,NA,NA,NA
-71.303775676982,-43.905159511372,2687,377,1227
-71.4385229696,-44.803474795492,2666,591,1797
-69.686808165566,-39.862740732832,2732,93,72
-70.719870742304,-44.354317153432,2707,150,227
-67.081693841618,-47.049263005792,2739,151,-117
-67.800346068914,-47.498420647852,2730,125,-131
-72.830911659986,-38.290688985622,2762,337,1822
-73.504648123076,-48.75606204562,2645,4056,5668
-73.100406245222,-53.157806937808,NA,NA,NA
-70.98936532754,-38.021194400386,2647,378,3444
-69.013071702476,-38.784762391888,2743,127,-103
-69.596976637154,-44.71364326708,2697,129,122
-72.606332838956,-49.339966980298,2645,508,748
-67.39610419106,-40.22206684648,2744,145,-94
-67.665598776296,-53.741711872486,NA,NA,NA
-75.211447162904,-46.600105363732,2759,3254,4501
-72.696164367368,-43.994991039784,2732,1965,4714
-70.54020768548,-42.782265406222,2711,108,309
-68.384251003592,-45.207716673346,2723,126,72
-71.88768061166,-48.576398988796,2624,280,388
-73.055490481016,-52.753565059954,2676,3172,4455
-67.17152537003,-43.321254576694,2742,101,-115
-63.443516940932,-42.108528943132,NA,NA,NA
-71.393607205394,-42.108528943132,2694,388,2114
-69.327482051918,-49.025556630856,2712,151,21
-71.4385229696,-53.112891173602,NA,NA,NA
-68.474082532004,-43.3661703409,2735,82,-118
-70.180881571832,-47.139094534204,2668,174,143
-73.324985066252,-50.55269261386,2614,4009,5622
-68.29441947518,-48.08232558253,2726,120,-70
-72.516501310544,-39.683077676008,2760,667,4221
-69.956302750802,-44.71364326708,2718,103,83
-69.64189240136,-43.411086105106,2704,129,198
-71.483438733806,-38.784762391888,2691,778,6322
-69.327482051918,-39.054256977124,2723,129,-26
-69.372397816124,-40.266982610686,2706,172,138
-67.755430304708,-42.557686585192,2696,271,67
-68.29441947518,-44.174654096608,2719,101,9
-69.327482051918,-39.32375156236,2735,124,35
-72.291922489514,-37.706784050944,2770,283,2352
-73.01057471681,-49.564545801328,2673,1394,1961
-71.977512140072,-35.05675396279,2777,21,1416
-69.956302750802,-54.280701042958,NA,NA,NA
-73.594479651488,-49.744208858152,2659,4396,6218
-67.126609605824,-39.593246147596,2762,123,-87
-71.88768061166,-38.739846627682,2733,954,6130
-62.67994894943,-41.165297894806,NA,NA,NA
-70.54020768548,-43.096675755664,2708,115,298
-71.034281091746,-47.767915233088,2657,77,43
-66.49778890694,-44.71364326708,2735,181,-130
-73.45973235887,-49.20521968768,2636,3824,5583
-69.462229344536,-51.046766020126,2726,146,-101
-67.890177597326,-46.06111619326,2745,156,-79
-66.991862313206,-42.153444707338,2733,172,-169
-72.830911659986,-37.75169981515,2746,373,3063
-67.755430304708,-46.869599948968,2730,169,-99
-65.554557858614,-40.805971781158,2755,141,-180
-71.079196855952,-37.52712099412,2664,363,3382
-65.82405244385,-47.049263005792,NA,NA,NA
-73.280069302046,-50.597608378066,2605,3656,5136
-66.902030784794,-44.893306323904,2727,195,-80
-64.117253404022,-39.862740732832,2767,210,-175
-64.296916460846,-40.89580330957,2779,212,-167
-70.54020768548,-43.59074916193,2693,137,305
-72.606332838956,-50.148450736006,2700,331,529
-67.216441134236,-54.729858685018,2659,800,947
-66.946946549,-40.132235318068,2748,136,-99
-72.920743188398,-52.978143880984,2701,2095,2435
-70.76478650651,-35.73049042588,2683,188,3968
-68.429166767798,-52.169660125276,NA,NA,NA
-67.575767247884,-43.411086105106,2739,100,-100
-70.405460392862,-51.495923662186,2704,152,-57
-69.507145108742,-55.04426903446,2713,1834,2314
-73.6843111799,-46.28569501429,2733,2600,NA
-68.429166767798,-48.396735931972,2720,173,32
-70.54020768548,-53.606964579868,2748,387,227
-66.318125850116,-41.659371301072,2744,157,-185
-71.932596375866,-52.933228116778,2715,592,496
-67.800346068914,-46.28569501429,2748,129,-86
-68.96815593827,-40.401729903304,2707,200,62
-68.698661353034,-39.54833038339,2753,144,-9
-66.72236772797,-47.139094534204,2741,148,-104
-68.833408645652,-39.144088505536,2742,133,-99
-72.696164367368,-37.212710644678,2777,197,1999
-69.596976637154,-40.356814139098,2704,204,315
-63.084190827284,-41.210213659012,NA,NA,NA
-69.731723929772,-50.1035349718,2710,117,-61
-69.507145108742,-48.486567460384,2703,202,85
-72.11225943269,-37.122879116266,2774,384,3858
-69.282566287712,-48.800977809826,2715,148,8
-70.719870742304,-42.557686585192,2698,133,449
-65.240147509172,-41.255129423218,2761,160,-175
-73.549563887282,-50.912018727508,2687,4039,5643
-68.159672182562,-54.550195628194,2672,485,560
-72.651248603162,-37.931362871974,2769,253,1935
-64.02742187561,-40.491561431716,2766,219,-153
-68.204587946768,-44.399232917638,2726,117,44
-71.124112620158,-35.595743133262,2739,173,4446
-69.552060872948,-47.139094534204,2682,116,18
-69.102903230888,-43.770412218754,2715,80,49
-70.674954978098,-49.65437732974,2698,100,-43
-68.788492881446,-41.659371301072,2696,176,120
-70.405460392862,-50.013703443388,2689,190,-11
-66.183378557498,-47.63316794047,2739,138,-125
-69.64189240136,-43.81532798296,2715,65,-10
-66.72236772797,-54.774774449224,2676,807,962
-69.64189240136,-39.862740732832,2732,97,68
-68.384251003592,-53.112891173602,NA,NA,NA
-72.741080131574,-41.1203821306,2793,1342,4098
-71.4385229696,-48.935725102444,2682,86,-24
-68.74357711724,-53.47221728725,2711,265,141
-71.348691441188,-44.174654096608,2705,330,1029
-72.11225943269,-39.278835798154,2776,709,4992
-71.797849083248,-43.545833397724,2673,1063,3878
-75.391110219728,-46.779768420556,NA,NA,NA
-67.935093361532,-45.297548201758,2726,128,-65
-65.419810565996,-41.34496095163,2757,147,-181
-71.88768061166,-40.67122448854,2699,1115,6497
-68.563914060416,-46.600105363732,2727,116,-45
-73.998721529342,-49.968787679182,2721,4183,5898
-72.247006725308,-36.269479596352,2770,99,1774
-73.504648123076,-51.90016554004,NA,NA,NA
-71.842764847454,-46.240779250084,2662,599,1476
-66.632536199558,-44.444148681844,2733,188,-51
-73.324985066252,-52.57390200313,2684,3476,5342
-72.965658952604,-36.763553002618,2778,241,3136
-70.76478650651,-48.890809338238,2664,73,-10
-69.911386986596,-44.893306323904,2712,149,157
-68.474082532004,-38.8745939203,2748,150,-134
-72.291922489514,-48.666230517208,2629,462,727
-71.752933319042,-40.985634837982,2690,832,5110
-66.946946549,-44.26448562502,2736,136,-79
-71.573270262218,-52.034912832658,2702,340,191
-68.339335239386,-45.117885144934,2718,142,79
-72.830911659986,-47.588252176264,2684,955,1714
-72.381754017926,-47.678083704676,2656,811,1600
-73.369900830458,-46.195863485878,2702,3816,5650
-71.752933319042,-37.167794880472,2738,613,5390
-71.66310179063,-44.71364326708,2680,644,2216
-67.935093361532,-42.512770820986,2712,201,-10
-66.27321008591,-42.333107764162,2751,159,-186
-69.776639693978,-53.517133051456,NA,NA,NA
-71.079196855952,-47.273841826822,2686,113,34
-69.86647122239,-55.223932091284,2744,2045,2623
-70.135965807626,-46.914515713174,2679,94,45
-67.84526183312,-54.101037986134,2699,244,180
-67.306272662648,-43.545833397724,2740,113,-79
-69.372397816124,-52.663733531542,2737,182,-25
-69.552060872948,-48.666230517208,2703,185,58
-65.59947362282,-39.413583090772,2766,189,-167
-66.407957378528,-43.635664926136,2746,124,-147
-68.29441947518,-40.626308724334,2720,141,-61
-72.33683825372,-36.044900775322,2780,63,1286
-70.54020768548,-43.006844227252,2709,115,293
-70.630039213892,-50.32811379283,2683,166,4
-68.204587946768,-42.827181170428,2697,206,51
-68.563914060416,-41.704287065278,2694,188,127
-73.23515353784,-52.169660125276,NA,NA,NA
-69.911386986596,-50.507776849654,2697,168,-20
-71.932596375866,-37.07796335206,2765,446,4035
-70.944449563334,-51.945081304246,2704,246,45
-74.941952577668,-45.971284664848,2769,4441,6293
-67.441019955266,-39.727993440214,2756,144,-72
-73.819058472518,-48.127241346736,2697,5121,6854
-69.86647122239,-52.304407417894,2713,241,72
-68.96815593827,-46.106031957466,2718,100,34
-66.991862313206,-40.89580330957,2735,152,-44
-69.596976637154,-49.87895615077,2707,174,13
-66.138462793292,-44.578895974462,2741,176,-141
-71.977512140072,-48.711146281414,2618,275,350
-71.573270262218,-36.943216059442,2738,508,6018
-70.76478650651,-45.477211258582,2703,108,176
-70.674954978098,-42.108528943132,2708,130,490
-71.079196855952,-48.845893574032,2683,70,-42
-64.431663753464,-40.940719073776,NA,NA,NA
-74.313131878784,-48.261988639354,NA,NA,NA
-71.708017554836,-42.69243387781,2727,718,3091
-71.752933319042,-45.971284664848,2691,339,932
-71.932596375866,-39.503414619184,2717,1289,8725
-73.369900830458,-47.453504883646,2691,2434,3995
-72.696164367368,-46.106031957466,2649,2115,4177
-70.585123449686,-46.73485265635,2685,70,53
-68.878324409858,-43.321254576694,2703,99,76
-71.4385229696,-49.519630037122,2687,67,-85
-70.135965807626,-52.618817767336,NA,NA,NA
-63.982506111404,-42.827181170428,2802,130,-158
-69.41731358033,-39.368667326566,2731,116,33
-72.067343668484,-36.898300295236,2774,326,3819
-67.216441134236,-47.812830997294,2728,149,-84
-62.67994894943,-40.67122448854,2771,235,-160
-68.698661353034,-47.049263005792,2707,148,32
-71.66310179063,-38.42543627824,2696,1003,7537
-66.72236772797,-41.973781650514,2734,176,-147
-70.31562886445,-42.24327623575,2710,139,409
-69.86647122239,-46.06111619326,2715,59,-39
-66.991862313206,-48.576398988796,2740,137,-74
-72.067343668484,-43.905159511372,2688,1795,5522
-65.779136679644,-47.139094534204,NA,NA,NA
-65.913883972262,-41.56953977266,2753,146,-153
-67.036778077412,-45.028053616522,2724,200,-109
-74.402963407196,-49.87895615077,NA,NA,NA
-68.51899829621,-42.063613178926,2682,211,120
-71.528354498012,-37.661868286738,2684,772,6520
-68.563914060416,-55.134100562872,NA,NA,NA
-71.034281091746,-46.95943147738,2661,165,229
-65.689305151232,-44.354317153432,2752,144,-162
-69.41731358033,-48.621314753002,2708,185,59
-70.046134279214,-45.971284664848,2707,74,44
-65.195231744966,-39.727993440214,2762,208,-161
-65.554557858614,-44.803474795492,NA,NA,NA
-72.606332838956,-53.427301523044,2705,1492,1742
-71.842764847454,-51.989997068452,2699,339,200
-64.611326810288,-42.512770820986,2794,121,-451
-71.348691441188,-50.193366500212,2686,101,-48
-71.618186026424,-52.259491653688,2691,513,454
-72.202090961102,-46.555189599526,2733,380,757
-72.426669782132,-42.24327623575,2732,1634,5170
-70.944449563334,-37.75169981515,2661,395,3464
-72.247006725308,-44.93822208811,2699,1249,3011
-72.067343668484,-39.99748802545,2694,1222,6831
-67.441019955266,-40.132235318068,2746,143,-82
-72.157175196896,-41.704287065278,2717,1201,4434
-66.407957378528,-42.602602349398,2754,143,-203
-68.608829824622,-46.824684184762,2722,113,-38
-67.755430304708,-40.087319553862,2742,147,-71
-66.49778890694,-47.094178769998,2743,145,-87
-72.33683825372,-40.401729903304,2725,1341,6550
-67.980009125738,-54.954437506048,2679,607,771
-64.341832225052,-42.01869741472,NA,NA,NA
-69.372397816124,-52.214575889482,2725,179,-41
-72.875827424192,-41.56953977266,NA,NA,NA
-71.528354498012,-51.90016554004,2705,243,14
-70.360544628656,-46.28569501429,2710,80,5
-69.596976637154,-46.600105363732,2712,78,-82
-73.863974236724,-47.094178769998,2714,5235,6997
-69.013071702476,-44.354317153432,2722,54,7
-73.774142708312,-49.744208858152,2693,4247,5869
-72.56141707475,-41.883950122102,2749,2354,7284
-72.741080131574,-43.321254576694,2754,2123,5170
-66.632536199558,-54.14595375034,NA,NA,NA
-68.474082532004,-46.016200429054,2713,149,21
-63.80284305458,-40.850887545364,2775,226,-150
-71.303775676982,-51.945081304246,2705,236,17
-71.573270262218,-37.482205229914,2702,732,6054
-68.114756418356,-47.004347241586,2728,125,-58
-74.043637293548,-50.283198028624,2680,5688,9187
-70.09105004342,-48.75606204562,2679,138,30
-71.797849083248,-43.680580690342,2674,894,3057
-73.549563887282,-37.661868286738,2808,514,4205
-72.965658952604,-42.333107764162,NA,NA,NA
-71.573270262218,-38.066110164592,2686,632,5427
-72.022427904278,-40.89580330957,2699,1417,7403
-73.6843111799,-40.716140252746,2787,827,3588
-67.755430304708,-46.240779250084,2754,118,-128
-66.587620435352,-44.354317153432,2734,178,-63
-67.126609605824,-47.40858911944,2732,144,-89
-72.381754017926,-38.021194400386,2770,306,2264
-70.31562886445,-40.087319553862,2717,136,535
-72.830911659986,-37.931362871974,2759,351,2259
-69.731723929772,-43.680580690342,2714,74,52
-70.674954978098,-38.829678156094,2647,311,2546
-72.022427904278,-48.261988639354,2633,458,770
-69.372397816124,-46.195863485878,2719,76,-20
-66.228294321704,-41.030550602188,2746,150,-158
-72.741080131574,-38.42543627824,2768,326,1722
-73.414816594664,-51.271344841156,2679,4071,5613
-66.49778890694,-41.1203821306,2738,165,-153
-74.268216114578,-49.474714272916,2719,4068,5339
-73.819058472518,-47.767915233088,2720,4126,5693
-73.055490481016,-43.14159151987,NA,NA,NA
-73.055490481016,-43.680580690342,NA,NA,NA
-71.618186026424,-36.044900775322,2772,122,3667
-72.606332838956,-49.519630037122,2735,231,61
-65.734220915438,-47.139094534204,NA,NA,NA
-68.563914060416,-41.524624008454,2696,168,62
-67.216441134236,-39.503414619184,2759,127,-101
-72.78599589578,-45.701790079612,2676,2594,4698
-70.09105004342,-42.557686585192,2712,95,125
-67.351188426854,-40.356814139098,2742,148,-67
-71.88768061166,-46.869599948968,2674,395,924
-70.98936532754,-38.694930863476,2689,249,2477
-70.495291921274,-38.694930863476,2702,163,913
-72.067343668484,-41.479708244248,2684,1675,6569
-67.081693841618,-48.037409818324,2728,165,-55
-70.270713100244,-48.261988639354,2666,129,59
-70.674954978098,-47.049263005792,2672,81,35
-69.776639693978,-47.139094534204,2679,119,10
-68.429166767798,-39.99748802545,2722,150,-64
-70.630039213892,-50.55269261386,2691,154,-41
-70.98936532754,-36.538974181588,2663,283,4719
-72.920743188398,-40.805971781158,2774,532,2102
-73.145322009428,-51.90016554004,2704,2522,3254
-66.228294321704,-41.210213659012,2750,149,-151
-69.956302750802,-45.297548201758,2720,87,64
-73.190237773634,-38.42543627824,2758,403,2193
-71.88768061166,-41.434792480042,2725,938,4265
-69.41731358033,-44.758559031286,2696,128,113
-69.86647122239,-41.839034357896,2696,177,395
-64.566411046082,-40.985634837982,NA,NA,NA
-72.247006725308,-52.394238946306,2688,886,1059
-67.39610419106,-42.46785505678,2729,172,-177
-70.944449563334,-44.48906444605,2693,250,601
-69.462229344536,-41.56953977266,2689,182,387
-69.596976637154,-39.233920033948,2730,114,47
-72.202090961102,-39.727993440214,2766,649,4300
-65.37489480179,-43.81532798296,2779,127,-205
-72.651248603162,-39.054256977124,2772,402,2846
-73.369900830458,-43.994991039784,NA,NA,NA
-72.875827424192,-43.500917633518,2747,2979,6817
-69.507145108742,-52.663733531542,2741,191,-20
-68.608829824622,-39.638161911802,2731,166,4
-70.046134279214,-39.054256977124,2715,135,401
-67.980009125738,-49.923871914976,2738,152,-48
-69.552060872948,-44.93822208811,2692,133,108
-67.17152537003,-39.638161911802,2759,134,-84
-71.348691441188,-47.139094534204,2659,256,428
-72.78599589578,-36.583889945794,2776,139,2066
-65.554557858614,-42.91701269884,2753,130,-178
-66.677451963764,-48.351820167766,2741,140,-85
-66.72236772797,-43.725496454548,2742,148,-156
-67.530851483678,-54.909521741842,NA,NA,NA
-70.719870742304,-43.456001869312,2684,222,583
-73.145322009428,-39.09917274133,2789,528,2826
-73.729226944106,-46.420442306908,2737,2722,3431
-70.135965807626,-53.92137492931,2747,565,468
-73.414816594664,-51.540839426392,2668,4019,6091
-68.74357711724,-41.614455536866,2699,170,102
-73.863974236724,-40.356814139098,NA,NA,NA
-71.169028384364,-46.73485265635,2685,125,220
-73.145322009428,-50.732355670684,2669,2781,3909
-71.21394414857,-38.964425448712,2697,391,3668
-72.33683825372,-42.46785505678,2745,1589,5055
-67.84526183312,-41.030550602188,2714,156,-13
-70.360544628656,-41.255129423218,2701,144,716
-72.920743188398,-44.174654096608,2708,3350,7223
-71.66310179063,-36.40422688897,2763,275,5305
-66.946946549,-43.14159151987,2749,98,-103
-70.495291921274,-36.134732303734,2647,238,3291
-69.147818995094,-53.651880344074,2696,538,537
-72.516501310544,-45.38737973017,2703,1406,2792
-71.528354498012,-36.044900775322,2771,152,4492
-70.630039213892,-49.474714272916,2695,84,-70
-67.84526183312,-46.016200429054,2741,176,-79
-68.384251003592,-54.774774449224,2655,861,1042
-71.21394414857,-38.8745939203,2710,346,3115
-72.696164367368,-48.98064086665,2689,713,1212
-66.093547029086,-54.640027156606,2721,355,373
-71.88768061166,-39.413583090772,2695,1207,8815
-70.98936532754,-42.872096934634,2686,292,912
-69.102903230888,-54.190869514546,2692,631,685
-72.11225943269,-51.181513312744,2674,242,205
-71.079196855952,-35.820321954292,2746,167,4397
-66.183378557498,-48.261988639354,NA,NA,NA
-66.27321008591,-40.536477195922,2753,140,-137
-70.135965807626,-47.902662525706,2683,108,9
-71.977512140072,-46.240779250084,2710,404,876
-68.923240174064,-44.084822568196,2719,56,56
-66.72236772797,-44.309401389226,2737,154,-48
-68.833408645652,-54.101037986134,2690,556,540
-70.809702270716,-48.576398988796,2654,120,42
-73.280069302046,-37.122879116266,NA,NA,NA
-68.563914060416,-47.18401029841,2714,138,8
-66.632536199558,-55.313763619696,NA,NA,NA
-67.710514540502,-48.98064086665,2740,135,-79
-68.96815593827,-44.48906444605,2727,58,53
-72.56141707475,-40.401729903304,2767,906,4183
-68.474082532004,-54.550195628194,2690,374,321
-69.911386986596,-41.973781650514,2713,152,308
-69.1927347593,-54.460364099782,NA,NA,NA
-70.450376157068,-42.108528943132,2718,117,396
-72.741080131574,-48.486567460384,2682,1015,1727
-63.937590347198,-40.44664566751,2766,226,-171
-70.360544628656,-48.935725102444,2666,131,70
-73.45973235887,-46.645021127938,2647,4936,7367
-70.98936532754,-47.273841826822,2686,100,9
-66.04863126488,-47.094178769998,2767,121,-115
-69.013071702476,-52.169660125276,2730,161,-57
-65.329979037584,-41.075466366394,2758,155,-177
-71.977512140072,-39.368667326566,2732,1239,8803
-71.079196855952,-44.309401389226,2690,261,693
-68.06984065415,-52.933228116778,NA,NA,NA
-72.875827424192,-45.746705843818,2687,3188,5568
-73.145322009428,-38.111025928798,2767,419,2576
-69.013071702476,-45.16280090914,2716,92,29
-68.833408645652,-48.666230517208,2722,139,-10
-70.674954978098,-37.616952522532,2660,206,1660
-71.618186026424,-37.347457937296,2735,576,4897
-72.022427904278,-44.444148681844,2701,1263,4085
-70.809702270716,-50.193366500212,2690,126,-51
-65.868968208056,-41.614455536866,2752,149,-144
-71.573270262218,-36.40422688897,2764,253,5081
-68.474082532004,-53.067975409396,2734,154,-86
-72.651248603162,-44.084822568196,2696,2968,7262
-74.80720528505,-45.971284664848,2742,4226,6346
-73.01057471681,-51.406092133774,2679,2050,2931
-71.4385229696,-40.761056016952,2668,653,5538
-72.875827424192,-36.134732303734,NA,NA,NA
-64.162169168228,-39.683077676008,2764,227,-176
-70.854618034922,-50.867102963302,2696,185,2
-65.779136679644,-47.228926062616,2769,116,-151
-65.060484452348,-39.503414619184,2762,213,-190
-71.88768061166,-39.413583090772,2695,1207,8815
-70.854618034922,-53.651880344074,NA,NA,NA
-66.228294321704,-47.228926062616,2743,145,-106
-65.419810565996,-41.973781650514,2760,144,-227
-65.240147509172,-41.479708244248,2766,147,-172
-67.351188426854,-39.233920033948,2748,155,-120
-67.126609605824,-40.716140252746,2735,154,-40
-73.280069302046,-37.167794880472,NA,NA,NA
-68.339335239386,-38.829678156094,2758,130,-152
-73.549563887282,-46.51027383532,2706,4535,6579
-70.495291921274,-41.839034357896,2704,186,779
-68.74357711724,-39.278835798154,2750,125,-76
-66.902030784794,-44.893306323904,2727,195,-80
-73.23515353784,-41.165297894806,2771,581,1729
-65.285063273378,-42.46785505678,2758,134,-192
-74.223300350372,-50.32811379283,2713,4653,7937
-72.696164367368,-40.536477195922,2773,691,3076
-66.183378557498,-43.81532798296,2741,144,-112
-67.036778077412,-54.415448335576,2699,405,461
-73.145322009428,-49.564545801328,2697,1774,2397
-72.606332838956,-47.498420647852,2656,973,1936
-72.067343668484,-37.661868286738,2769,424,3622
-70.001218515008,-43.006844227252,2694,159,325
-68.878324409858,-53.382385758838,2714,213,61
-66.587620435352,-41.479708244248,2727,181,-174
-63.80284305458,-42.557686585192,2781,152,-144
-67.351188426854,-55.26884785549,2724,810,1049
-68.159672182562,-39.862740732832,2737,144,-50
-66.003715500674,-39.817824968626,2761,171,-186
-74.672457992432,-46.95943147738,NA,NA,NA
-68.429166767798,-43.3661703409,2735,88,-155
-72.022427904278,-37.52712099412,2765,464,3851
-70.585123449686,-41.075466366394,2689,212,1362
-71.573270262218,-53.651880344074,2707,849,1004
-72.471585546338,-50.193366500212,2707,158,46
-72.696164367368,-48.890809338238,2723,598,811
-71.21394414857,-53.876459165104,NA,NA,NA
-68.923240174064,-46.689936892144,2722,90,-65
-66.767283492176,-44.623811738668,2733,201,-38
-72.157175196896,-40.940719073776,2726,1338,6193
-64.92573715973,-39.638161911802,2762,210,-167
-67.306272662648,-42.647518113604,2734,181,-135
-69.507145108742,-41.030550602188,2708,156,172
-67.755430304708,-44.26448562502,2730,132,-28
-73.280069302046,-43.81532798296,NA,NA,NA
-67.17152537003,-43.59074916193,2741,119,-75
-72.067343668484,-49.070472395062,2661,213,220
-69.507145108742,-54.81969021343,2665,2584,3476
-70.450376157068,-46.150947721672,2705,95,88
-70.046134279214,-54.190869514546,NA,NA,NA
-67.306272662648,-54.864605977636,2688,484,545
-72.651248603162,-35.685574661674,NA,NA,NA
-72.56141707475,-38.021194400386,2770,305,2159
-71.842764847454,-51.90016554004,2699,285,165
-72.202090961102,-45.791621608024,2711,817,1774
-70.270713100244,-53.876459165104,NA,NA,NA
-70.719870742304,-43.59074916193,2676,230,575
-72.78599589578,-46.240779250084,2710,1672,3456
-67.485935719472,-45.701790079612,2760,149,-126
-71.393607205394,-44.578895974462,2694,287,789
-68.474082532004,-45.072969380728,2722,103,12
-70.495291921274,-39.503414619184,2702,180,1024
-64.92573715973,-41.839034357896,NA,NA,NA
-71.618186026424,-47.678083704676,2655,207,392
-64.835905631318,-40.536477195922,2767,180,-98
-70.405460392862,-38.560183570858,2717,127,613
-67.710514540502,-46.06111619326,2761,130,-167
-66.183378557498,-42.602602349398,2758,142,-196
-72.651248603162,-36.089816539528,2786,127,2521
-73.45973235887,-38.335604749828,2807,624,3752
-68.51899829621,-55.223932091284,2679,1256,1566
-71.932596375866,-43.500917633518,2697,1277,4363
-71.483438733806,-36.988131823648,2715,484,5462
-67.890177597326,-43.635664926136,2733,100,-58
-70.135965807626,-44.444148681844,2707,106,66
-72.516501310544,-47.40858911944,2654,881,1631
-75.391110219728,-46.824684184762,2762,3597,5244
-68.96815593827,-51.091681784332,NA,NA,NA
-70.450376157068,-36.314395360558,2643,279,3114
-71.842764847454,-38.155941693004,2727,787,6055
-67.980009125738,-46.375526542702,2740,117,-44
-71.034281091746,-44.623811738668,2698,205,452
-72.381754017926,-37.841531343562,2774,265,2237
-73.504648123076,-40.761056016952,2769,447,2077
-72.157175196896,-44.48906444605,2677,1447,4160
-72.471585546338,-45.028053616522,2719,1149,2562
-67.530851483678,-43.006844227252,2747,130,-166
-73.369900830458,-46.555189599526,2659,4497,7710
-63.892674582992,-40.44664566751,2766,222,-150
-72.202090961102,-41.883950122102,2661,2018,7261
-70.899533799128,-35.685574661674,2690,220,4898
-72.920743188398,-44.848390559698,NA,NA,NA
-65.689305151232,-47.543336412058,NA,NA,NA
-69.237650523506,-41.659371301072,2682,207,309
-66.72236772797,-41.210213659012,2720,183,-116
-69.64189240136,-45.252632437552,2711,104,1
-71.932596375866,-44.26448562502,2723,720,2403
-71.348691441188,-39.817824968626,2684,473,4727
-68.474082532004,-40.581392960128,2712,170,-20
-74.35804764299,-49.339966980298,2719,3929,5225
-72.651248603162,-38.8745939203,2772,434,2679
-73.280069302046,-48.30690440356,2729,2320,3287
-68.878324409858,-39.458498854978,2762,119,-54
-68.249503710974,-46.150947721672,2729,130,-132
-67.17152537003,-44.129738332402,2742,125,-46
-68.833408645652,-40.356814139098,2710,176,3
-73.01057471681,-37.482205229914,2747,333,3544
-71.348691441188,-38.470352042446,2707,382,3350
-67.890177597326,-43.770412218754,2732,94,-53
-69.102903230888,-43.276338812488,2723,75,-63
-63.174022355696,-40.132235318068,2766,227,-167
-66.767283492176,-46.869599948968,NA,NA,NA
-69.372397816124,-47.273841826822,2680,141,33
-72.965658952604,-52.79848082416,2708,2232,2631
-67.710514540502,-43.950075275578,2734,108,-51
-69.552060872948,-47.498420647852,2679,166,68
-66.542704671146,-42.91701269884,2756,111,-107
-68.788492881446,-43.81532798296,2732,57,22
-68.74357711724,-55.089184798666,2662,1309,1681
-65.779136679644,-47.812830997294,NA,NA,NA
-72.022427904278,-45.567042786994,2706,627,1473
-70.270713100244,-39.09917274133,2701,205,889
-65.913883972262,-39.233920033948,2767,173,-174
-71.932596375866,-39.862740732832,2736,675,4668
-73.055490481016,-51.361176369568,2700,1450,1940
-71.303775676982,-49.115388159268,2666,97,-12
-66.902030784794,-48.351820167766,2735,154,-67
-70.001218515008,-38.335604749828,2724,92,200
-67.261356898442,-48.217072875148,2732,149,-53
-67.216441134236,-39.458498854978,2755,140,-91
-73.549563887282,-45.926368900642,2707,2771,3815
-73.6843111799,-38.155941693004,NA,NA,NA
-69.64189240136,-50.55269261386,2699,175,-19
-73.369900830458,-45.926368900642,2716,2655,4236
-72.920743188398,-47.004347241586,2733,1231,2884
-69.911386986596,-38.829678156094,2712,114,237
-72.067343668484,-38.784762391888,2747,875,5350
-67.665598776296,-43.500917633518,2738,99,-109
-69.507145108742,-44.533980210256,2687,145,248
-65.868968208056,-39.503414619184,2765,187,-184
-66.991862313206,-54.056122221928,NA,NA,NA
-69.731723929772,-39.32375156236,2727,108,89
-71.528354498012,-51.22642907695,2678,265,166
-70.31562886445,-48.037409818324,2665,126,1
-68.51899829621,-40.266982610686,2714,160,-51
-63.084190827284,-39.952572261244,2766,229,-158
-70.405460392862,-43.500917633518,2695,138,336
-69.057987466682,-39.54833038339,2760,100,-161
-69.596976637154,-49.564545801328,2715,111,-66
-69.507145108742,-52.214575889482,2717,191,-28
-68.74357711724,-44.48906444605,2705,131,207
-72.067343668484,-44.444148681844,2683,1442,4454
-64.656242574494,-43.186507284076,NA,NA,NA
-70.809702270716,-45.701790079612,2701,102,202
-70.899533799128,-37.97627863618,2662,304,2490
-67.441019955266,-41.56953977266,2699,198,7
-67.081693841618,-54.909521741842,NA,NA,NA
-71.348691441188,-53.202722702014,2707,594,604
-73.594479651488,-38.515267806652,NA,NA,NA
-72.920743188398,-38.964425448712,2774,360,1928
-68.608829824622,-52.034912832658,NA,NA,NA
-70.001218515008,-54.999353270254,NA,NA,NA
-68.698661353034,-48.98064086665,2713,161,12
-67.351188426854,-47.228926062616,2735,150,-92
-71.977512140072,-50.55269261386,2657,167,159
-72.247006725308,-36.808468766824,2776,184,2242
-71.797849083248,-37.30254217309,2758,516,4108
-74.852121049256,-46.689936892144,2775,2756,3619
-69.013071702476,-42.378023528368,2698,185,173
-65.779136679644,-43.051759991458,2751,126,-177
-73.819058472518,-49.250135451886,2702,4280,5863
-70.270713100244,-45.477211258582,2712,84,16
-66.452873142734,-42.782265406222,2759,123,-139
-69.057987466682,-46.465358071114,2716,109,-52
-72.381754017926,-40.266982610686,2779,667,3256
-63.263853884108,-41.165297894806,NA,NA,NA
-72.381754017926,-52.528986238924,2722,647,495
-73.504648123076,-40.985634837982,2758,621,2352
-73.414816594664,-37.482205229914,2794,464,4321
-73.280069302046,-49.384882744504,2662,2210,3122
-72.471585546338,-39.952572261244,2754,936,4859
-72.78599589578,-43.096675755664,2739,3414,8485
-68.159672182562,-44.758559031286,2727,105,-13
-69.237650523506,-55.358679383902,NA,NA,NA
-68.653745588828,-41.659371301072,2699,163,89
-70.854618034922,-46.95943147738,2670,105,97
-68.923240174064,-43.994991039784,2724,54,29
-72.202090961102,-44.668727502874,2681,1448,3643
-65.734220915438,-42.46785505678,2758,128,-223
-73.100406245222,-38.694930863476,2780,347,1666
-69.462229344536,-43.994991039784,2696,91,116
-72.696164367368,-39.952572261244,2768,523,3205
-69.596976637154,-42.333107764162,2715,101,94
-72.426669782132,-45.297548201758,2689,1791,3659
-71.66310179063,-53.24763846622,2701,975,1184
-72.471585546338,-35.191501255408,NA,NA,NA
-72.651248603162,-37.97627863618,2767,301,2176
-73.45973235887,-38.8745939203,NA,NA,NA
-69.64189240136,-46.689936892144,2710,68,-38
-67.935093361532,-39.054256977124,2755,132,-99
-70.405460392862,-46.689936892144,2693,69,-27
-68.474082532004,-44.848390559698,2722,90,-24
-70.270713100244,-47.812830997294,2687,102,2
-70.585123449686,-52.034912832658,2706,245,25
-73.190237773634,-46.420442306908,2692,2650,4995
-68.06984065415,-55.04426903446,2674,925,1189
-70.585123449686,-52.708649295748,NA,NA,NA
-67.351188426854,-39.77290920442,2755,144,-70
-70.046134279214,-41.1203821306,2692,179,692
-62.590117421018,-39.99748802545,2776,250,-154
-66.857115020588,-47.588252176264,2732,139,-106
-65.82405244385,-41.839034357896,2751,142,-198
-66.902030784794,-44.578895974462,2739,157,-49
-73.324985066252,-46.869599948968,2639,3518,6081
-68.249503710974,-45.477211258582,2724,129,19
-69.821555458184,-52.079828596864,2712,162,-46
-70.719870742304,-47.453504883646,2669,76,-41
-73.055490481016,-38.290688985622,2759,407,2350
-70.405460392862,-42.827181170428,2689,177,511
-73.549563887282,-40.401729903304,2749,849,4407
-68.06984065415,-49.564545801328,2718,177,19
-73.998721529342,-49.65437732974,2693,4027,5607
-66.003715500674,-39.233920033948,2767,168,-189
-71.66310179063,-36.988131823648,2732,581,5874
-70.270713100244,-44.983137852316,2716,90,80
-70.225797336038,-45.342463965964,2714,91,29
-71.4385229696,-36.763553002618,2686,428,6848
-68.114756418356,-48.800977809826,2717,175,47
-73.145322009428,-37.616952522532,2743,564,5258
-74.717373756638,-46.645021127938,2766,2837,3821
-71.752933319042,-49.070472395062,2644,191,183
-72.202090961102,-45.6119585512,2675,1210,2704
-72.875827424192,-49.744208858152,2671,994,1524
-73.324985066252,-40.761056016952,2762,532,2339
-64.611326810288,-42.422939292574,2795,129,-270
-73.414816594664,-40.042403789656,2773,611,3663
-71.079196855952,-47.18401029841,2665,165,191
-71.169028384364,-41.165297894806,2719,227,1971
-65.464726330202,-44.48906444605,2780,114,-159
-68.024924889944,-45.028053616522,2720,136,26
-73.055490481016,-49.20521968768,2651,1554,2247
-69.147818995094,-40.536477195922,2709,198,78
-71.618186026424,-42.872096934634,2725,499,1950
-66.812199256382,-48.127241346736,2730,163,-55
-74.268216114578,-48.53148322459,2756,3808,4997
-69.956302750802,-50.597608378066,2699,175,-15
-72.067343668484,-35.640658897468,2770,41,1412
-70.360544628656,-46.779768420556,2687,79,43
-67.530851483678,-42.647518113604,2726,211,-88
-70.98936532754,-51.540839426392,2700,243,70
-69.686808165566,-43.500917633518,2707,113,176
-73.594479651488,-51.361176369568,2672,3909,6104
-67.351188426854,-40.761056016952,2728,150,-24
-67.755430304708,-55.134100562872,2694,1036,1310
-72.291922489514,-41.704287065278,2751,944,3312
-73.280069302046,-37.97627863618,2779,589,4030
-70.899533799128,-50.373029557036,2679,182,23
-68.339335239386,-47.453504883646,2710,172,75
-70.809702270716,-46.28569501429,2696,104,144
-62.185875543164,-40.042403789656,NA,NA,NA
-67.710514540502,-53.606964579868,NA,NA,NA
-71.752933319042,-40.491561431716,2706,835,5190
-71.66310179063,-51.630670954804,2689,397,243
-71.258859912776,-43.14159151987,2710,293,944
-71.842764847454,-46.150947721672,2646,694,1690
-72.651248603162,-39.054256977124,2772,402,2846
-71.977512140072,-49.339966980298,2686,94,6
-72.067343668484,-35.326248548026,2776,28,1364
-70.495291921274,-44.848390559698,2710,91,139
-71.618186026424,-45.746705843818,2667,609,1811
-68.923240174064,-51.316260605362,NA,NA,NA
-71.88768061166,-47.40858911944,2714,206,133
-67.575767247884,-39.727993440214,2755,143,-76
-74.58262646402,-47.498420647852,NA,NA,NA
-73.324985066252,-45.38737973017,2758,2446,4086
-67.216441134236,-41.030550602188,2717,167,-31
-68.474082532004,-39.054256977124,2754,114,-137
-70.854618034922,-52.169660125276,2704,316,118
-62.769780477842,-40.401729903304,2768,236,-164
-64.746074102906,-40.716140252746,2784,171,-147
-64.7011583387,-40.266982610686,2761,202,-154
-68.788492881446,-49.384882744504,2711,214,7
-72.56141707475,-51.136597548538,2699,301,214
-63.12910659149,-40.581392960128,2767,239,-166
-66.003715500674,-47.18401029841,2762,125,-137
-66.902030784794,-43.545833397724,2744,118,-113
-71.483438733806,-35.73049042588,2768,105,3843
-71.348691441188,-35.910153482704,2758,171,5005
-71.977512140072,-51.540839426392,2662,444,420
-64.02742187561,-40.087319553862,2766,218,-160
-70.98936532754,-44.26448562502,2696,231,548
-64.521495281876,-39.503414619184,2763,214,-181
-69.86647122239,-50.238282264418,2708,109,-36
-70.180881571832,-46.869599948968,2678,95,45
-62.275707071576,-40.266982610686,NA,NA,NA
-65.644389387026,-44.578895974462,2774,110,-195
-72.11225943269,-43.545833397724,2696,1117,3783
-66.632536199558,-44.623811738668,2735,182,-81
-67.441019955266,-48.396735931972,2726,156,-31
-66.632536199558,-39.817824968626,2753,175,-54
-71.4385229696,-41.075466366394,2727,286,2272
-67.530851483678,-54.909521741842,NA,NA,NA
-71.66310179063,-42.198360471544,2734,395,1750
-70.719870742304,-54.190869514546,NA,NA,NA
-69.956302750802,-45.701790079612,2713,74,14
-68.788492881446,-46.51027383532,2725,96,-79
-72.651248603162,-45.38737973017,2733,1294,2570
-68.51899829621,-49.65437732974,2721,188,-21
-63.308769648314,-40.940719073776,2781,243,-171
-66.183378557498,-41.389876715836,2744,162,-212
-70.180881571832,-40.536477195922,2726,112,403
-70.585123449686,-48.845893574032,2659,95,31
-73.549563887282,-52.169660125276,NA,NA,NA
-71.977512140072,-39.862740732832,2731,698,4958
-66.363041614322,-44.48906444605,2737,173,-126
-67.441019955266,-42.602602349398,2723,215,-141
-71.932596375866,-49.295051216092,2690,81,-41
-68.159672182562,-53.92137492931,2706,197,75
-67.890177597326,-39.278835798154,2752,146,-97
-71.88768061166,-49.65437732974,2700,84,-28
-67.306272662648,-54.415448335576,2695,303,281
-72.291922489514,-46.375526542702,2658,1051,2202
-71.348691441188,-35.460995840644,2772,84,3298
-73.639395415694,-48.711146281414,2653,4877,6802
-71.797849083248,-35.460995840644,2777,36,1415
-70.001218515008,-48.935725102444,2679,147,39
-72.202090961102,-35.101669726996,2811,27,1497
-68.698661353034,-42.961928463046,2719,123,0
-67.710514540502,-44.354317153432,2735,112,-47
-68.384251003592,-45.117885144934,2717,123,36
-68.923240174064,-51.989997068452,2729,156,-56
-64.970652923936,-40.132235318068,2762,197,-155
-66.183378557498,-48.30690440356,NA,NA,NA
-72.157175196896,-40.985634837982,2736,1322,5663
-72.157175196896,-44.174654096608,2691,1204,3450
-73.324985066252,-52.12474436107,2707,2848,4035
-69.731723929772,-43.321254576694,2701,145,287
-72.291922489514,-46.28569501429,2666,982,2240
-68.204587946768,-40.850887545364,2719,150,-60
-70.225797336038,-46.51027383532,2712,61,-54
-69.372397816124,-50.32811379283,2696,196,13
-67.755430304708,-49.160303923474,2745,132,-83
-69.64189240136,-52.484070474718,2743,184,-35
-65.105400216554,-43.994991039784,NA,NA,NA
-71.932596375866,-41.300045187424,2695,1079,5064
-69.956302750802,-39.189004269742,2706,151,419
-69.821555458184,-42.827181170428,2704,119,207
-69.776639693978,-51.810334011628,2711,158,-31
-68.653745588828,-50.238282264418,2733,184,-97
-69.956302750802,-53.24763846622,2706,447,382
-71.4385229696,-45.567042786994,2700,246,629
-66.27321008591,-43.276338812488,2745,113,-169
-67.84526183312,-48.800977809826,2721,165,61
-69.057987466682,-51.271344841156,NA,NA,NA
-66.767283492176,-42.961928463046,2754,101,-101
-72.247006725308,-53.562048815662,2696,1212,1465
-71.393607205394,-44.129738332402,2693,446,1436
-67.890177597326,-45.252632437552,2726,147,-35
-72.965658952604,-38.335604749828,2764,359,2104
-64.072337639816,-42.872096934634,2807,125,-273
-68.114756418356,-45.656874315406,2722,155,50
-74.941952577668,-46.240779250084,2784,2953,4144
-71.66310179063,-45.926368900642,2699,286,720
-67.980009125738,-40.985634837982,2712,160,-39
-63.892674582992,-39.952572261244,2766,216,-161
-69.013071702476,-38.829678156094,2741,127,-80
-67.351188426854,-40.266982610686,2743,148,-81
-64.835905631318,-40.536477195922,2767,180,-98
-67.575767247884,-48.800977809826,2726,167,18
-64.970652923936,-40.22206684648,2761,196,-148
-70.495291921274,-35.95506924691,2655,177,2865
-66.677451963764,-43.81532798296,2744,153,-98
-67.935093361532,-43.905159511372,2728,91,-76
-71.348691441188,-38.8745939203,2676,499,4290
-70.719870742304,-40.087319553862,2714,148,1238
-70.001218515008,-43.905159511372,2688,128,287
-72.067343668484,-46.28569501429,2699,488,1172
-63.488432705138,-40.22206684648,2766,223,-174
-70.001218515008,-46.106031957466,2711,68,-6
-66.138462793292,-43.231423048282,2746,117,-168
-72.202090961102,-36.269479596352,2770,112,2090
-66.542704671146,-47.318757591028,2735,135,-112
-73.639395415694,-40.985634837982,2761,575,2223
-68.114756418356,-43.81532798296,2733,82,-39
-64.970652923936,-39.862740732832,2765,187,-164
-69.102903230888,-49.20521968768,2706,175,10
-67.081693841618,-42.24327623575,2734,164,-50
-68.429166767798,-40.761056016952,2718,149,-67
-73.280069302046,-43.456001869312,NA,NA,NA
-67.351188426854,-46.375526542702,NA,NA,NA
-72.381754017926,-41.300045187424,2753,1056,3432
-70.046134279214,-51.810334011628,2707,156,-60
-73.414816594664,-38.694930863476,2813,500,2877
-66.093547029086,-44.758559031286,2753,152,-185
-72.696164367368,-43.59074916193,2704,2940,6717
-64.746074102906,-39.54833038339,2763,215,-180
-69.956302750802,-42.153444707338,2712,107,152
-65.37489480179,-39.727993440214,2766,182,-160
-68.788492881446,-38.964425448712,2748,104,-102
-68.878324409858,-44.48906444605,2726,76,119
-71.66310179063,-45.926368900642,2699,286,720
-67.62068301209,-40.22206684648,2741,149,-72
-71.079196855952,-49.115388159268,2683,71,2
-67.17152537003,-41.075466366394,2716,173,-24
-72.11225943269,-38.20085745721,2756,579,4015
-72.33683825372,-35.28133278382,2811,42,1853
-69.147818995094,-50.417945321242,2704,230,7
-71.303775676982,-50.058619207594,2660,195,30
-69.956302750802,-46.28569501429,2711,77,4
-66.632536199558,-44.084822568196,2741,132,-113
-69.64189240136,-55.403595148108,NA,NA,NA
-65.644389387026,-54.550195628194,NA,NA,NA
-67.351188426854,-53.876459165104,NA,NA,NA
-69.327482051918,-45.342463965964,2726,82,-31
-69.282566287712,-52.57390200313,NA,NA,NA
-70.54020768548,-40.89580330957,2696,203,1449
-71.842764847454,-39.009341212918,2734,1078,7388
-72.157175196896,-36.763553002618,2775,223,2975
-70.944449563334,-41.165297894806,2700,277,2339
-72.78599589578,-46.73485265635,2736,850,1711
-72.606332838956,-40.805971781158,2776,716,2692
-64.92573715973,-41.1203821306,NA,NA,NA
-72.11225943269,-44.93822208811,2713,1070,2931
-69.102903230888,-44.93822208811,2719,76,17
-72.426669782132,-40.581392960128,2756,1120,4713
-66.04863126488,-54.684942920812,2718,366,401
-71.348691441188,-42.46785505678,2707,341,1552
-64.7011583387,-40.940719073776,NA,NA,NA
-67.126609605824,-43.725496454548,2738,136,-78
-69.462229344536,-52.708649295748,2736,189,7
-70.899533799128,-46.106031957466,2693,119,204
-69.372397816124,-44.03990680399,2703,75,26
-66.228294321704,-42.108528943132,2743,170,-151
-70.944449563334,-51.630670954804,2699,273,93
-65.509642094408,-41.030550602188,2755,142,-171
-71.977512140072,-39.233920033948,2772,819,5354
-65.644389387026,-41.300045187424,2758,145,-161
-68.96815593827,-46.150947721672,2718,102,31
-73.639395415694,-37.841531343562,NA,NA,NA
-70.854618034922,-50.77727143489,2696,174,-22
-71.348691441188,-51.810334011628,2707,229,-17
-73.414816594664,-50.507776849654,2642,4394,6143
-66.857115020588,-40.491561431716,2746,144,-99
-69.237650523506,-50.55269261386,2708,182,-49
-69.911386986596,-51.495923662186,2708,131,-68
-70.135965807626,-49.20521968768,2692,122,-24
-68.788492881446,-53.157806937808,2725,174,-32
-72.202090961102,-38.739846627682,2761,642,3817
-69.776639693978,-42.063613178926,2709,156,296
-68.159672182562,-54.415448335576,2672,535,669
-69.731723929772,-42.24327623575,2715,103,84
-69.057987466682,-39.054256977124,2736,118,-85
-71.708017554836,-41.79411859369,2700,785,3498
-70.98936532754,-47.63316794047,2665,68,14
-71.393607205394,-35.595743133262,2767,102,3675
-69.731723929772,-52.843396588366,2738,226,31
-72.247006725308,-41.479708244248,2752,1273,4245
-67.306272662648,-48.666230517208,2728,150,-66
-72.022427904278,-40.581392960128,2717,1171,6346
-72.78599589578,-49.384882744504,2718,578,732
-72.830911659986,-40.67122448854,2774,553,2271
-73.953805765136,-40.761056016952,NA,NA,NA
-67.62068301209,-49.87895615077,NA,NA,NA
-72.067343668484,-35.011838198584,2789,26,1789
-69.462229344536,-51.00185025592,2723,155,-88
-69.372397816124,-51.720502483216,2716,142,-72
-70.180881571832,-46.824684184762,2684,83,32
-67.485935719472,-49.160303923474,NA,NA,NA
-70.809702270716,-42.46785505678,2685,190,724
-68.474082532004,-45.342463965964,2729,98,-7
-70.135965807626,-48.261988639354,2671,123,11
-69.057987466682,-52.394238946306,NA,NA,NA
-63.847758818786,-40.850887545364,2775,225,-148
-69.237650523506,-53.292554230426,2722,232,43
-66.902030784794,-47.678083704676,2735,130,-81
-73.23515353784,-48.396735931972,2655,3008,4679
-71.932596375866,-37.931362871974,2739,764,6075
-70.98936532754,-45.656874315406,2695,141,306
-71.483438733806,-41.075466366394,2726,319,2516
-68.878324409858,-47.363673355234,2675,278,246
-69.237650523506,-52.753565059954,2727,171,-12
-71.21394414857,-37.033047587854,2662,441,5509
-69.1927347593,-46.240779250084,2718,87,16
-64.207084932434,-40.311898374892,2769,207,-153
-71.258859912776,-37.97627863618,2717,484,4465
-70.98936532754,-45.881453136436,2687,137,255
-71.88768061166,-38.8745939203,2755,863,5439
-71.258859912776,-51.855249775834,2707,207,-13
-68.204587946768,-46.330610778496,2738,107,-77
-67.39610419106,-45.926368900642,NA,NA,NA
-71.618186026424,-43.59074916193,2684,682,2497
-72.56141707475,-36.17964806794,2782,79,1530
-68.878324409858,-55.448510912314,2734,1222,1592
-65.240147509172,-44.444148681844,NA,NA,NA
-63.937590347198,-39.862740732832,2767,207,-170
-70.225797336038,-44.983137852316,2717,88,56
-62.994359298872,-41.210213659012,NA,NA,NA
-71.169028384364,-36.134732303734,2682,261,6038
-65.240147509172,-40.491561431716,2766,141,-151
-73.280069302046,-47.678083704676,2712,2740,4057
-69.821555458184,-39.638161911802,2724,101,179
-68.51899829621,-50.148450736006,2732,178,-24
-67.530851483678,-44.399232917638,2738,123,-45
-69.86647122239,-46.869599948968,2690,90,36
-71.4385229696,-44.354317153432,2689,389,1320
-71.752933319042,-36.718637238412,2762,354,4767
-66.991862313206,-39.09917274133,2760,140,-120
-66.72236772797,-42.557686585192,2752,153,-107
-65.015568688142,-44.03990680399,NA,NA,NA
-73.100406245222,-50.1035349718,2719,1084,1303
-71.348691441188,-38.155941693004,2717,466,4283
-70.046134279214,-51.989997068452,2709,156,-60
-71.348691441188,-40.356814139098,2695,455,4290
-71.303775676982,-37.212710644678,2712,465,4897
-67.441019955266,-43.905159511372,2741,112,-49
-75.660604804964,-46.645021127938,2794,1998,NA
-65.060484452348,-40.356814139098,2767,150,-155
-71.797849083248,-43.905159511372,2699,828,2755
-68.339335239386,-49.474714272916,2727,166,-38
-66.812199256382,-54.415448335576,2720,341,338
-72.830911659986,-36.583889945794,2782,154,2267
-73.055490481016,-52.3493231821,2706,1852,2223
-70.360544628656,-42.333107764162,2707,138,441
-68.114756418356,-42.378023528368,2698,220,-15
-68.51899829621,-40.356814139098,2713,168,-26
-71.66310179063,-35.910153482704,2774,75,2500
-65.958799736468,-42.46785505678,2757,139,-222
-71.034281091746,-41.1203821306,2711,272,2362
-65.240147509172,-42.24327623575,2762,139,-186
-70.585123449686,-46.465358071114,2705,73,15
-72.471585546338,-47.767915233088,2638,906,1645
-71.88768061166,-42.557686585192,2697,1187,4958
-66.318125850116,-42.46785505678,2749,179,-219
-72.56141707475,-42.872096934634,2701,3028,7502
-65.868968208056,-42.46785505678,2759,128,-231
-67.935093361532,-48.890809338238,2720,172,37
-68.51899829621,-49.968787679182,NA,NA,NA
-70.180881571832,-41.255129423218,2693,152,612
-66.093547029086,-47.678083704676,2738,150,-124
-74.627542228226,-45.83653737223,2767,2958,4785
-72.516501310544,-41.300045187424,2734,1484,5348
-71.528354498012,-39.907656497038,2697,580,5107
-69.911386986596,-40.985634837982,2701,167,478
-72.426669782132,-43.051759991458,2707,2166,6003
-67.890177597326,-43.59074916193,2733,101,-49
-71.483438733806,-35.416080076438,2777,48,2187
-69.686808165566,-40.087319553862,2718,155,296
-71.4385229696,-43.725496454548,2663,623,2234
-71.797849083248,-42.91701269884,2670,1070,4211
-71.708017554836,-38.155941693004,2715,726,5762
-71.708017554836,-37.167794880472,2724,628,5699
-72.426669782132,-44.219569860814,2691,2034,4979
-70.450376157068,-47.18401029841,2679,84,28
-66.003715500674,-44.93822208811,2783,106,-191
-70.495291921274,-42.602602349398,2712,93,236
-66.093547029086,-45.028053616522,NA,NA,NA
-72.33683825372,-36.224563832146,2774,86,1656
-70.31562886445,-51.855249775834,2709,160,-62
-73.100406245222,-49.474714272916,2701,1703,2355
-70.674954978098,-46.465358071114,2706,71,3
-74.223300350372,-46.779768420556,2753,3149,3838
-70.76478650651,-50.32811379283,2680,175,16
-70.674954978098,-53.067975409396,NA,NA,NA
-70.360544628656,-38.694930863476,2711,144,697
-69.911386986596,-48.576398988796,2676,207,126
-72.651248603162,-52.618817767336,NA,NA,NA
-69.1927347593,-44.219569860814,2710,67,28
-64.970652923936,-43.545833397724,NA,NA,NA
-66.04863126488,-47.947578289912,2745,147,-61
-72.426669782132,-53.067975409396,NA,NA,NA
-72.067343668484,-37.931362871974,2761,536,4468
-68.96815593827,-41.928865886308,2691,206,186
-70.54020768548,-49.115388159268,2671,115,-16
-70.046134279214,-55.04426903446,NA,NA,NA
-68.06984065415,-42.333107764162,2690,242,30
-69.507145108742,-49.699293093946,2712,132,-46
-68.51899829621,-51.810334011628,NA,NA,NA
-69.596976637154,-45.791621608024,2707,102,106
-66.318125850116,-39.952572261244,2756,153,-154
-71.348691441188,-44.399232917638,2670,466,1551
-68.788492881446,-43.59074916193,2728,71,-16
-68.653745588828,-40.44664566751,2706,194,19
-67.17152537003,-41.1203821306,2714,178,-7
-70.31562886445,-39.009341212918,2695,198,897
-70.719870742304,-44.48906444605,2710,136,205
-66.363041614322,-43.14159151987,2747,117,-136
-65.195231744966,-41.704287065278,2768,155,-243
-72.067343668484,-42.108528943132,2647,1775,6716
-68.698661353034,-48.711146281414,2720,143,-1
-74.402963407196,-47.588252176264,2736,5262,7007
-70.360544628656,-41.210213659012,2705,133,655
-66.677451963764,-42.961928463046,2754,102,1
-68.788492881446,-42.782265406222,2705,162,104
-66.542704671146,-42.288191999956,2739,182,-135
-73.45973235887,-39.503414619184,NA,NA,NA
-68.204587946768,-39.144088505536,2750,132,-141
-70.046134279214,-40.266982610686,2735,113,194
-69.776639693978,-43.905159511372,2702,84,79
-72.381754017926,-50.912018727508,2681,261,273
-73.369900830458,-47.902662525706,2683,3377,4748
-69.596976637154,-47.18401029841,2682,115,12
-66.04863126488,-39.907656497038,2760,162,-182
-68.114756418356,-53.966290693516,2703,202,91
-71.708017554836,-43.81532798296,2698,916,3273
-66.991862313206,-44.578895974462,2741,138,-79
-64.7011583387,-40.89580330957,NA,NA,NA
-72.067343668484,-36.359311124764,2774,112,2105
-71.66310179063,-51.181513312744,2679,207,121
-70.76478650651,-45.297548201758,2705,124,217
-65.15031598076,-41.34496095163,2771,158,-189
-72.696164367368,-48.711146281414,2680,1020,1880
-69.686808165566,-48.441651696178,2692,189,71
-73.549563887282,-40.401729903304,2749,849,4407
-69.41731358033,-53.337469994632,NA,NA,NA
-68.249503710974,-43.096675755664,2729,133,-84
-68.249503710974,-54.101037986134,2694,277,248
-67.530851483678,-49.339966980298,NA,NA,NA
-71.124112620158,-48.396735931972,2659,80,23
-72.965658952604,-38.605099335064,2768,403,2100
-66.902030784794,-39.054256977124,2759,159,-152
-68.96815593827,-41.614455536866,2681,212,262
-72.022427904278,-50.373029557036,2678,115,83
-72.381754017926,-35.371164312232,2804,58,2319
-66.812199256382,-55.089184798666,NA,NA,NA
-72.022427904278,-42.872096934634,2688,1404,5098
-66.407957378528,-42.198360471544,2743,161,-143
-65.015568688142,-40.401729903304,2767,153,-127
-63.084190827284,-40.401729903304,2766,234,-174
-66.04863126488,-40.087319553862,2759,158,-192
-74.223300350372,-50.597608378066,2710,3945,6213
-67.800346068914,-54.505279863988,2682,391,461
-65.15031598076,-42.24327623575,2763,130,-194
-70.944449563334,-40.356814139098,2708,222,2316
-66.902030784794,-40.22206684648,2747,141,-99
-74.80720528505,-45.971284664848,2742,4226,6346
-70.674954978098,-50.597608378066,2692,159,-37
-73.369900830458,-40.985634837982,2767,492,1861
-73.23515353784,-47.812830997294,2670,2758,4132
-73.549563887282,-52.484070474718,2742,2680,3719
-73.324985066252,-39.413583090772,NA,NA,NA
-67.306272662648,-43.500917633518,2740,108,-93
-67.126609605824,-54.774774449224,2671,716,857
-75.570773276552,-47.004347241586,NA,NA,NA
-68.923240174064,-49.160303923474,2709,170,18
-71.303775676982,-51.22642907695,2684,252,108
-69.462229344536,-38.739846627682,2727,96,-30
-65.37489480179,-41.434792480042,2761,149,-172
-71.034281091746,-52.079828596864,2700,316,158
-73.190237773634,-47.722999468882,2731,1662,2514
-70.046134279214,-40.67122448854,2713,160,536
-70.585123449686,-44.084822568196,2707,124,192
-72.426669782132,-50.867102963302,2679,303,359
-66.991862313206,-45.297548201758,NA,NA,NA
-69.282566287712,-42.063613178926,2671,245,366
-69.821555458184,-38.560183570858,2722,93,114
-68.159672182562,-55.089184798666,2704,547,593
-68.653745588828,-53.606964579868,2708,264,107
-73.549563887282,-51.316260605362,2721,2507,3127
-66.363041614322,-41.300045187424,2738,172,-178
-69.372397816124,-44.668727502874,2709,96,28
-64.431663753464,-41.030550602188,NA,NA,NA
-67.351188426854,-41.524624008454,2702,196,3
-66.767283492176,-48.127241346736,2732,160,-66
-74.088553057754,-45.926368900642,2736,2456,4546
-71.573270262218,-42.422939292574,2682,580,2632
-71.124112620158,-40.536477195922,2686,308,3307
-72.067343668484,-52.034912832658,2693,430,396
-73.6843111799,-48.217072875148,2696,4906,7026
-74.313131878784,-49.115388159268,2699,5385,8012
-69.686808165566,-50.013703443388,2709,140,-62
-72.651248603162,-43.59074916193,2713,3013,6946
-70.001218515008,-50.013703443388,2699,196,24
-69.102903230888,-46.240779250084,2718,88,-34
-72.157175196896,-46.51027383532,2732,481,932
-71.258859912776,-46.330610778496,2716,161,382
-74.313131878784,-46.420442306908,2742,2506,3253
-69.552060872948,-54.999353270254,2695,2471,3366
-69.41731358033,-38.694930863476,2728,100,-59
-67.17152537003,-39.413583090772,2751,156,-103
-70.180881571832,-48.08232558253,2674,106,-18
-73.100406245222,-41.749202829484,NA,NA,NA
-68.74357711724,-51.495923662186,NA,NA,NA
-73.45973235887,-37.52712099412,2798,491,4328
-68.653745588828,-47.004347241586,2713,130,14
-63.084190827284,-40.985634837982,2786,232,-149
-70.719870742304,-49.834040386564,2678,218,43
-72.202090961102,-47.18401029841,2718,361,499
-71.842764847454,-46.73485265635,2656,512,1186
-62.545201656812,-40.132235318068,2779,261,-141
-70.450376157068,-43.051759991458,2711,106,255
-66.991862313206,-46.869599948968,2752,155,-170
-68.249503710974,-49.160303923474,2717,173,-9
-64.835905631318,-40.67122448854,2777,173,-159
-70.76478650651,-52.618817767336,2722,265,16
-70.899533799128,-50.912018727508,2694,192,12
-69.282566287712,-45.791621608024,2719,90,-10
-63.35368541252,-40.985634837982,2786,228,-172
-73.863974236724,-49.87895615077,2693,4899,7070
-70.09105004342,-39.952572261244,2732,115,312
-71.842764847454,-40.985634837982,2712,1096,6454
-72.11225943269,-48.127241346736,2640,550,963
-71.21394414857,-41.973781650514,2699,286,1457
-69.596976637154,-42.69243387781,2721,97,137
-68.74357711724,-48.935725102444,2714,150,-6
-70.585123449686,-42.557686585192,2707,102,295
-68.698661353034,-39.593246147596,2749,145,-5
-71.88768061166,-44.983137852316,2680,1048,3084
-65.15031598076,-54.909521741842,NA,NA,NA
-67.84526183312,-54.81969021343,2656,773,830
-71.169028384364,-52.753565059954,2725,261,-51
-70.76478650651,-39.683077676008,2700,191,1654
-73.369900830458,-49.87895615077,2646,2581,3601
-70.180881571832,-52.394238946306,2712,316,124
-65.82405244385,-43.321254576694,2750,114,-165
-67.306272662648,-42.198360471544,2729,160,-158
-69.327482051918,-39.054256977124,2723,129,-26
-64.566411046082,-40.401729903304,2762,199,-159
-68.923240174064,-51.855249775834,2734,141,-97
-68.204587946768,-42.063613178926,2676,252,76
-63.57826423355,-40.626308724334,2768,221,-166
-66.49778890694,-44.983137852316,2774,151,-178
-67.530851483678,-42.378023528368,2721,183,-171
-67.890177597326,-47.8577467615,2729,119,-38
-71.977512140072,-41.79411859369,2725,819,3494
-66.72236772797,-42.557686585192,2752,153,-107
-72.875827424192,-51.989997068452,2717,1301,1628
-72.247006725308,-45.522127022788,2665,1318,2852
-69.462229344536,-49.519630037122,2714,120,-67
-70.674954978098,-38.380520514034,2699,162,1189
-69.327482051918,-53.741711872486,2702,527,540
-65.37489480179,-44.758559031286,NA,NA,NA
-64.7011583387,-39.503414619184,2763,210,-187
-75.166531398698,-46.240779250084,NA,NA,NA
-64.117253404022,-42.647518113604,2795,134,-147
-72.471585546338,-47.767915233088,2638,906,1645
-67.216441134236,-39.054256977124,2760,135,-112
-69.596976637154,-52.214575889482,2714,197,-7
-69.596976637154,-45.701790079612,2710,111,99
-69.013071702476,-51.00185025592,NA,NA,NA
-67.710514540502,-48.217072875148,2725,147,-21
-62.949443534666,-41.075466366394,2796,213,-163
-68.878324409858,-42.512770820986,2705,155,34
-69.327482051918,-44.533980210256,2696,111,96
-67.575767247884,-40.626308724334,2730,153,-44
-72.965658952604,-36.763553002618,2778,241,3136
-66.407957378528,-54.280701042958,NA,NA,NA
-70.495291921274,-43.500917633518,2698,130,297
-67.261356898442,-42.512770820986,2731,171,-151
-73.145322009428,-50.013703443388,2721,1314,1572
-72.56141707475,-46.689936892144,2730,582,1033
-73.863974236724,-49.699293093946,2688,5047,7440
-73.819058472518,-46.95943147738,2740,3877,5001
-71.528354498012,-37.572036758326,2719,709,5924
-70.360544628656,-39.189004269742,2692,248,1178
-71.483438733806,-39.32375156236,2736,768,6419
-67.306272662648,-48.800977809826,2735,148,-40
-72.426669782132,-51.540839426392,2685,444,468
-67.485935719472,-43.680580690342,2743,97,-98
-73.45973235887,-51.45100789798,2660,3894,5927
-69.41731358033,-55.134100562872,2674,2596,3629
-68.339335239386,-45.252632437552,2726,122,16
-66.093547029086,-44.71364326708,2745,169,-134
-67.441019955266,-44.444148681844,2738,127,-92
-71.66310179063,-44.848390559698,2696,531,1577
-72.56141707475,-40.850887545364,2769,1031,4149
-71.88768061166,-45.83653737223,2700,412,1014
-67.755430304708,-41.165297894806,2710,166,24
-68.653745588828,-43.635664926136,2728,78,-3
-66.677451963764,-54.505279863988,2718,353,430
-70.54020768548,-42.782265406222,2711,108,309
-73.953805765136,-47.63316794047,2695,3982,5253
-71.079196855952,-40.67122448854,2675,346,3654
-73.324985066252,-38.245773221416,2784,525,3281
-65.82405244385,-55.089184798666,NA,NA,NA
-67.17152537003,-44.71364326708,2734,151,-48
-71.21394414857,-43.456001869312,2659,498,1622
-71.393607205394,-50.55269261386,2676,208,67
-70.585123449686,-45.38737973017,2706,91,83
-69.013071702476,-52.394238946306,NA,NA,NA
-69.821555458184,-49.834040386564,2701,190,22
-69.1927347593,-49.744208858152,2718,121,-75
-71.66310179063,-39.727993440214,2696,934,7726
-71.348691441188,-49.160303923474,2668,82,-29
-70.001218515008,-45.701790079612,2713,74,17
-70.270713100244,-40.44664566751,2722,133,598
-66.991862313206,-40.311898374892,2745,144,-87
-67.755430304708,-53.831543400898,2729,184,7
-68.653745588828,-44.444148681844,2702,130,140
-71.573270262218,-51.495923662186,2685,384,259
-70.046134279214,-49.968787679182,2696,195,15
-65.913883972262,-47.18401029841,2766,122,-142
-72.78599589578,-44.93822208811,2676,3206,6490
-67.710514540502,-49.65437732974,NA,NA,NA
-71.842764847454,-51.90016554004,2699,285,165
-75.70552056917,-46.645021127938,2796,1912,NA
-72.875827424192,-44.26448562502,2728,3276,6474
-73.819058472518,-46.689936892144,2728,4382,5747
-73.549563887282,-46.330610778496,2712,3789,5240
-72.11225943269,-53.112891173602,2720,1005,1159
-69.596976637154,-45.477211258582,2710,110,58
-66.767283492176,-54.5951113924,2701,473,591
-67.890177597326,-47.722999468882,2731,110,-100
-70.046134279214,-53.427301523044,NA,NA,NA
-71.842764847454,-47.18401029841,2690,315,477
-72.33683825372,-45.342463965964,2680,1570,3317
-72.78599589578,-50.642524142272,2674,648,1043
-67.081693841618,-39.09917274133,2761,135,-25
-68.114756418356,-46.645021127938,2731,141,-79
-68.429166767798,-41.479708244248,2698,172,40
-69.956302750802,-42.782265406222,2680,150,295
-66.093547029086,-43.680580690342,2744,124,-120
-70.046134279214,-38.829678156094,2714,118,287
-70.405460392862,-39.77290920442,2707,167,816
-68.563914060416,-50.058619207594,2722,184,-35
-69.013071702476,-53.606964579868,2699,449,436
-64.072337639816,-40.311898374892,2766,219,-151
-71.932596375866,-48.396735931972,2668,209,294
-68.563914060416,-43.231423048282,2733,86,-89
-72.247006725308,-51.45100789798,2680,303,268
-69.776639693978,-52.528986238924,NA,NA,NA
-70.809702270716,-46.914515713174,2678,90,90
-73.819058472518,-46.240779250084,2715,3551,5011
-70.09105004342,-48.037409818324,2674,140,25
-73.414816594664,-40.985634837982,2766,531,2052
-71.977512140072,-35.460995840644,2773,33,1268
-72.651248603162,-37.212710644678,2778,194,1998
-65.958799736468,-44.444148681844,2748,145,-185
-65.554557858614,-39.54833038339,2766,195,-166
-67.530851483678,-41.56953977266,2695,204,25
-71.4385229696,-48.75606204562,2667,143,85
-68.563914060416,-53.02305964519,2723,192,-38
-69.057987466682,-48.08232558253,2693,217,165
-69.86647122239,-44.533980210256,2708,117,147
-69.372397816124,-39.458498854978,2739,100,21
-69.86647122239,-53.651880344074,NA,NA,NA
-72.606332838956,-46.06111619326,2718,1390,2910
-69.552060872948,-53.786627636692,2708,599,687
-70.046134279214,-46.914515713174,2680,96,27
-71.303775676982,-46.600105363732,2747,101,31
-69.552060872948,-40.985634837982,2709,154,177
-69.1927347593,-46.375526542702,2714,108,12
-71.348691441188,-40.581392960128,2699,471,4471
-71.797849083248,-40.805971781158,2732,780,4876
-69.013071702476,-54.909521741842,2682,1687,2158
-68.339335239386,-43.860243747166,2731,74,-58
-70.76478650651,-42.46785505678,2690,184,738
-69.552060872948,-42.153444707338,2713,158,217
-69.1927347593,-53.92137492931,2697,444,365
-70.944449563334,-49.339966980298,2690,72,-32
-71.303775676982,-40.177151082274,2711,310,3116
-72.651248603162,-42.69243387781,2719,2593,6916
-68.204587946768,-39.233920033948,2745,140,-104
-72.33683825372,-44.03990680399,2716,1726,4967
-71.483438733806,-39.503414619184,2713,575,5124
-69.821555458184,-50.32811379283,2695,168,1
-70.360544628656,-41.210213659012,2705,133,655
-69.41731358033,-46.28569501429,2715,86,8
-73.280069302046,-41.704287065278,2792,770,2345
-70.944449563334,-41.56953977266,2678,300,1964
-69.821555458184,-43.456001869312,2713,91,72
-72.426669782132,-35.865237718498,2787,59,1472
-68.249503710974,-45.38737973017,2726,121,33
-73.324985066252,-40.132235318068,2765,487,2999
-66.407957378528,-39.593246147596,2759,158,-164
-68.204587946768,-42.198360471544,2668,283,124
-72.606332838956,-39.233920033948,2760,547,4023
-71.752933319042,-52.57390200313,NA,NA,NA
-65.15031598076,-43.860243747166,NA,NA,NA
-70.719870742304,-49.295051216092,2681,94,-21
-71.034281091746,-44.758559031286,2681,314,734
-71.528354498012,-45.83653737223,2679,388,1120
-73.819058472518,-47.767915233088,2720,4126,5693
-73.055490481016,-50.283198028624,2668,2132,3133
-70.225797336038,-51.091681784332,2702,169,-26
-73.280069302046,-36.898300295236,NA,NA,NA
-72.471585546338,-38.964425448712,2772,528,3634
-69.776639693978,-44.71364326708,2703,152,205
-68.698661353034,-44.623811738668,2706,132,185
-69.102903230888,-41.300045187424,2714,127,27
-66.318125850116,-40.401729903304,2758,131,-125
-69.327482051918,-40.491561431716,2703,226,206
-68.249503710974,-46.195863485878,2735,119,-70
-69.147818995094,-39.144088505536,2732,133,-66
-71.483438733806,-39.503414619184,2713,575,5124
-64.880821395524,-43.231423048282,NA,NA,NA
-73.055490481016,-46.195863485878,2653,3367,5739
-63.533348469344,-42.872096934634,NA,NA,NA
-73.414816594664,-36.988131823648,NA,NA,NA
-74.447879171402,-45.881453136436,2759,2199,3526
-69.327482051918,-38.964425448712,2724,116,-66
-68.563914060416,-39.144088505536,2751,119,-123
-69.86647122239,-40.311898374892,2712,217,587
-66.72236772797,-41.524624008454,2716,217,-95
-71.66310179063,-40.581392960128,2732,753,5098
-68.114756418356,-49.789124622358,2724,163,-41
-71.258859912776,-37.706784050944,2727,469,4226
-63.982506111404,-39.99748802545,2766,223,-157
-67.84526183312,-45.117885144934,2724,147,-13
-72.067343668484,-53.517133051456,2709,1064,1349
-73.145322009428,-50.058619207594,2721,1272,1494
-72.965658952604,-45.342463965964,2702,3368,5265
-70.495291921274,-44.578895974462,2714,95,144
-63.398601176726,-39.907656497038,2767,225,-156
-66.587620435352,-47.453504883646,2734,133,-111
-71.842764847454,-47.40858911944,2711,195,217
-66.49778890694,-40.67122448854,2747,139,-115
-71.483438733806,-37.437289465708,2689,652,5845
-66.407957378528,-42.602602349398,2754,143,-203
-74.088553057754,-47.273841826822,2744,4205,5350
-68.06984065415,-53.112891173602,NA,NA,NA
-67.485935719472,-55.134100562872,2695,914,1044
-73.45973235887,-39.054256977124,NA,NA,NA
-72.965658952604,-39.862740732832,2769,411,2996
-70.899533799128,-37.257626408884,2664,293,3144
-68.384251003592,-44.578895974462,2707,137,-13
-68.384251003592,-41.614455536866,2689,207,96
-72.381754017926,-42.961928463046,2711,2283,6302
-68.249503710974,-55.223932091284,NA,NA,NA
-71.88768061166,-35.775406190086,2772,55,1773
-69.462229344536,-39.413583090772,2731,104,13
-75.660604804964,-46.95943147738,NA,NA,NA
-71.797849083248,-42.01869741472,2697,754,3334
-73.549563887282,-38.111025928798,NA,NA,NA
-70.135965807626,-49.923871914976,2694,187,15
-72.830911659986,-51.630670954804,2694,1906,2634
-74.13346882196,-46.555189599526,2744,2582,3222
-70.54020768548,-38.784762391888,2675,216,1373
-71.573270262218,-43.635664926136,2674,777,2909
-65.689305151232,-47.992494054118,NA,NA,NA
-71.348691441188,-38.111025928798,2739,440,3963
-73.324985066252,-43.770412218754,NA,NA,NA
-67.980009125738,-53.69679610828,2727,181,21
-74.717373756638,-46.28569501429,2741,3615,5122
-71.034281091746,-53.24763846622,2711,542,454
-69.821555458184,-38.20085745721,2721,121,175
-73.100406245222,-52.708649295748,2696,2910,4062
-68.06984065415,-45.656874315406,2724,157,85
-62.365538599988,-40.087319553862,2790,279,-126
-70.98936532754,-36.85338453103,2704,185,2445
-73.145322009428,-51.810334011628,2706,2701,3554
-69.462229344536,-51.720502483216,2714,143,-67
-64.970652923936,-41.300045187424,NA,NA,NA
-75.615689040758,-47.004347241586,NA,NA,NA
-73.324985066252,-37.07796335206,NA,NA,NA
-67.62068301209,-49.384882744504,NA,NA,NA
-68.923240174064,-43.411086105106,2703,100,62
-72.56141707475,-46.240779250084,2674,1412,2972
-67.306272662648,-48.845893574032,NA,NA,NA
-71.66310179063,-50.417945321242,2661,166,72
-65.779136679644,-47.498420647852,2762,132,-121
-67.84526183312,-42.108528943132,2697,182,-44
-66.677451963764,-47.498420647852,2734,127,-127
-70.135965807626,-54.235785278752,NA,NA,NA
-72.920743188398,-46.016200429054,2654,3187,5599
-71.528354498012,-46.914515713174,2649,295,555
-67.755430304708,-42.872096934634,2730,167,-135
-74.13346882196,-50.193366500212,2700,4264,6812
-71.124112620158,-52.214575889482,2703,301,106
-63.668095761962,-39.862740732832,2768,218,-157
-67.800346068914,-39.727993440214,2749,137,-82
-70.944449563334,-51.720502483216,2699,302,95
-65.195231744966,-41.524624008454,2769,148,-165
-72.696164367368,-40.042403789656,2769,532,2881
-72.741080131574,-41.34496095163,2777,1847,5153
-72.426669782132,-39.952572261244,2748,997,5227
-71.258859912776,-52.843396588366,NA,NA,NA
-70.450376157068,-47.18401029841,2679,84,28
-65.554557858614,-44.578895974462,2780,107,-176
-66.04863126488,-55.134100562872,NA,NA,NA
-71.483438733806,-41.165297894806,2666,580,4370
-67.575767247884,-43.950075275578,2738,111,-54
-66.49778890694,-42.46785505678,2743,176,-186
-66.677451963764,-47.767915233088,2733,136,-111
-68.249503710974,-39.54833038339,2734,160,-28
-71.21394414857,-40.44664566751,2707,297,3058
-72.11225943269,-39.862740732832,2753,727,4776
-66.452873142734,-40.042403789656,2756,130,-146
-72.381754017926,-53.157806937808,2713,1121,1098
-69.821555458184,-54.550195628194,2687,2297,2962
-68.51899829621,-41.34496095163,2707,140,-9
-67.980009125738,-45.432295494376,2732,137,23
-65.195231744966,-43.096675755664,2754,154,-194
-66.093547029086,-42.872096934634,2755,125,-170
-68.159672182562,-52.843396588366,NA,NA,NA
-70.674954978098,-36.224563832146,2655,227,3705
-71.393607205394,-42.288191999956,2675,466,2192
-70.09105004342,-45.567042786994,2712,83,3
-66.991862313206,-48.711146281414,NA,NA,NA
-66.228294321704,-42.69243387781,2760,123,-195
-71.932596375866,-47.722999468882,2627,447,833
-68.653745588828,-42.602602349398,2692,196,99
-70.854618034922,-39.189004269742,2707,268,2487
-70.630039213892,-53.47221728725,NA,NA,NA
-70.270713100244,-44.26448562502,2713,116,181
-72.247006725308,-43.051759991458,2704,2135,6485
-70.225797336038,-52.304407417894,2708,279,63
-64.7011583387,-40.89580330957,NA,NA,NA
-72.516501310544,-35.50591160485,2812,68,2096
-63.982506111404,-40.44664566751,2766,226,-157
-73.01057471681,-43.860243747166,2770,2063,5031
-68.429166767798,-40.805971781158,2719,147,-55
-72.381754017926,-49.250135451886,2670,218,358
-64.656242574494,-43.276338812488,NA,NA,NA
-65.37489480179,-41.030550602188,2757,151,-167
-69.1927347593,-49.609461565534,2718,122,-71
-66.902030784794,-40.89580330957,2732,156,-66
-69.1927347593,-39.54833038339,2749,97,-40
-67.17152537003,-40.985634837982,2725,157,-88
-70.899533799128,-50.912018727508,2694,192,12
-66.902030784794,-43.051759991458,2752,98,-97
-71.21394414857,-44.533980210256,2693,241,612
-74.627542228226,-46.689936892144,2767,2706,3494
-68.923240174064,-50.55269261386,NA,NA,NA
-67.351188426854,-41.389876715836,2706,195,26
-72.202090961102,-41.524624008454,2691,1921,6433
-71.303775676982,-42.063613178926,2647,558,2752
-68.29441947518,-55.49342667652,2746,943,1265
-70.854618034922,-50.462861085448,2684,172,0
-64.386747989258,-42.01869741472,NA,NA,NA
-70.98936532754,-40.44664566751,2705,225,2361
-63.218938119902,-40.22206684648,2766,228,-172
-73.45973235887,-50.507776849654,2657,4421,6119
-74.941952577668,-46.28569501429,2760,3779,5342
-66.138462793292,-41.749202829484,2743,159,-180
-68.878324409858,-45.881453136436,2721,92,44
-68.429166767798,-53.517133051456,2724,188,15
-73.774142708312,-47.363673355234,2696,4454,6057
-72.022427904278,-42.512770820986,2684,1605,6035
-63.847758818786,-40.042403789656,2766,223,-156
-67.39610419106,-39.458498854978,2758,131,-102
-69.596976637154,-48.037409818324,2676,218,116
-66.677451963764,-44.48906444605,2734,183,-65
-72.965658952604,-37.52712099412,2750,310,3258
-67.216441134236,-43.096675755664,2748,101,-105
-70.674954978098,-51.989997068452,2707,228,-1
-72.830911659986,-45.746705843818,2669,3043,5317
-73.414816594664,-48.127241346736,2719,3133,4548
-68.474082532004,-52.978143880984,2728,181,-41
-68.384251003592,-43.411086105106,2736,87,-105
-67.755430304708,-45.207716673346,2729,153,-17
-68.474082532004,-48.127241346736,2724,140,18
-73.729226944106,-47.498420647852,2739,2745,3776
-74.35804764299,-49.384882744504,2706,4209,5835
-69.552060872948,-43.635664926136,2702,103,214
-71.258859912776,-36.62880571,2708,302,5435
-67.575767247884,-46.106031957466,NA,NA,NA
-72.11225943269,-40.44664566751,2729,813,4711
-67.351188426854,-42.69243387781,2743,147,-173
-66.587620435352,-44.71364326708,2733,175,-125
-68.788492881446,-42.01869741472,2670,251,306
-67.39610419106,-41.1203821306,2709,175,1
-73.23515353784,-40.266982610686,2762,429,2410
-66.632536199558,-47.812830997294,2734,135,-58
-72.067343668484,-43.860243747166,2714,1442,4435
-69.147818995094,-39.683077676008,2737,119,14
-65.913883972262,-40.266982610686,2756,170,-181
-69.237650523506,-53.786627636692,2700,482,438
-67.710514540502,-38.964425448712,2755,126,-100
-71.528354498012,-52.753565059954,2723,317,120
-72.33683825372,-37.886447107768,2770,320,2646
-72.247006725308,-47.588252176264,2634,632,1135
-73.055490481016,-38.42543627824,2748,411,2327
-69.102903230888,-48.172157110942,2703,193,131
-65.105400216554,-40.985634837982,NA,NA,NA
-65.15031598076,-40.22206684648,2761,176,-184
-66.72236772797,-54.14595375034,NA,NA,NA
-70.54020768548,-42.333107764162,2710,117,385
-66.857115020588,-43.680580690342,2740,140,-115
-72.516501310544,-36.314395360558,2773,97,1488
-70.495291921274,-45.117885144934,2705,97,136
-68.833408645652,-40.22206684648,2715,168,-12
-67.575767247884,-41.56953977266,2696,196,31
-69.911386986596,-39.413583090772,2721,114,197
-70.31562886445,-41.479708244248,2682,208,863
-66.812199256382,-45.16280090914,2765,160,-142
-71.88768061166,-45.028053616522,2691,782,2243
-63.892674582992,-42.198360471544,2789,148,-162
-72.381754017926,-41.479708244248,2707,1574,5157
-70.450376157068,-38.155941693004,2671,219,1336
-69.41731358033,-55.49342667652,2756,1129,1261
-65.509642094408,-42.602602349398,2760,130,-195
-71.618186026424,-41.928865886308,2679,684,3214
-70.405460392862,-46.869599948968,2679,80,-6
-71.977512140072,-46.73485265635,2670,484,1032
-69.552060872948,-43.276338812488,2683,153,266
-70.180881571832,-42.737349642016,2703,101,169
-73.998721529342,-45.971284664848,NA,NA,NA
-69.1927347593,-42.378023528368,2712,166,179
-65.913883972262,-47.767915233088,NA,NA,NA
-73.324985066252,-48.441651696178,2666,3670,5520
-73.190237773634,-39.862740732832,2781,418,2425
-74.717373756638,-46.240779250084,2750,2866,4109
-67.485935719472,-46.06111619326,NA,NA,NA
-73.998721529342,-41.030550602188,NA,NA,NA
-73.414816594664,-47.228926062616,2648,3324,5471
-70.854618034922,-50.687439906478,2694,169,-22
-66.902030784794,-43.411086105106,2746,107,-106
-70.944449563334,-51.810334011628,2706,210,-28
-67.126609605824,-44.893306323904,2732,194,54
-67.39610419106,-39.683077676008,2758,142,-70
-70.899533799128,-46.240779250084,2694,122,218
-72.33683825372,-48.217072875148,2689,494,836
-70.135965807626,-54.505279863988,2687,2092,2645
-73.90889000093,-49.384882744504,2683,4653,6599
-70.180881571832,-52.79848082416,2750,241,-24
-72.426669782132,-40.311898374892,2779,691,3539
-67.935093361532,-54.14595375034,2693,300,294
-68.698661353034,-44.533980210256,2705,136,196
-66.363041614322,-43.680580690342,2747,121,-98
-69.911386986596,-45.522127022788,2715,82,-2
-72.606332838956,-50.642524142272,2661,391,598
-70.76478650651,-39.683077676008,2700,191,1654
-69.057987466682,-50.148450736006,2707,152,-11
-71.4385229696,-46.106031957466,2675,316,988
-69.327482051918,-40.132235318068,2715,152,104
-70.180881571832,-49.474714272916,2705,96,-76
-68.29441947518,-46.240779250084,2736,105,-96
-71.708017554836,-36.943216059442,2738,543,5578
-68.339335239386,-44.03990680399,2725,83,-3
-71.079196855952,-35.685574661674,2742,174,4399
-72.291922489514,-37.796615579356,2770,319,2748
-70.98936532754,-44.354317153432,2693,272,709
-68.339335239386,-42.91701269884,2696,212,71
-69.013071702476,-40.985634837982,2712,208,128
-68.833408645652,-54.280701042958,2682,833,912
-71.258859912776,-46.06111619326,2675,222,586
-67.935093361532,-49.564545801328,2727,157,-49
-72.516501310544,-40.805971781158,2774,821,3176
-72.830911659986,-40.132235318068,2771,426,2422
-71.528354498012,-39.189004269742,2694,897,7205
-69.731723929772,-44.623811738668,2705,152,237
-68.51899829621,-38.8745939203,2749,150,-110
-69.507145108742,-54.774774449224,2654,2646,3581
-74.897036813462,-46.555189599526,2754,2995,3835
-71.124112620158,-47.40858911944,2683,83,-12
-67.84526183312,-47.63316794047,2732,113,-85
-70.674954978098,-53.562048815662,NA,NA,NA
-67.126609605824,-47.722999468882,2729,144,-80
-68.608829824622,-39.952572261244,2717,159,-4
-69.147818995094,-41.524624008454,2697,173,196
-73.055490481016,-43.545833397724,2794,1830,4231
-71.66310179063,-48.98064086665,2654,159,107
-72.696164367368,-39.054256977124,2771,433,3085
-72.830911659986,-35.865237718498,NA,NA,NA
-65.15031598076,-41.749202829484,2772,156,-229
-65.060484452348,-40.042403789656,2763,192,-166
-71.169028384364,-45.881453136436,2697,157,291
-68.06984065415,-47.139094534204,2723,130,-46
-70.405460392862,-52.663733531542,2740,223,-51
-68.833408645652,-46.375526542702,2721,114,-37
-66.407957378528,-41.79411859369,2736,178,-155
-73.324985066252,-47.498420647852,2696,2443,4111
-70.98936532754,-37.033047587854,2695,228,2613
-67.980009125738,-54.011206457722,2702,208,111
-72.920743188398,-44.93822208811,2697,2633,4846
-69.102903230888,-41.749202829484,2668,246,372
-69.1927347593,-42.512770820986,2715,121,77
-69.372397816124,-48.441651696178,2710,200,128
-72.381754017926,-36.224563832146,2773,80,1504
-70.09105004342,-40.356814139098,2732,122,354
-67.575767247884,-54.325616807164,2689,310,291
-72.516501310544,-35.28133278382,NA,NA,NA
-70.09105004342,-54.190869514546,NA,NA,NA
-69.282566287712,-44.668727502874,2711,97,73
-69.41731358033,-41.34496095163,2714,111,108
-66.767283492176,-43.186507284076,2750,103,-94
-72.78599589578,-40.89580330957,2779,754,2619
-66.946946549,-48.621314753002,NA,NA,NA
-65.195231744966,-41.839034357896,2769,153,-225
-72.516501310544,-36.718637238412,2766,169,2223
-71.977512140072,-40.940719073776,2707,1161,5993
-68.29441947518,-47.588252176264,2718,147,-3
-71.124112620158,-42.288191999956,2700,223,1021
-69.776639693978,-41.524624008454,2704,132,258
-72.381754017926,-49.519630037122,2705,165,96
-66.632536199558,-43.3661703409,2746,108,-133
-66.991862313206,-43.770412218754,2741,134,-104
-69.776639693978,-54.550195628194,2699,1919,2295
-71.124112620158,-50.597608378066,2684,179,11
-68.923240174064,-55.313763619696,NA,NA,NA
-68.384251003592,-38.919509684506,2758,121,-129
-66.49778890694,-40.311898374892,2751,145,-136
-69.147818995094,-48.935725102444,2713,155,-4
-65.868968208056,-43.411086105106,2751,114,-155
-67.62068301209,-44.444148681844,2735,122,-20
-67.39610419106,-48.261988639354,2729,159,-14
-75.615689040758,-46.779768420556,2777,3371,4526
-70.135965807626,-38.470352042446,2720,114,392
-70.809702270716,-42.288191999956,2687,198,777
-69.821555458184,-41.479708244248,2708,129,296
-74.537710699814,-46.375526542702,2732,3987,5627
-65.15031598076,-41.075466366394,NA,NA,NA
-72.651248603162,-39.99748802545,2768,582,3233
-72.157175196896,-35.865237718498,2774,57,1499
-68.878324409858,-39.054256977124,2742,121,-96
-71.528354498012,-47.767915233088,2655,157,197
-66.812199256382,-48.845893574032,NA,NA,NA
-63.892674582992,-42.91701269884,NA,NA,NA
-72.202090961102,-42.557686585192,2701,1973,6804
-71.348691441188,-41.34496095163,2669,568,4182
-62.185875543164,-40.626308724334,NA,NA,NA
-69.102903230888,-42.24327623575,2687,208,244
-69.057987466682,-40.67122448854,2710,197,80
-68.249503710974,-46.73485265635,2732,127,-83
-69.596976637154,-45.432295494376,2711,99,109
-69.911386986596,-43.411086105106,2693,131,209
-62.635033185224,-39.952572261244,2773,246,-156
-69.911386986596,-41.839034357896,2700,170,377
-65.958799736468,-43.321254576694,2751,112,-177
-65.285063273378,-44.084822568196,2794,97,-208
-65.15031598076,-40.716140252746,2768,151,-172
-69.86647122239,-41.79411859369,2689,182,379
-71.797849083248,-45.297548201758,2690,556,1656
-72.067343668484,-53.067975409396,2710,1091,1247
-71.4385229696,-49.070472395062,2673,85,-18
-68.474082532004,-53.427301523044,2729,191,22
-73.6843111799,-40.042403789656,NA,NA,NA
-71.797849083248,-38.066110164592,2721,752,5843
-71.393607205394,-47.498420647852,2691,94,26
-67.84526183312,-41.56953977266,2702,169,2
-73.90889000093,-48.576398988796,2727,3105,3918
-69.102903230888,-48.486567460384,2723,185,61
-71.483438733806,-53.202722702014,2708,614,668
-69.237650523506,-43.276338812488,2718,87,-3
-71.4385229696,-43.411086105106,2677,702,2597
-70.899533799128,-40.536477195922,2710,209,2046
-69.013071702476,-45.83653737223,2719,87,32
-71.169028384364,-48.576398988796,2662,124,105
-68.114756418356,-39.593246147596,2743,143,-52
-72.741080131574,-37.122879116266,2775,188,2051
-69.507145108742,-42.91701269884,2715,89,-12
-68.429166767798,-46.106031957466,2715,152,-57
-71.483438733806,-42.91701269884,2701,536,2129
-63.533348469344,-42.198360471544,NA,NA,NA
-69.327482051918,-41.749202829484,2694,179,284
-67.17152537003,-42.24327623575,2732,168,-168
-72.78599589578,-37.97627863618,2767,292,1899
-68.204587946768,-54.14595375034,2692,284,265
-66.632536199558,-42.557686585192,2747,160,-131
-66.183378557498,-46.95943147738,NA,NA,NA
-67.62068301209,-49.250135451886,NA,NA,NA
-73.01057471681,-40.850887545364,2772,495,1829
-72.33683825372,-39.503414619184,2761,663,4362
-72.651248603162,-41.1203821306,2788,1421,4337
-70.450376157068,-45.207716673346,2705,101,116
-69.327482051918,-39.503414619184,2741,97,-6
-68.698661353034,-48.441651696178,2725,160,-8
-63.308769648314,-40.401729903304,2767,232,-170
-69.057987466682,-44.803474795492,2720,68,-9
-70.944449563334,-49.160303923474,2682,81,-28
-69.327482051918,-42.01869741472,2689,202,311
-71.752933319042,-37.52712099412,2738,678,5317
-72.830911659986,-52.484070474718,2701,1880,2352
-69.552060872948,-46.240779250084,2716,78,-2
-71.303775676982,-53.562048815662,2694,796,896
-72.741080131574,-45.656874315406,2708,2699,4789
-62.320622835782,-40.311898374892,NA,NA,NA
-71.21394414857,-36.538974181588,2705,296,5805
-74.313131878784,-47.543336412058,2749,3370,4074
-69.282566287712,-49.474714272916,2714,135,-52
-69.282566287712,-45.16280090914,2715,107,30
-67.036778077412,-39.009341212918,2758,158,-156
-69.776639693978,-41.1203821306,2700,167,382
-66.857115020588,-43.186507284076,2749,104,-97
-74.178384586166,-41.075466366394,NA,NA,NA
-72.875827424192,-46.06111619326,2693,2758,5181
-69.41731358033,-47.63316794047,2679,166,81
-70.180881571832,-54.101037986134,NA,NA,NA
-64.02742187561,-42.333107764162,2782,130,-214
-72.426669782132,-36.40422688897,2777,105,1669
-66.228294321704,-40.266982610686,2758,135,-153
-65.779136679644,-41.1203821306,2755,143,-163
-73.6843111799,-40.716140252746,2787,827,3588
-71.393607205394,-51.00185025592,2687,177,20
-72.157175196896,-41.255129423218,2740,1289,5353
-72.381754017926,-40.985634837982,2734,1347,5159
-72.247006725308,-36.314395360558,2775,109,1852
-65.734220915438,-42.422939292574,2760,125,-220
-69.327482051918,-40.042403789656,2723,135,109
-66.363041614322,-41.479708244248,2739,169,-218
-71.528354498012,-46.06111619326,2670,336,1009
-69.731723929772,-48.08232558253,2682,183,75
-68.698661353034,-47.318757591028,2699,157,22
-67.441019955266,-47.453504883646,2731,151,-88
-71.4385229696,-36.269479596352,2731,277,6198
-68.384251003592,-48.935725102444,2713,166,30
-68.339335239386,-47.767915233088,2722,144,-22
-66.946946549,-54.864605977636,2673,859,1058
-73.953805765136,-41.030550602188,2797,866,2530
-70.135965807626,-54.460364099782,2689,2109,2612
-68.788492881446,-52.57390200313,NA,NA,NA
-69.237650523506,-48.53148322459,2719,172,-40
-70.09105004342,-46.95943147738,2677,98,21
-71.4385229696,-50.148450736006,2682,121,-63
-66.767283492176,-48.261988639354,2734,153,-86
-65.644389387026,-39.54833038339,2766,190,-174
-66.49778890694,-43.770412218754,2746,134,-96
-70.001218515008,-46.28569501429,2711,77,7
-67.84526183312,-48.845893574032,2721,173,40
-68.96815593827,-52.12474436107,2728,165,-32
-66.767283492176,-39.817824968626,2760,141,-55
-68.51899829621,-49.968787679182,NA,NA,NA
-72.875827424192,-42.378023528368,NA,NA,NA
-71.797849083248,-40.89580330957,2689,949,5779
-68.474082532004,-47.992494054118,2723,135,0
-69.552060872948,-46.195863485878,2717,71,-23
-64.117253404022,-39.952572261244,2766,218,-168
-73.100406245222,-47.18401029841,2699,1923,3975
-73.639395415694,-50.373029557036,2721,3312,4271
-71.842764847454,-38.290688985622,2713,947,6833
-74.088553057754,-41.075466366394,NA,NA,NA
-66.587620435352,-40.311898374892,2749,146,-130
-71.573270262218,-41.389876715836,2709,656,4037
-72.516501310544,-47.18401029841,2680,988,2046
-71.573270262218,-45.746705843818,2669,567,1699
-69.237650523506,-40.761056016952,2711,191,96
-70.54020768548,-38.919509684506,2698,196,1092
-66.318125850116,-41.434792480042,2741,165,-218
-68.788492881446,-40.177151082274,2717,165,-17
-67.126609605824,-45.117885144934,2722,198,-47
-67.530851483678,-44.71364326708,2733,125,-24
-69.596976637154,-41.839034357896,2695,174,303
-68.74357711724,-45.38737973017,2731,78,-106
-70.899533799128,-39.907656497038,2706,176,1881
-71.034281091746,-52.034912832658,2701,297,114
-73.414816594664,-41.389876715836,2770,599,1740
-65.240147509172,-42.872096934634,2753,150,-190
-65.689305151232,-39.458498854978,2766,185,-167
-70.674954978098,-42.961928463046,2706,140,364
-69.462229344536,-47.273841826822,2679,150,70
-73.504648123076,-46.869599948968,2672,4321,6277
-72.381754017926,-52.394238946306,2683,947,1096
-67.216441134236,-39.817824968626,2755,145,-74
-68.51899829621,-43.321254576694,2735,83,-106
-73.6843111799,-46.375526542702,2734,2865,3643
-66.407957378528,-39.862740732832,2755,156,-144
-66.767283492176,-43.59074916193,2745,124,-121
-71.393607205394,-46.95943147738,2651,235,355
-65.060484452348,-42.557686585192,2758,145,-193
-68.788492881446,-55.403595148108,2714,1208,1528
-68.833408645652,-40.132235318068,2718,167,-3
-73.414816594664,-39.233920033948,NA,NA,NA
-69.147818995094,-44.533980210256,2717,75,48
-72.33683825372,-36.089816539528,2777,66,1365
-71.483438733806,-37.706784050944,2740,581,4995
-71.034281091746,-42.422939292574,2697,211,831
-72.920743188398,-40.985634837982,2779,694,2353
-69.1927347593,-47.363673355234,2675,201,186
-69.237650523506,-45.926368900642,2718,80,16
-72.516501310544,-39.009341212918,2773,450,3244
-69.64189240136,-50.417945321242,2696,177,-10
-71.303775676982,-47.812830997294,2657,106,144
-73.100406245222,-51.630670954804,2707,1917,2499
-69.013071702476,-48.396735931972,2718,190,66
-70.76478650651,-42.557686585192,2695,156,523
-68.96815593827,-47.094178769998,2687,158,-13
-74.58262646402,-47.767915233088,2746,3297,3937
-66.72236772797,-44.668727502874,2733,189,-68
-72.516501310544,-50.956934491714,2691,304,306
-63.398601176726,-40.536477195922,2768,226,-180
-71.483438733806,-45.477211258582,2692,388,1119
-71.88768061166,-41.210213659012,2673,1170,5816
-72.471585546338,-43.231423048282,2690,1928,5591
-65.779136679644,-42.557686585192,2761,117,-225
-69.1927347593,-38.8745939203,2732,115,-73
-68.878324409858,-43.456001869312,2714,89,8
-65.554557858614,-43.276338812488,2750,122,-195
-68.114756418356,-53.112891173602,NA,NA,NA
-73.055490481016,-38.964425448712,2780,396,2002
-70.495291921274,-51.855249775834,2707,192,-17
-69.282566287712,-42.288191999956,2711,166,175
-69.552060872948,-45.701790079612,2706,112,86
-65.240147509172,-40.44664566751,2768,137,-171
-63.847758818786,-42.91701269884,NA,NA,NA
-68.06984065415,-54.954437506048,2676,685,875
-73.594479651488,-39.727993440214,NA,NA,NA
-73.6843111799,-50.193366500212,2656,4941,7201
-67.800346068914,-39.817824968626,2747,142,-73
-68.788492881446,-40.716140252746,2697,223,130
-69.64189240136,-46.240779250084,2709,92,50
-67.441019955266,-47.543336412058,2732,145,-118
-72.471585546338,-46.240779250084,2685,987,2291
-72.920743188398,-47.588252176264,2698,1480,2629
-72.830911659986,-53.02305964519,2687,2493,3078
-69.731723929772,-40.266982610686,2713,184,348
-68.159672182562,-40.626308724334,2711,170,-29
-65.734220915438,-44.848390559698,2786,99,-182
-72.11225943269,-35.371164312232,2770,35,1530
-71.303775676982,-37.07796335206,2693,410,4736
-73.504648123076,-37.167794880472,NA,NA,NA
-67.036778077412,-41.210213659012,2713,191,0
-73.414816594664,-38.20085745721,2798,565,3508
-67.84526183312,-43.231423048282,2745,101,-132
-67.575767247884,-54.909521741842,NA,NA,NA
-71.483438733806,-46.73485265635,2658,265,619
-70.09105004342,-40.985634837982,2704,158,629
-75.076699870286,-45.926368900642,2799,2786,3768
-71.034281091746,-44.48906444605,2690,248,619
-72.965658952604,-45.297548201758,2689,3573,5796
-62.410454364194,-40.401729903304,NA,NA,NA
-66.318125850116,-43.725496454548,2744,131,-130
-67.441019955266,-43.680580690342,2745,98,-94
-70.54020768548,-38.290688985622,2710,136,841
-68.833408645652,-48.935725102444,2714,149,-11
-72.830911659986,-35.910153482704,NA,NA,NA
-70.719870742304,-45.028053616522,2710,120,235
-72.067343668484,-47.588252176264,2621,562,972
-71.169028384364,-40.985634837982,2710,325,3067
-74.313131878784,-47.318757591028,2760,4752,6438
-72.78599589578,-49.115388159268,2647,1033,1668
-67.710514540502,-46.555189599526,2731,192,-91
-72.741080131574,-47.049263005792,2695,1019,1969
-70.54020768548,-49.609461565534,2700,100,-83
-72.471585546338,-35.865237718498,2791,69,1743
-67.39610419106,-48.845893574032,2738,165,-64
-66.946946549,-48.217072875148,2731,157,-73
-71.258859912776,-46.824684184762,2652,209,368
-70.719870742304,-44.983137852316,2710,120,230
-69.821555458184,-48.127241346736,2683,157,47
-67.306272662648,-47.8577467615,2729,153,-65
-66.138462793292,-43.860243747166,2740,148,-105
-72.606332838956,-45.701790079612,2702,1861,3842
-67.036778077412,-39.458498854978,2752,162,-111
-65.59947362282,-40.761056016952,2754,142,-179
-69.147818995094,-46.95943147738,2692,120,12
-64.521495281876,-40.22206684648,2765,202,-162
-72.247006725308,-37.796615579356,2770,363,3235
-74.13346882196,-47.722999468882,2728,3653,4727
-72.157175196896,-47.812830997294,2673,404,669
-67.665598776296,-45.028053616522,2727,141,-43
-66.183378557498,-42.24327623575,2750,164,-177
-65.329979037584,-40.22206684648,2760,185,-198
-70.809702270716,-47.318757591028,2666,97,4
-72.067343668484,-35.820321954292,2775,49,1431
-71.573270262218,-48.576398988796,2642,187,163
-65.285063273378,-43.905159511372,2797,100,-423
-68.339335239386,-52.933228116778,2739,157,-59
-73.774142708312,-46.914515713174,2700,4888,6454
-71.079196855952,-45.522127022788,2693,196,436
-67.485935719472,-47.049263005792,2735,146,-193
-71.752933319042,-46.95943147738,2625,473,946
-69.147818995094,-42.422939292574,2711,165,175
-67.530851483678,-46.779768420556,2734,181,-115
-69.057987466682,-47.228926062616,2677,239,203
-68.024924889944,-46.824684184762,2730,157,-77
-69.1927347593,-47.273841826822,2685,137,64
-70.135965807626,-44.26448562502,2707,121,197
-68.384251003592,-40.311898374892,2717,155,-31
-75.391110219728,-46.240779250084,NA,NA,NA
-66.767283492176,-47.318757591028,2735,137,-107
-69.552060872948,-54.101037986134,2687,1086,1429
-68.653745588828,-54.056122221928,2701,322,256
-73.774142708312,-48.217072875148,2694,5700,7887
-71.528354498012,-46.51027383532,2764,144,107
-72.920743188398,-47.63316794047,2676,1431,2182
-67.710514540502,-41.704287065278,2700,178,27
-70.899533799128,-40.985634837982,2702,251,2242
-66.228294321704,-42.512770820986,2756,164,-215
-65.82405244385,-55.089184798666,NA,NA,NA
-72.56141707475,-48.98064086665,2706,400,682
-69.462229344536,-44.803474795492,2700,128,185
-72.202090961102,-35.50591160485,2772,35,1320
-68.698661353034,-52.079828596864,2746,144,-98
-71.348691441188,-40.850887545364,2685,536,4926
-72.067343668484,-53.202722702014,NA,NA,NA
-72.965658952604,-49.339966980298,2698,1452,2081
-73.774142708312,-41.659371301072,NA,NA,NA
-64.296916460846,-42.91701269884,NA,NA,NA
-68.06984065415,-53.741711872486,2718,189,36
-71.842764847454,-35.416080076438,2775,34,1449
-72.202090961102,-42.153444707338,2677,2311,8101
-66.991862313206,-39.727993440214,2760,133,-69
-69.237650523506,-42.512770820986,2716,109,46
-72.651248603162,-36.62880571,2771,140,1956
-69.013071702476,-44.03990680399,2720,57,62
-67.84526183312,-40.940719073776,2713,159,-8
-70.944449563334,-40.177151082274,2708,187,1966
-72.471585546338,-49.65437732974,2725,120,-99
-71.258859912776,-53.831543400898,2706,813,890
-71.618186026424,-48.396735931972,2645,188,292
-72.78599589578,-42.063613178926,NA,NA,NA
-69.507145108742,-39.368667326566,2731,105,23
-68.788492881446,-42.91701269884,2716,121,-31
-70.98936532754,-35.775406190086,2742,150,3683
-67.036778077412,-39.77290920442,2758,140,-66
-73.819058472518,-40.22206684648,NA,NA,NA
-73.90889000093,-46.28569501429,2736,2367,3215
-70.270713100244,-39.054256977124,2698,206,934
-66.318125850116,-44.623811738668,2739,176,-144
-72.606332838956,-50.373029557036,2702,329,676
-71.977512140072,-49.339966980298,2686,94,6
-68.51899829621,-49.834040386564,2725,150,-64
-69.821555458184,-47.318757591028,2678,127,31
-74.043637293548,-50.956934491714,2716,4207,6523
-66.138462793292,-41.34496095163,2745,158,-209
-66.003715500674,-41.300045187424,2749,149,-216
-68.114756418356,-50.013703443388,2742,155,-46
-72.33683825372,-44.309401389226,2721,1595,4262
-73.6843111799,-38.605099335064,NA,NA,NA
-70.630039213892,-50.912018727508,2698,180,-8
-72.78599589578,-47.228926062616,2686,1166,2155
-68.878324409858,-54.81969021343,2698,1018,1116
-71.752933319042,-42.512770820986,2673,945,4054
-69.237650523506,-40.626308724334,2706,211,130
-65.82405244385,-42.557686585192,2760,119,-226
-63.533348469344,-41.210213659012,NA,NA,NA
-66.49778890694,-42.737349642016,2757,127,-173
-74.627542228226,-46.465358071114,2740,3647,4959
-67.216441134236,-39.952572261244,2752,142,-75
-68.608829824622,-43.59074916193,2724,89,7
-70.225797336038,-42.782265406222,2685,149,367
-68.608829824622,-40.626308724334,2714,145,-89
-74.402963407196,-49.115388159268,NA,NA,NA
-72.022427904278,-36.763553002618,2773,286,3933
-71.797849083248,-38.964425448712,2716,1067,7481
-70.270713100244,-45.38737973017,2713,85,18
-73.280069302046,-52.57390200313,2689,3781,5784
-75.48094174814,-46.914515713174,2779,3005,3997
-66.767283492176,-55.134100562872,NA,NA,NA
-72.426669782132,-42.422939292574,NA,NA,NA
-69.372397816124,-47.273841826822,2680,141,33
-71.21394414857,-37.033047587854,2662,441,5509
-68.429166767798,-40.716140252746,2717,148,-85
-69.327482051918,-44.129738332402,2707,74,23
-73.324985066252,-38.470352042446,2784,554,3237
-63.174022355696,-39.952572261244,2766,225,-163
-69.1927347593,-40.985634837982,2723,172,144
-68.51899829621,-40.536477195922,2713,165,-26
-73.055490481016,-49.295051216092,2670,1887,2819
-70.944449563334,-35.820321954292,2741,138,3225
-70.854618034922,-44.219569860814,2699,217,465
-68.878324409858,-54.14595375034,2689,640,775
-69.147818995094,-38.784762391888,2738,119,-61
-68.653745588828,-49.564545801328,2720,193,-29
-66.452873142734,-41.973781650514,2738,155,-177
-72.11225943269,-37.122879116266,2774,384,3858
-71.88768061166,-41.1203821306,2695,1063,5867
-70.09105004342,-53.202722702014,2713,427,281
-68.96815593827,-48.172157110942,2710,178,82
-69.462229344536,-51.989997068452,2714,153,-52
-71.169028384364,-36.044900775322,2650,240,5555
-71.393607205394,-51.585755190598,2695,327,148
-69.821555458184,-53.786627636692,2724,564,670
-70.630039213892,-35.910153482704,2699,125,2310
-73.280069302046,-43.905159511372,NA,NA,NA
-73.819058472518,-49.923871914976,2719,4777,6856
-68.788492881446,-43.770412218754,2727,60,-27
-71.842764847454,-41.749202829484,2702,1055,4425
-72.11225943269,-37.97627863618,2762,477,3908
-66.318125850116,-41.389876715836,2741,169,-189
-68.833408645652,-38.784762391888,2739,139,-107
-72.830911659986,-43.006844227252,NA,NA,NA
-71.348691441188,-47.318757591028,2693,129,85
-72.516501310544,-44.848390559698,2687,2106,4407
-69.237650523506,-44.71364326708,2721,81,-19
-62.096044014752,-40.44664566751,NA,NA,NA
-69.1927347593,-40.042403789656,2724,134,41
-72.067343668484,-47.40858911944,2630,694,1238
-74.58262646402,-46.330610778496,2722,4125,5770
-71.034281091746,-40.042403789656,2712,177,1939
-72.247006725308,-47.678083704676,2582,793,1437
-73.504648123076,-38.964425448712,NA,NA,NA
-72.516501310544,-45.028053616522,2720,1239,2923
-66.857115020588,-41.389876715836,2701,222,-29
-72.78599589578,-43.545833397724,2724,3169,7394
-66.587620435352,-47.902662525706,2732,150,-83
-71.169028384364,-38.65001509927,2709,320,3039
-72.651248603162,-40.356814139098,2772,730,3340
-70.225797336038,-49.834040386564,2692,190,26
-70.76478650651,-45.207716673346,2708,124,223
-71.88768061166,-42.333107764162,2707,835,3579
-66.72236772797,-45.16280090914,2772,156,-138
-66.04863126488,-39.189004269742,2767,162,-178
-71.079196855952,-46.95943147738,2659,170,220
-71.034281091746,-41.075466366394,2711,290,2706
-72.291922489514,-35.999985011116,2779,62,1256
-73.6843111799,-37.706784050944,NA,NA,NA
-69.372397816124,-49.519630037122,2715,125,-66
-71.66310179063,-39.683077676008,2697,954,7869
-72.022427904278,-40.716140252746,2709,1202,6629
-71.752933319042,-36.359311124764,2770,188,3801
-67.216441134236,-43.860243747166,2742,117,-80
-68.923240174064,-44.803474795492,2715,73,27
-73.190237773634,-47.40858911944,2672,2552,4401
-69.462229344536,-39.009341212918,2717,120,5
-65.195231744966,-40.356814139098,2769,143,-179
-72.56141707475,-39.09917274133,2772,444,3172
-69.596976637154,-47.8577467615,2676,200,80
-71.977512140072,-39.862740732832,2731,698,4958
-67.935093361532,-38.829678156094,2759,143,-92
-71.258859912776,-41.1203821306,2726,218,1792
-69.64189240136,-43.635664926136,2708,99,133
-72.426669782132,-47.8577467615,2646,867,1637
-72.247006725308,-34.922006670172,NA,NA,NA
-64.92573715973,-41.883950122102,NA,NA,NA
-69.64189240136,-42.378023528368,2703,124,204
-67.17152537003,-48.845893574032,NA,NA,NA
-69.41731358033,-51.406092133774,2709,139,-80
-67.62068301209,-39.907656497038,2747,147,-74
-71.348691441188,-52.304407417894,2699,402,212
-73.145322009428,-52.439154710512,2697,2332,3017
-63.488432705138,-40.22206684648,2766,223,-174
-70.135965807626,-51.989997068452,2706,171,-58
-71.393607205394,-53.02305964519,NA,NA,NA
-69.237650523506,-43.81532798296,2722,62,-27
-71.034281091746,-51.45100789798,2698,245,71
-67.84526183312,-44.71364326708,2727,122,-34
-72.741080131574,-51.091681784332,2690,754,1079
-68.114756418356,-41.1203821306,2717,142,-39
-67.980009125738,-47.363673355234,2720,139,-27
-69.237650523506,-46.465358071114,2718,95,-93
-68.429166767798,-38.694930863476,2759,139,-119
-70.046134279214,-43.725496454548,2703,90,118
-73.190237773634,-52.753565059954,2694,3050,4438
-70.270713100244,-43.276338812488,2710,123,284
-71.708017554836,-39.503414619184,2656,1106,8381
-69.86647122239,-52.034912832658,2711,158,-35
-71.21394414857,-43.231423048282,2672,456,1569
-67.890177597326,-42.961928463046,2725,169,-133
-71.88768061166,-51.45100789798,2670,336,262
-67.665598776296,-42.46785505678,2686,282,-8
-72.33683825372,-44.219569860814,2723,1375,3768
-69.686808165566,-42.69243387781,2725,81,2
-66.991862313206,-42.198360471544,2733,170,-132
-71.483438733806,-41.165297894806,2666,580,4370
-67.755430304708,-55.223932091284,2727,691,734
-72.696164367368,-42.422939292574,2769,1843,5037
-69.013071702476,-50.867102963302,NA,NA,NA
-67.710514540502,-40.087319553862,2742,147,-76
-73.998721529342,-48.261988639354,2697,4060,5360
-71.079196855952,-44.26448562502,2695,234,593
-71.528354498012,-36.583889945794,2763,298,5222
-69.507145108742,-44.354317153432,2706,90,17
-71.573270262218,-47.049263005792,2629,347,586
-74.986868341874,-46.420442306908,2765,2979,4219
-70.180881571832,-45.432295494376,2714,85,15
-73.055490481016,-39.727993440214,2777,412,2476
-68.204587946768,-39.009341212918,2755,127,-129
-67.351188426854,-42.422939292574,2728,178,-169
-71.842764847454,-42.69243387781,2727,828,3317
-70.09105004342,-48.576398988796,2666,208,118
-65.734220915438,-42.46785505678,2758,128,-223
-68.474082532004,-43.905159511372,2724,72,-36
-66.138462793292,-39.278835798154,2764,176,-173
-68.29441947518,-52.708649295748,NA,NA,NA
-71.932596375866,-50.1035349718,2698,100,35
-73.369900830458,-52.57390200313,2719,2612,3513
-71.797849083248,-42.198360471544,2691,886,3949
-72.11225943269,-36.494058417382,2774,142,2375
-69.911386986596,-51.630670954804,2712,136,-98
-69.86647122239,-49.025556630856,2686,172,10
-63.847758818786,-42.422939292574,2777,144,-165
-68.74357711724,-52.12474436107,2742,147,-92
-73.145322009428,-47.363673355234,2702,1932,3739
-70.944449563334,-43.14159151987,2681,263,729
-73.504648123076,-45.701790079612,2711,3099,4321
-66.318125850116,-39.144088505536,2765,152,-205
-73.414816594664,-46.375526542702,2708,3869,6279
-68.608829824622,-41.56953977266,2699,160,71
-68.923240174064,-40.805971781158,2697,223,98
-63.937590347198,-42.737349642016,2796,138,-133
-72.471585546338,-40.581392960128,2761,1053,4373
-75.525857512346,-46.375526542702,NA,NA,NA
-68.249503710974,-47.228926062616,2709,159,-2
-67.62068301209,-53.92137492931,2726,197,-40
-72.381754017926,-36.538974181588,2774,128,2009
-69.102903230888,-42.647518113604,2713,106,23
-72.741080131574,-45.072969380728,2682,2817,5527
-67.351188426854,-48.08232558253,2731,143,-42
-67.710514540502,-48.351820167766,2724,143,-15
-67.710514540502,-40.311898374892,2736,154,-55
-73.819058472518,-50.912018727508,2729,2823,3680
-68.429166767798,-47.992494054118,2723,134,10
-68.159672182562,-47.812830997294,2725,128,-31
-72.696164367368,-35.28133278382,NA,NA,NA
-72.067343668484,-38.155941693004,2756,601,4337
-70.674954978098,-49.025556630856,2663,124,12
-72.11225943269,-42.827181170428,2702,1556,5551
-73.324985066252,-48.037409818324,2687,3427,4837
-70.76478650651,-51.316260605362,2699,207,43
-69.013071702476,-48.172157110942,2708,182,94
-67.800346068914,-49.115388159268,2742,127,-98
-67.62068301209,-41.479708244248,2699,196,37
-71.393607205394,-51.720502483216,2700,323,135
-68.249503710974,-52.12474436107,NA,NA,NA
-68.249503710974,-48.800977809826,2718,152,5
-73.100406245222,-46.600105363732,2677,2747,5493
-72.830911659986,-46.824684184762,2722,878,2313
-72.291922489514,-35.191501255408,2817,34,1698
-66.902030784794,-55.134100562872,NA,NA,NA
-72.920743188398,-50.77727143489,2656,1919,2896
-68.563914060416,-42.961928463046,2719,152,60
-67.306272662648,-48.666230517208,2728,150,-66
-73.055490481016,-38.021194400386,2772,269,1625
-73.01057471681,-41.704287065278,NA,NA,NA
-70.630039213892,-48.845893574032,2661,80,6
-65.240147509172,-42.602602349398,2757,147,-183
-72.78599589578,-49.699293093946,2686,653,971
-65.464726330202,-41.614455536866,2756,157,-179
-71.4385229696,-40.850887545364,2708,595,5114
-69.686808165566,-49.699293093946,2712,139,-27
-71.573270262218,-40.491561431716,2724,578,4381
-71.932596375866,-36.808468766824,2769,306,3731
-71.752933319042,-37.886447107768,2713,702,5861
-67.126609605824,-40.44664566751,2741,149,-68
-72.56141707475,-48.621314753002,2711,471,661
-69.956302750802,-54.460364099782,2679,2422,3136
-71.752933319042,-40.356814139098,2734,726,4608
-66.228294321704,-47.992494054118,2742,139,-91
-68.204587946768,-54.101037986134,2695,254,200
-73.639395415694,-37.347457937296,2820,375,3352
-71.21394414857,-44.084822568196,2678,421,1326
-67.710514540502,-46.150947721672,2762,114,-139
-66.587620435352,-39.368667326566,2759,157,-156
-68.159672182562,-43.231423048282,2732,136,-51
-71.618186026424,-40.850887545364,2737,432,2999
-66.27321008591,-39.952572261244,2756,157,-160
-65.464726330202,-44.03990680399,2766,124,-215
-65.329979037584,-39.99748802545,2763,188,-177
-65.015568688142,-40.44664566751,2766,155,-114
-71.303775676982,-46.330610778496,2719,166,389
-66.363041614322,-44.803474795492,2755,166,-187
-69.731723929772,-42.69243387781,2719,82,52
-68.74357711724,-46.420442306908,2721,119,-45
-65.329979037584,-43.59074916193,2766,129,-259
-71.4385229696,-39.278835798154,2731,687,5970
-71.797849083248,-43.81532798296,2675,1067,3584
-68.923240174064,-44.399232917638,2718,77,125
-70.09105004342,-39.144088505536,2700,171,568
-70.09105004342,-51.361176369568,2706,138,-89
-72.606332838956,-40.22206684648,2777,532,2489
-70.585123449686,-49.789124622358,2683,195,33
-67.665598776296,-40.44664566751,2733,157,-61
-71.124112620158,-36.808468766824,2684,293,4457
-70.31562886445,-46.240779250084,2711,79,-3
-70.180881571832,-53.292554230426,2719,466,470
-72.11225943269,-40.132235318068,2722,1220,6582
-70.180881571832,-50.597608378066,2697,167,-29
-70.585123449686,-45.567042786994,2705,90,89
-72.202090961102,-42.153444707338,2677,2311,8101
-73.90889000093,-48.75606204562,2702,4007,5331
-70.135965807626,-41.56953977266,2693,186,560
-71.932596375866,-46.869599948968,2626,532,1121
-71.124112620158,-48.30690440356,2658,68,21
-66.49778890694,-42.91701269884,2757,111,-103
-66.27321008591,-47.812830997294,2739,142,-114
-63.937590347198,-42.288191999956,2782,148,-159
-70.180881571832,-48.441651696178,2660,196,101
-68.429166767798,-45.342463965964,2729,102,-5
-67.84526183312,-48.711146281414,2723,147,7
-68.429166767798,-40.89580330957,2718,146,-79
-70.674954978098,-46.465358071114,2706,71,3
-72.875827424192,-43.321254576694,2769,2677,6727
-66.812199256382,-42.01869741472,2734,173,-120
-73.100406245222,-52.304407417894,2713,1732,2092
-69.013071702476,-50.77727143489,NA,NA,NA
-72.741080131574,-52.888312352572,2698,2504,3156
-72.830911659986,-40.985634837982,2787,703,2132
-74.043637293548,-48.351820167766,2699,4129,5369
-65.734220915438,-47.049263005792,NA,NA,NA
-72.651248603162,-39.189004269742,2772,421,3189
-69.686808165566,-54.101037986134,2690,1047,1362
-72.920743188398,-49.339966980298,2700,1132,1571
-71.034281091746,-38.605099335064,2702,339,3505
-68.384251003592,-38.964425448712,2755,121,-130
-71.66310179063,-38.470352042446,2729,897,6631
-69.776639693978,-46.73485265635,2704,71,-12
-69.013071702476,-41.79411859369,2670,260,384
-71.708017554836,-43.096675755664,2714,650,2487
-71.842764847454,-36.808468766824,2766,371,4452
-70.135965807626,-50.013703443388,2696,183,11
-73.998721529342,-50.238282264418,2708,3917,5601
-68.96815593827,-51.90016554004,2728,148,-79
-68.923240174064,-43.006844227252,2713,106,-21
-72.157175196896,-40.491561431716,2695,1321,7019
-72.022427904278,-36.85338453103,2772,309,3718
-62.949443534666,-40.087319553862,2765,235,-159
-65.689305151232,-47.363673355234,NA,NA,NA
-72.291922489514,-49.65437732974,2710,82,-133
-72.11225943269,-47.812830997294,2679,408,659
-71.348691441188,-48.800977809826,2683,78,-70
-72.965658952604,-43.545833397724,2783,2468,5851
-70.135965807626,-41.839034357896,2702,175,522
-72.291922489514,-35.910153482704,2779,56,1210
-66.542704671146,-42.961928463046,2756,107,18
-68.06984065415,-55.448510912314,NA,NA,NA
-67.126609605824,-43.006844227252,2751,101,-88
-70.495291921274,-42.737349642016,2709,113,328
-68.114756418356,-44.71364326708,2724,120,-11
-71.573270262218,-50.687439906478,2685,239,120
-67.890177597326,-47.63316794047,2730,118,-84
-62.4553701284,-40.401729903304,2779,252,-158
-69.327482051918,-54.999353270254,NA,NA,NA
-67.710514540502,-39.683077676008,2752,143,-88
-66.318125850116,-41.839034357896,2739,162,-257
-68.653745588828,-45.297548201758,2728,93,-55
-71.169028384364,-36.85338453103,2663,276,3952
-70.405460392862,-44.848390559698,2712,86,113
-65.779136679644,-47.947578289912,NA,NA,NA
-68.878324409858,-42.602602349398,2706,141,35
-74.223300350372,-49.115388159268,2710,5786,8248
-71.708017554836,-44.129738332402,2678,1014,3404
-67.800346068914,-39.503414619184,2748,150,-97
-67.441019955266,-39.054256977124,2758,127,-115
-65.644389387026,-40.44664566751,2757,147,-167
-69.147818995094,-52.843396588366,2716,184,52
-71.21394414857,-45.028053616522,2691,299,742
-62.67994894943,-40.761056016952,2774,244,-149
-69.86647122239,-42.378023528368,2707,107,135
-66.632536199558,-39.727993440214,2754,187,-36
-67.575767247884,-43.860243747166,2739,108,-54
-69.41731358033,-39.862740732832,2732,116,96
-68.474082532004,-49.564545801328,2729,142,-43
-73.819058472518,-41.075466366394,2748,1063,3550
-70.270713100244,-40.356814139098,2706,155,675
-65.868968208056,-41.165297894806,2753,144,-162
-70.674954978098,-43.635664926136,2675,228,601
-74.043637293548,-49.699293093946,2699,4712,6799
-72.426669782132,-45.881453136436,2652,1799,3783
-70.98936532754,-51.945081304246,2704,240,39
-66.767283492176,-42.602602349398,2754,142,-104
-71.573270262218,-53.382385758838,2691,943,1166
-71.842764847454,-48.351820167766,2664,196,266
-67.441019955266,-44.93822208811,2735,141,-8
-72.471585546338,-45.656874315406,2709,1175,2337
-66.632536199558,-42.647518113604,2751,143,-150
-73.280069302046,-37.52712099412,2768,621,5611
-73.055490481016,-46.51027383532,2732,2109,4341
-65.689305151232,-40.940719073776,2754,139,-168
-65.464726330202,-42.961928463046,2751,137,-190
-72.381754017926,-50.956934491714,2691,203,158
-71.66310179063,-49.474714272916,2687,62,-92
-69.462229344536,-49.968787679182,2711,137,-54
-69.911386986596,-51.810334011628,2707,153,-76
-71.752933319042,-51.00185025592,2676,199,87
-72.606332838956,-47.228926062616,2716,575,1121
-72.830911659986,-37.257626408884,2775,190,2193
-72.606332838956,-46.914515713174,2680,972,2150
-72.606332838956,-48.890809338238,2721,417,444
-67.036778077412,-39.952572261244,2755,135,-80
-71.618186026424,-38.560183570858,2683,827,6219
-69.596976637154,-53.517133051456,NA,NA,NA
-63.982506111404,-40.67122448854,2766,212,-144
-62.90452777046,-40.536477195922,2767,229,-171
-72.741080131574,-36.134732303734,2795,172,3253
-64.746074102906,-42.01869741472,NA,NA,NA
-69.327482051918,-54.729858685018,2680,1636,2071
-67.935093361532,-41.524624008454,2701,176,6
-70.630039213892,-47.902662525706,2663,74,-43
-69.64189240136,-42.01869741472,2707,165,263
-65.060484452348,-41.973781650514,NA,NA,NA
-74.58262646402,-46.914515713174,NA,NA,NA
-75.795352097582,-46.779768420556,NA,NA,NA
-70.76478650651,-51.046766020126,2698,178,16
-70.854618034922,-42.46785505678,2686,207,829
-72.11225943269,-44.444148681844,2690,1273,3772
-67.710514540502,-45.477211258582,2723,161,5
-71.124112620158,-44.623811738668,2671,280,767
-70.09105004342,-44.129738332402,2689,157,320
-72.516501310544,-39.862740732832,2765,809,4501
-65.509642094408,-44.444148681844,2773,123,-196
-64.880821395524,-39.593246147596,2762,215,-184
-70.09105004342,-43.905159511372,2674,156,324
-67.39610419106,-47.543336412058,2731,146,-102
-68.96815593827,-55.403595148108,NA,NA,NA
-69.776639693978,-48.53148322459,2693,152,19
-71.4385229696,-53.831543400898,2718,693,789
-69.013071702476,-54.190869514546,2687,771,914
-73.369900830458,-40.042403789656,2762,609,3767
-72.471585546338,-41.479708244248,2755,1154,3562
-69.821555458184,-48.30690440356,2682,161,28
-65.913883972262,-39.278835798154,2767,179,-194
-72.471585546338,-38.42543627824,2767,354,1953
-68.474082532004,-43.321254576694,2734,93,-96
-69.686808165566,-40.22206684648,2723,157,313
-65.195231744966,-43.456001869312,2769,139,-194
-69.057987466682,-52.439154710512,NA,NA,NA
-71.842764847454,-51.945081304246,2699,306,189
-70.180881571832,-46.779768420556,2689,76,12
-65.464726330202,-42.153444707338,2761,138,-212
-68.923240174064,-40.761056016952,2711,179,42
-64.47657951767,-42.24327623575,NA,NA,NA
-70.360544628656,-41.749202829484,2705,172,653
-72.830911659986,-47.228926062616,2705,944,1891
-65.240147509172,-42.108528943132,2763,151,-200
-70.899533799128,-52.57390200313,2713,299,65
-69.462229344536,-48.486567460384,2705,191,56
-68.429166767798,-45.791621608024,2723,141,111
-72.606332838956,-43.500917633518,2708,2726,7060
-69.41731358033,-40.89580330957,2719,138,45
-70.270713100244,-49.42979850871,2700,108,-52
-71.618186026424,-39.952572261244,2686,775,6278
-72.471585546338,-53.292554230426,2698,1274,1355
-72.291922489514,-37.706784050944,2770,283,2352
-69.147818995094,-48.396735931972,2714,192,73
-70.630039213892,-53.02305964519,NA,NA,NA
-64.072337639816,-39.727993440214,2766,224,-185
-68.339335239386,-39.054256977124,2753,129,-100
-70.98936532754,-36.538974181588,2663,283,4719
-71.124112620158,-43.411086105106,2659,474,1502
-71.21394414857,-50.373029557036,2671,191,45
-67.306272662648,-45.746705843818,NA,NA,NA
-71.708017554836,-36.359311124764,2768,206,4116
-70.854618034922,-53.876459165104,2717,689,637
-66.003715500674,-39.77290920442,2761,174,-188
-71.88768061166,-45.072969380728,2676,821,2408
-72.426669782132,-40.536477195922,2752,1149,4880
-72.11225943269,-53.382385758838,2733,813,789
-67.261356898442,-39.009341212918,2755,156,-129
-70.899533799128,-50.462861085448,2683,172,3
-70.585123449686,-42.961928463046,2710,120,305
-70.98936532754,-50.32811379283,2676,181,48
-66.812199256382,-43.276338812488,2747,109,-94
-73.639395415694,-50.822187199096,2690,4322,6380
-73.414816594664,-37.661868286738,2796,543,4371
-70.854618034922,-47.902662525706,2656,74,3
-71.4385229696,-35.595743133262,2769,90,3371
-71.21394414857,-44.71364326708,2656,415,1168
-65.464726330202,-39.458498854978,2762,211,-159
-67.261356898442,-40.266982610686,2744,146,-75
-62.949443534666,-39.99748802545,2766,232,-159
-67.081693841618,-48.621314753002,2737,145,-41
-72.78599589578,-48.800977809826,2729,734,996
-71.4385229696,-43.3661703409,2680,670,2489
-68.833408645652,-44.893306323904,2717,86,21
-71.528354498012,-40.401729903304,2700,622,4991
-68.698661353034,-54.37053257137,2689,693,826
-69.552060872948,-51.765418247422,2714,146,-67
-71.932596375866,-38.560183570858,2731,990,6417
-68.563914060416,-40.132235318068,2715,163,32
-68.204587946768,-53.786627636692,2715,181,24
-70.54020768548,-42.737349642016,2710,103,277
-65.734220915438,-40.985634837982,2755,142,-158
-72.471585546338,-38.8745939203,2771,464,3108
-69.102903230888,-46.420442306908,2713,114,2
-71.797849083248,-37.796615579356,2745,569,4965
-69.147818995094,-41.075466366394,2721,160,148
-69.956302750802,-51.271344841156,2706,156,-36
-72.875827424192,-42.24327623575,NA,NA,NA
-71.708017554836,-43.500917633518,2669,880,3264
-71.034281091746,-38.8745939203,2703,317,3083
-71.034281091746,-43.635664926136,2689,238,593
-66.812199256382,-54.5951113924,2694,514,629
-71.977512140072,-43.770412218754,2683,1411,4467
-73.190237773634,-51.630670954804,2714,1732,1945
-69.64189240136,-44.03990680399,2700,77,69
-71.258859912776,-37.07796335206,2671,413,4869
-65.779136679644,-40.581392960128,2753,152,-151
-69.057987466682,-55.313763619696,NA,NA,NA
-70.495291921274,-44.399232917638,2716,98,129
-70.76478650651,-38.245773221416,2687,215,1602
-72.830911659986,-50.283198028624,2718,605,740
-68.923240174064,-55.134100562872,2663,1343,1699
-69.462229344536,-42.108528943132,2690,207,347
-70.585123449686,-53.606964579868,NA,NA,NA
-72.11225943269,-52.79848082416,2707,700,676
-71.169028384364,-40.716140252746,2708,266,2836
-67.036778077412,-44.48906444605,2734,150,-65
-67.306272662648,-41.34496095163,2707,196,34
-71.258859912776,-43.770412218754,2684,356,1209
-66.27321008591,-42.737349642016,2758,132,-171
-71.348691441188,-52.169660125276,2698,408,247
-72.830911659986,-38.066110164592,2769,252,1551
-69.956302750802,-40.042403789656,2731,115,237
-72.202090961102,-43.051759991458,2690,2007,6363
-67.306272662648,-39.683077676008,2758,138,-77
-67.036778077412,-40.940719073776,2733,154,-47
-67.261356898442,-48.08232558253,2731,146,-53
-70.405460392862,-48.172157110942,2659,108,48
-69.911386986596,-50.55269261386,2698,174,-10
-65.419810565996,-40.042403789656,2762,193,-179
-69.552060872948,-53.741711872486,2714,489,520
-71.21394414857,-40.805971781158,2704,304,3059
-68.833408645652,-41.79411859369,2692,191,131
-72.247006725308,-37.392373701502,2771,314,2657
-70.630039213892,-43.59074916193,2684,171,397
-68.114756418356,-40.536477195922,2717,160,-72
-72.067343668484,-44.533980210256,2701,1298,3950
-72.920743188398,-43.635664926136,2776,2121,5180
-69.372397816124,-40.356814139098,2707,191,168
-73.190237773634,-39.368667326566,2792,665,3487
-73.774142708312,-49.339966980298,2711,3282,4334
-69.282566287712,-55.313763619696,NA,NA,NA
-71.393607205394,-47.40858911944,2705,90,3
-72.291922489514,-51.046766020126,2688,158,67
-68.608829824622,-50.462861085448,NA,NA,NA
-64.521495281876,-42.24327623575,NA,NA,NA
-64.47657951767,-43.231423048282,NA,NA,NA
-67.665598776296,-45.567042786994,2722,175,-23
-71.258859912776,-45.791621608024,2682,243,565
-72.875827424192,-41.300045187424,2788,1002,2942
-69.776639693978,-53.562048815662,NA,NA,NA
-69.057987466682,-43.905159511372,2724,57,12
-72.516501310544,-38.111025928798,2769,346,2240
-68.384251003592,-43.59074916193,2729,94,-29
-69.821555458184,-43.186507284076,2696,137,213
-67.530851483678,-48.261988639354,2726,146,-32
-72.471585546338,-48.172157110942,2657,916,1605
-70.76478650651,-44.668727502874,2707,141,217
-72.920743188398,-45.072969380728,2716,2494,4670
-67.17152537003,-41.165297894806,2713,185,20
-70.225797336038,-49.250135451886,2690,121,-16
-70.09105004342,-39.683077676008,2718,119,289
-66.27321008591,-41.883950122102,2742,149,-209
-70.360544628656,-47.902662525706,2679,86,-19
-71.752933319042,-42.827181170428,2700,850,3471
-66.542704671146,-44.084822568196,2741,137,-106
-71.573270262218,-49.250135451886,2662,104,-46
-69.237650523506,-48.172157110942,2695,222,152
-70.899533799128,-47.094178769998,2672,117,107
-67.216441134236,-47.63316794047,2730,141,-90
-73.280069302046,-39.009341212918,2800,455,2391
-69.911386986596,-42.69243387781,2690,112,79
-71.708017554836,-35.95506924691,2775,72,2232
-69.102903230888,-39.907656497038,2728,114,-36
-71.618186026424,-46.375526542702,2748,167,205
-70.899533799128,-45.791621608024,2691,128,288
-70.180881571832,-52.708649295748,NA,NA,NA
-70.225797336038,-46.645021127938,2702,69,35
-70.180881571832,-49.42979850871,2703,108,-53
-72.651248603162,-47.63316794047,2674,1068,2127
-68.29441947518,-41.255129423218,2707,161,-34
-68.339335239386,-54.190869514546,2689,374,393
-71.752933319042,-36.494058417382,2768,262,4414
-73.863974236724,-49.474714272916,2677,4731,6765
-72.741080131574,-41.659371301072,NA,NA,NA
-70.54020768548,-44.309401389226,2715,114,163
-72.56141707475,-45.522127022788,2711,1477,2887
-64.207084932434,-40.985634837982,2788,211,-171
-73.774142708312,-37.257626408884,NA,NA,NA
-65.689305151232,-41.479708244248,2757,147,-146
-68.339335239386,-40.626308724334,2721,141,-70
-72.78599589578,-49.564545801328,2732,449,418
-69.41731358033,-51.361176369568,2710,138,-81
-62.320622835782,-40.940719073776,NA,NA,NA
-72.471585546338,-50.1035349718,2681,266,480
-72.33683825372,-38.8745939203,2769,573,3714
-68.114756418356,-49.789124622358,2724,163,-41
-67.935093361532,-41.075466366394,2714,154,-8
-68.204587946768,-52.79848082416,NA,NA,NA
-67.575767247884,-42.961928463046,2743,154,-115
-71.303775676982,-36.449142653176,2679,305,6735
-70.98936532754,-43.950075275578,2680,312,829
-65.105400216554,-39.638161911802,2762,218,-174
-71.034281091746,-38.335604749828,2652,374,3633
-74.35804764299,-49.20521968768,2724,3852,4836
-66.946946549,-43.14159151987,2749,98,-103
-72.426669782132,-43.680580690342,2713,2037,6028
-72.11225943269,-38.919509684506,2763,781,4876
-68.563914060416,-39.862740732832,2718,164,3
-65.419810565996,-42.91701269884,2752,137,-189
-69.147818995094,-45.791621608024,2718,100,57
-72.875827424192,-48.621314753002,2657,1864,3408
-71.842764847454,-46.420442306908,2746,247,443
-70.630039213892,-39.503414619184,2710,160,1046
-69.596976637154,-48.845893574032,2705,135,17
-62.4553701284,-40.44664566751,2777,251,-144
-63.937590347198,-40.356814139098,2768,210,-155
-67.530851483678,-49.789124622358,NA,NA,NA
-70.405460392862,-45.522127022788,2709,83,39
-73.369900830458,-50.732355670684,2632,3418,4709
-69.237650523506,-43.276338812488,2718,87,-3
-66.49778890694,-39.189004269742,2760,160,-179
-71.66310179063,-38.964425448712,2696,948,6809
-63.174022355696,-40.67122448854,2768,238,-161
-70.09105004342,-52.57390200313,NA,NA,NA
-71.483438733806,-42.198360471544,2710,315,1473
-70.180881571832,-46.73485265635,2692,75,27
-68.429166767798,-40.087319553862,2718,158,-41
-69.64189240136,-50.867102963302,2709,182,-38
-66.991862313206,-40.266982610686,2746,142,-95
-66.093547029086,-44.309401389226,2741,153,-162
-72.651248603162,-45.117885144934,2716,2057,4471
-66.542704671146,-40.22206684648,2751,138,-150
-69.013071702476,-42.063613178926,2673,237,312
-72.965658952604,-46.465358071114,2680,2337,4786
-67.755430304708,-39.413583090772,2749,151,-105
-69.956302750802,-40.22206684648,2728,152,427
-69.596976637154,-40.042403789656,2724,124,126
-70.54020768548,-52.663733531542,2734,234,-35
-68.833408645652,-52.79848082416,2721,171,6
-69.64189240136,-47.273841826822,2682,119,38
-66.812199256382,-40.581392960128,2742,151,-76
-70.585123449686,-41.749202829484,2704,200,912
-70.180881571832,-39.413583090772,2717,141,436
-70.98936532754,-47.722999468882,2658,75,26
-73.055490481016,-52.618817767336,2708,2683,3465
-71.258859912776,-48.351820167766,2649,99,67
-68.024924889944,-39.413583090772,2743,154,-91
-71.4385229696,-51.945081304246,2704,249,61
-71.393607205394,-47.543336412058,2679,106,110
-68.429166767798,-41.56953977266,2693,198,102
-72.067343668484,-42.827181170428,2686,1555,5627
-73.6843111799,-37.706784050944,NA,NA,NA
-68.653745588828,-45.83653737223,2722,109,55
-71.618186026424,-41.56953977266,2711,625,3148
-67.890177597326,-49.250135451886,2727,205,57
-71.66310179063,-53.786627636692,2725,778,832
-70.09105004342,-45.6119585512,2713,79,-2
-68.653745588828,-42.288191999956,2691,225,135
-68.74357711724,-45.117885144934,2715,105,19
-67.39610419106,-42.512770820986,2729,171,-205
-73.280069302046,-50.1035349718,2724,2249,2916
-71.348691441188,-37.212710644678,2685,536,5647
-72.067343668484,-45.16280090914,2705,701,1686
-71.528354498012,-37.212710644678,2714,633,6095
-71.797849083248,-50.956934491714,2676,221,115
-68.878324409858,-50.462861085448,NA,NA,NA
-70.98936532754,-38.8745939203,2691,309,3003
-71.66310179063,-42.288191999956,2699,598,2733
-68.923240174064,-52.57390200313,NA,NA,NA
-73.639395415694,-48.261988639354,2712,4704,6564
-69.147818995094,-53.741711872486,2699,482,459
-69.013071702476,-40.401729903304,2707,198,52
-71.034281091746,-45.881453136436,2693,140,303
-69.057987466682,-55.26884785549,NA,NA,NA
-66.812199256382,-41.704287065278,2716,237,-91
-65.37489480179,-44.309401389226,2785,105,-210
-68.114756418356,-44.578895974462,2726,120,18
-70.98936532754,-42.063613178926,2688,272,1363
-71.977512140072,-36.134732303734,2776,80,1869
-69.462229344536,-45.252632437552,2706,106,-38
-72.247006725308,-52.079828596864,2680,761,905
-68.429166767798,-39.144088505536,2752,127,-95
-66.138462793292,-47.722999468882,2739,142,-130
-70.854618034922,-41.075466366394,2704,239,1987
-66.49778890694,-44.93822208811,2768,155,-177
-70.854618034922,-35.73049042588,2681,221,4822
-70.585123449686,-43.500917633518,2687,191,511
-69.013071702476,-44.444148681844,2719,58,-15
-70.09105004342,-40.44664566751,2732,128,488
-69.64189240136,-38.605099335064,2729,89,20
-71.303775676982,-44.758559031286,2672,412,1257
-72.067343668484,-49.564545801328,2683,141,67
-70.270713100244,-41.883950122102,2705,152,421
-66.407957378528,-48.53148322459,NA,NA,NA
-65.554557858614,-40.716140252746,2755,144,-145
-73.100406245222,-40.89580330957,2771,488,1750
-62.814696242048,-40.850887545364,2778,251,-155
-69.776639693978,-47.004347241586,2681,105,31
-68.653745588828,-49.923871914976,2719,177,-49
-66.902030784794,-41.34496095163,2701,219,0
-66.677451963764,-43.051759991458,2753,98,-98
-72.247006725308,-44.309401389226,2688,1929,5222
-73.504648123076,-40.132235318068,2754,933,5173
-68.384251003592,-52.034912832658,NA,NA,NA
-71.483438733806,-38.784762391888,2691,778,6322
-73.145322009428,-38.65001509927,2772,423,2028
-73.055490481016,-39.77290920442,2773,408,2618
-69.731723929772,-42.01869741472,2701,171,303
-74.088553057754,-46.600105363732,2744,2924,3579
-67.710514540502,-42.602602349398,2706,251,2
-74.852121049256,-46.73485265635,2772,3291,4254
-64.835905631318,-41.614455536866,NA,NA,NA
-69.686808165566,-41.928865886308,2698,180,360
-68.249503710974,-40.22206684648,2724,151,-59
-66.183378557498,-41.56953977266,2743,163,-218
-68.474082532004,-48.08232558253,2723,148,23
-68.698661353034,-43.725496454548,2730,65,-3
-65.59947362282,-43.994991039784,2756,137,-186
-70.809702270716,-47.543336412058,2669,72,6
-71.348691441188,-35.371164312232,2774,70,2939
-64.970652923936,-40.89580330957,NA,NA,NA
-66.812199256382,-55.04426903446,NA,NA,NA
-73.953805765136,-50.507776849654,2699,4188,6518
-69.776639693978,-44.03990680399,2690,113,170
-71.528354498012,-43.635664926136,2662,800,2940
-67.306272662648,-55.358679383902,NA,NA,NA
-73.324985066252,-52.304407417894,2702,3070,4348
-65.509642094408,-43.14159151987,2748,134,-165
-73.369900830458,-50.373029557036,2696,2691,3392
-72.067343668484,-41.255129423218,2707,1329,5824
-66.767283492176,-42.378023528368,2731,189,-115
-66.632536199558,-45.342463965964,NA,NA,NA
-68.653745588828,-49.564545801328,2720,193,-29
-72.157175196896,-41.839034357896,2717,1232,4867
-71.4385229696,-37.257626408884,2742,500,4830
-67.935093361532,-41.839034357896,2698,182,34
-71.797849083248,-45.028053616522,2684,754,2269
-72.56141707475,-39.593246147596,2747,721,5071
-69.552060872948,-44.084822568196,2679,117,217
-74.088553057754,-47.363673355234,2722,4385,5787
-70.270713100244,-45.16280090914,2711,99,81
-73.369900830458,-38.919509684506,NA,NA,NA
-72.202090961102,-51.22642907695,2683,186,115
-73.45973235887,-46.689936892144,2668,4660,6923
-71.079196855952,-53.157806937808,2702,713,787
-73.45973235887,-48.217072875148,2727,2889,4000
-70.809702270716,-36.449142653176,2670,221,3371
-69.013071702476,-50.912018727508,NA,NA,NA
-66.632536199558,-41.79411859369,2733,196,-174
-74.043637293548,-41.434792480042,NA,NA,NA
-64.880821395524,-40.491561431716,2766,168,-95
-70.135965807626,-39.683077676008,2717,131,375
-67.351188426854,-41.210213659012,2708,187,23
-66.991862313206,-44.983137852316,2723,203,-67
-71.483438733806,-35.865237718498,2768,128,4527
-67.710514540502,-41.300045187424,2698,208,78
-71.303775676982,-40.716140252746,2705,328,3121
-67.62068301209,-54.729858685018,2649,820,900
-68.788492881446,-46.779768420556,2720,106,-37
-64.25200069664,-42.872096934634,NA,NA,NA
-69.41731358033,-41.479708244248,2708,119,158
-66.003715500674,-40.177151082274,2759,167,-182
-68.698661353034,-53.651880344074,2707,294,190
-70.001218515008,-54.235785278752,NA,NA,NA
-72.381754017926,-37.841531343562,2774,265,2237
-73.549563887282,-52.618817767336,2712,3594,5757
-68.159672182562,-39.862740732832,2737,144,-50
-65.240147509172,-43.770412218754,NA,NA,NA
-69.596976637154,-42.961928463046,2688,130,152
-69.64189240136,-54.460364099782,2694,1657,2078
-68.024924889944,-46.869599948968,2730,149,-74
-72.651248603162,-41.255129423218,2776,1620,5128
-68.159672182562,-48.127241346736,2724,129,5
-67.17152537003,-45.656874315406,NA,NA,NA
-72.965658952604,-52.978143880984,2712,2370,2851
-65.913883972262,-39.503414619184,2764,188,-181
-68.74357711724,-51.540839426392,NA,NA,NA
-70.225797336038,-53.427301523044,2723,538,604
-63.937590347198,-42.378023528368,2780,140,-162
-68.653745588828,-47.947578289912,2716,154,34
-74.268216114578,-50.55269261386,NA,NA,NA
-72.651248603162,-48.127241346736,2660,1221,2234
-69.596976637154,-42.153444707338,2715,143,175
-72.516501310544,-51.361176369568,2682,354,383
-65.464726330202,-41.210213659012,2757,142,-169
-69.057987466682,-55.448510912314,NA,NA,NA
-69.013071702476,-54.415448335576,2667,1064,1370
-70.09105004342,-47.678083704676,2681,134,1
-67.126609605824,-55.134100562872,2716,827,1124
-72.606332838956,-48.800977809826,2677,755,1282
-73.45973235887,-48.890809338238,2657,3690,5168
-63.668095761962,-40.536477195922,2765,233,-165
-72.11225943269,-36.943216059442,2774,327,3789
-65.554557858614,-54.954437506048,NA,NA,NA
-67.351188426854,-40.536477195922,2737,144,-43
-68.204587946768,-53.202722702014,NA,NA,NA
-73.145322009428,-45.926368900642,2680,4074,6199
-68.024924889944,-46.150947721672,2744,119,-83
-72.247006725308,-44.983137852316,2730,899,2123
-68.339335239386,-40.89580330957,2720,149,-64
-68.608829824622,-48.75606204562,2719,145,-17
-67.62068301209,-54.325616807164,2687,300,275
-67.530851483678,-49.968787679182,NA,NA,NA
-63.668095761962,-40.89580330957,2779,232,-148
-71.21394414857,-35.460995840644,2771,111,3768
-71.4385229696,-52.214575889482,2698,426,300
-72.965658952604,-50.193366500212,2715,1071,1419
-66.452873142734,-40.716140252746,2749,139,-105
-71.708017554836,-52.57390200313,NA,NA,NA
-72.516501310544,-47.767915233088,2659,934,1784
-70.360544628656,-47.678083704676,2689,78,-49
-63.847758818786,-40.042403789656,2766,223,-156
-70.001218515008,-42.91701269884,2684,165,292
-72.875827424192,-43.860243747166,2742,2676,6150
-68.204587946768,-53.292554230426,2751,149,-195
-64.431663753464,-39.952572261244,2766,222,-172
-72.381754017926,-47.543336412058,2632,918,1706
-67.665598776296,-44.983137852316,2727,140,-13
-72.651248603162,-52.978143880984,2666,2582,3341
-68.788492881446,-55.04426903446,2655,1317,1612
-66.003715500674,-54.5951113924,NA,NA,NA
-68.653745588828,-53.202722702014,2732,164,-77
-69.507145108742,-48.800977809826,2708,150,0
-73.639395415694,-50.77727143489,2675,4651,6979
-72.381754017926,-43.456001869312,2730,1320,4140
-68.653745588828,-52.618817767336,NA,NA,NA
-72.426669782132,-52.978143880984,2701,1315,1511
-67.261356898442,-45.477211258582,2751,166,-142
-69.013071702476,-51.989997068452,2722,155,-59
-68.114756418356,-53.02305964519,NA,NA,NA
-70.809702270716,-43.770412218754,2668,294,748
-68.249503710974,-44.219569860814,2720,107,16
-62.994359298872,-41.030550602188,2791,222,-147
-69.776639693978,-52.933228116778,2726,245,82
-68.608829824622,-44.354317153432,2705,120,101
-66.093547029086,-48.127241346736,NA,NA,NA
-65.240147509172,-40.491561431716,2766,141,-151
-71.708017554836,-39.278835798154,2707,972,7079
-71.752933319042,-39.458498854978,2706,915,6995
-73.863974236724,-48.75606204562,2694,4394,5965
-67.17152537003,-40.850887545364,2734,146,-24
-71.797849083248,-40.087319553862,2695,971,6682
-67.351188426854,-39.32375156236,2753,130,-112
-67.351188426854,-47.812830997294,2728,158,-66
-69.596976637154,-41.34496095163,2712,113,157
-71.21394414857,-43.680580690342,2686,302,898
-65.82405244385,-42.378023528368,2758,137,-227
-62.635033185224,-41.165297894806,NA,NA,NA
-67.575767247884,-50.013703443388,NA,NA,NA
-72.471585546338,-36.40422688897,2777,96,1423
-68.788492881446,-55.49342667652,2726,1552,2028
-72.651248603162,-51.091681784332,2657,702,1091
-66.902030784794,-44.848390559698,2729,200,-44
-75.166531398698,-46.240779250084,NA,NA,NA
-71.573270262218,-35.50591160485,2776,53,2174
-69.64189240136,-53.157806937808,2700,469,454
-74.537710699814,-46.600105363732,2744,3351,4481
-71.708017554836,-42.108528943132,2733,434,1902
-72.651248603162,-35.371164312232,NA,NA,NA
-64.162169168228,-42.153444707338,NA,NA,NA
-69.372397816124,-39.009341212918,2719,128,-42
-66.003715500674,-42.198360471544,2753,142,-202
-68.384251003592,-45.746705843818,2726,125,59
-71.124112620158,-51.136597548538,2689,224,80
-68.653745588828,-38.8745939203,2743,133,-132
-72.741080131574,-39.952572261244,2767,502,3070
-72.471585546338,-43.096675755664,2751,1440,4168
-67.755430304708,-41.704287065278,2702,171,22
-69.911386986596,-46.106031957466,2711,67,-27
-67.441019955266,-45.6119585512,2742,204,98
-70.809702270716,-39.054256977124,2693,288,2601
-73.100406245222,-49.115388159268,2603,2205,3328
-72.875827424192,-36.134732303734,NA,NA,NA
-65.82405244385,-43.096675755664,2750,125,-167
-69.237650523506,-47.678083704676,2683,169,82
-73.639395415694,-46.869599948968,2686,4991,6888
-65.913883972262,-44.129738332402,2743,149,-152
-67.17152537003,-45.477211258582,2770,135,-310
-69.911386986596,-43.500917633518,2708,110,134
-72.157175196896,-47.588252176264,2639,583,1089
-68.114756418356,-44.084822568196,2723,99,-6
-66.767283492176,-47.812830997294,2734,141,-80
-69.956302750802,-50.732355670684,2703,170,-39
-68.159672182562,-46.06111619326,2730,162,-45
-69.237650523506,-51.989997068452,2716,148,-65
-73.190237773634,-46.95943147738,2674,2376,4680
-68.51899829621,-47.453504883646,2710,142,11
-66.04863126488,-54.999353270254,NA,NA,NA
-64.835905631318,-42.602602349398,2769,137,-257
-72.651248603162,-48.396735931972,2702,817,1410
-72.157175196896,-51.406092133774,2671,302,261
-65.644389387026,-41.614455536866,2754,150,-167
-70.585123449686,-45.971284664848,2704,87,76
-72.33683825372,-38.20085745721,2766,390,2377
-71.842764847454,-39.683077676008,2731,830,5967
-70.854618034922,-48.037409818324,2649,81,9
-73.504648123076,-41.255129423218,2765,520,1669
-66.138462793292,-44.758559031286,2752,155,-170
-72.78599589578,-41.524624008454,2787,1408,3837
-71.079196855952,-44.399232917638,2688,295,784
-66.632536199558,-40.985634837982,2740,164,-140
-68.384251003592,-52.394238946306,NA,NA,NA
-72.741080131574,-42.872096934634,2751,2606,6588
-66.72236772797,-42.378023528368,2733,204,-123
-74.313131878784,-50.283198028624,2699,4884,7779
-72.157175196896,-44.848390559698,2678,1472,3758
-72.11225943269,-48.037409818324,2639,583,1020
-68.923240174064,-43.321254576694,2706,96,-9
-70.225797336038,-40.67122448854,2723,113,495
-71.66310179063,-39.907656497038,2708,776,6160
-67.890177597326,-43.411086105106,2743,96,-78
-65.82405244385,-40.581392960128,2753,149,-143
-72.202090961102,-46.600105363732,2709,463,1085
-72.875827424192,-37.033047587854,2774,187,2148
-66.946946549,-39.503414619184,2752,160,-117
-66.407957378528,-54.774774449224,2691,606,690
-70.046134279214,-40.491561431716,2728,144,537
-66.407957378528,-44.578895974462,2736,170,-133
-72.381754017926,-52.57390200313,2703,1007,1104
-67.216441134236,-41.434792480042,2704,204,33
-71.079196855952,-51.585755190598,2700,261,92
-65.285063273378,-40.042403789656,2762,191,-177
-70.225797336038,-54.550195628194,NA,NA,NA
-68.51899829621,-43.14159151987,2721,127,-19
-63.623179997756,-40.761056016952,2770,216,-146
-73.01057471681,-41.165297894806,2776,739,2262
-72.022427904278,-43.905159511372,2709,1477,4510
-66.587620435352,-43.3661703409,2745,110,-138
-70.944449563334,-37.392373701502,2673,289,2789
-65.779136679644,-39.278835798154,2767,181,-153
-65.913883972262,-42.602602349398,2759,128,-203
-68.114756418356,-39.907656497038,2737,143,-52
-68.653745588828,-42.063613178926,2656,284,263
-69.731723929772,-42.512770820986,2718,94,158
-72.157175196896,-52.843396588366,2689,1202,1487
-71.66310179063,-52.214575889482,2691,509,366
-68.51899829621,-54.280701042958,2689,482,589
-70.585123449686,-42.557686585192,2707,102,295
-74.178384586166,-46.555189599526,2739,3023,3904
-73.774142708312,-46.689936892144,2714,5120,6725
-66.677451963764,-43.950075275578,2742,137,-84
-69.237650523506,-46.95943147738,2687,115,4
-70.899533799128,-35.910153482704,2661,195,4407
-68.429166767798,-48.666230517208,2721,134,-24
-67.84526183312,-54.909521741842,NA,NA,NA
-64.880821395524,-43.3661703409,NA,NA,NA
-69.41731358033,-47.318757591028,2678,166,100
-67.755430304708,-55.134100562872,2694,1036,1310
-71.66310179063,-43.276338812488,2674,935,3431
-70.98936532754,-37.572036758326,2678,340,2989
-69.41731358033,-45.791621608024,2708,110,23
-69.731723929772,-40.626308724334,2698,221,449
-70.944449563334,-38.605099335064,2689,276,2783
-69.372397816124,-43.635664926136,2703,99,53
-72.830911659986,-42.602602349398,2785,1735,4984
-68.96815593827,-40.716140252746,2712,180,39
-67.441019955266,-46.689936892144,2737,191,-144
-71.842764847454,-42.961928463046,2676,1224,4710
-71.752933319042,-35.595743133262,2777,42,1602
-72.022427904278,-52.888312352572,2696,927,1038
-73.100406245222,-37.033047587854,2787,299,3561
-71.708017554836,-36.85338453103,2759,470,5363
-74.627542228226,-46.106031957466,2731,3579,5349
-74.043637293548,-40.805971781158,NA,NA,NA
-70.944449563334,-42.378023528368,2688,207,862
-69.327482051918,-43.994991039784,2710,70,46
-72.247006725308,-45.477211258582,2711,870,1913
-70.046134279214,-42.647518113604,2708,85,78
-73.055490481016,-52.57390200313,2712,2213,2756
-65.195231744966,-42.24327623575,2764,131,-187
-73.549563887282,-49.609461565534,2650,3818,5436
-68.74357711724,-48.172157110942,2719,159,8
-69.596976637154,-43.725496454548,2711,84,75
-68.653745588828,-55.089184798666,2666,1111,1293
-71.708017554836,-47.588252176264,2703,155,189
-72.696164367368,-51.90016554004,NA,NA,NA
-68.653745588828,-55.179016327078,NA,NA,NA
-66.632536199558,-42.647518113604,2751,143,-150
-71.21394414857,-49.923871914976,2660,183,34
-71.977512140072,-53.112891173602,NA,NA,NA
-68.608829824622,-53.24763846622,2736,161,-53
-69.237650523506,-41.839034357896,2683,224,359
-67.441019955266,-54.011206457722,2723,225,110
-69.1927347593,-55.403595148108,NA,NA,NA
-68.204587946768,-45.297548201758,2726,119,-9
-69.013071702476,-48.441651696178,2721,189,57
-64.566411046082,-39.952572261244,2768,200,-169
-68.024924889944,-45.926368900642,2722,193,19
-68.114756418356,-52.79848082416,NA,NA,NA
-70.360544628656,-43.186507284076,2714,108,237
-68.29441947518,-43.770412218754,2714,113,-2
-69.237650523506,-44.533980210256,2713,86,26
-71.258859912776,-45.881453136436,2690,232,465
-72.067343668484,-52.753565059954,2697,876,1081
-70.76478650651,-39.952572261244,2710,174,1696
-73.639395415694,-39.907656497038,NA,NA,NA
-69.552060872948,-54.864605977636,NA,NA,NA
-74.492794935608,-50.32811379283,2701,4132,6826
-63.263853884108,-40.940719073776,2781,244,-171
-73.100406245222,-49.87895615077,2698,1430,2064
-70.944449563334,-44.668727502874,2701,197,388
-72.247006725308,-48.037409818324,2629,713,1276
-73.190237773634,-37.392373701502,2764,474,4709
-72.830911659986,-50.058619207594,2666,760,1080
-67.216441134236,-40.850887545364,2732,148,-44
-70.225797336038,-41.165297894806,2694,170,787
-72.606332838956,-35.820321954292,NA,NA,NA
-72.381754017926,-46.06111619326,2644,1582,3223
-70.585123449686,-44.26448562502,2713,118,155
-69.147818995094,-51.495923662186,2716,177,-37
-71.258859912776,-44.71364326708,2675,358,1067
-69.507145108742,-53.92137492931,2701,643,733
-71.483438733806,-40.89580330957,2720,450,3610
-71.618186026424,-39.817824968626,2727,624,5231
-71.348691441188,-45.522127022788,2700,230,550
-68.563914060416,-43.500917633518,2724,88,-40
-72.381754017926,-41.79411859369,2683,2355,7514
-71.842764847454,-40.850887545364,2703,1098,6698
-70.360544628656,-47.8577467615,2685,76,-23
-66.363041614322,-55.134100562872,NA,NA,NA
-66.767283492176,-44.26448562502,2741,136,-47
-72.875827424192,-46.824684184762,2705,1263,3171
-73.594479651488,-49.384882744504,2656,3783,5373
-74.268216114578,-49.699293093946,2703,4510,6985
-70.001218515008,-51.989997068452,2709,159,-48
-72.606332838956,-44.93822208811,2684,2277,5144
-73.23515353784,-38.964425448712,2793,500,2544
-67.036778077412,-44.444148681844,2734,142,-78
-70.360544628656,-47.273841826822,2674,115,81
-71.66310179063,-41.165297894806,2683,629,4017
-73.369900830458,-39.638161911802,NA,NA,NA
-72.830911659986,-40.626308724334,2773,541,2304
-65.958799736468,-43.051759991458,2750,126,-161
-69.86647122239,-51.00185025592,2706,173,-31
-66.72236772797,-54.640027156606,2695,515,669
-69.552060872948,-41.56953977266,2675,197,421
-72.426669782132,-41.614455536866,2727,1690,5283
-64.296916460846,-42.961928463046,NA,NA,NA
-72.875827424192,-37.97627863618,2769,282,1690
-71.4385229696,-46.106031957466,2675,316,988
-66.093547029086,-43.725496454548,2740,138,-106
-68.833408645652,-47.767915233088,2689,211,61
-72.830911659986,-47.63316794047,2718,911,1711
-72.696164367368,-43.276338812488,2752,2415,5804
-66.183378557498,-41.34496095163,2745,161,-198
-71.528354498012,-53.741711872486,2703,954,1139
-68.06984065415,-47.004347241586,2729,123,-74
-66.138462793292,-44.71364326708,2743,173,-150
-67.800346068914,-41.434792480042,2699,189,21
-66.767283492176,-39.952572261244,2758,128,-90
-67.17152537003,-55.134100562872,2715,847,1145
-70.719870742304,-46.195863485878,2700,96,106
-62.90452777046,-40.311898374892,2767,238,-161
-68.024924889944,-48.890809338238,2717,179,50
-69.237650523506,-46.914515713174,2677,172,76
-73.190237773634,-47.63316794047,2680,3033,4978
-69.282566287712,-52.12474436107,2721,168,-24
-63.623179997756,-42.333107764162,2790,149,-306
-70.585123449686,-48.396735931972,2659,84,-12
-72.067343668484,-47.228926062616,2717,285,312
-66.183378557498,-41.749202829484,2742,159,-186
-72.920743188398,-44.084822568196,2689,3738,7750
-71.88768061166,-42.512770820986,2714,949,3888
-72.651248603162,-42.333107764162,2763,2070,6078
-67.081693841618,-41.659371301072,2707,219,-26
-70.76478650651,-50.373029557036,2682,175,10
-69.731723929772,-46.28569501429,2708,91,33
-70.899533799128,-46.195863485878,2694,122,210
-69.327482051918,-40.132235318068,2715,152,104
-69.596976637154,-49.42979850871,2714,112,-61
-66.003715500674,-46.95943147738,NA,NA,NA
-70.001218515008,-54.729858685018,2688,3170,3909
-68.788492881446,-47.453504883646,2686,216,86
-73.280069302046,-50.373029557036,2694,2936,3888
-68.96815593827,-51.181513312744,NA,NA,NA
-71.66310179063,-53.606964579868,2690,1093,1383
-66.49778890694,-54.550195628194,2717,330,372
-68.159672182562,-45.252632437552,2725,127,-13
-66.902030784794,-40.401729903304,2744,149,-80
-72.741080131574,-40.626308724334,2773,630,2651
-70.225797336038,-48.30690440356,2660,153,51
-72.426669782132,-37.30254217309,2776,196,1886
-68.429166767798,-40.940719073776,2721,134,-100
-65.015568688142,-40.401729903304,2767,153,-127
-66.183378557498,-43.006844227252,2751,124,-139
-72.11225943269,-36.044900775322,2776,72,1698
-73.6843111799,-52.57390200313,NA,NA,NA
-71.393607205394,-42.288191999956,2675,466,2192
-69.821555458184,-40.44664566751,2720,155,250
-71.797849083248,-46.150947721672,2660,578,1511
-69.86647122239,-39.278835798154,2725,108,162
-67.575767247884,-46.106031957466,NA,NA,NA
-69.462229344536,-50.507776849654,2699,178,-14
-68.249503710974,-47.543336412058,2714,150,-68
-68.74357711724,-50.013703443388,2716,163,-52
-68.249503710974,-54.190869514546,2688,343,371
-62.814696242048,-40.22206684648,2767,237,-163
-73.594479651488,-38.694930863476,NA,NA,NA
-68.249503710974,-45.072969380728,2722,129,57
-70.001218515008,-42.153444707338,2712,106,155
-68.923240174064,-49.295051216092,2707,199,12
-71.66310179063,-50.687439906478,2682,229,102
-72.965658952604,-38.919509684506,2774,406,2230
-73.055490481016,-39.32375156236,2773,619,3569
-70.98936532754,-48.53148322459,2660,106,68
-71.797849083248,-40.626308724334,2702,850,5334
-66.27321008591,-54.37053257137,NA,NA,NA
-71.079196855952,-46.420442306908,2726,107,186
-71.4385229696,-41.1203821306,2725,314,2537
-66.767283492176,-44.533980210256,2734,195,-30
-69.282566287712,-45.567042786994,2725,87,-60
-72.516501310544,-36.044900775322,2781,80,1684
-69.41731358033,-46.645021127938,2712,77,-47
-73.190237773634,-46.51027383532,2730,2487,4820
-72.651248603162,-37.841531343562,2777,213,1630
-67.351188426854,-41.883950122102,2708,173,-129
-71.618186026424,-48.576398988796,2634,215,216
-66.632536199558,-54.415448335576,2728,331,366
-64.207084932434,-40.132235318068,2767,206,-182
-73.774142708312,-48.890809338238,2690,5147,7097
-65.734220915438,-54.684942920812,2729,356,364
-69.507145108742,-43.006844227252,2720,83,-7
-67.665598776296,-48.396735931972,2726,136,-38
-66.812199256382,-43.905159511372,2747,132,-107
-73.504648123076,-37.392373701502,2803,362,3361
-69.1927347593,-40.805971781158,2715,197,92
-68.923240174064,-48.711146281414,2720,139,-55
-72.516501310544,-45.072969380728,2723,1444,3246
-72.381754017926,-45.252632437552,2681,1755,3806
-70.54020768548,-53.651880344074,2739,462,410
-72.11225943269,-36.718637238412,2774,231,3315
-71.21394414857,-36.269479596352,2694,282,6124
-68.563914060416,-38.829678156094,2750,144,-196
-69.013071702476,-41.56953977266,2687,200,187
-73.45973235887,-48.576398988796,2639,4605,6514
-70.360544628656,-43.231423048282,2713,110,236
-67.935093361532,-48.127241346736,2723,130,-14
-72.381754017926,-53.427301523044,2682,1483,1893
-68.429166767798,-50.058619207594,NA,NA,NA
-71.88768061166,-44.668727502874,2692,823,2662
-71.169028384364,-39.907656497038,2719,213,2246
-70.585123449686,-52.034912832658,2706,245,25
-69.1927347593,-43.3661703409,2730,77,29
-71.708017554836,-37.257626408884,2735,637,5327
-71.124112620158,-36.17964806794,2666,253,5708
-70.360544628656,-39.189004269742,2692,248,1178
-65.689305151232,-47.812830997294,NA,NA,NA
-68.474082532004,-39.593246147596,2726,160,-35
-69.64189240136,-43.456001869312,2705,123,177
-72.875827424192,-35.910153482704,NA,NA,NA
-68.384251003592,-47.363673355234,2716,138,48
-69.596976637154,-42.378023528368,2706,126,194
-69.507145108742,-49.115388159268,2701,185,31
-69.462229344536,-55.49342667652,NA,NA,NA
-69.102903230888,-44.893306323904,2720,70,-49
-70.360544628656,-44.758559031286,2715,80,79
-71.932596375866,-51.720502483216,2698,324,185
-73.280069302046,-46.869599948968,2631,3251,5884
-70.135965807626,-44.983137852316,2718,91,43
-71.528354498012,-40.940719073776,2735,353,2620
-70.54020768548,-51.046766020126,2702,149,-40
-70.944449563334,-37.886447107768,2646,352,3047
-70.31562886445,-45.028053616522,2717,85,74
-72.247006725308,-45.656874315406,2701,1129,2541
-69.1927347593,-49.519630037122,2716,135,-81
-71.977512140072,-44.354317153432,2691,1010,3335
-68.06984065415,-49.070472395062,2718,182,59
-70.719870742304,-36.314395360558,2638,238,3699
-68.429166767798,-54.550195628194,2689,361,307
-70.046134279214,-49.160303923474,2696,119,-24
-66.04863126488,-39.77290920442,2760,172,-181
-72.965658952604,-48.396735931972,2716,1452,2385
-69.686808165566,-51.67558671901,2714,129,-89
-70.630039213892,-45.971284664848,2703,90,94
-67.530851483678,-43.81532798296,2741,102,-68
-67.84526183312,-54.37053257137,2690,302,358
-72.606332838956,-52.079828596864,2682,1106,1405
-67.890177597326,-53.92137492931,2712,206,66
-70.450376157068,-43.411086105106,2704,110,225
-68.74357711724,-50.956934491714,NA,NA,NA
-72.33683825372,-53.02305964519,2708,1178,1364
-69.776639693978,-40.805971781158,2701,183,368
-72.157175196896,-52.933228116778,2695,1176,1370
-73.23515353784,-46.016200429054,2727,2528,3890
-71.842764847454,-41.56953977266,2690,1114,5054
-72.381754017926,-44.893306323904,2686,1891,4184
-70.450376157068,-51.540839426392,2703,170,-28
-75.076699870286,-46.330610778496,2780,2756,3760
-65.329979037584,-43.321254576694,2759,122,-148
-71.842764847454,-40.401729903304,2696,1155,6929
-62.769780477842,-40.491561431716,2768,226,-170
-69.507145108742,-45.38737973017,2708,119,97
-73.145322009428,-40.89580330957,2771,476,1779
-68.878324409858,-42.01869741472,2669,243,299
-69.686808165566,-42.961928463046,2685,156,241
-71.977512140072,-45.477211258582,2686,739,1842
-68.653745588828,-49.87895615077,2717,186,-49
-71.66310179063,-35.50591160485,2777,43,1780
-73.45973235887,-38.335604749828,2807,624,3752
-68.29441947518,-50.013703443388,2738,146,-56
-65.734220915438,-44.399232917638,2751,150,-168
-66.228294321704,-47.588252176264,2738,139,-121
-70.719870742304,-48.800977809826,2663,70,-24
-72.56141707475,-36.538974181588,2779,99,1406
-66.991862313206,-54.774774449224,2669,706,819
-71.842764847454,-51.136597548538,2676,195,106
-69.41731358033,-49.744208858152,2716,121,-57
-72.516501310544,-40.985634837982,2742,1502,5052
-68.653745588828,-51.406092133774,NA,NA,NA
-70.270713100244,-48.127241346736,2671,84,-25
-68.878324409858,-47.498420647852,2690,168,21
-72.157175196896,-50.238282264418,2709,78,-52
-73.639395415694,-41.1203821306,2771,473,1598
-68.96815593827,-40.042403789656,2724,141,-16
-70.09105004342,-40.89580330957,2700,170,664
-72.157175196896,-49.42979850871,2680,158,166
-70.674954978098,-38.8745939203,2658,296,2475
-66.363041614322,-42.827181170428,2755,127,-141
-68.878324409858,-55.223932091284,NA,NA,NA
-69.41731358033,-51.90016554004,2713,154,-48
-68.653745588828,-43.905159511372,2728,62,64
-67.800346068914,-39.593246147596,2748,148,-96
-71.708017554836,-49.744208858152,2688,89,-7
-69.731723929772,-51.585755190598,2708,147,-77
-67.441019955266,-42.063613178926,2711,181,-129
-72.741080131574,-45.207716673346,2680,2982,5780
-65.285063273378,-54.684942920812,2753,440,534
-68.429166767798,-55.358679383902,2709,1186,1484
-71.528354498012,-36.314395360558,2760,254,5294
-72.381754017926,-36.62880571,2778,124,1734
-67.036778077412,-40.266982610686,2746,143,-90
-66.093547029086,-44.444148681844,2743,160,-159
-69.282566287712,-50.058619207594,2713,121,-19
-66.946946549,-45.207716673346,2759,150,-173
-67.126609605824,-41.300045187424,2707,204,39
-72.471585546338,-40.805971781158,2773,903,3559
-72.247006725308,-40.356814139098,2739,871,4805
-67.575767247884,-43.500917633518,2739,100,-109
-68.429166767798,-40.311898374892,2717,157,-67
-73.819058472518,-40.401729903304,NA,NA,NA
-69.686808165566,-39.233920033948,2726,114,75
-64.611326810288,-43.14159151987,NA,NA,NA
-70.630039213892,-52.753565059954,NA,NA,NA
-62.140959778958,-40.581392960128,NA,NA,NA
-71.618186026424,-41.614455536866,2734,413,1991
-71.932596375866,-42.872096934634,2655,1447,5419
-74.223300350372,-49.42979850871,2706,5861,8715
-72.830911659986,-50.507776849654,2713,699,805
-66.946946549,-48.576398988796,2742,138,-88
-68.06984065415,-48.037409818324,2725,122,-34
-72.067343668484,-47.588252176264,2621,562,972
-69.057987466682,-47.004347241586,2697,115,-7
-63.937590347198,-42.108528943132,NA,NA,NA
-73.23515353784,-43.411086105106,NA,NA,NA
-72.696164367368,-46.465358071114,2731,894,1856
-71.21394414857,-51.989997068452,2704,234,32
-72.157175196896,-52.843396588366,2689,1202,1487
-68.608829824622,-41.659371301072,2696,175,100
-69.237650523506,-46.420442306908,2716,104,44
-68.024924889944,-42.063613178926,2684,207,31
-65.913883972262,-54.729858685018,2722,393,440
-71.708017554836,-47.678083704676,2632,257,416
-67.126609605824,-43.500917633518,2741,115,-88
-72.157175196896,-39.683077676008,2726,1082,7186
-71.66310179063,-44.354317153432,2670,752,2670
-70.944449563334,-40.761056016952,2688,287,2877
-71.079196855952,-42.333107764162,2697,207,876
-68.788492881446,-39.32375156236,2752,116,-142
-68.51899829621,-48.935725102444,2713,155,8
-73.23515353784,-36.898300295236,NA,NA,NA
-67.216441134236,-40.89580330957,2732,148,-48
-66.318125850116,-40.401729903304,2758,131,-125
-69.507145108742,-50.507776849654,2700,163,-31
-72.651248603162,-36.583889945794,2773,119,1727
-71.4385229696,-48.261988639354,2655,97,80
-72.651248603162,-36.224563832146,2776,119,2194
-68.51899829621,-55.179016327078,NA,NA,NA
-71.4385229696,-41.614455536866,2708,560,3088
-73.45973235887,-40.356814139098,2777,449,2422
-67.755430304708,-43.635664926136,2728,111,-61
-68.29441947518,-43.500917633518,2736,90,-65
-67.306272662648,-39.189004269742,2750,156,-140
-68.608829824622,-54.056122221928,2697,337,306
-70.809702270716,-54.190869514546,2716,1497,1896
-69.596976637154,-46.73485265635,2708,70,-69
-68.29441947518,-48.935725102444,2718,143,-66
-73.504648123076,-48.890809338238,2655,3986,5592
-71.258859912776,-43.81532798296,2685,327,1051
-70.899533799128,-44.354317153432,2695,242,587
-69.821555458184,-42.108528943132,2705,138,279
-67.441019955266,-41.030550602188,2723,147,-25
-67.800346068914,-48.441651696178,2723,143,-16
-70.405460392862,-43.994991039784,2703,134,265
-71.483438733806,-50.462861085448,2669,195,87
-71.618186026424,-53.382385758838,2692,962,1264
-69.64189240136,-46.689936892144,2710,68,-38
-67.351188426854,-42.557686585192,2730,175,-184
-69.956302750802,-49.65437732974,2708,132,9
-66.27321008591,-39.593246147596,2760,161,-176
-69.686808165566,-50.148450736006,2711,97,-78
-71.303775676982,-51.810334011628,2707,222,-34
-72.202090961102,-42.647518113604,2693,2112,7196
-69.86647122239,-46.28569501429,2708,84,18
-67.216441134236,-43.411086105106,2743,103,-99
-67.261356898442,-47.767915233088,2728,148,-75
-67.485935719472,-42.198360471544,2721,174,-156
-67.081693841618,-47.678083704676,2730,141,-83
-70.809702270716,-35.73049042588,2671,214,4714
-72.426669782132,-42.333107764162,2713,1821,5761
-64.47657951767,-41.075466366394,NA,NA,NA
-72.741080131574,-48.890809338238,2700,758,1146
-66.991862313206,-54.415448335576,2697,445,475
-70.180881571832,-50.687439906478,2700,167,-35
-70.98936532754,-43.321254576694,2687,268,764
-70.944449563334,-35.820321954292,2741,138,3225
-71.88768061166,-38.8745939203,2755,863,5439
-71.079196855952,-37.616952522532,2693,388,3461
-72.741080131574,-46.689936892144,2669,1487,2848
-68.339335239386,-39.054256977124,2753,129,-100
-68.653745588828,-46.645021127938,2724,116,-43
-67.800346068914,-42.24327623575,2710,172,-105
-68.429166767798,-50.148450736006,2738,190,10
-68.249503710974,-48.800977809826,2718,152,5
-68.06984065415,-38.919509684506,2757,134,-107
-71.932596375866,-45.701790079612,2694,591,1524
-67.441019955266,-42.333107764162,2724,171,-176
-70.270713100244,-47.588252176264,2686,106,-8
-65.913883972262,-48.127241346736,NA,NA,NA
-72.78599589578,-45.477211258582,2693,2077,3991
-66.228294321704,-43.321254576694,2744,114,-172
-74.35804764299,-47.40858911944,2748,4908,6629
-66.49778890694,-44.444148681844,2736,180,-89
-67.306272662648,-48.08232558253,2730,144,-60
-65.644389387026,-40.311898374892,2759,166,-151
-67.126609605824,-44.444148681844,2734,145,-42
-72.696164367368,-40.940719073776,2779,1143,3893
-73.190237773634,-45.252632437552,2746,2494,3956
-71.393607205394,-50.912018727508,2683,247,84
-65.37489480179,-41.839034357896,2757,154,-194
-70.31562886445,-43.051759991458,2709,129,320
-65.644389387026,-55.04426903446,NA,NA,NA
-69.731723929772,-43.770412218754,2715,66,19
-68.474082532004,-45.432295494376,2729,102,16
-66.632536199558,-48.441651696178,NA,NA,NA
-72.516501310544,-40.67122448854,2771,831,3408
-68.114756418356,-48.75606204562,2718,161,33
-69.731723929772,-39.593246147596,2722,112,155
-73.23515353784,-47.63316794047,2661,3362,5368
-68.878324409858,-41.210213659012,2713,153,-29
-74.35804764299,-47.722999468882,2713,4748,6199
-72.78599589578,-41.883950122102,2809,1712,5090
-70.405460392862,-46.016200429054,2707,77,40
-71.483438733806,-44.26448562502,2698,377,1226
-70.405460392862,-53.69679610828,NA,NA,NA
-73.055490481016,-44.983137852316,2700,3469,6340
-71.483438733806,-53.786627636692,2695,1108,1306
-71.124112620158,-48.935725102444,2686,64,-96
-69.86647122239,-48.98064086665,2686,164,59
-70.54020768548,-49.834040386564,2685,195,25
-74.35804764299,-49.923871914976,NA,NA,NA
-73.369900830458,-39.009341212918,NA,NA,NA
-70.674954978098,-45.028053616522,2709,112,219
-66.183378557498,-44.668727502874,2742,178,-140
-68.249503710974,-38.964425448712,2757,113,-84
-72.067343668484,-51.630670954804,2685,386,313
-66.49778890694,-41.973781650514,2737,158,-158
-72.247006725308,-51.136597548538,2679,190,119
-66.991862313206,-39.458498854978,2753,160,-111
-66.003715500674,-42.872096934634,2755,126,-165
-64.835905631318,-40.042403789656,2764,197,-157
-64.431663753464,-41.075466366394,NA,NA,NA
-71.797849083248,-46.240779250084,2671,551,1417
-69.237650523506,-38.560183570858,2732,130,-37
-69.1927347593,-50.822187199096,2730,173,-96
-70.54020768548,-38.42543627824,2715,130,814
-68.384251003592,-44.983137852316,2713,136,88
-69.596976637154,-45.117885144934,2695,126,24
-68.698661353034,-42.647518113604,2691,193,136
-64.207084932434,-40.132235318068,2767,206,-182
-71.303775676982,-37.75169981515,2694,520,4684
-72.471585546338,-42.91701269884,2730,2356,6388
-68.429166767798,-43.59074916193,2727,96,-20
-70.98936532754,-43.14159151987,2681,277,767
-70.270713100244,-39.009341212918,2698,197,868
-65.689305151232,-42.153444707338,2757,146,-190
-67.036778077412,-39.683077676008,2760,131,-77
-70.809702270716,-48.172157110942,2655,67,-7
-72.920743188398,-43.950075275578,2750,2025,4838
-70.585123449686,-47.992494054118,2669,65,-31
-65.82405244385,-54.684942920812,2727,355,232
-71.21394414857,-51.810334011628,2706,228,-10
-73.594479651488,-40.22206684648,2778,913,4651
-66.407957378528,-42.288191999956,2745,163,-168
-73.324985066252,-50.867102963302,2681,2592,3333
-71.66310179063,-36.673721474206,2751,408,5906
-63.57826423355,-40.177151082274,2767,220,-169
-68.74357711724,-50.283198028624,2735,166,-115
-71.932596375866,-44.758559031286,2678,1099,3487
-72.965658952604,-51.406092133774,2689,1998,2871
-73.280069302046,-52.259491653688,2717,1998,2507
-68.384251003592,-54.864605977636,NA,NA,NA
-66.452873142734,-40.44664566751,2754,130,-109
-73.100406245222,-45.432295494376,2730,2199,3949
-72.56141707475,-37.30254217309,2778,186,1857
-67.126609605824,-42.46785505678,2731,171,-126
-66.452873142734,-47.63316794047,2735,132,-115
-68.474082532004,-43.006844227252,2700,192,69
-70.98936532754,-36.943216059442,2676,261,3322
-63.218938119902,-39.817824968626,2768,220,-167
-69.731723929772,-51.316260605362,2709,128,-78
-73.280069302046,-52.259491653688,2717,1998,2507
-72.202090961102,-49.295051216092,2651,203,232
-66.407957378528,-42.24327623575,2746,155,-162
-66.991862313206,-55.179016327078,NA,NA,NA
-72.920743188398,-49.699293093946,2667,1117,1689
-70.31562886445,-47.40858911944,2676,124,35
-73.504648123076,-49.295051216092,2570,4401,6447
-72.381754017926,-50.732355670684,2654,243,194
-69.552060872948,-53.47221728725,NA,NA,NA
-68.878324409858,-40.850887545364,2690,236,100
-68.29441947518,-46.150947721672,2730,121,-89
-72.741080131574,-38.694930863476,2770,438,2375
-66.857115020588,-40.087319553862,2750,138,-109
-68.563914060416,-39.189004269742,2749,133,-102
-66.49778890694,-41.34496095163,2730,182,-173
-70.046134279214,-45.791621608024,2710,74,27
-67.081693841618,-45.38737973017,2769,131,-347
-72.516501310544,-52.169660125276,NA,NA,NA
-73.90889000093,-48.845893574032,2703,4261,5713
-67.485935719472,-46.645021127938,2742,177,-110
-64.117253404022,-42.46785505678,2784,143,-154
-68.96815593827,-48.845893574032,2717,147,-12
-70.585123449686,-53.292554230426,NA,NA,NA
-68.384251003592,-45.342463965964,2728,105,0
-70.719870742304,-38.290688985622,2696,181,1279
-71.752933319042,-37.796615579356,2738,548,4613
-69.552060872948,-38.784762391888,2725,94,-9
-63.308769648314,-40.401729903304,2767,232,-170
-68.563914060416,-41.255129423218,2715,118,-64
-69.282566287712,-54.190869514546,2676,1028,1235
-73.055490481016,-40.087319553862,2759,462,3047
-65.644389387026,-39.32375156236,2767,188,-176
-71.752933319042,-47.8577467615,2633,324,545
-63.713011526168,-39.727993440214,2768,221,-165
-72.516501310544,-35.910153482704,2783,88,2012
-70.450376157068,-53.202722702014,2746,292,-27
-69.057987466682,-49.699293093946,2716,142,-65
-73.324985066252,-49.789124622358,2676,2479,3421
-73.45973235887,-41.479708244248,2773,632,1876
-73.324985066252,-39.09917274133,NA,NA,NA
-70.54020768548,-53.47221728725,NA,NA,NA
-73.369900830458,-48.08232558253,2706,3913,5572
-68.923240174064,-54.81969021343,2693,1102,1236
-65.554557858614,-41.1203821306,2756,141,-175
-66.767283492176,-39.638161911802,2760,158,-55
-69.372397816124,-50.867102963302,2722,166,-58
-68.29441947518,-48.037409818324,2726,121,-31
-71.258859912776,-35.640658897468,2756,143,4429
-72.965658952604,-49.834040386564,2650,1164,1768
-69.013071702476,-46.150947721672,2719,94,10
-72.920743188398,-40.581392960128,2770,453,1976
-66.767283492176,-42.153444707338,2737,155,-86
-73.100406245222,-41.659371301072,2797,867,2627
-71.034281091746,-44.444148681844,2694,244,668
-67.575767247884,-41.839034357896,2701,172,-31
-69.776639693978,-48.30690440356,2681,186,51
-73.414816594664,-51.989997068452,2726,2516,3392
-70.495291921274,-45.926368900642,2705,87,88
-72.830911659986,-44.848390559698,2694,3019,5826
-72.202090961102,-42.288191999956,2678,2345,8205
-67.126609605824,-54.729858685018,2664,713,789
-67.710514540502,-44.71364326708,2731,121,45
-64.656242574494,-40.626308724334,2771,206,-121
-69.596976637154,-46.420442306908,2712,87,-18
-72.830911659986,-37.796615579356,2751,366,2864
-69.596976637154,-49.250135451886,2707,153,-11
-70.585123449686,-46.016200429054,2704,85,74
-66.318125850116,-47.094178769998,2748,137,-102
-69.686808165566,-46.420442306908,2711,88,-5
-67.935093361532,-42.24327623575,2695,209,-56
-63.623179997756,-42.153444707338,NA,NA,NA
-64.970652923936,-43.231423048282,2774,128,-205
-69.102903230888,-49.025556630856,2712,157,-2
-68.429166767798,-42.737349642016,2685,215,184
-71.708017554836,-50.956934491714,2678,218,105
-66.363041614322,-55.089184798666,NA,NA,NA
-72.741080131574,-38.20085745721,2764,312,1985
-70.854618034922,-38.8745939203,2678,293,2739
-71.752933319042,-51.810334011628,2703,262,74
-65.37489480179,-44.893306323904,NA,NA,NA
-64.521495281876,-42.647518113604,NA,NA,NA
-72.78599589578,-39.054256977124,2771,366,2321
-73.01057471681,-51.181513312744,2721,1211,1557
-67.081693841618,-47.543336412058,2734,133,-79
-70.54020768548,-48.30690440356,2653,114,22
-72.426669782132,-41.434792480042,2714,1533,4737
-70.09105004342,-51.406092133774,2707,131,-97
-67.935093361532,-42.91701269884,2724,173,-128
-70.09105004342,-38.335604749828,2700,132,355
-70.450376157068,-41.839034357896,2707,172,676
-67.755430304708,-43.59074916193,2732,115,-55
-72.606332838956,-41.973781650514,2748,2495,7441
-70.76478650651,-50.687439906478,2695,164,-34
-70.09105004342,-46.016200429054,2707,73,32
-70.98936532754,-44.399232917638,2692,280,758
-71.752933319042,-41.210213659012,2686,711,4125
-71.528354498012,-40.89580330957,2736,385,2885
-72.78599589578,-45.791621608024,2682,2823,4946
-73.45973235887,-40.850887545364,2769,448,1880
-69.507145108742,-43.3661703409,2694,132,158
-66.003715500674,-40.491561431716,2757,134,-131
-70.31562886445,-46.779768420556,2686,78,-1
-67.216441134236,-48.75606204562,2740,136,-55
-70.360544628656,-47.139094534204,2674,108,71
-68.339335239386,-45.522127022788,2724,125,17
-67.62068301209,-40.536477195922,2732,155,-57
-62.994359298872,-41.255129423218,NA,NA,NA
-72.516501310544,-47.992494054118,2696,784,1455
-65.779136679644,-39.593246147596,2765,189,-180
-69.282566287712,-46.240779250084,2715,85,-20
-72.426669782132,-36.85338453103,2776,155,1793
-69.956302750802,-53.741711872486,2743,436,451
-69.282566287712,-46.689936892144,2711,86,-21
-68.114756418356,-49.339966980298,2720,187,20
-69.731723929772,-44.399232917638,2711,105,132
-71.797849083248,-36.898300295236,2761,398,4377
-74.852121049256,-46.240779250084,2760,3362,4764
-69.507145108742,-54.37053257137,NA,NA,NA
-69.057987466682,-52.3493231821,NA,NA,NA
-70.495291921274,-45.567042786994,2706,86,62
-68.608829824622,-55.26884785549,2694,966,1127
-69.102903230888,-51.271344841156,2726,174,-49
-70.225797336038,-49.20521968768,2688,123,-10
-68.339335239386,-52.034912832658,NA,NA,NA
-73.594479651488,-40.89580330957,2756,736,3020
-67.665598776296,-39.413583090772,2752,152,-95
-73.774142708312,-37.347457937296,NA,NA,NA
-72.11225943269,-35.326248548026,2775,31,1551
-71.708017554836,-52.484070474718,2684,677,734
-68.024924889944,-44.309401389226,2727,112,-19
-71.169028384364,-45.432295494376,2692,249,622
-70.450376157068,-52.169660125276,2706,250,29
-67.890177597326,-40.311898374892,2729,157,-55
-68.06984065415,-54.37053257137,2678,450,556
-68.204587946768,-43.635664926136,2730,93,-34
-66.093547029086,-44.174654096608,2741,152,-139
-67.17152537003,-42.91701269884,2752,112,-102
-71.88768061166,-53.02305964519,NA,NA,NA
-71.124112620158,-52.214575889482,2703,301,106
-66.452873142734,-44.623811738668,2735,170,-136
-65.689305151232,-41.300045187424,2757,145,-173
-69.237650523506,-50.238282264418,2701,169,30
-63.757927290374,-40.177151082274,2765,228,-163
-71.4385229696,-49.250135451886,2655,122,-42
-67.441019955266,-39.278835798154,2748,141,-119
-68.96815593827,-44.084822568196,2720,57,89
-71.483438733806,-52.57390200313,2713,282,73
-63.12910659149,-40.311898374892,2766,234,-169
-63.263853884108,-41.1203821306,2800,203,-168
-70.046134279214,-38.380520514034,2725,99,249
-62.320622835782,-40.266982610686,NA,NA,NA
-71.21394414857,-49.295051216092,2676,62,-62
-68.114756418356,-47.767915233088,2731,110,-76
-72.920743188398,-51.630670954804,2682,2367,3388
-70.450376157068,-54.190869514546,2709,1289,1577
-67.485935719472,-39.144088505536,2749,155,-128
-70.899533799128,-43.186507284076,2695,199,565
-71.797849083248,-38.784762391888,2714,1084,6985
-66.452873142734,-39.503414619184,2760,158,-163
-73.190237773634,-41.1203821306,2774,547,1736
-72.56141707475,-35.999985011116,2788,83,1680
-71.842764847454,-37.212710644678,2754,508,4138
-69.462229344536,-39.817824968626,2734,103,57
-71.842764847454,-35.416080076438,2775,34,1449
-67.306272662648,-43.186507284076,2747,97,-107
-70.76478650651,-42.01869741472,2704,170,671
-67.39610419106,-43.905159511372,2742,112,-59
-67.935093361532,-53.651880344074,2735,164,-2
-69.1927347593,-51.810334011628,2718,148,-57
-69.552060872948,-39.862740732832,2733,103,66
-72.78599589578,-45.791621608024,2682,2823,4946
-70.98936532754,-46.555189599526,2721,78,70
-67.216441134236,-55.04426903446,2686,981,1244
-72.202090961102,-41.883950122102,2661,2018,7261
-73.324985066252,-52.12474436107,2707,2848,4035
-71.034281091746,-37.841531343562,2680,312,2689
-67.126609605824,-39.593246147596,2762,123,-87
-72.920743188398,-44.399232917638,NA,NA,NA
-68.698661353034,-44.219569860814,2718,76,20
-69.956302750802,-49.42979850871,2707,110,-63
-69.057987466682,-53.517133051456,2702,350,220
-67.485935719472,-55.134100562872,2695,914,1044
-65.868968208056,-40.44664566751,2754,157,-162
-67.126609605824,-44.399232917638,2735,143,-44
-71.528354498012,-40.356814139098,2719,514,4043
-68.74357711724,-53.067975409396,2723,180,-32
-67.980009125738,-40.177151082274,2731,152,-58
-63.757927290374,-42.91701269884,NA,NA,NA
-65.779136679644,-48.037409818324,NA,NA,NA
-66.49778890694,-40.67122448854,2747,139,-115
-70.270713100244,-52.663733531542,NA,NA,NA
-71.66310179063,-41.300045187424,2694,755,4472
-70.405460392862,-43.096675755664,2713,105,227
-71.21394414857,-42.827181170428,2661,516,1841
-67.216441134236,-47.992494054118,2729,154,-51
-70.809702270716,-43.3661703409,2687,217,547
-71.66310179063,-53.69679610828,2697,1229,1499
-70.180881571832,-41.704287065278,2704,161,406
-69.64189240136,-41.210213659012,2705,152,283
-71.977512140072,-41.659371301072,2723,1102,4605
-69.372397816124,-40.716140252746,2710,189,124
-71.66310179063,-42.961928463046,2651,918,3426
-70.09105004342,-49.519630037122,2709,96,-70
-68.024924889944,-48.396735931972,2721,130,-10
-70.09105004342,-39.907656497038,2728,120,301
-71.797849083248,-41.524624008454,2718,790,3556
-72.157175196896,-46.06111619326,2678,1076,2565
-62.635033185224,-40.940719073776,2786,265,-137
-67.84526183312,-45.791621608024,2732,178,-12
-69.057987466682,-40.132235318068,2717,148,17
-65.958799736468,-47.094178769998,2771,120,-136
-72.741080131574,-40.266982610686,2774,490,2367
-65.644389387026,-39.32375156236,2767,188,-176
-73.01057471681,-51.855249775834,2711,2159,2878
-70.360544628656,-50.058619207594,2694,172,-22
-66.587620435352,-42.872096934634,2758,111,-161
-71.079196855952,-48.217072875148,2645,81,9
-67.710514540502,-40.626308724334,2728,155,-28
-74.13346882196,-48.98064086665,2707,5330,7108
-73.863974236724,-47.139094534204,2703,5661,7558
-66.04863126488,-39.278835798154,2765,177,-176
-66.003715500674,-41.165297894806,2751,143,-186
-66.003715500674,-39.458498854978,2762,184,-185
-67.62068301209,-45.252632437552,2731,154,13
-68.878324409858,-45.926368900642,2718,102,23
-72.157175196896,-42.961928463046,2714,1595,5579
-66.72236772797,-40.356814139098,2747,150,-107
-72.830911659986,-40.581392960128,2773,521,2309
-70.001218515008,-46.51027383532,2715,62,-84
-71.66310179063,-35.95506924691,2774,83,2681
-66.27321008591,-42.378023528368,2753,156,-198
-73.100406245222,-51.271344841156,2717,1733,2227
-68.159672182562,-48.396735931972,2723,125,-28
-69.372397816124,-39.233920033948,2727,139,22
-71.977512140072,-38.739846627682,2736,964,6164
-67.216441134236,-40.89580330957,2732,148,-48
-70.809702270716,-43.770412218754,2668,294,748
-71.977512140072,-38.605099335064,2743,889,5459
-72.11225943269,-42.557686585192,2679,1842,6832
-69.821555458184,-52.304407417894,2713,236,58
-72.157175196896,-47.139094534204,2679,595,1014
-71.303775676982,-53.157806937808,2716,488,461
-70.225797336038,-49.115388159268,2684,124,-11
-73.100406245222,-42.961928463046,NA,NA,NA
-72.471585546338,-48.08232558253,2689,592,1015
-72.606332838956,-44.309401389226,2705,2938,6766
-67.530851483678,-39.638161911802,2757,140,-89
-66.72236772797,-55.403595148108,NA,NA,NA
-73.280069302046,-46.195863485878,2701,3678,5551
-70.719870742304,-45.6119585512,2703,103,143
-69.372397816124,-49.65437732974,2714,130,-40
-72.381754017926,-37.841531343562,2774,265,2237
-75.346194455522,-46.420442306908,2780,2160,NA
-65.195231744966,-40.491561431716,2765,146,-137
-70.180881571832,-42.827181170428,2690,154,350
-72.56141707475,-45.432295494376,2705,1406,2813
-66.093547029086,-39.952572261244,2760,160,-181
-74.672457992432,-50.193366500212,2698,4736,7807
-72.247006725308,-42.512770820986,2744,1402,4873
-72.741080131574,-35.460995840644,NA,NA,NA
-73.414816594664,-47.8577467615,2681,3138,4361
-71.348691441188,-51.181513312744,2682,243,115
-72.426669782132,-36.449142653176,2777,98,1488
-71.348691441188,-45.477211258582,2698,249,642
-69.1927347593,-51.90016554004,2717,147,-79
-71.303775676982,-37.122879116266,2684,454,5149
-67.665598776296,-45.701790079612,2740,170,-95
-69.327482051918,-52.169660125276,2722,175,-62
-64.47657951767,-42.46785505678,2801,132,-201
-68.29441947518,-41.659371301072,2690,198,46
-69.147818995094,-44.893306323904,2721,73,-59
-64.746074102906,-42.557686585192,2777,134,-432
-65.105400216554,-43.680580690342,NA,NA,NA
-68.51899829621,-46.150947721672,2721,127,-157
-70.180881571832,-51.046766020126,2702,168,-26
-68.114756418356,-48.666230517208,2720,144,17
-69.64189240136,-40.536477195922,2699,222,393
-72.11225943269,-35.011838198584,2791,30,1840
-73.01057471681,-50.687439906478,2710,1716,2222
-69.462229344536,-42.512770820986,2710,95,25
-69.956302750802,-42.288191999956,2697,138,276
-69.282566287712,-38.964425448712,2726,119,-68
-70.360544628656,-53.112891173602,2739,290,57
-69.821555458184,-43.321254576694,2711,92,63
-72.56141707475,-35.460995840644,NA,NA,NA
-70.31562886445,-43.051759991458,2709,129,320
-67.575767247884,-49.250135451886,NA,NA,NA
-69.462229344536,-42.378023528368,2709,109,95
-66.49778890694,-39.593246147596,2758,158,-154
-65.37489480179,-54.774774449224,2740,504,609
-72.11225943269,-42.422939292574,2672,2115,7477
-70.31562886445,-41.210213659012,2708,129,600
-62.67994894943,-39.952572261244,2771,243,-158
-72.696164367368,-42.378023528368,2739,2628,7444
-64.02742187561,-42.602602349398,2789,132,-164
-68.474082532004,-42.647518113604,2707,146,-24
-73.324985066252,-40.581392960128,2766,414,2160
-66.27321008591,-54.640027156606,2710,364,396
-69.41731358033,-41.34496095163,2714,111,108
-69.552060872948,-50.148450736006,2707,118,-42
-68.608829824622,-44.623811738668,2702,133,125
-70.809702270716,-53.69679610828,NA,NA,NA
-72.202090961102,-52.259491653688,2676,792,942
-71.977512140072,-46.779768420556,2646,548,1150
-66.767283492176,-39.727993440214,2763,158,-10
-71.4385229696,-44.399232917638,2682,421,1484
-67.665598776296,-54.729858685018,2650,799,892
-66.363041614322,-45.252632437552,NA,NA,NA
-70.719870742304,-38.605099335064,2690,186,1288
-68.339335239386,-54.864605977636,NA,NA,NA
-70.135965807626,-42.737349642016,2695,97,155
-66.72236772797,-47.678083704676,2734,128,-119
-73.594479651488,-50.867102963302,2652,4495,6809
-70.585123449686,-52.079828596864,2705,283,96
-72.202090961102,-42.737349642016,2712,1726,5694
-66.318125850116,-42.91701269884,2755,116,-112
-68.96815593827,-39.727993440214,2735,118,-16
-68.563914060416,-43.860243747166,2727,66,-32
-73.639395415694,-37.482205229914,NA,NA,NA
-74.178384586166,-46.645021127938,2746,2992,3659
-70.405460392862,-46.330610778496,2712,77,59
-73.594479651488,-40.177151082274,2782,968,4942
-71.393607205394,-43.680580690342,2702,311,1008
-70.674954978098,-50.373029557036,2683,168,-3
-69.821555458184,-39.99748802545,2725,140,320
-69.147818995094,-38.8745939203,2734,117,-58
-67.036778077412,-47.812830997294,2730,146,-84
-68.74357711724,-39.638161911802,2745,144,-7
-73.819058472518,-48.037409818324,NA,NA,NA
-71.258859912776,-37.931362871974,2697,520,4840
-65.285063273378,-44.533980210256,NA,NA,NA
-71.88768061166,-42.01869741472,2724,603,2589
-68.51899829621,-53.786627636692,2705,233,90
-62.365538599988,-40.311898374892,NA,NA,NA
-68.249503710974,-54.011206457722,2700,231,142
-64.47657951767,-39.862740732832,2765,207,-184
-65.644389387026,-39.638161911802,2766,189,-174
-72.651248603162,-52.439154710512,2722,988,993
-67.84526183312,-41.973781650514,2698,172,-15
-68.474082532004,-38.739846627682,2761,127,-114
-72.247006725308,-40.89580330957,2762,931,4301
-69.102903230888,-47.228926062616,2677,214,147
-74.313131878784,-50.32811379283,2715,4615,7340
-68.204587946768,-39.907656497038,2733,146,-53
-69.507145108742,-54.505279863988,2672,1980,2633
-65.240147509172,-42.737349642016,2754,143,-197
-67.530851483678,-44.309401389226,2739,121,-113
-65.195231744966,-41.210213659012,2766,160,-176
-66.587620435352,-42.24327623575,2739,167,-145
-68.923240174064,-52.304407417894,NA,NA,NA
-72.830911659986,-50.732355670684,2671,1034,1565
-71.21394414857,-41.34496095163,2678,424,3400
-66.857115020588,-55.49342667652,NA,NA,NA
-71.034281091746,-37.52712099412,2688,318,2959
-65.060484452348,-43.3661703409,NA,NA,NA
-69.507145108742,-54.954437506048,2698,1890,2509
-66.04863126488,-44.399232917638,2741,156,-180
-70.180881571832,-40.67122448854,2727,112,443
-69.64189240136,-55.403595148108,NA,NA,NA
-71.708017554836,-52.214575889482,2690,541,410
-69.86647122239,-51.136597548538,2704,163,-59
-68.608829824622,-52.618817767336,NA,NA,NA
-67.216441134236,-41.79411859369,2730,144,-184
-71.4385229696,-46.240779250084,2701,233,616
-69.507145108742,-41.075466366394,2715,138,130
-71.797849083248,-51.765418247422,2702,282,151
-67.39610419106,-43.276338812488,2744,98,-100
-72.33683825372,-42.063613178926,2688,2657,8449
-68.204587946768,-43.411086105106,2738,104,-78
-68.563914060416,-53.517133051456,2718,210,39
-64.25200069664,-40.266982610686,2769,208,-161
-71.4385229696,-38.111025928798,2718,393,3468
-67.755430304708,-45.072969380728,2727,141,-36
-68.653745588828,-43.500917633518,2720,97,32
-73.055490481016,-44.26448562502,2758,2222,4486
-70.09105004342,-40.356814139098,2732,122,354
-68.339335239386,-53.517133051456,2728,181,10
-65.554557858614,-39.683077676008,2766,187,-171
-66.138462793292,-40.22206684648,2756,159,-177
-65.419810565996,-41.883950122102,2757,152,-187
-72.920743188398,-44.399232917638,NA,NA,NA
-70.899533799128,-42.602602349398,2695,200,677
-72.965658952604,-45.791621608024,2676,3501,5521
-71.573270262218,-38.784762391888,2680,909,6655
-72.022427904278,-48.30690440356,2651,411,710
-69.462229344536,-51.181513312744,2719,133,-73
-67.351188426854,-45.83653737223,NA,NA,NA
-72.291922489514,-36.988131823648,2777,182,2066
-65.913883972262,-40.311898374892,2755,158,-191
-72.067343668484,-36.988131823648,2773,371,4012
-73.594479651488,-39.77290920442,NA,NA,NA
-71.528354498012,-46.555189599526,2761,143,152
-75.48094174814,-46.689936892144,NA,NA,NA
-68.29441947518,-44.129738332402,2723,93,38
-64.7011583387,-39.54833038339,2763,215,-184
-74.58262646402,-46.95943147738,NA,NA,NA
-68.339335239386,-40.132235318068,2722,151,-66
-67.890177597326,-40.89580330957,2715,149,-22
-67.39610419106,-44.578895974462,2734,138,-7
-63.623179997756,-42.91701269884,NA,NA,NA
-65.82405244385,-41.659371301072,2750,151,-167
-71.348691441188,-43.81532798296,2688,373,1283
-71.4385229696,-43.860243747166,2689,519,1838
-67.62068301209,-47.273841826822,2730,144,-96
-72.875827424192,-53.337469994632,2695,2807,3766
-65.285063273378,-42.108528943132,2761,152,-198
-63.982506111404,-42.198360471544,2791,148,-151
-72.067343668484,-49.42979850871,2684,112,95
-70.944449563334,-51.495923662186,2700,246,74
-66.407957378528,-54.460364099782,NA,NA,NA
-71.303775676982,-40.940719073776,2676,479,4375
-72.516501310544,-47.722999468882,2646,870,1648
-74.58262646402,-46.645021127938,2753,2969,3839
-67.84526183312,-41.56953977266,2702,169,2
-67.485935719472,-46.106031957466,NA,NA,NA
-63.398601176726,-40.716140252746,2769,214,-178
-72.247006725308,-43.770412218754,2670,1896,5601
-72.067343668484,-34.966922434378,2783,27,1949
-72.11225943269,-47.63316794047,2621,575,1017
-72.56141707475,-49.070472395062,2711,344,534
-70.585123449686,-35.595743133262,2660,213,4029
-72.291922489514,-52.933228116778,2689,1478,1834
-66.946946549,-44.174654096608,2738,139,-55
-71.618186026424,-40.626308724334,2701,772,5386
-68.114756418356,-47.812830997294,2725,130,-24
-72.830911659986,-46.869599948968,2733,802,1951
-72.022427904278,-42.288191999956,2726,1136,4608
-70.719870742304,-40.132235318068,2726,123,1034
-71.842764847454,-47.498420647852,2711,192,131
-70.719870742304,-48.30690440356,2651,84,-12
-62.096044014752,-40.581392960128,NA,NA,NA
-68.204587946768,-41.704287065278,2687,207,58
-72.291922489514,-39.458498854978,2755,770,5567
-72.157175196896,-38.380520514034,2761,563,3468
-71.393607205394,-35.460995840644,2773,74,3019
-70.001218515008,-44.578895974462,2715,85,85
-65.464726330202,-39.952572261244,2763,186,-179
-73.100406245222,-39.77290920442,2774,481,3018
-71.393607205394,-38.65001509927,2701,502,4424
-70.180881571832,-42.512770820986,2696,131,310
-72.516501310544,-42.872096934634,2700,3018,7727
-72.33683825372,-52.978143880984,2697,1526,1955
-70.046134279214,-44.71364326708,2721,88,87
-71.977512140072,-36.898300295236,2771,314,3526
-66.318125850116,-39.413583090772,2762,161,-178
-74.58262646402,-46.330610778496,2722,4125,5770
-69.327482051918,-41.614455536866,2696,176,311
-71.573270262218,-46.150947721672,2673,401,1184
-69.327482051918,-43.456001869312,2708,98,-2
-70.31562886445,-42.333107764162,2710,132,450
-73.6843111799,-37.347457937296,NA,NA,NA
-66.812199256382,-55.089184798666,NA,NA,NA
-72.965658952604,-49.968787679182,2655,1174,1736
-72.965658952604,-41.56953977266,NA,NA,NA
-71.842764847454,-40.850887545364,2703,1098,6698
-71.169028384364,-46.240779250084,2692,150,310
-71.483438733806,-51.765418247422,2703,295,85
-69.821555458184,-44.758559031286,2703,150,211
-71.303775676982,-42.01869741472,2664,467,2417
-70.944449563334,-52.57390200313,2712,301,74
-74.80720528505,-46.555189599526,2764,2596,3436
-68.159672182562,-43.231423048282,2732,136,-51
-67.126609605824,-47.678083704676,2730,140,-83
-73.953805765136,-48.935725102444,2705,4594,6027
-72.426669782132,-37.706784050944,2776,222,1904
-66.452873142734,-42.422939292574,2745,185,-158
-66.767283492176,-47.318757591028,2735,137,-107
-66.991862313206,-42.827181170428,2754,112,-93
-72.741080131574,-47.049263005792,2695,1019,1969
-73.01057471681,-36.898300295236,2776,231,2914
-72.920743188398,-51.136597548538,2705,1429,2110
-72.830911659986,-41.434792480042,2778,1451,4063
-70.76478650651,-44.354317153432,2703,183,346
-64.92573715973,-40.985634837982,NA,NA,NA
-62.545201656812,-40.67122448854,2774,238,-153
-69.776639693978,-44.848390559698,2699,157,190
-72.830911659986,-47.8577467615,2668,1796,3078
-71.618186026424,-42.422939292574,2689,629,2797
-72.830911659986,-39.54833038339,2768,592,3723
-65.958799736468,-47.139094534204,2766,130,-146
-64.521495281876,-43.006844227252,2798,126,-155
-67.575767247884,-42.602602349398,2705,248,-118
-73.190237773634,-47.228926062616,2685,2166,4044
-68.96815593827,-45.342463965964,2729,84,1
-72.606332838956,-49.609461565534,2731,192,-8
-72.516501310544,-38.42543627824,2768,347,1931
-68.608829824622,-40.401729903304,2708,180,-7
-65.37489480179,-40.850887545364,2755,152,-176
-69.013071702476,-42.647518113604,2709,126,100
-71.528354498012,-47.228926062616,2702,170,185
-68.653745588828,-54.999353270254,2653,1184,1455
-67.890177597326,-41.165297894806,2713,155,6
-66.991862313206,-46.73485265635,NA,NA,NA
-69.057987466682,-51.136597548538,NA,NA,NA
-73.055490481016,-42.512770820986,NA,NA,NA
-73.01057471681,-50.55269261386,2678,1801,2551
-70.674954978098,-44.26448562502,2709,140,209
-64.02742187561,-40.805971781158,2771,215,-154
-67.890177597326,-50.238282264418,NA,NA,NA
-72.33683825372,-39.413583090772,2757,700,5144
-67.126609605824,-44.893306323904,2732,194,54
-70.54020768548,-48.261988639354,2653,112,46
-73.23515353784,-48.351820167766,2710,2572,3950
-73.639395415694,-49.474714272916,2649,4198,5977
-72.651248603162,-40.44664566751,2772,759,3409
-68.339335239386,-44.758559031286,2718,122,30
-68.249503710974,-47.678083704676,2723,138,-19
-68.29441947518,-41.479708244248,2700,182,33
-71.258859912776,-42.378023528368,2702,318,1518
-68.114756418356,-47.8577467615,2728,115,-42
-73.324985066252,-45.117885144934,2772,2428,3990
-72.022427904278,-46.869599948968,2672,472,927
-71.124112620158,-47.363673355234,2687,88,-10
-68.653745588828,-41.614455536866,2701,158,77
-71.124112620158,-38.111025928798,2669,443,4287
-72.875827424192,-40.311898374892,2773,373,1972
-71.4385229696,-37.706784050944,2743,497,4291
-72.56141707475,-39.862740732832,2766,740,4081
-64.880821395524,-42.288191999956,2770,144,-198
-73.90889000093,-50.417945321242,2697,4756,7399
-67.62068301209,-43.725496454548,2740,96,-112
-68.96815593827,-47.049263005792,2695,142,77
-66.632536199558,-42.108528943132,2734,168,-130
-68.249503710974,-44.578895974462,2711,151,112
-69.462229344536,-44.578895974462,2686,146,236
-68.204587946768,-46.914515713174,2726,125,-76
-67.890177597326,-48.711146281414,2722,146,11
-65.464726330202,-44.354317153432,2774,119,-201
-70.674954978098,-47.18401029841,2669,91,-9
-69.956302750802,-46.150947721672,2710,72,10
-72.696164367368,-40.132235318068,2769,539,2634
-68.29441947518,-42.378023528368,2705,207,18
-70.225797336038,-52.259491653688,2707,247,24
-71.079196855952,-48.486567460384,2660,92,50
-72.426669782132,-43.905159511372,2727,1929,5217
-69.282566287712,-39.907656497038,2725,136,70
-70.495291921274,-41.614455536866,2706,165,712
-73.324985066252,-39.32375156236,NA,NA,NA
-72.696164367368,-47.318757591028,2714,566,1188
-72.516501310544,-40.401729903304,2764,995,4637
-72.56141707475,-39.09917274133,2772,444,3172
-64.02742187561,-43.051759991458,NA,NA,NA
-68.51899829621,-53.651880344074,2707,246,83
-69.237650523506,-38.560183570858,2732,130,-37
-70.360544628656,-46.240779250084,2711,79,-1
-73.819058472518,-41.34496095163,2779,680,2137
-72.78599589578,-46.869599948968,2735,732,1804
-66.318125850116,-40.401729903304,2758,131,-125
-70.944449563334,-46.51027383532,2721,78,79
-72.920743188398,-43.321254576694,2761,2913,7117
-71.483438733806,-53.202722702014,2708,614,668
-71.66310179063,-43.096675755664,2721,488,1697
-69.86647122239,-51.810334011628,2710,151,-49
-62.545201656812,-40.401729903304,2774,245,-146
-66.857115020588,-44.93822208811,2735,190,-80
-71.66310179063,-48.127241346736,2658,143,137
-71.034281091746,-53.606964579868,2721,459,411
-75.301278691316,-46.645021127938,2780,2381,3156
-67.755430304708,-48.800977809826,2722,173,37
-74.13346882196,-49.20521968768,2731,3884,4811
-67.935093361532,-44.983137852316,2725,121,0
-68.474082532004,-39.09917274133,2751,123,-106
-65.913883972262,-39.952572261244,2761,173,-178
-70.495291921274,-49.609461565534,2700,102,-70
-72.247006725308,-42.198360471544,2686,2414,8222
-66.542704671146,-48.037409818324,2735,151,-112
-66.04863126488,-47.453504883646,2741,149,-121
-67.17152537003,-40.67122448854,2733,156,-92
-73.414816594664,-50.193366500212,2605,3471,4834
-66.902030784794,-47.40858911944,2733,139,-82
-73.23515353784,-40.761056016952,2767,424,1771
-71.258859912776,-44.983137852316,2698,275,657
-69.282566287712,-43.14159151987,2735,71,-73
-71.528354498012,-44.48906444605,2663,577,2048
-66.003715500674,-41.075466366394,2752,143,-157
-70.674954978098,-50.193366500212,2694,112,-46
-73.594479651488,-50.148450736006,2635,4752,6704
-73.819058472518,-40.626308724334,2809,898,3567
-63.443516940932,-40.087319553862,2766,224,-169
-72.067343668484,-46.51027383532,2734,354,559
-70.944449563334,-38.42543627824,2668,320,3059
-67.351188426854,-39.54833038339,2755,145,-94
-68.114756418356,-41.883950122102,2688,201,41
-72.022427904278,-49.609461565534,2703,96,-13
-72.291922489514,-40.177151082274,2773,910,4344
-68.159672182562,-43.186507284076,2741,119,-139
-69.552060872948,-38.65001509927,2725,99,27
-74.627542228226,-46.375526542702,2754,2698,3583
-72.291922489514,-42.01869741472,2683,2479,8874
-69.327482051918,-41.030550602188,2722,127,40
-67.935093361532,-41.1203821306,2713,150,-20
-68.204587946768,-46.150947721672,2730,144,-10
-71.66310179063,-39.233920033948,2732,948,6923
-72.022427904278,-38.021194400386,2751,638,5012
-69.911386986596,-46.645021127938,2706,70,-9
-71.618186026424,-44.354317153432,2690,536,1965
-72.830911659986,-43.994991039784,2713,2777,6638
-69.462229344536,-42.91701269884,2733,72,-62
-66.767283492176,-39.638161911802,2760,158,-55
-69.057987466682,-38.694930863476,2744,119,-98
-67.84526183312,-40.177151082274,2736,148,-69
-68.29441947518,-49.789124622358,2724,162,-44
-70.630039213892,-51.630670954804,2703,211,10
-71.708017554836,-44.623811738668,2711,479,1557
-69.1927347593,-51.720502483216,2719,143,-79
-71.4385229696,-39.99748802545,2686,471,4317
-68.249503710974,-47.678083704676,2723,138,-19
-72.33683825372,-43.81532798296,2713,1317,3668
-65.105400216554,-41.255129423218,NA,NA,NA
-72.247006725308,-45.656874315406,2701,1129,2541
-72.696164367368,-52.708649295748,NA,NA,NA
-70.585123449686,-53.741711872486,2730,564,627
-71.797849083248,-48.127241346736,2661,183,236
-68.788492881446,-49.519630037122,2718,170,-62
-67.935093361532,-45.567042786994,2720,192,71
-68.698661353034,-52.57390200313,NA,NA,NA
-67.485935719472,-54.325616807164,2695,290,241
-66.677451963764,-48.396735931972,2743,143,-44
-69.327482051918,-40.311898374892,2708,183,145
-71.21394414857,-42.01869741472,2693,304,1627
-70.001218515008,-48.800977809826,2683,129,7
-71.21394414857,-40.311898374892,2656,509,5335
-73.190237773634,-48.711146281414,2723,2470,3833
-72.202090961102,-43.500917633518,2681,1805,5945
-68.608829824622,-42.46785505678,2707,150,-45
-71.88768061166,-37.07796335206,2763,442,3943
-67.710514540502,-45.028053616522,2728,145,-6
-73.369900830458,-39.683077676008,NA,NA,NA
-67.261356898442,-54.954437506048,2675,703,808
-71.21394414857,-38.605099335064,2707,349,3326
-71.21394414857,-48.486567460384,2661,98,46
-67.39610419106,-49.250135451886,NA,NA,NA
-72.291922489514,-42.063613178926,2676,2590,8758
-68.384251003592,-46.51027383532,2728,128,-35
-65.509642094408,-44.93822208811,NA,NA,NA
-69.956302750802,-50.912018727508,2703,179,-37
-69.776639693978,-51.361176369568,2710,118,-85
-66.04863126488,-42.01869741472,2749,146,-197
-66.632536199558,-40.67122448854,2746,145,-88
-73.23515353784,-38.021194400386,2780,480,3142
-64.656242574494,-39.727993440214,2762,217,-181
-66.946946549,-39.233920033948,2754,164,-148
-72.291922489514,-40.177151082274,2773,910,4344
-73.190237773634,-46.779768420556,2715,2262,4509
-67.485935719472,-54.640027156606,2684,379,469
-70.854618034922,-38.515267806652,2615,343,3143
-68.204587946768,-47.498420647852,2713,184,35
-69.327482051918,-54.011206457722,2693,742,920
-68.474082532004,-42.063613178926,2691,190,110
-73.45973235887,-40.850887545364,2769,448,1880
-64.521495281876,-40.311898374892,2764,202,-160
-69.102903230888,-39.413583090772,2755,98,-56
-69.237650523506,-45.028053616522,2715,89,-16
-75.615689040758,-46.465358071114,NA,NA,NA
-71.303775676982,-44.084822568196,2675,482,1586
-73.23515353784,-47.992494054118,2712,2170,3189
-66.72236772797,-42.422939292574,2739,181,-88
-71.573270262218,-43.770412218754,2656,879,3086
-65.105400216554,-41.56953977266,2780,147,-174
-69.372397816124,-50.687439906478,2707,209,-32
-72.157175196896,-43.006844227252,2675,1871,6332
-73.414816594664,-41.479708244248,2774,645,1868
-67.62068301209,-41.56953977266,2699,192,37
-68.249503710974,-48.98064086665,2713,172,58
-71.752933319042,-39.638161911802,2718,1020,7654
-69.282566287712,-41.34496095163,2712,119,82
-72.471585546338,-38.919509684506,2772,524,3610
-69.507145108742,-44.93822208811,2701,110,96
-66.946946549,-43.411086105106,2747,105,-99
-68.06984065415,-54.774774449224,2662,718,868
-73.819058472518,-46.51027383532,NA,NA,NA
-73.639395415694,-48.08232558253,NA,NA,NA
-71.618186026424,-50.013703443388,2672,118,22
-67.575767247884,-49.160303923474,NA,NA,NA
-74.268216114578,-46.869599948968,NA,NA,NA
-67.890177597326,-47.40858911944,2722,145,-70
-72.78599589578,-43.500917633518,2710,3443,8571
-69.013071702476,-40.536477195922,2709,204,94
-73.414816594664,-47.40858911944,2695,2822,4742
-70.630039213892,-53.47221728725,NA,NA,NA
-69.372397816124,-50.373029557036,2696,198,10
-73.369900830458,-44.219569860814,NA,NA,NA
-68.29441947518,-42.961928463046,2708,191,-18
-72.33683825372,-39.593246147596,2765,588,4050
-73.504648123076,-51.361176369568,2691,3166,4579
-71.88768061166,-35.236417019614,2762,36,1865
-72.426669782132,-44.354317153432,2693,2661,6358
-70.09105004342,-51.90016554004,2707,159,-48
-70.360544628656,-42.198360471544,2705,153,490
-68.833408645652,-47.8577467615,2701,163,30
-66.812199256382,-39.683077676008,2763,142,-76
-69.64189240136,-50.283198028624,2696,167,6
-62.185875543164,-40.491561431716,NA,NA,NA
-69.552060872948,-43.950075275578,2699,82,107
-73.369900830458,-51.406092133774,2663,4032,5675
-68.788492881446,-46.330610778496,2714,123,-44
-67.036778077412,-39.144088505536,2761,134,-128
-69.956302750802,-45.791621608024,2710,76,40
-65.868968208056,-41.1203821306,2755,142,-164
-65.779136679644,-44.129738332402,2746,146,-171
-67.935093361532,-54.101037986134,2695,262,197
-71.797849083248,-39.413583090772,2720,805,6180
-67.62068301209,-42.198360471544,2714,182,-100
-68.249503710974,-53.831543400898,2712,191,44
-69.1927347593,-50.597608378066,2718,152,-109
-72.920743188398,-46.824684184762,2689,1478,3452
-72.920743188398,-36.943216059442,2779,195,2382
-70.719870742304,-40.626308724334,2714,152,1203
-67.485935719472,-48.75606204562,2730,145,-14
-72.202090961102,-44.533980210256,2675,1922,5216
-73.280069302046,-49.42979850871,2670,2283,3206
-67.980009125738,-42.961928463046,2733,137,-188
-71.124112620158,-50.55269261386,2681,179,14
-67.441019955266,-47.992494054118,2729,143,-65
-64.341832225052,-42.46785505678,2797,140,-161
-70.899533799128,-43.096675755664,2700,182,431
-72.202090961102,-46.555189599526,2733,380,757
-68.474082532004,-53.157806937808,NA,NA,NA
-69.552060872948,-46.240779250084,2716,78,-2
-72.696164367368,-50.642524142272,2662,578,923
-67.980009125738,-42.91701269884,2723,162,-151
-71.618186026424,-53.786627636692,2714,875,1044
-70.001218515008,-48.935725102444,2679,147,39
-72.606332838956,-39.189004269742,2767,461,3464
-68.06984065415,-46.016200429054,2733,162,-79
-67.485935719472,-42.872096934634,2733,178,-174
-65.59947362282,-47.543336412058,NA,NA,NA
-69.372397816124,-50.507776849654,2700,194,-9
-70.719870742304,-40.356814139098,2720,143,1161
-66.363041614322,-47.40858911944,2736,138,-110
-68.833408645652,-52.753565059954,2723,165,-17
-70.270713100244,-50.732355670684,2700,170,-31
-69.821555458184,-52.618817767336,NA,NA,NA
-70.31562886445,-42.961928463046,2712,125,290
-66.677451963764,-43.411086105106,2746,115,-117
-73.953805765136,-46.824684184762,2744,3525,4673
-71.752933319042,-43.456001869312,2684,969,3569
-65.15031598076,-40.581392960128,2759,172,-163
-65.82405244385,-41.704287065278,2748,159,-161
-66.27321008591,-47.363673355234,2739,133,-119
-70.270713100244,-42.378023528368,2705,133,442
-67.17152537003,-43.59074916193,2741,119,-75
-68.29441947518,-49.250135451886,2715,176,29
-70.405460392862,-40.311898374892,2706,174,945
-69.102903230888,-51.046766020126,NA,NA,NA
-69.1927347593,-55.223932091284,2702,1152,1338
-62.365538599988,-40.536477195922,2781,258,-136
-72.606332838956,-41.34496095163,2710,2284,7204
-70.899533799128,-37.30254217309,2666,286,3004
-71.393607205394,-43.950075275578,2691,457,1602
-70.495291921274,-42.378023528368,2712,117,373
-68.249503710974,-45.477211258582,2724,129,19
-68.608829824622,-47.812830997294,2713,167,78
-66.72236772797,-42.108528943132,2733,180,-94
-68.96815593827,-52.034912832658,2724,161,-31
-70.225797336038,-42.512770820986,2685,145,368
-75.211447162904,-46.779768420556,NA,NA,NA
-70.001218515008,-43.14159151987,2695,143,223
-70.630039213892,-45.477211258582,2705,95,112
-66.857115020588,-55.26884785549,2751,681,958
-67.980009125738,-48.711146281414,2720,150,16
-63.174022355696,-40.177151082274,2766,232,-165
-68.429166767798,-42.737349642016,2685,215,184
-72.381754017926,-38.42543627824,2765,405,2275
-72.202090961102,-40.266982610686,2771,789,4046
-68.878324409858,-45.342463965964,2730,75,-57
-73.549563887282,-37.97627863618,NA,NA,NA
-70.001218515008,-38.335604749828,2724,92,200
-67.351188426854,-43.725496454548,2747,104,-58
-68.51899829621,-40.177151082274,2717,157,-30
-70.899533799128,-37.52712099412,2672,280,2591
-68.429166767798,-50.55269261386,NA,NA,NA
-69.956302750802,-44.893306323904,2716,123,125
-71.393607205394,-47.902662525706,2650,149,247
-71.483438733806,-51.540839426392,2689,373,232
-71.034281091746,-40.356814139098,2703,258,2741
-66.363041614322,-43.635664926136,2753,111,-126
-71.393607205394,-43.770412218754,2689,403,1410
-67.755430304708,-45.297548201758,2731,149,-3
-68.429166767798,-52.978143880984,2731,177,-33
-73.324985066252,-46.150947721672,2692,4168,6208
-70.719870742304,-35.865237718498,2663,152,3177
-69.327482051918,-54.954437506048,2663,2019,2713
-67.800346068914,-44.174654096608,2732,109,-35
-73.324985066252,-51.90016554004,2710,3224,4442
-63.57826423355,-40.89580330957,2778,236,-144
-72.965658952604,-47.139094534204,2725,1178,2469
-65.37489480179,-39.817824968626,2766,173,-168
-72.381754017926,-45.117885144934,2685,1780,3962
-70.360544628656,-46.689936892144,2696,65,-29
-74.986868341874,-46.195863485878,NA,NA,NA
-69.821555458184,-45.6119585512,2715,84,32
-74.492794935608,-45.791621608024,NA,NA,NA
-68.923240174064,-40.850887545364,2691,239,147
-67.665598776296,-47.543336412058,2733,133,-74
-67.935093361532,-45.477211258582,2728,152,55
-70.31562886445,-40.536477195922,2728,98,441
-68.024924889944,-53.831543400898,2715,175,21
-73.190237773634,-36.673721474206,NA,NA,NA
-65.59947362282,-41.614455536866,2755,150,-168
-70.001218515008,-44.03990680399,2681,141,262
-72.78599589578,-40.266982610686,2773,444,2189
-70.98936532754,-49.789124622358,2689,127,15
-70.630039213892,-43.186507284076,2696,145,391
-70.180881571832,-38.694930863476,2707,133,543
-69.102903230888,-41.704287065278,2682,216,346
-69.372397816124,-55.089184798666,2676,2140,2930
-68.474082532004,-41.34496095163,2703,156,5
-63.218938119902,-40.22206684648,2766,228,-172
-73.01057471681,-46.06111619326,2696,2400,4154
-72.875827424192,-47.8577467615,2668,1758,2903
-70.001218515008,-42.602602349398,2699,112,187
-70.54020768548,-39.368667326566,2681,265,1539
-66.228294321704,-43.81532798296,2741,138,-132
-70.674954978098,-38.694930863476,2672,220,1644
-66.632536199558,-47.18401029841,2739,151,-103
-72.33683825372,-47.588252176264,2546,988,1831
-67.890177597326,-47.318757591028,2726,127,-84
-67.890177597326,-46.330610778496,2745,110,-103
-62.275707071576,-40.940719073776,NA,NA,NA
-69.327482051918,-42.872096934634,2699,131,233
-65.958799736468,-43.3661703409,2750,111,-163
-70.76478650651,-51.046766020126,2698,178,16
-70.98936532754,-53.651880344074,2724,503,412
-65.195231744966,-44.309401389226,NA,NA,NA
-70.76478650651,-42.512770820986,2691,165,617
-65.958799736468,-48.217072875148,NA,NA,NA
-71.483438733806,-51.585755190598,2693,347,167
-71.66310179063,-37.167794880472,2733,597,5411
-71.303775676982,-41.300045187424,2687,496,3922
-66.183378557498,-41.210213659012,2751,146,-137
-67.306272662648,-40.850887545364,2724,163,-79
-69.821555458184,-46.420442306908,2712,89,13
-72.067343668484,-51.989997068452,2697,348,296
-69.057987466682,-54.505279863988,2668,1248,1585
-68.923240174064,-55.538342440726,NA,NA,NA
-73.414816594664,-37.392373701502,2792,362,3596
-64.880821395524,-42.063613178926,NA,NA,NA
-68.698661353034,-54.684942920812,2660,1105,1265
-70.899533799128,-52.169660125276,2704,321,120
-71.483438733806,-43.276338812488,2698,461,1767
-65.240147509172,-41.56953977266,2765,151,-190
-73.414816594664,-41.389876715836,2770,599,1740
-74.35804764299,-50.1035349718,2701,4924,7459
-70.674954978098,-46.73485265635,2684,74,56
-65.15031598076,-41.928865886308,2775,145,-224
-64.162169168228,-41.030550602188,NA,NA,NA
-66.857115020588,-46.779768420556,NA,NA,NA
-72.202090961102,-53.067975409396,NA,NA,NA
-73.45973235887,-45.926368900642,2693,3705,5339
-69.956302750802,-49.070472395062,2685,168,57
-71.797849083248,-36.62880571,2771,293,4749
-68.384251003592,-46.600105363732,2729,122,-66
-72.022427904278,-41.56953977266,2689,1522,6167
-71.303775676982,-40.266982610686,2704,487,4967
-72.78599589578,-37.75169981515,2749,353,3006
-71.303775676982,-53.337469994632,2687,884,1120
-68.024924889944,-39.907656497038,2740,140,-62
-69.776639693978,-44.71364326708,2703,152,205
-67.665598776296,-43.411086105106,2739,98,-106
-66.991862313206,-48.75606204562,NA,NA,NA
-69.507145108742,-47.228926062616,2682,126,38
-73.369900830458,-39.413583090772,NA,NA,NA
-72.291922489514,-52.663733531542,NA,NA,NA
-69.686808165566,-38.964425448712,2723,104,65
-67.530851483678,-54.415448335576,2694,243,183
-71.842764847454,-36.269479596352,2774,121,2578
-71.21394414857,-37.482205229914,2685,427,4024
-67.126609605824,-47.722999468882,2729,144,-80
-71.573270262218,-50.597608378066,2674,209,74
-70.046134279214,-51.67558671901,2711,135,-103
-67.980009125738,-55.673089733344,2758,843,789
-62.140959778958,-40.581392960128,NA,NA,NA
-65.913883972262,-39.77290920442,2762,176,-193
-71.483438733806,-51.90016554004,2705,243,37
-70.360544628656,-47.63316794047,2689,84,-31
-63.623179997756,-40.311898374892,2766,228,-169
-71.124112620158,-46.95943147738,2656,187,252
-68.923240174064,-46.28569501429,2713,121,32
-70.001218515008,-43.994991039784,2684,132,238
-72.067343668484,-35.326248548026,2776,28,1364
-69.552060872948,-55.04426903446,2717,1843,2449
-64.835905631318,-42.108528943132,NA,NA,NA
-70.405460392862,-50.822187199096,2699,179,-16
-70.854618034922,-50.238282264418,2683,134,-21
-66.677451963764,-42.333107764162,2733,214,-112
-71.4385229696,-44.93822208811,2695,318,769
-72.381754017926,-46.914515713174,2676,884,1618
-66.812199256382,-40.850887545364,2734,162,-75
-69.372397816124,-46.51027383532,2719,79,-82
-68.474082532004,-43.500917633518,2729,87,-53
-72.875827424192,-45.252632437552,2702,3029,5813
-69.147818995094,-40.940719073776,2719,193,220
-70.495291921274,-44.48906444605,2715,95,115
-67.530851483678,-45.072969380728,2734,145,6
-73.369900830458,-39.593246147596,NA,NA,NA
-66.902030784794,-44.354317153432,2738,133,-114
-72.830911659986,-51.181513312744,2690,1275,1919
-67.575767247884,-42.333107764162,2718,181,-144
-70.180881571832,-44.26448562502,2709,119,168
-69.057987466682,-38.65001509927,2745,124,-76
-71.4385229696,-48.576398988796,2656,157,161
-69.911386986596,-39.054256977124,2717,120,231
-67.800346068914,-39.862740732832,2743,143,-85
-67.126609605824,-42.961928463046,2752,105,-143
-73.280069302046,-45.522127022788,2703,4288,6560
-68.833408645652,-50.822187199096,NA,NA,NA
-65.285063273378,-40.716140252746,2760,157,-175
-68.06984065415,-50.1035349718,NA,NA,NA
-71.842764847454,-35.640658897468,2774,46,1869
-68.339335239386,-43.500917633518,2735,87,-68
-72.78599589578,-42.512770820986,2785,1726,5006
-72.067343668484,-42.602602349398,2678,1782,6766
-67.39610419106,-43.321254576694,2740,102,-105
-70.405460392862,-44.893306323904,2712,87,108
-65.195231744966,-40.356814139098,2769,143,-179
-69.327482051918,-38.964425448712,2724,116,-66
-71.573270262218,-44.03990680399,2698,649,2247
-69.41731358033,-49.295051216092,2713,137,-50
-71.303775676982,-40.491561431716,2719,328,3050
-69.1927347593,-40.581392960128,2710,201,97
-72.606332838956,-50.597608378066,2666,372,590
-68.339335239386,-44.129738332402,2723,92,23
-72.381754017926,-43.994991039784,2700,1712,4457
-70.270713100244,-45.297548201758,2712,106,59
-74.088553057754,-50.373029557036,2709,4929,8118
-70.809702270716,-48.890809338238,2666,71,-9
-71.169028384364,-48.711146281414,2662,135,138
-65.59947362282,-40.761056016952,2754,142,-179
-64.25200069664,-39.593246147596,2763,225,-179
-65.060484452348,-41.255129423218,NA,NA,NA
-68.06984065415,-43.231423048282,2743,113,-148
-73.549563887282,-38.021194400386,NA,NA,NA
-72.516501310544,-43.635664926136,2696,2550,6563
-67.575767247884,-43.096675755664,2749,114,-149
-71.169028384364,-39.727993440214,2727,255,2681
-73.90889000093,-40.940719073776,2796,901,2919
-67.800346068914,-44.26448562502,2730,134,0
-68.563914060416,-43.006844227252,2719,150,78
-70.54020768548,-42.108528943132,2709,135,480
-64.296916460846,-43.051759991458,NA,NA,NA
-67.17152537003,-44.174654096608,2742,128,-32
-70.899533799128,-39.638161911802,2693,194,1941
-67.890177597326,-41.389876715836,2696,209,73
-73.639395415694,-41.030550602188,2762,530,1975
-69.552060872948,-43.186507284076,2677,161,208
-67.800346068914,-43.231423048282,2745,98,-133
-70.270713100244,-46.240779250084,2710,79,6
-68.608829824622,-46.779768420556,2725,104,-56
-67.351188426854,-43.635664926136,2739,116,-74
-70.360544628656,-41.300045187424,2698,149,733
-70.180881571832,-50.867102963302,2701,183,-9
-68.96815593827,-53.292554230426,2720,197,2
-65.195231744966,-40.311898374892,2768,147,-176
-72.11225943269,-50.373029557036,2678,119,140
-69.731723929772,-39.009341212918,2718,117,88
-70.360544628656,-45.83653737223,2707,77,48
-71.034281091746,-35.865237718498,2741,147,3636
-72.291922489514,-51.361176369568,2674,303,323
-71.303775676982,-40.356814139098,2723,320,2993
-67.710514540502,-46.689936892144,2731,190,-86
-69.462229344536,-40.087319553862,2728,122,107
-70.899533799128,-43.500917633518,2693,228,593
-72.516501310544,-46.600105363732,2713,770,1431
-73.324985066252,-45.207716673346,2750,3164,5414
-72.516501310544,-41.56953977266,2713,1961,5880
-66.49778890694,-44.444148681844,2736,180,-89
-73.414816594664,-38.8745939203,NA,NA,NA
-72.56141707475,-39.907656497038,2767,733,4022
-66.72236772797,-43.006844227252,2754,99,-96
-67.62068301209,-45.477211258582,2724,153,-2
-73.504648123076,-40.626308724334,2778,425,2074
-70.405460392862,-52.394238946306,2713,234,-13
-72.157175196896,-51.630670954804,2690,349,279
-65.644389387026,-43.545833397724,2746,130,-152
-66.991862313206,-39.77290920442,2757,138,-91
-70.854618034922,-38.155941693004,2663,311,2713
-67.62068301209,-41.659371301072,2698,189,34
-72.830911659986,-51.091681784332,2701,937,1246
-71.393607205394,-46.51027383532,2762,120,23
-65.15031598076,-40.940719073776,NA,NA,NA
-69.552060872948,-49.160303923474,2699,187,25
-68.204587946768,-49.699293093946,2719,168,-24
-68.159672182562,-43.14159151987,2736,131,-153
-68.429166767798,-54.37053257137,2677,505,606
-64.7011583387,-42.153444707338,NA,NA,NA
-70.270713100244,-46.555189599526,2710,62,-59
-66.812199256382,-41.34496095163,2707,206,-45
-68.429166767798,-40.042403789656,2716,158,-103
-70.360544628656,-35.95506924691,2636,254,3495
-70.046134279214,-42.961928463046,2693,155,285
-71.258859912776,-46.914515713174,2651,229,373
-70.674954978098,-37.97627863618,2698,163,1135
-65.59947362282,-40.581392960128,2754,147,-176
-68.339335239386,-43.860243747166,2731,74,-58
-68.249503710974,-53.786627636692,2713,191,21
-68.923240174064,-53.427301523044,2707,267,140
-70.98936532754,-53.831543400898,NA,NA,NA
-68.429166767798,-53.517133051456,2724,188,15
-69.282566287712,-50.462861085448,2700,216,13
-69.911386986596,-51.316260605362,2706,152,-66
-68.563914060416,-54.774774449224,2680,863,1046
-69.911386986596,-40.626308724334,2700,217,662
-64.521495281876,-40.266982610686,2764,201,-163
-71.348691441188,-38.605099335064,2672,516,4654
-66.767283492176,-42.198360471544,2735,169,-97
-72.067343668484,-40.536477195922,2691,1242,6790
-70.854618034922,-47.947578289912,2655,75,19
-71.124112620158,-52.259491653688,2705,307,105
-69.147818995094,-41.389876715836,2711,127,60
-70.225797336038,-43.231423048282,2701,147,297
-66.452873142734,-44.93822208811,2772,147,-170
-66.946946549,-40.132235318068,2748,136,-99
-72.202090961102,-50.867102963302,2683,260,239
-71.88768061166,-35.775406190086,2772,55,1773
-73.055490481016,-49.20521968768,2651,1554,2247
-74.986868341874,-46.689936892144,2778,2510,3194
-72.426669782132,-40.89580330957,2767,1060,4498
-70.674954978098,-51.361176369568,2700,203,17
-73.45973235887,-40.22206684648,2754,728,3950
-70.854618034922,-51.45100789798,2700,239,69
-72.33683825372,-35.011838198584,NA,NA,NA
-71.393607205394,-38.919509684506,2682,556,4705
-65.554557858614,-40.761056016952,2755,142,-177
-71.303775676982,-52.528986238924,2709,274,125
-70.135965807626,-41.928865886308,2715,122,244
-70.854618034922,-45.297548201758,2704,133,236
-72.11225943269,-51.989997068452,2697,346,300
-65.779136679644,-48.172157110942,NA,NA,NA
-68.429166767798,-46.645021127938,2727,126,-55
-68.249503710974,-43.3661703409,2738,103,-167
-69.507145108742,-43.680580690342,2700,98,101
-69.102903230888,-39.09917274133,2733,124,-87
-71.708017554836,-42.288191999956,2689,594,2616
-73.01057471681,-51.046766020126,2719,1562,2037
-63.713011526168,-41.255129423218,NA,NA,NA
-68.114756418356,-41.1203821306,2717,142,-39
-71.618186026424,-38.515267806652,2715,904,6947
-69.821555458184,-53.606964579868,NA,NA,NA
-68.429166767798,-48.666230517208,2721,134,-24
-71.393607205394,-47.18401029841,2665,239,420
-68.474082532004,-48.800977809826,2718,148,-1
-70.854618034922,-48.890809338238,2668,68,-13
-67.441019955266,-39.413583090772,2758,128,-89
-71.752933319042,-37.572036758326,2728,750,5931
-71.752933319042,-37.841531343562,2732,652,5574
-71.66310179063,-44.893306323904,2689,533,1714
-69.686808165566,-48.800977809826,2703,131,9
-66.946946549,-39.593246147596,2760,129,-102
-68.51899829621,-52.079828596864,NA,NA,NA
-67.530851483678,-46.330610778496,NA,NA,NA
-72.965658952604,-39.99748802545,2764,460,2861
-68.204587946768,-45.072969380728,2719,140,80
-68.339335239386,-41.165297894806,2711,154,-40
-72.291922489514,-50.822187199096,2649,278,225
-69.1927347593,-54.684942920812,2671,1748,2289
-69.282566287712,-45.342463965964,2727,80,-127
-70.09105004342,-51.316260605362,2704,143,-78
-67.261356898442,-39.593246147596,2760,133,-86
-66.093547029086,-39.907656497038,2759,162,-180
-66.587620435352,-43.81532798296,2745,146,-124
-68.114756418356,-41.704287065278,2698,186,75
-69.282566287712,-50.822187199096,2724,168,-89
-70.809702270716,-39.638161911802,2691,233,2229
-70.135965807626,-52.528986238924,2730,264,66
-71.618186026424,-35.595743133262,2775,60,2205
-67.710514540502,-45.297548201758,2732,147,-32
-72.741080131574,-39.09917274133,2767,454,3015
-72.022427904278,-37.97627863618,2749,668,5359
-71.797849083248,-38.290688985622,2722,929,6897
-70.180881571832,-40.266982610686,2722,126,433
-67.575767247884,-40.67122448854,2725,156,-53
-69.776639693978,-47.453504883646,2673,181,79
-72.202090961102,-49.070472395062,2699,165,109
-69.102903230888,-42.01869741472,2686,223,299
-62.814696242048,-40.087319553862,2767,242,-156
-72.516501310544,-53.292554230426,2707,1253,1339
-67.575767247884,-38.8745939203,2752,162,-130
-72.33683825372,-42.647518113604,2693,2308,6778
-66.902030784794,-39.458498854978,2754,157,-128
-63.533348469344,-42.782265406222,NA,NA,NA
-72.247006725308,-43.321254576694,2740,1020,3138
-64.25200069664,-40.940719073776,2783,214,-153
-65.285063273378,-43.096675755664,2755,140,-192
-75.166531398698,-46.195863485878,NA,NA,NA
-71.573270262218,-49.42979850871,2678,76,-87
-74.627542228226,-46.51027383532,2756,3115,4076
-67.665598776296,-46.95943147738,2730,167,-92
-64.02742187561,-40.805971781158,2771,215,-154
-71.842764847454,-47.18401029841,2690,315,477
-69.147818995094,-51.989997068452,2718,148,-67
-71.573270262218,-53.02305964519,NA,NA,NA
-70.899533799128,-36.538974181588,2647,280,4513
-71.079196855952,-44.26448562502,2695,234,593
-65.779136679644,-42.01869741472,2753,140,-201
-69.372397816124,-47.498420647852,2680,156,41
-69.282566287712,-39.233920033948,2727,143,-10
-71.034281091746,-36.62880571,2669,248,3944
-70.360544628656,-39.09917274133,2698,199,879
-70.225797336038,-48.037409818324,2668,137,51
-68.249503710974,-46.330610778496,2739,103,-67
-68.29441947518,-54.460364099782,2661,697,895
-74.088553057754,-46.95943147738,2750,3312,4196
-66.72236772797,-47.139094534204,2741,148,-104
-71.034281091746,-44.48906444605,2690,248,619
-69.282566287712,-39.862740732832,2730,129,49
-65.689305151232,-40.22206684648,2767,140,-163
-73.45973235887,-49.160303923474,2638,4012,5870
-62.365538599988,-40.177151082274,2791,283,-123
-66.632536199558,-39.189004269742,2759,161,-166
-65.195231744966,-42.198360471544,2764,139,-193
-66.857115020588,-41.255129423218,2710,201,-35
-74.223300350372,-50.058619207594,2711,4447,7387
-67.800346068914,-42.737349642016,2705,235,-162
-70.180881571832,-39.77290920442,2717,145,475
-71.573270262218,-39.233920033948,2701,921,7113
-71.303775676982,-48.30690440356,2645,99,74
-67.39610419106,-46.240779250084,NA,NA,NA
-64.835905631318,-40.89580330957,NA,NA,NA
-70.495291921274,-46.645021127938,2695,66,23
-70.585123449686,-35.999985011116,2643,225,3962
-70.001218515008,-41.165297894806,2694,173,610
-67.665598776296,-39.862740732832,2747,145,-91
-68.563914060416,-46.195863485878,2725,108,-106
-66.542704671146,-45.072969380728,2782,136,-157
-72.202090961102,-38.829678156094,2760,702,4301
-65.734220915438,-40.850887545364,2753,134,-166
-73.819058472518,-49.609461565534,2702,3359,4418
-67.980009125738,-43.276338812488,2741,120,-83
-69.64189240136,-49.474714272916,2712,116,-59
-66.902030784794,-43.500917633518,2745,117,-105
-72.78599589578,-40.581392960128,2774,555,2452
-66.407957378528,-40.266982610686,2755,140,-152
-68.833408645652,-54.37053257137,2681,821,873
-68.608829824622,-43.500917633518,2722,92,-17
-73.190237773634,-39.233920033948,2793,635,3446
-73.280069302046,-41.659371301072,2789,744,2247
-70.585123449686,-52.57390200313,2723,238,-33
-67.935093361532,-41.659371301072,2702,168,1
-65.509642094408,-42.288191999956,2760,146,-218
-71.932596375866,-47.318757591028,2716,220,158
-69.462229344536,-50.956934491714,2719,168,-86
-68.74357711724,-54.190869514546,2693,543,597
-72.920743188398,-37.07796335206,2777,173,2044
-73.6843111799,-37.07796335206,NA,NA,NA
-73.953805765136,-46.195863485878,2721,2463,3486
-69.462229344536,-41.524624008454,2699,143,212
-72.78599589578,-51.630670954804,NA,NA,NA
-67.530851483678,-40.087319553862,2747,141,-85
-70.225797336038,-54.415448335576,2696,2163,2761
-66.407957378528,-55.134100562872,NA,NA,NA
-65.644389387026,-39.907656497038,2763,189,-178
-72.11225943269,-40.401729903304,2746,701,4105
-63.57826423355,-40.177151082274,2767,220,-169
-70.046134279214,-49.070472395062,2686,145,5
-73.639395415694,-37.257626408884,2815,356,3368
-63.533348469344,-41.030550602188,2790,215,-156
-69.327482051918,-51.046766020126,2735,140,-137
-67.575767247884,-41.030550602188,2723,135,9
-64.341832225052,-43.006844227252,2807,121,-286
-69.776639693978,-38.65001509927,2727,93,119
-70.98936532754,-41.479708244248,2693,242,1699
-70.98936532754,-45.746705843818,2699,138,328
-70.98936532754,-51.855249775834,2707,190,-45
-72.516501310544,-52.708649295748,NA,NA,NA
-67.261356898442,-41.614455536866,2703,198,-23
-72.696164367368,-50.32811379283,2712,291,352
-73.998721529342,-49.789124622358,2713,3850,5329
-72.696164367368,-53.112891173602,2693,2170,2564
-71.034281091746,-53.741711872486,2696,994,1165
-68.698661353034,-42.108528943132,2649,327,344
-73.324985066252,-45.746705843818,2699,3892,6035
-71.618186026424,-49.160303923474,2655,150,74
-67.351188426854,-39.09917274133,2758,132,-127
-63.084190827284,-40.311898374892,2766,236,-166
-65.59947362282,-47.678083704676,NA,NA,NA
-69.64189240136,-41.524624008454,2690,158,359
-72.291922489514,-48.666230517208,2629,462,727
-71.708017554836,-49.160303923474,2651,158,79
-70.001218515008,-50.058619207594,2700,179,-7
-68.29441947518,-45.207716673346,2724,128,33
-72.696164367368,-37.033047587854,2774,192,2064
-66.27321008591,-43.545833397724,2744,126,-156
-72.516501310544,-46.779768420556,2712,723,1834
-70.76478650651,-45.83653737223,2698,105,216
-68.474082532004,-45.38737973017,2729,98,-7
-73.863974236724,-41.79411859369,NA,NA,NA
-71.348691441188,-47.498420647852,2685,93,62
-67.216441134236,-42.557686585192,2731,173,-138
-70.54020768548,-47.453504883646,2682,76,-24
-69.956302750802,-43.456001869312,2694,138,189
-71.4385229696,-40.805971781158,2683,661,5623
-73.774142708312,-37.75169981515,NA,NA,NA
-70.495291921274,-39.009341212918,2685,222,1169
-68.698661353034,-48.621314753002,2723,137,-3
-72.426669782132,-51.540839426392,2685,444,468
-75.166531398698,-46.420442306908,2773,2482,3475
-71.708017554836,-35.865237718498,2775,60,1968
-70.450376157068,-45.567042786994,2707,84,49
-72.291922489514,-35.550827369056,2775,48,1586
-72.022427904278,-36.044900775322,2777,68,1668
-71.303775676982,-36.85338453103,2707,362,5213
-74.268216114578,-49.160303923474,2720,5022,7189
-69.013071702476,-50.507776849654,NA,NA,NA
-68.51899829621,-47.947578289912,2722,130,-1
-65.285063273378,-42.91701269884,2752,153,-207
-71.977512140072,-38.560183570858,2744,899,5664
-68.878324409858,-44.03990680399,2724,53,45
-65.37489480179,-39.727993440214,2766,182,-160
-66.72236772797,-43.3661703409,2746,113,-105
-71.708017554836,-49.474714272916,2687,66,-60
-67.216441134236,-43.500917633518,2741,108,-79
-73.324985066252,-51.45100789798,2708,2845,3549
-66.318125850116,-39.952572261244,2756,153,-154
-65.554557858614,-42.063613178926,2758,148,-215
-71.079196855952,-36.898300295236,2655,308,4239
-68.74357711724,-50.417945321242,NA,NA,NA
-73.819058472518,-47.543336412058,2691,4929,6813
-71.618186026424,-48.217072875148,2647,180,256
-72.157175196896,-38.335604749828,2760,566,3513
-69.64189240136,-55.04426903446,2716,1772,2293
-73.504648123076,-41.210213659012,2768,477,1564
-73.6843111799,-49.744208858152,2729,3794,5111
-68.698661353034,-48.441651696178,2725,160,-8
-70.225797336038,-53.606964579868,NA,NA,NA
-70.54020768548,-40.22206684648,2719,150,997
-63.847758818786,-42.647518113604,2792,131,-157
-66.542704671146,-43.006844227252,2755,104,-92
-74.043637293548,-41.255129423218,NA,NA,NA
-65.644389387026,-42.827181170428,2755,128,-187
-69.686808165566,-49.65437732974,2713,128,-43
-70.899533799128,-51.765418247422,2704,237,-1
-69.64189240136,-46.195863485878,2710,86,35
-71.169028384364,-49.20521968768,2683,57,-34
-73.6843111799,-49.923871914976,2635,5831,8483
-70.046134279214,-39.77290920442,2725,106,251
-65.689305151232,-43.680580690342,2747,130,-152
-65.689305151232,-41.479708244248,2757,147,-146
-72.022427904278,-53.651880344074,2718,1273,1683
-69.596976637154,-43.276338812488,2691,144,223
-66.27321008591,-40.491561431716,2754,139,-128
-71.528354498012,-38.290688985622,2693,533,4595
-69.147818995094,-38.964425448712,2733,116,-91
-64.386747989258,-42.24327623575,NA,NA,NA
-70.585123449686,-36.224563832146,2629,238,3551
-66.677451963764,-41.030550602188,2736,166,-102
-70.944449563334,-39.368667326566,2715,192,1829
-66.991862313206,-42.512770820986,2728,190,-103
-66.587620435352,-54.729858685018,2684,639,770
-73.414816594664,-37.97627863618,2799,523,3430
-73.953805765136,-46.150947721672,2736,2210,3247
-64.207084932434,-40.581392960128,2764,210,-163
-70.450376157068,-43.051759991458,2711,106,255
-68.878324409858,-42.153444707338,2679,226,205
-72.067343668484,-35.28133278382,2780,24,1252
-69.64189240136,-54.550195628194,2660,2762,3701
-69.956302750802,-48.935725102444,2681,150,40
-72.696164367368,-48.396735931972,2660,1424,2585
-72.875827424192,-47.902662525706,2681,1703,2910
-71.393607205394,-46.465358071114,2760,125,39
-72.067343668484,-35.460995840644,2768,31,1124
-64.162169168228,-42.01869741472,NA,NA,NA
-69.86647122239,-41.434792480042,2707,125,282
-74.13346882196,-48.800977809826,2719,4524,6357
-69.552060872948,-49.295051216092,2709,150,-42
-67.800346068914,-48.845893574032,2723,175,35
-67.84526183312,-54.14595375034,2695,282,230
-64.880821395524,-42.108528943132,NA,NA,NA
-69.507145108742,-48.621314753002,2703,194,49
-74.268216114578,-47.318757591028,2737,5852,7866
-68.06984065415,-46.016200429054,2733,162,-79
-71.977512140072,-35.416080076438,2769,37,1512
-72.291922489514,-47.004347241586,2672,800,1327
-69.911386986596,-49.20521968768,2703,131,-31
-64.566411046082,-39.862740732832,2767,208,-168
-71.88768061166,-43.635664926136,2719,675,2170
-62.90452777046,-40.401729903304,2767,227,-174
-71.21394414857,-51.271344841156,2688,255,106
-70.270713100244,-41.839034357896,2699,174,560
-71.303775676982,-42.422939292574,2705,316,1448
-66.542704671146,-42.69243387781,2755,134,-169
-72.741080131574,-49.609461565534,2729,366,311
-63.488432705138,-41.075466366394,2796,206,-159
-72.11225943269,-45.567042786994,2702,682,1541
-69.821555458184,-48.441651696178,2688,155,23
-67.84526183312,-50.013703443388,NA,NA,NA
-72.291922489514,-38.380520514034,2765,455,2621
-65.82405244385,-40.626308724334,2753,141,-145
-67.665598776296,-43.051759991458,2747,121,-179
-67.890177597326,-47.947578289912,2726,131,-41
-73.190237773634,-47.228926062616,2685,2166,4044
-68.878324409858,-47.228926062616,2681,227,213
-71.303775676982,-38.784762391888,2692,488,4513
-73.729226944106,-41.659371301072,NA,NA,NA
-70.674954978098,-52.708649295748,2731,243,38
-72.516501310544,-42.872096934634,2700,3018,7727
-69.821555458184,-43.456001869312,2713,91,72
-69.552060872948,-45.746705843818,2706,100,11
-68.06984065415,-49.025556630856,2716,177,41
-66.587620435352,-39.77290920442,2755,177,-66
-71.528354498012,-46.869599948968,2650,286,559
-72.56141707475,-50.507776849654,2652,278,381
-74.088553057754,-49.025556630856,2718,5026,6551
-68.429166767798,-53.157806937808,NA,NA,NA
-71.483438733806,-48.08232558253,2658,130,133
-66.228294321704,-44.668727502874,2741,182,-134
-64.970652923936,-41.79411859369,NA,NA,NA
-69.013071702476,-47.363673355234,2684,194,142
-72.247006725308,-52.663733531542,NA,NA,NA
-72.022427904278,-45.117885144934,2673,1032,2702
-71.483438733806,-49.789124622358,2680,106,28
-67.935093361532,-40.761056016952,2723,141,-46
-71.348691441188,-42.782265406222,2686,411,1592
-65.734220915438,-40.491561431716,2754,152,-182
-72.426669782132,-47.902662525706,2626,937,1711
-64.521495281876,-40.805971781158,2779,204,-121
-65.240147509172,-54.81969021343,NA,NA,NA
-72.202090961102,-46.28569501429,2648,922,2070
-71.977512140072,-48.98064086665,2652,213,315
-65.868968208056,-41.1203821306,2755,142,-164
-69.507145108742,-53.47221728725,NA,NA,NA
-67.216441134236,-40.22206684648,2747,142,-78
-72.78599589578,-37.167794880472,2775,197,2176
-63.488432705138,-39.817824968626,2769,210,-164
-67.935093361532,-41.973781650514,2693,187,18
-68.114756418356,-54.325616807164,2682,435,550
-68.788492881446,-47.273841826822,2693,158,-68
-69.507145108742,-45.701790079612,2704,118,138
-64.386747989258,-40.985634837982,NA,NA,NA
-71.348691441188,-50.283198028624,2672,126,-42
-68.923240174064,-40.67122448854,2706,196,46
-69.462229344536,-53.47221728725,NA,NA,NA
-73.145322009428,-47.363673355234,2702,1932,3739
-67.710514540502,-41.300045187424,2698,208,78
-68.878324409858,-52.933228116778,2715,201,-11
-72.426669782132,-42.647518113604,2700,1876,5552
-65.464726330202,-39.99748802545,2762,189,-180
-69.237650523506,-51.630670954804,2717,136,37
-68.51899829621,-42.557686585192,2708,147,-40
-70.630039213892,-48.486567460384,2661,97,40
-70.630039213892,-46.73485265635,2685,70,49
-70.76478650651,-52.439154710512,2705,350,128
-71.348691441188,-45.207716673346,2697,296,774
-68.51899829621,-47.812830997294,2715,173,64
-67.980009125738,-45.072969380728,2719,144,14
-71.708017554836,-44.444148681844,2664,971,3405
-70.450376157068,-38.066110164592,2684,185,1049
-68.384251003592,-43.59074916193,2729,94,-29
-73.549563887282,-47.992494054118,2745,2629,3738
-67.890177597326,-42.422939292574,2708,192,-76
-68.833408645652,-43.3661703409,2714,83,-43
-70.270713100244,-44.399232917638,2712,102,94
-68.29441947518,-48.127241346736,2725,124,-13
-71.393607205394,-46.645021127938,2733,133,248
-66.946946549,-43.680580690342,2743,128,-90
-67.485935719472,-45.342463965964,2730,157,14
-70.225797336038,-54.415448335576,2696,2163,2761
-73.953805765136,-49.384882744504,2695,4867,6914
-71.483438733806,-46.150947721672,2672,347,1026
-69.64189240136,-42.961928463046,2691,136,206
-72.426669782132,-53.02305964519,2709,1153,1200
-68.74357711724,-52.978143880984,2718,204,14
-73.549563887282,-38.021194400386,NA,NA,NA
-69.327482051918,-43.994991039784,2710,70,46
-71.752933319042,-43.411086105106,2684,1074,3826
-69.956302750802,-40.761056016952,2703,161,510
-69.596976637154,-39.413583090772,2729,106,45
-69.1927347593,-41.524624008454,2700,172,219
-72.606332838956,-36.943216059442,2774,187,2179
-72.157175196896,-36.224563832146,2774,101,2082
-72.426669782132,-42.46785505678,2754,1322,4099
-70.54020768548,-39.32375156236,2698,229,1315
-71.752933319042,-37.347457937296,2748,539,4398
-67.575767247884,-45.522127022788,2721,174,-34
-72.78599589578,-45.6119585512,2712,2719,4780
-65.015568688142,-43.59074916193,NA,NA,NA
-73.280069302046,-52.3493231821,2714,2619,3383
-67.890177597326,-39.99748802545,2739,148,-65
-70.270713100244,-50.77727143489,2701,175,-21
-72.426669782132,-42.198360471544,2712,2131,6782
-73.369900830458,-51.316260605362,2706,3572,4685
-71.618186026424,-51.855249775834,2705,235,52
-69.552060872948,-42.512770820986,2694,126,150
-68.563914060416,-46.28569501429,2729,108,-97
-67.530851483678,-39.683077676008,2757,141,-74
-72.606332838956,-42.647518113604,2719,2588,7579
-71.932596375866,-45.297548201758,2657,1005,2645
-66.183378557498,-42.153444707338,2748,159,-191
-70.944449563334,-50.55269261386,2686,173,-3
-65.734220915438,-39.862740732832,2762,185,-197
-68.249503710974,-54.37053257137,2679,493,610
-70.76478650651,-40.356814139098,2715,154,1348
-64.341832225052,-42.91701269884,NA,NA,NA
-69.956302750802,-42.063613178926,2715,119,192
-66.72236772797,-44.219569860814,2740,134,-108
-71.393607205394,-44.309401389226,2691,367,1239
-68.74357711724,-39.054256977124,2746,121,-82
-69.596976637154,-54.864605977636,NA,NA,NA
-73.01057471681,-38.694930863476,2776,359,1724
-71.169028384364,-43.500917633518,2654,446,1365
-71.573270262218,-41.075466366394,2722,454,3187
-71.708017554836,-46.600105363732,2740,214,610
-71.88768061166,-38.066110164592,2751,571,4661
-65.240147509172,-43.770412218754,NA,NA,NA
-70.899533799128,-52.663733531542,2723,253,39
-72.426669782132,-37.033047587854,2777,174,1872
-67.84526183312,-44.174654096608,2732,106,-33
-68.878324409858,-41.659371301072,2687,194,119
-67.755430304708,-49.295051216092,2747,154,-40
-71.932596375866,-41.56953977266,2733,871,3828
-65.464726330202,-41.210213659012,2757,142,-169
-66.363041614322,-41.210213659012,2741,162,-163
-68.204587946768,-41.030550602188,2718,142,-58
-70.76478650651,-41.839034357896,2704,224,1027
-73.369900830458,-39.907656497038,2786,470,2848
-69.102903230888,-51.495923662186,2719,178,-45
-73.190237773634,-51.361176369568,2694,2669,3652
-73.055490481016,-47.498420647852,2658,2144,3661
-71.752933319042,-41.524624008454,2664,930,4162
-69.057987466682,-41.34496095163,2712,135,21
-70.135965807626,-48.127241346736,2672,112,-47
-70.405460392862,-40.042403789656,2721,127,576
-69.327482051918,-49.923871914976,2709,157,-23
-70.76478650651,-45.6119585512,2705,99,163
-71.618186026424,-49.609461565534,2687,87,-38
-67.755430304708,-39.278835798154,2758,132,-69
-70.450376157068,-51.989997068452,2707,203,-18
-69.86647122239,-40.132235318068,2722,151,335
-69.147818995094,-42.961928463046,2696,112,52
-69.462229344536,-43.14159151987,2684,143,223
-65.329979037584,-44.354317153432,2791,102,-205
-69.41731358033,-55.134100562872,2674,2596,3629
-68.833408645652,-39.458498854978,2763,131,15
-72.696164367368,-52.304407417894,2689,1733,2206
-72.067343668484,-46.016200429054,2658,866,2139
-68.159672182562,-54.011206457722,2700,208,109
-69.64189240136,-48.261988639354,2681,218,135
-68.833408645652,-46.240779250084,2716,111,-17
-71.4385229696,-50.058619207594,2664,170,23
-67.306272662648,-44.26448562502,2740,135,-53
-69.327482051918,-42.24327623575,2702,187,239
-65.509642094408,-42.422939292574,2759,147,-210
-68.51899829621,-41.704287065278,2692,200,145
-69.821555458184,-39.862740732832,2734,90,119
-73.45973235887,-46.06111619326,2702,3754,5883
-66.003715500674,-47.228926062616,2758,130,-114
-72.067343668484,-43.725496454548,2714,1287,4090
-74.447879171402,-47.678083704676,2743,4179,5510
-64.47657951767,-40.716140252746,2771,209,-136
-71.797849083248,-37.616952522532,2739,679,5181
-69.057987466682,-42.782265406222,2704,109,10
-70.899533799128,-43.321254576694,2698,198,514
-69.282566287712,-41.614455536866,2691,185,281
-70.899533799128,-35.73049042588,2691,215,4651
