"decimalLon","decimalLat","bio6","bio14","cmi_max"
-71.573270262218,-31.059250948456,2818,14,439
-63.847758818786,-39.54833038339,2766,216,-178
-67.62068301209,-27.960063218242,2773,12,-530
-64.25200069664,-20.728625181076,2826,56,49
-68.429166767798,-35.101669726996,2710,151,-293
-70.405460392862,-29.172788851804,2676,156,444
-68.608829824622,-28.409220860302,2636,115,-248
-68.96815593827,-37.796615579356,2709,239,22
-65.509642094408,-18.168426621334,2799,30,-236
-69.596976637154,-29.756693786482,2562,166,270
-65.195231744966,-22.839666098758,2715,91,1906
-70.360544628656,-24.321886317556,2813,4,-867
-68.878324409858,-24.456633610174,2692,5,-535
-68.29441947518,-33.664365272404,2760,94,-340
-68.563914060416,-29.936356843306,2719,45,-379
-65.59947362282,-39.144088505536,2764,196,-183
-63.039275063078,-20.414214831634,2843,97,283
-70.180881571832,-32.047397760988,2618,202,1661
-68.024924889944,-36.538974181588,2748,136,-270
-66.318125850116,-36.134732303734,2771,120,-335
-66.228294321704,-20.054888717986,2701,13,580
-67.575767247884,-27.6456528688,2755,14,-727
-70.944449563334,-29.846525314894,2768,54,147
-69.552060872948,-29.66686225807,2572,108,140
-66.812199256382,-19.33623649069,2707,29,2092
-68.51899829621,-35.28133278382,2724,129,-255
-69.282566287712,-25.3998646585,2702,23,-506
-65.779136679644,-37.97627863618,2769,198,-216
-67.62068301209,-30.026188371718,2749,15,-550
-64.47657951767,-36.85338453103,2769,187,-249
-67.17152537003,-27.960063218242,2791,9,-483
-66.49778890694,-27.376158283564,2715,27,-198
-67.800346068914,-16.4167118173,2755,509,3081
-67.980009125738,-31.373661297898,2676,28,-359
-65.59947362282,-21.986266578844,2709,7,191
-63.80284305458,-22.03118234305,2827,58,694
-66.542704671146,-22.300676928286,2654,5,868
-66.452873142734,-23.60323409026,2665,3,-313
-69.102903230888,-32.182145053606,2659,109,-336
-63.623179997756,-19.156573433866,2846,93,176
-70.495291921274,-31.193998241074,2612,203,2185
-67.935093361532,-29.21770461601,2746,54,-443
-65.15031598076,-18.482836970776,2792,18,-188
-66.991862313206,-36.988131823648,2768,138,-261
-65.15031598076,-18.976910377042,2790,19,-51
-66.857115020588,-22.121013871462,2633,12,986
-65.59947362282,-17.898932036098,2770,54,688
-64.207084932434,-18.572668499188,2821,89,306
-66.812199256382,-27.555821340388,2780,24,-421
-69.147818995094,-28.813462738156,2621,39,-341
-63.12910659149,-39.09917274133,2771,237,-161
-64.521495281876,-36.538974181588,2771,160,-246
-71.034281091746,-28.049894746654,2816,6,-392
-71.348691441188,-34.697427849142,2774,11,1205
-65.82405244385,-18.348089678158,2777,36,195
-65.329979037584,-23.019329155582,2733,37,1424
-70.899533799128,-27.42107404777,2834,7,-482
-69.911386986596,-34.3830174997,2613,155,2501
-66.812199256382,-25.17528583747,2683,11,-298
-63.623179997756,-38.560183570858,2771,236,-162
-70.270713100244,-26.702421820474,2781,1,-507
-65.644389387026,-19.470983783308,2707,22,-167
-69.64189240136,-27.061747934122,2701,36,-270
-64.431663753464,-21.312530115754,2778,31,339
-71.169028384364,-31.373661297898,2774,23,485
-69.776639693978,-34.3830174997,2637,166,1450
-63.263853884108,-39.32375156236,2769,234,-154
-64.790989867112,-36.538974181588,2771,160,-270
-68.96815593827,-24.995622780646,2641,8,-440
-68.204587946768,-38.245773221416,2744,168,-158
-64.746074102906,-22.92949762717,2824,173,2471
-66.767283492176,-29.981272607512,2796,23,-521
-71.4385229696,-31.23891400528,2805,11,331
-67.530851483678,-24.95070701644,2664,5,-507
-67.935093361532,-20.863372473694,2700,9,-731
-67.800346068914,-32.271976582018,2779,17,-485
-70.674954978098,-31.104166712662,2691,92,1101
-66.407957378528,-36.718637238412,2771,148,-295
-65.689305151232,-22.345592692492,2692,5,28
-64.162169168228,-36.718637238412,2769,184,-202
-64.92573715973,-19.066741905454,2765,23,358
-61.467223315868,-38.42543627824,2770,318,-87
-67.17152537003,-22.70491880614,2636,11,-346
-68.833408645652,-27.555821340388,2587,45,-166
-67.17152537003,-18.797247320218,2717,25,604
-66.183378557498,-18.6625000276,2727,31,305
-66.542704671146,-29.801609550688,2798,23,-548
-70.135965807626,-23.962560203908,2811,4,-789
-67.980009125738,-27.915147454036,2681,16,-537
-69.282566287712,-27.331242519358,2572,115,76
-65.554557858614,-24.995622780646,2801,39,357
-63.623179997756,-19.021826141248,2839,134,709
-67.216441134236,-21.087951294724,2638,9,621
-66.228294321704,-23.333739505024,2666,3,-44
-67.036778077412,-26.477842999444,2598,10,-433
-63.12910659149,-19.021826141248,2878,117,210
-62.724864713636,-38.65001509927,2773,279,-146
-65.779136679644,-23.782897147084,2705,29,858
-66.138462793292,-17.31502710142,2727,353,2513
-70.09105004342,-28.54396815292,2631,225,715
-70.001218515008,-24.95070701644,2774,1,-888
-65.464726330202,-20.68370941687,2765,11,-463
-63.80284305458,-20.863372473694,2840,66,567
-68.474082532004,-24.05239173232,2679,10,-499
-69.776639693978,-34.966922434378,2670,244,273
-69.776639693978,-23.82781291129,2810,0,-854
-65.958799736468,-25.84902230056,2785,16,-732
-69.282566287712,-26.118516885796,2640,41,-315
-66.27321008591,-25.354948894294,2760,44,204
-69.686808165566,-30.295682956954,2568,378,704
-70.54020768548,-34.427933263906,2688,78,2866
-69.237650523506,-37.841531343562,2749,148,-33
-67.890177597326,-16.237048760476,2822,614,2671
-64.386747989258,-20.279467539016,2759,80,1511
-71.4385229696,-34.338101735494,2779,9,1080
-66.138462793292,-25.759190772148,2742,31,49
-65.868968208056,-25.534611951118,2740,26,218
-66.003715500674,-18.707415791806,2699,46,969
-71.932596375866,-33.844028329228,NA,NA,NA
-71.618186026424,-33.664365272404,2802,5,1037
-65.913883972262,-37.07796335206,2768,172,-274
-66.093547029086,-18.6625000276,2701,53,1311
-69.956302750802,-24.681212431204,2785,1,-848
-68.159672182562,-32.451639638842,2773,22,-433
-68.06984065415,-23.962560203908,2711,17,-391
-68.74357711724,-26.118516885796,2597,48,-362
-62.275707071576,-19.695562604338,2884,146,-342
-68.878324409858,-23.513402561848,2762,2,-712
-67.441019955266,-16.731122166742,2707,479,2426
-71.393607205394,-33.305039158756,2789,7,995
-66.72236772797,-28.99312579498,2793,40,-462
-65.82405244385,-29.082957323392,2804,36,-473
-68.563914060416,-23.60323409026,2746,3,-845
-66.363041614322,-23.1540764482,2672,3,159
-70.135965807626,-24.007475968114,2805,3,-895
-62.814696242048,-18.842163084424,2891,159,-21
-69.1927347593,-29.172788851804,2582,76,-194
-68.06984065415,-28.858378502362,2790,18,-634
-66.587620435352,-29.21770461601,2807,33,-546
-64.611326810288,-38.066110164592,2767,187,-229
-61.601970608486,-38.380520514034,2769,318,-83
-70.09105004342,-30.430430249572,2596,315,1266
-69.596976637154,-36.044900775322,2662,280,282
-70.001218515008,-23.872728675496,2802,1,-822
-66.946946549,-24.097307496526,2663,12,-393
-68.29441947518,-30.78975636322,2761,16,-563
-71.842764847454,-34.293185971288,2784,9,1620
-68.204587946768,-31.867734704164,2764,26,-395
-70.225797336038,-36.808468766824,2628,361,1791
-67.39610419106,-32.631302695666,2782,19,-569
-67.890177597326,-35.05675396279,2762,102,-336
-63.982506111404,-17.809100507686,2836,303,512
-64.611326810288,-19.470983783308,2768,59,1080
-66.991862313206,-27.376158283564,2783,22,-555
-67.755430304708,-25.804106536354,2666,5,-544
-70.719870742304,-35.236417019614,2648,235,5728
-69.057987466682,-25.265117365882,2634,20,-408
-70.135965807626,-28.813462738156,2636,162,540
-71.21394414857,-32.676218459872,2792,10,934
-65.82405244385,-35.999985011116,2770,118,-342
-67.036778077412,-30.924503655838,2792,23,-612
-68.339335239386,-35.28133278382,2739,143,-294
-67.261356898442,-35.685574661674,2772,107,-328
-69.686808165566,-24.636296666998,2776,0,-777
-69.41731358033,-26.028685357384,2701,27,-455
-63.847758818786,-37.841531343562,2768,215,-149
-65.509642094408,-37.841531343562,2767,177,-332
-63.35368541252,-18.482836970776,2875,181,295
-67.710514540502,-24.905791252234,2639,5,-508
-65.644389387026,-26.52275876365,2737,105,2060
-66.72236772797,-29.756693786482,2794,27,-467
-66.003715500674,-20.189636010604,2703,13,628
-64.25200069664,-22.25576116408,2795,69,1737
-67.306272662648,-25.354948894294,2628,8,-561
-67.530851483678,-35.05675396279,2769,96,-365
-65.105400216554,-18.43792120657,2776,27,370
-71.124112620158,-27.915147454036,2837,8,-503
-69.057987466682,-30.834672127426,2658,81,-412
-62.23079130737,-19.33623649069,2889,178,-274
-70.001218515008,-28.54396815292,2612,313,1173
-65.554557858614,-27.87023168983,2803,95,310
-68.384251003592,-31.149082476868,2772,20,-675
-69.147818995094,-27.061747934122,2599,59,-160
-66.407957378528,-28.903294266568,2800,26,-438
-69.596976637154,-31.957566232576,2673,109,-245
-67.39610419106,-16.86586945936,2674,399,2484
-66.632536199558,-28.588883917126,2803,13,-828
-66.363041614322,-24.142223260732,2657,6,142
-65.644389387026,-20.369299067428,2758,8,-620
-69.507145108742,-38.20085745721,2708,150,17
-61.691802136898,-39.09917274133,NA,NA,NA
-65.689305151232,-38.829678156094,2766,180,-218
-64.656242574494,-23.243907976612,2824,130,1940
-69.013071702476,-28.09481051086,2540,100,205
-66.991862313206,-20.593877888458,2685,7,-431
-71.258859912776,-28.903294266568,2807,5,-213
-64.656242574494,-38.290688985622,2765,202,-232
-67.17152537003,-37.886447107768,2758,152,-199
-64.92573715973,-20.279467539016,2742,37,267
-65.913883972262,-27.555821340388,2759,156,1233
-70.585123449686,-28.049894746654,2811,2,-387
-69.237650523506,-26.028685357384,2644,48,-314
-69.147818995094,-29.8914410791,2721,82,-518
-63.12910659149,-19.515899547514,2864,115,162
-63.174022355696,-21.222698587342,2862,48,344
-70.585123449686,-28.903294266568,2730,40,-125
-66.093547029086,-23.693065618672,2696,2,-649
-65.509642094408,-36.583889945794,2770,155,-259
-65.59947362282,-22.165929635668,2711,6,16
-66.902030784794,-36.134732303734,2773,126,-309
-68.29441947518,-29.801609550688,2772,21,-562
-67.036778077412,-38.784762391888,2759,174,-172
-65.060484452348,-22.25576116408,2749,114,1733
-66.991862313206,-25.983769593178,2605,12,-346
-66.677451963764,-30.744840599014,2784,27,-481
-63.12910659149,-36.943216059442,2768,224,100
-70.405460392862,-23.693065618672,2844,20,-531
-66.632536199558,-18.931994612836,2690,42,2607
-65.958799736468,-37.841531343562,2770,173,-241
-64.880821395524,-22.390508456698,2761,160,2447
-68.51899829621,-34.742343613348,2720,129,-269
-66.27321008591,-17.809100507686,2746,39,490
-70.899533799128,-32.855881516696,2786,12,445
-69.102903230888,-27.286326755152,2542,99,98
-65.509642094408,-17.943847800304,2790,56,699
-71.21394414857,-34.83217514176,2768,25,1689
-70.360544628656,-36.808468766824,2643,260,1658
-65.015568688142,-20.45913059584,2747,32,92
-64.072337639816,-21.896435050432,2796,66,1393
-65.285063273378,-37.212710644678,2770,173,-246
-67.081693841618,-24.097307496526,2677,8,-566
-63.80284305458,-37.97627863618,2767,222,-205
-63.57826423355,-36.718637238412,2770,213,59
-68.833408645652,-25.62444347953,2623,26,-383
-66.138462793292,-26.343095706826,2679,22,869
-69.821555458184,-29.577030729658,2544,147,680
-69.102903230888,-28.184642039272,2595,91,97
-66.812199256382,-26.208348414208,2644,11,-471
-65.779136679644,-20.144720246398,2709,18,700
-67.351188426854,-21.267614351548,2664,7,-129
-67.890177597326,-24.232054789144,2679,11,-478
-69.372397816124,-35.011838198584,2706,181,-112
-69.102903230888,-29.846525314894,2712,84,-497
-67.39610419106,-17.53960592245,2705,82,864
-62.500285892606,-20.728625181076,2872,78,70
-70.046134279214,-26.882084877298,2768,4,-495
-67.665598776296,-16.461627581506,2821,437,2112
-70.09105004342,-35.640658897468,2642,187,1571
-69.1927347593,-24.05239173232,2755,1,-733
-68.96815593827,-23.468486797642,2744,2,-736
-66.49778890694,-20.23455177481,2692,14,609
-66.407957378528,-18.348089678158,2713,43,745
-67.441019955266,-21.626940465196,2646,10,-49
-67.575767247884,-20.548962124252,2673,7,-669
-70.450376157068,-27.510905576182,2797,2,-473
-67.261356898442,-22.615087277728,2642,11,-523
-62.814696242048,-20.9082882379,2867,77,217
-68.06984065415,-26.208348414208,2631,5,-499
-70.09105004342,-26.253264178414,2798,0,-588
-65.195231744966,-36.943216059442,2766,182,-268
-67.62068301209,-23.648149854466,2586,38,-112
-66.452873142734,-38.784762391888,2765,158,-184
-71.618186026424,-31.867734704164,NA,NA,NA
-66.363041614322,-18.572668499188,2699,41,912
-64.7011583387,-37.482205229914,2764,189,-244
-65.419810565996,-22.974413391376,2716,18,979
-67.036778077412,-37.033047587854,2767,139,-253
-63.084190827284,-21.537108936784,2866,47,133
-66.677451963764,-18.168426621334,2682,66,1539
-67.755430304708,-38.20085745721,2761,149,-129
-71.393607205394,-35.236417019614,2776,41,2029
-70.719870742304,-27.510905576182,2809,3,-450
-63.263853884108,-39.189004269742,2771,226,-155
-69.41731358033,-34.787259377554,2668,282,-21
-67.081693841618,-36.718637238412,2771,137,-306
-67.575767247884,-17.045532516184,2761,141,862
-70.450376157068,-34.472849028112,2649,109,4728
-68.698661353034,-38.290688985622,2752,140,-128
-70.450376157068,-27.286326755152,2801,2,-410
-63.57826423355,-39.54833038339,2767,230,-153
-66.183378557498,-22.210845399874,2653,5,1209
-70.76478650651,-27.690568633006,2807,2,-512
-65.644389387026,-27.915147454036,2778,112,688
-67.351188426854,-28.184642039272,2775,14,-512
-69.282566287712,-29.756693786482,2628,127,-264
-68.96815593827,-25.444780422706,2613,26,-357
-69.462229344536,-33.978775621846,2553,468,902
-65.554557858614,-17.854016271892,2769,78,1208
-64.25200069664,-19.156573433866,2788,81,259
-65.913883972262,-21.80660352202,2696,6,827
-63.757927290374,-18.21334238554,2828,278,749
-67.710514540502,-31.643155883134,2785,25,-548
-65.15031598076,-21.986266578844,2734,58,1566
-68.429166767798,-29.21770461601,2709,42,-518
-65.240147509172,-20.863372473694,2770,18,-247
-70.180881571832,-37.841531343562,2662,159,580
-69.372397816124,-29.21770461601,2587,61,-141
-64.835905631318,-20.593877888458,2739,57,660
-70.450376157068,-37.616952522532,2664,181,1214
-66.632536199558,-20.099804482192,2679,19,1372
-63.982506111404,-38.8745939203,2767,220,-199
-69.86647122239,-38.155941693004,2716,121,147
-70.31562886445,-27.465989811976,2799,2,-508
-70.585123449686,-35.595743133262,2660,213,4029
-68.608829824622,-24.232054789144,2665,10,-468
-69.686808165566,-31.328745533692,2669,139,-207
-66.183378557498,-24.187139024938,2669,4,-288
-68.114756418356,-32.945713045108,2766,35,-413
-70.630039213892,-29.082957323392,2734,47,-109
-63.35368541252,-20.099804482192,2846,71,-24
-66.902030784794,-26.97191640571,2719,16,-503
-69.507145108742,-29.936356843306,2538,283,415
-65.509642094408,-27.735484397212,2801,89,301
-65.734220915438,-22.525255749316,2684,4,263
-66.542704671146,-18.482836970776,2716,35,571
-67.800346068914,-31.328745533692,2753,23,-494
-67.530851483678,-33.394870687168,2774,47,-418
-69.41731358033,-27.151579462534,2644,79,-115
-66.138462793292,-35.820321954292,2770,116,-348
-69.731723929772,-34.60759632073,2636,232,1014
-70.495291921274,-34.742343613348,2618,162,4717
-67.485935719472,-19.695562604338,2695,13,-25
-71.169028384364,-32.182145053606,2770,16,710
-65.779136679644,-35.999985011116,2770,119,-344
-66.902030784794,-18.6625000276,2729,41,1572
-65.913883972262,-29.127873087598,2804,29,-472
-65.779136679644,-18.707415791806,2755,34,769
-67.755430304708,-25.265117365882,2620,6,-406
-66.407957378528,-19.515899547514,2682,23,1246
-66.138462793292,-23.019329155582,2656,6,799
-71.034281091746,-31.643155883134,2763,43,858
-66.093547029086,-38.919509684506,2764,184,-189
-71.4385229696,-30.924503655838,2800,5,256
-64.47657951767,-38.605099335064,2768,227,-185
-62.4553701284,-37.841531343562,2760,245,-151
-66.49778890694,-37.661868286738,2767,154,-252
-67.485935719472,-20.324383303222,2668,6,-740
-64.566411046082,-38.605099335064,2766,236,-184
-68.159672182562,-35.865237718498,2748,153,-293
-70.495291921274,-33.754196800816,2710,43,1732
-70.585123449686,-26.52275876365,2817,25,-506
-68.878324409858,-27.600737104594,2573,67,-19
-68.024924889944,-30.744840599014,2761,14,-548
-66.138462793292,-36.943216059442,2769,154,-293
-65.464726330202,-37.033047587854,2769,160,-290
-67.62068301209,-16.820953695154,2778,328,1790
-70.046134279214,-31.777903175752,2675,124,395
-65.419810565996,-36.988131823648,2768,164,-301
-66.363041614322,-27.42107404777,2723,48,264
-62.814696242048,-18.123510857128,2898,322,98
-68.339335239386,-38.111025928798,2748,151,-162
-71.079196855952,-28.229557803478,2819,7,-332
-67.84526183312,-33.619449508198,2767,59,-391
-68.653745588828,-27.555821340388,2602,37,-324
-69.911386986596,-36.808468766824,2703,179,12
-64.566411046082,-22.794750334552,2817,107,1524
-67.62068301209,-20.369299067428,2668,7,-733
-66.452873142734,-22.076098107256,2676,5,946
-65.195231744966,-21.986266578844,2726,62,2175
-64.566411046082,-37.392373701502,2767,183,-216
-68.204587946768,-29.172788851804,2798,16,-676
-66.767283492176,-36.763553002618,2772,150,-279
-68.024924889944,-24.097307496526,2663,21,-344
-71.66310179063,-30.744840599014,2813,5,-174
-68.249503710974,-36.763553002618,2742,135,-252
-67.710514540502,-24.995622780646,2645,4,-505
-67.036778077412,-22.70491880614,2632,9,-95
-67.575767247884,-32.855881516696,2774,23,-474
-63.533348469344,-17.898932036098,2870,377,472
-65.329979037584,-18.752331556012,2770,22,187
-67.530851483678,-22.03118234305,2633,16,-215
-63.443516940932,-21.267614351548,2858,42,118
-67.351188426854,-38.111025928798,2761,140,-174
-68.563914060416,-37.52712099412,2746,136,-166
-70.54020768548,-22.974413391376,NA,NA,NA
-66.318125850116,-36.763553002618,2770,153,-286
-65.419810565996,-25.130370073264,2807,25,-261
-66.363041614322,-19.965057189574,2683,17,1061
-67.84526183312,-17.404858629832,2707,56,218
-69.013071702476,-30.969419420044,2695,63,-408
-69.64189240136,-33.439786451374,2516,330,1370
-62.4553701284,-18.88707884863,2895,205,-43
-68.74357711724,-31.23891400528,2739,37,-471
-67.17152537003,-17.854016271892,2713,48,242
-67.84526183312,-20.998119766312,2694,9,-649
-67.216441134236,-19.965057189574,2685,12,-221
-67.62068301209,-25.489696186912,2669,5,-491
-70.405460392862,-31.867734704164,2575,293,2310
-71.21394414857,-28.499052388714,2817,4,-438
-67.665598776296,-27.241410990946,2750,9,-713
-67.441019955266,-37.482205229914,2760,126,-219
-65.868968208056,-20.504046360046,2715,13,618
-67.710514540502,-16.820953695154,2811,187,402
-65.82405244385,-18.752331556012,2731,36,1121
-68.06984065415,-20.45913059584,2687,11,-696
-63.308769648314,-18.931994612836,2876,116,286
-63.263853884108,-39.683077676008,2767,239,-162
-65.419810565996,-36.943216059442,2768,173,-279
-69.1927347593,-27.87023168983,2598,131,135
-68.788492881446,-33.754196800816,2727,141,-247
-66.902030784794,-25.354948894294,2672,11,-505
-63.398601176726,-37.033047587854,2769,227,51
-69.507145108742,-26.74733758468,2651,45,-296
-69.956302750802,-34.113522914464,2582,212,3517
-64.790989867112,-20.00997295378,2727,39,759
-66.183378557498,-36.314395360558,2771,127,-323
-67.755430304708,-31.598240118928,2790,25,-484
-68.74357711724,-32.496555403048,2768,78,-348
-69.327482051918,-36.089816539528,2667,272,28
-65.419810565996,-39.144088505536,2763,194,-184
-68.51899829621,-28.813462738156,2706,40,-573
-71.842764847454,-34.966922434378,2780,17,1294
-65.554557858614,-25.669359243736,2767,36,269
-66.49778890694,-19.740478368544,2667,27,2513
-68.96815593827,-37.75169981515,2692,261,-18
-62.814696242048,-38.964425448712,2772,254,-161
-70.98936532754,-29.711778022276,2801,40,-80
-67.17152537003,-31.283829769486,2790,18,-696
-67.441019955266,-17.494690158244,2705,78,776
-68.29441947518,-37.392373701502,2743,157,-205
-68.608829824622,-36.808468766824,2728,149,-209
-68.96815593827,-30.520261777984,2612,80,-370
-66.72236772797,-24.815959723822,2689,6,-522
-67.216441134236,-28.049894746654,2757,11,-466
-64.7011583387,-19.650646840132,2758,53,739
-62.545201656812,-37.661868286738,2759,241,-94
-67.17152537003,-22.525255749316,2639,14,153
-68.788492881446,-24.95070701644,2642,13,-397
-67.84526183312,-35.05675396279,2764,100,-345
-62.67994894943,-38.20085745721,2769,262,-161
-69.86647122239,-37.212710644678,2691,242,189
-70.98936532754,-32.182145053606,2747,24,464
-66.542704671146,-19.515899547514,2671,32,2691
-66.587620435352,-19.650646840132,2705,30,2092
-67.306272662648,-29.307536144422,2813,71,-365
-67.485935719472,-32.58638693146,2777,19,-512
-67.261356898442,-24.321886317556,2670,12,-514
-63.713011526168,-38.919509684506,2766,241,-179
-68.114756418356,-25.579527715324,2604,13,-388
-67.485935719472,-30.924503655838,2724,26,-336
-67.17152537003,-18.258258149746,2706,39,540
-70.54020768548,-30.56517754219,2616,389,1604
-70.001218515008,-25.938853828972,2798,1,-540
-65.015568688142,-21.492193172578,2680,34,842
-67.710514540502,-16.86586945936,2811,166,180
-67.84526183312,-29.66686225807,2740,23,-519
-66.138462793292,-24.72612819541,2674,17,522
-69.731723929772,-35.371164312232,2666,356,430
-67.755430304708,-24.636296666998,2632,7,-551
-67.665598776296,-36.808468766824,2760,140,-258
-67.530851483678,-22.210845399874,2611,22,15
-68.429166767798,-26.208348414208,2571,36,-230
-66.04863126488,-19.650646840132,2666,20,1138
-69.462229344536,-30.160935664336,2645,306,422
-65.958799736468,-24.411717845968,2733,7,-6
-64.296916460846,-20.099804482192,2765,103,1258
-71.528354498012,-31.822818939958,NA,NA,NA
-69.776639693978,-35.685574661674,2640,287,399
-67.441019955266,-26.477842999444,2718,4,-625
-66.04863126488,-26.163432650002,2708,24,556
-62.724864713636,-18.393005442364,2896,257,95
-69.282566287712,-30.34059872116,2694,177,-88
-70.54020768548,-31.867734704164,2678,146,1068
-62.949443534666,-37.706784050944,2766,233,-158
-67.036778077412,-24.636296666998,2694,7,-562
-64.02742187561,-18.707415791806,2793,118,588
-70.854618034922,-36.808468766824,2690,200,2486
-67.036778077412,-30.385514485366,2779,20,-488
-63.847758818786,-36.538974181588,2771,188,-34
-63.398601176726,-37.886447107768,2767,243,-74
-66.318125850116,-25.938853828972,2722,25,879
-67.935093361532,-20.953204002106,2697,10,-720
-68.114756418356,-29.397367672834,2775,20,-563
-67.710514540502,-35.371164312232,2772,98,-352
-65.509642094408,-20.00997295378,2733,18,-251
-67.351188426854,-29.21770461601,2815,75,-260
-68.608829824622,-34.922006670172,2716,117,-275
-62.994359298872,-18.393005442364,2897,219,-116
-69.462229344536,-32.316892346224,2675,99,-281
-66.183378557498,-21.043035530518,2696,7,354
-65.285063273378,-24.815959723822,2795,30,624
-69.237650523506,-27.241410990946,2584,103,23
-64.162169168228,-21.671856229402,2804,41,607
-65.240147509172,-22.884581862964,2723,79,1836
-67.755430304708,-28.588883917126,2752,32,-453
-67.800346068914,-20.144720246398,2673,8,-727
-70.76478650651,-26.882084877298,2849,19,-448
-66.812199256382,-26.97191640571,2701,23,-337
-70.046134279214,-29.8914410791,2641,257,757
-65.37489480179,-37.122879116266,2771,156,-272
-64.7011583387,-19.11165766966,2789,33,-13
-68.429166767798,-24.05239173232,2685,9,-485
-70.180881571832,-28.454136624508,2678,145,179
-64.207084932434,-21.177782823136,2801,72,381
-71.4385229696,-31.553324354722,2815,20,760
-67.530851483678,-29.038041559186,2780,94,50
-70.001218515008,-33.215207630344,2567,274,2745
-67.485935719472,-28.76854697395,2779,63,-237
-70.225797336038,-35.146585491202,2679,128,1764
-67.17152537003,-28.454136624508,2783,20,-562
-64.25200069664,-21.941350814638,2787,56,1228
-64.521495281876,-36.85338453103,2769,184,-228
-65.285063273378,-36.224563832146,2770,134,-306
-67.62068301209,-16.551459109918,2711,522,2629
-66.677451963764,-23.648149854466,2657,6,-458
-67.890177597326,-25.265117365882,2602,9,-317
-69.776639693978,-33.754196800816,2576,261,1870
-65.15031598076,-24.681212431204,2813,35,355
-67.081693841618,-17.898932036098,2719,56,394
-65.59947362282,-23.064244919788,2691,7,573
-71.258859912776,-30.834672127426,2792,4,89
-64.386747989258,-36.763553002618,2771,174,-210
-67.39610419106,-17.225195573008,2715,134,890
-66.632536199558,-29.532114965452,2799,28,-478
-64.92573715973,-22.525255749316,2796,171,2102
-70.270713100244,-32.092313525194,2599,246,2144
-66.093547029086,-37.07796335206,2768,155,-286
-66.228294321704,-27.19649522674,2730,66,965
-65.779136679644,-20.144720246398,2709,18,700
-67.530851483678,-38.111025928798,2761,141,-155
-68.06984065415,-20.548962124252,2694,10,-705
-69.86647122239,-30.699924834808,2583,314,740
-69.686808165566,-33.70928103661,2578,281,1406
-62.90452777046,-20.369299067428,2862,88,85
-68.96815593827,-29.756693786482,2638,75,-19
-66.857115020588,-20.324383303222,2706,17,577
-67.665598776296,-21.761687757814,2627,15,69
-66.991862313206,-18.617584263394,2726,36,1259
-69.41731358033,-26.208348414208,2680,24,-444
-69.507145108742,-29.352451908628,2592,61,-134
-68.204587946768,-35.326248548026,2762,133,-294
-70.854618034922,-31.68807164734,2746,55,395
-63.263853884108,-36.808468766824,2769,215,66
-67.126609605824,-29.846525314894,2777,27,-490
-68.429166767798,-34.562680556524,2747,128,-260
-65.15031598076,-17.98876356451,2824,54,-376
-63.668095761962,-39.189004269742,2769,229,-173
-66.183378557498,-21.267614351548,2691,6,695
-69.776639693978,-23.693065618672,2804,0,-826
-64.835905631318,-22.974413391376,2781,185,2747
-67.441019955266,-20.998119766312,2666,7,-390
-70.405460392862,-26.567674527856,2801,3,-558
-70.270713100244,-32.855881516696,2646,123,1808
-67.575767247884,-20.773540945282,2679,8,-548
-69.237650523506,-37.886447107768,2744,133,-140
-62.23079130737,-19.650646840132,2885,151,-243
-68.653745588828,-33.170291866138,2764,69,-332
-68.923240174064,-38.290688985622,2749,126,-113
-66.407957378528,-27.915147454036,2803,24,-648
-67.306272662648,-36.718637238412,2767,145,-269
-67.126609605824,-25.085454309058,2682,7,-546
-66.902030784794,-38.605099335064,2763,170,-177
-65.195231744966,-22.076098107256,2710,71,1947
-65.734220915438,-25.354948894294,2744,43,840
-63.80284305458,-38.515267806652,2768,237,-199
-64.296916460846,-39.054256977124,2764,219,-195
-69.462229344536,-26.432927235238,2694,23,-422
-64.746074102906,-23.333739505024,2825,135,2234
-70.09105004342,-24.72612819541,2805,1,-718
-68.114756418356,-29.172788851804,2791,20,-629
-62.859612006254,-20.279467539016,2864,91,132
-66.407957378528,-23.109160683994,2643,4,695
-69.821555458184,-37.796615579356,2715,122,174
-65.779136679644,-17.719268979274,2762,125,2038
-71.393607205394,-29.756693786482,NA,NA,NA
-65.82405244385,-20.638793652664,2716,13,595
-63.084190827284,-37.572036758326,2766,223,-137
-66.542704671146,-26.208348414208,2643,16,454
-69.282566287712,-23.60323409026,2759,1,-758
-64.341832225052,-20.504046360046,2775,75,884
-68.159672182562,-23.872728675496,2734,7,-651
-65.15031598076,-24.097307496526,2800,95,816
-69.821555458184,-31.23891400528,2594,193,615
-65.734220915438,-24.72612819541,2723,43,878
-66.003715500674,-29.082957323392,2803,30,-457
-70.585123449686,-36.62880571,2676,217,2420
-66.857115020588,-18.078595092922,2679,88,2185
-68.159672182562,-35.05675396279,2751,119,-276
-65.913883972262,-19.605731075926,2703,13,234
-64.835905631318,-19.515899547514,2789,26,199
-70.719870742304,-37.122879116266,2691,150,1552
-70.450376157068,-23.737981382878,2850,19,-626
-71.842764847454,-34.203354442876,2790,8,1468
-65.015568688142,-37.97627863618,2763,179,-235
-71.124112620158,-31.23891400528,2767,28,558
-70.135965807626,-26.118516885796,2795,0,-538
-63.308769648314,-38.560183570858,2774,232,-183
-66.902030784794,-26.74733758468,2707,9,-276
-68.024924889944,-36.449142653176,2747,134,-277
-70.674954978098,-33.080460337726,2785,30,704
-67.575767247884,-37.931362871974,2758,137,-153
-68.204587946768,-36.538974181588,2743,134,-281
-70.135965807626,-36.62880571,2637,248,985
-67.126609605824,-17.943847800304,2710,53,515
-66.542704671146,-37.52712099412,2768,147,-258
-64.431663753464,-21.222698587342,2793,38,312
-67.665598776296,-24.456633610174,2632,7,-531
-68.608829824622,-30.78975636322,2766,25,-539
-68.339335239386,-27.42107404777,2577,40,-348
-69.596976637154,-34.3830174997,2538,388,1750
-62.635033185224,-37.661868286738,2761,239,-115
-70.495291921274,-26.07360112159,2796,14,-545
-63.80284305458,-38.515267806652,2768,237,-199
-63.12910659149,-20.189636010604,2849,100,213
-64.02742187561,-37.167794880472,2768,216,-119
-68.474082532004,-35.685574661674,2675,224,31
-68.474082532004,-32.406723874636,2769,34,-471
-64.341832225052,-21.986266578844,2805,45,892
-71.708017554836,-33.305039158756,NA,NA,NA
-68.429166767798,-27.915147454036,2594,69,-99
-66.991862313206,-37.212710644678,2762,140,-244
-65.82405244385,-28.903294266568,2803,56,-475
-66.587620435352,-29.8914410791,2798,23,-524
-67.485935719472,-16.731122166742,2705,486,2638
-68.878324409858,-36.17964806794,2706,155,-215
-68.96815593827,-28.274473567684,2557,89,-24
-66.632536199558,-19.650646840132,2702,30,2103
-69.507145108742,-30.11601990013,2624,296,321
-67.485935719472,-18.21334238554,2698,39,502
-62.590117421018,-20.548962124252,2871,85,40
-70.360544628656,-24.27697055335,2824,5,-757
-65.734220915438,-20.504046360046,2746,10,248
-68.384251003592,-32.316892346224,2768,25,-444
-68.878324409858,-24.995622780646,2644,11,-436
-70.585123449686,-33.03554457352,2739,40,819
-70.180881571832,-31.598240118928,2676,143,636
-65.105400216554,-22.210845399874,2690,130,2011
-67.485935719472,-22.570171513522,2632,20,-488
-66.003715500674,-18.168426621334,2755,35,-76
-68.653745588828,-26.343095706826,2594,48,-221
-67.980009125738,-31.643155883134,2749,35,-426
-65.913883972262,-19.066741905454,2712,22,-94
-68.114756418356,-29.8914410791,2752,24,-502
-64.02742187561,-38.65001509927,2770,205,-182
-62.320622835782,-38.066110164592,2763,311,-101
-66.902030784794,-29.262620380216,2720,51,76
-71.21394414857,-31.328745533692,2792,18,411
-69.013071702476,-24.905791252234,2658,5,-524
-65.913883972262,-37.52712099412,2768,172,-265
-68.339335239386,-24.995622780646,2610,12,-446
-62.724864713636,-19.605731075926,2877,126,-145
-68.51899829621,-23.82781291129,2731,3,-651
-68.204587946768,-38.245773221416,2744,168,-158
-68.96815593827,-34.83217514176,2703,137,-220
-65.15031598076,-22.25576116408,2739,78,1108
-68.384251003592,-25.489696186912,2617,16,-499
-71.708017554836,-30.924503655838,NA,NA,NA
-68.06984065415,-19.56081531172,2706,10,-326
-67.84526183312,-36.85338453103,2755,137,-253
-67.62068301209,-31.01433518425,2808,20,-547
-65.913883972262,-27.87023168983,2750,83,352
-62.994359298872,-18.572668499188,2895,182,108
-66.812199256382,-26.927000641504,2665,25,-55
-67.710514540502,-31.957566232576,2777,21,-583
-68.249503710974,-24.232054789144,2698,17,-351
-67.980009125738,-27.825315925624,2620,25,-477
-69.507145108742,-31.23891400528,2740,115,-512
-65.734220915438,-23.558318326054,2699,17,779
-68.429166767798,-30.11601990013,2753,32,-488
-70.630039213892,-27.555821340388,2803,2,-506
-69.282566287712,-24.681212431204,2675,4,-637
-70.270713100244,-26.792253348886,2804,1,-577
-66.183378557498,-26.343095706826,2685,19,841
-68.339335239386,-32.182145053606,2765,24,-438
-67.84526183312,-36.85338453103,2755,137,-253
-65.464726330202,-35.95506924691,2770,126,-312
-70.180881571832,-28.588883917126,2663,185,437
-68.384251003592,-31.553324354722,2766,25,-519
-64.207084932434,-22.121013871462,2821,49,715
-63.713011526168,-20.189636010604,2833,71,173
-66.363041614322,-23.737981382878,2648,4,43
-69.41731358033,-24.27697055335,2769,1,-740
-67.890177597326,-24.456633610174,2633,12,-440
-69.327482051918,-26.07360112159,2651,41,-262
-65.195231744966,-24.636296666998,2809,40,498
-66.003715500674,-21.986266578844,2691,6,683
-65.509642094408,-26.792253348886,2770,235,3158
-66.902030784794,-18.842163084424,2753,28,1130
-69.911386986596,-28.364305096096,2679,137,264
-63.218938119902,-19.426068019102,2859,110,383
-64.880821395524,-19.33623649069,2789,25,77
-67.39610419106,-22.390508456698,2631,16,-106
-69.102903230888,-34.562680556524,2707,155,-219
-68.74357711724,-25.579527715324,2597,30,-304
-68.429166767798,-28.723631209744,2731,33,-538
-64.162169168228,-18.123510857128,2839,121,-169
-68.204587946768,-23.693065618672,2750,4,-688
-65.015568688142,-38.65001509927,2765,212,-193
-66.003715500674,-26.792253348886,2761,33,370
-66.542704671146,-18.88707884863,2702,33,1232
-66.228294321704,-23.423571033436,2676,2,-224
-69.41731358033,-28.229557803478,2603,97,299
-72.202090961102,-34.697427849142,NA,NA,NA
-68.429166767798,-29.621946493864,2768,23,-534
-69.596976637154,-29.756693786482,2562,166,270
-64.521495281876,-36.718637238412,2770,182,-239
-67.800346068914,-38.515267806652,2759,145,-164
-65.59947362282,-22.390508456698,2704,6,72
-64.072337639816,-39.503414619184,2765,215,-177
-63.039275063078,-37.392373701502,2767,232,-18
-67.800346068914,-18.797247320218,2688,22,522
-71.21394414857,-28.049894746654,NA,NA,NA
-64.7011583387,-23.288823740818,2834,126,1900
-69.013071702476,-30.78975636322,2690,60,-387
-70.135965807626,-35.101669726996,2633,201,2713
-69.731723929772,-35.595743133262,2675,262,178
-66.812199256382,-26.028685357384,2629,13,-70
-62.859612006254,-21.13286705893,2867,66,102
-63.623179997756,-18.707415791806,2870,165,376
-70.809702270716,-27.331242519358,2822,4,-450
-70.76478650651,-28.948210030774,2788,23,-332
-62.859612006254,-18.617584263394,2894,190,110
-69.731723929772,-35.011838198584,2691,252,227
-69.507145108742,-33.844028329228,2591,297,603
-70.225797336038,-29.44228343704,2611,209,694
-68.878324409858,-26.118516885796,2582,65,-126
-70.98936532754,-28.588883917126,2794,1,-479
-70.135965807626,-27.825315925624,2783,10,-442
-69.41731358033,-28.499052388714,2601,71,105
-67.036778077412,-27.241410990946,2763,20,-313
-65.060484452348,-19.381152254896,2791,15,-265
-64.521495281876,-18.258258149746,2836,57,-192
-68.429166767798,-37.212710644678,2739,141,-226
-70.944449563334,-32.36180811043,2755,28,746
-71.483438733806,-31.957566232576,2812,12,786
-68.96815593827,-23.468486797642,2744,2,-736
-68.06984065415,-27.510905576182,2595,45,-418
-67.980009125738,-32.092313525194,2772,21,-440
-68.114756418356,-34.652512084936,2757,114,-291
-67.441019955266,-38.111025928798,2761,142,-161
-66.677451963764,-38.245773221416,2763,170,-186
-67.575767247884,-36.449142653176,2760,142,-292
-70.809702270716,-33.394870687168,2773,14,374
-64.835905631318,-20.054888717986,2709,43,1003
-65.240147509172,-24.366802081762,2809,73,716
-67.710514540502,-17.943847800304,2712,33,606
-66.902030784794,-37.122879116266,2766,145,-253
-70.180881571832,-25.3998646585,2783,3,-650
-66.49778890694,-28.184642039272,2789,12,-656
-62.365538599988,-39.32375156236,2784,264,-117
-70.405460392862,-33.664365272404,2695,60,2365
-62.545201656812,-18.88707884863,2894,191,-119
-64.880821395524,-19.201489198072,2755,30,770
-64.072337639816,-17.98876356451,2848,211,9
-66.04863126488,-28.454136624508,2597,47,275
-70.180881571832,-28.499052388714,2716,132,129
-68.833408645652,-37.07796335206,2685,197,-163
-64.790989867112,-20.23455177481,2758,41,242
-67.351188426854,-24.72612819541,2640,11,-553
-67.890177597326,-16.19213299627,2801,776,3085
-67.261356898442,-18.033679328716,2705,43,292
-71.708017554836,-30.56517754219,NA,NA,NA
-68.204587946768,-31.957566232576,2763,26,-461
-65.464726330202,-19.426068019102,2722,35,398
-71.034281091746,-27.600737104594,NA,NA,NA
-69.686808165566,-29.038041559186,2598,91,220
-67.665598776296,-29.936356843306,2746,18,-545
-70.495291921274,-26.028685357384,2796,13,-456
-67.216441134236,-35.640658897468,2772,107,-333
-71.034281091746,-27.915147454036,2823,7,-449
-69.686808165566,-26.208348414208,2758,5,-530
-64.970652923936,-39.278835798154,2762,210,-190
-66.452873142734,-38.560183570858,2763,179,-180
-65.15031598076,-38.111025928798,2763,193,-236
-65.644389387026,-37.482205229914,2769,171,-268
-71.393607205394,-33.394870687168,2787,7,1044
-65.37489480179,-25.310033130088,2790,30,0
-62.859612006254,-19.291320726484,2881,126,-63
-70.585123449686,-23.1540764482,NA,NA,NA
-67.800346068914,-17.53960592245,2701,50,570
-66.902030784794,-31.777903175752,2782,17,-516
-65.689305151232,-25.220201601676,2740,46,877
-69.552060872948,-27.106663698328,2705,45,-154
-68.384251003592,-36.583889945794,2739,123,-284
-66.407957378528,-18.21334238554,2722,43,180
-68.06984065415,-16.237048760476,2685,677,3780
-64.431663753464,-36.40422688897,2771,159,-230
-64.341832225052,-21.941350814638,2812,41,802
-68.563914060416,-28.274473567684,2650,94,-364
-67.755430304708,-28.948210030774,2670,94,-25
-71.66310179063,-33.26012339455,2826,8,1260
-66.902030784794,-20.324383303222,2705,14,277
-70.225797336038,-23.693065618672,2819,11,-638
-70.98936532754,-27.690568633006,2834,6,-512
-67.485935719472,-37.30254217309,2760,137,-228
-65.82405244385,-19.78539413275,2695,16,-143
-69.64189240136,-32.451639638842,2578,188,618
-63.892674582992,-39.54833038339,2768,210,-169
-69.552060872948,-28.31938933189,2563,128,756
-69.552060872948,-36.62880571,2689,284,174
-66.632536199558,-29.21770461601,2809,34,-552
-66.003715500674,-28.409220860302,2629,54,296
-64.746074102906,-36.583889945794,2772,165,-226
-68.249503710974,-24.366802081762,2615,26,-399
-69.86647122239,-34.113522914464,2583,249,3513
-66.452873142734,-27.331242519358,2695,41,321
-68.024924889944,-31.732987411546,2766,33,-389
-68.653745588828,-31.643155883134,2753,36,-580
-68.384251003592,-27.87023168983,2569,72,181
-63.57826423355,-37.52712099412,2767,223,-56
-71.752933319042,-30.475346013778,NA,NA,NA
-65.419810565996,-21.58202470099,2697,18,659
-68.06984065415,-24.546465138586,2611,18,-338
-64.880821395524,-22.03118234305,2767,50,766
-64.970652923936,-23.333739505024,2687,128,2872
-69.956302750802,-32.990628809314,2534,277,2772
-67.84526183312,-35.191501255408,2769,102,-348
-66.49778890694,-36.044900775322,2772,119,-333
-67.126609605824,-25.354948894294,2660,7,-563
-68.923240174064,-28.409220860302,2572,74,-154
-65.644389387026,-27.376158283564,2804,160,1076
-63.892674582992,-36.898300295236,2770,215,-72
-68.923240174064,-35.101669726996,2707,139,-222
-70.495291921274,-25.17528583747,NA,NA,NA
-67.126609605824,-25.354948894294,2660,7,-563
-66.767283492176,-29.172788851804,2803,36,-444
-67.261356898442,-25.220201601676,2648,6,-499
-63.937590347198,-21.222698587342,2843,78,252
-62.859612006254,-18.348089678158,2897,249,70
-67.800346068914,-17.674353215068,2702,42,582
-70.809702270716,-34.3830174997,2768,35,1807
-67.665598776296,-33.439786451374,2769,49,-408
-71.348691441188,-32.227060817812,2810,14,1137
-67.800346068914,-27.331242519358,2716,18,-681
-70.046134279214,-29.621946493864,2568,250,1069
-62.545201656812,-37.661868286738,2759,241,-94
-63.847758818786,-21.626940465196,2824,58,708
-63.398601176726,-39.503414619184,2766,241,-166
-66.27321008591,-29.66686225807,2800,24,-468
-63.623179997756,-19.830309896956,2817,83,460
-69.057987466682,-30.744840599014,2678,81,-357
-64.02742187561,-39.503414619184,2766,216,-180
-66.767283492176,-16.910785223566,2791,281,1353
-69.64189240136,-30.071104135924,2532,370,845
-66.49778890694,-18.572668499188,2715,30,209
-67.081693841618,-28.004978982448,2786,8,-574
-64.072337639816,-19.56081531172,2829,89,151
-62.051128250546,-19.78539413275,2886,142,-417
-68.29441947518,-27.960063218242,2626,55,-104
-68.608829824622,-37.706784050944,2742,169,-172
-67.39610419106,-38.290688985622,2763,145,-142
-68.96815593827,-24.995622780646,2641,8,-440
-67.980009125738,-20.863372473694,2700,10,-603
-68.788492881446,-34.742343613348,2698,152,-267
-66.542704671146,-22.345592692492,2663,5,710
-68.429166767798,-31.104166712662,2766,21,-672
-62.275707071576,-39.862740732832,NA,NA,NA
-66.407957378528,-38.739846627682,2765,159,-213
-65.868968208056,-27.42107404777,2783,196,1810
-66.677451963764,-18.168426621334,2682,66,1539
-66.632536199558,-17.98876356451,2699,55,834
-63.398601176726,-37.796615579356,2768,220,-170
-66.04863126488,-25.220201601676,2746,39,1047
-66.72236772797,-20.054888717986,2686,27,1882
-63.713011526168,-20.45913059584,2822,92,757
-68.114756418356,-33.215207630344,2764,48,-386
-66.767283492176,-36.808468766824,2772,150,-278
-70.135965807626,-25.085454309058,2767,2,-833
-67.081693841618,-18.976910377042,2742,23,726
-70.495291921274,-30.655009070602,2638,374,1467
-68.698661353034,-32.227060817812,2771,75,-358
-62.90452777046,-38.560183570858,2774,273,-139
-69.776639693978,-32.406723874636,2602,225,1149
-69.147818995094,-30.879587891632,2621,108,-334
-64.566411046082,-39.09917274133,2762,213,-199
-70.31562886445,-23.558318326054,2828,14,-622
-64.656242574494,-19.021826141248,2780,40,28
-66.812199256382,-22.570171513522,2638,7,440
-65.15031598076,-36.718637238412,2768,169,-269
-67.17152537003,-30.969419420044,2794,27,-583
-65.105400216554,-22.794750334552,2763,104,1513
-68.96815593827,-37.931362871974,2750,164,-85
-69.821555458184,-32.676218459872,2586,192,1289
-68.474082532004,-33.215207630344,2764,59,-335
-66.138462793292,-28.364305096096,2758,40,222
-68.923240174064,-28.274473567684,2579,68,-171
-70.899533799128,-28.139726275066,2807,2,-442
-66.812199256382,-22.25576116408,2655,7,202
-66.587620435352,-19.965057189574,2673,22,1732
-66.318125850116,-17.53960592245,2776,48,30
-66.857115020588,-17.719268979274,2688,112,1547
-66.991862313206,-35.865237718498,2773,114,-328
-68.024924889944,-27.19649522674,2569,42,-169
-67.755430304708,-34.15843867867,2768,78,-363
-62.096044014752,-37.616952522532,2757,239,-57
-65.644389387026,-37.52712099412,2768,178,-266
-65.779136679644,-23.872728675496,2716,31,815
-65.734220915438,-22.48033998511,2684,5,201
-67.575767247884,-38.560183570858,2760,138,-170
-67.890177597326,-17.449774394038,2704,54,361
-70.495291921274,-23.513402561848,NA,NA,NA
-69.911386986596,-37.212710644678,2671,279,400
-68.563914060416,-32.316892346224,2767,51,-441
-68.563914060416,-34.427933263906,2740,129,-257
-66.407957378528,-16.955700987772,2708,472,3464
-68.429166767798,-30.969419420044,2765,19,-535
-65.195231744966,-20.638793652664,2789,15,-369
-63.937590347198,-20.45913059584,2811,92,717
-68.608829824622,-25.669359243736,2622,18,-361
-70.225797336038,-37.796615579356,2699,114,445
-67.935093361532,-29.936356843306,2747,14,-685
-68.608829824622,-25.714275007942,2624,17,-412
-67.710514540502,-17.225195573008,2681,98,1138
-67.575767247884,-29.711778022276,2696,33,-458
-67.530851483678,-33.978775621846,2770,71,-380
-71.573270262218,-34.697427849142,2779,15,1819
-68.923240174064,-32.58638693146,2748,70,-338
-67.84526183312,-35.191501255408,2769,102,-348
-64.341832225052,-21.537108936784,2754,41,1782
-71.66310179063,-34.338101735494,2780,6,935
-66.04863126488,-18.123510857128,2748,39,240
-62.769780477842,-18.393005442364,2896,250,-4
-66.946946549,-35.820321954292,2773,115,-330
-64.25200069664,-22.165929635668,2813,57,1080
-71.21394414857,-31.23891400528,2786,14,292
-69.013071702476,-30.969419420044,2695,63,-408
-67.935093361532,-31.643155883134,2754,36,-405
-67.890177597326,-23.423571033436,2717,36,-360
-63.084190827284,-38.021194400386,2767,239,-183
-63.533348469344,-17.943847800304,2868,371,465
-68.024924889944,-23.513402561848,2764,18,-548
-62.949443534666,-38.111025928798,2767,253,-168
-70.09105004342,-34.83217514176,2604,260,4123
-67.755430304708,-24.95070701644,2639,5,-518
-70.31562886445,-34.068607150258,2583,138,3640
-71.752933319042,-33.888944093434,2803,6,1090
-69.147818995094,-37.30254217309,2725,132,-153
-70.180881571832,-29.621946493864,2633,214,589
-68.608829824622,-35.011838198584,2705,136,-288
-68.698661353034,-23.37865526923,2749,8,-829
-70.270713100244,-35.236417019614,2676,162,2411
-64.296916460846,-36.449142653176,2770,168,-166
-68.429166767798,-25.310033130088,2588,15,-297
-68.608829824622,-34.068607150258,2734,117,-282
-68.74357711724,-36.40422688897,2718,200,-287
-65.419810565996,-23.513402561848,2740,47,889
-69.911386986596,-30.205851428542,2599,264,1128
-69.64189240136,-26.028685357384,2763,8,-491
-66.991862313206,-27.6456528688,2783,21,-513
-65.644389387026,-17.719268979274,2744,148,2190
-69.41731358033,-28.588883917126,2588,80,161
-63.174022355696,-39.32375156236,2770,232,-152
-66.677451963764,-28.948210030774,2807,31,-574
-63.084190827284,-18.707415791806,2890,149,99
-68.833408645652,-33.844028329228,2722,176,-196
-67.665598776296,-30.655009070602,2735,20,-360
-68.29441947518,-24.860875488028,2654,8,-487
-70.270713100244,-29.756693786482,2565,455,1492
-67.261356898442,-25.714275007942,2629,11,-513
-70.001218515008,-30.520261777984,2629,260,714
-62.00621248634,-38.560183570858,2775,323,-92
-63.443516940932,-21.851519286226,2853,50,502
-65.82405244385,-21.986266578844,2692,6,315
-63.398601176726,-21.447277408372,2860,43,83
-63.57826423355,-21.761687757814,2849,54,382
-68.96815593827,-35.460995840644,2711,154,-216
-64.072337639816,-21.58202470099,2787,54,1282
-68.06984065415,-19.605731075926,2692,11,-35
-68.833408645652,-32.316892346224,2763,78,-371
-69.372397816124,-30.071104135924,2673,243,145
-70.31562886445,-31.104166712662,2617,223,2164
-64.207084932434,-36.40422688897,2771,167,-120
-65.464726330202,-20.414214831634,2770,13,-33
-68.429166767798,-28.678715445538,2730,37,-500
-66.632536199558,-36.449142653176,2773,139,-298
-64.117253404022,-38.111025928798,2772,181,-205
-69.282566287712,-36.269479596352,2707,208,-121
-68.833408645652,-33.70928103661,2729,168,-216
-67.39610419106,-23.198992212406,2613,30,-460
-67.126609605824,-22.390508456698,2651,9,-35
-70.495291921274,-32.58638693146,2634,122,1457
-71.348691441188,-31.328745533692,2798,13,536
-67.62068301209,-18.393005442364,2698,34,763
-71.079196855952,-30.34059872116,2785,18,316
-70.450376157068,-28.09481051086,2802,5,-307
-65.868968208056,-24.411717845968,2717,20,1278
-63.757927290374,-37.392373701502,2768,220,-66
-66.49778890694,-19.201489198072,2692,24,1386
-67.441019955266,-30.78975636322,2775,26,-382
-69.776639693978,-35.999985011116,2658,202,223
-64.207084932434,-39.503414619184,2764,217,-187
-71.169028384364,-29.621946493864,2816,17,-13
-66.991862313206,-19.650646840132,2682,23,923
-68.51899829621,-35.775406190086,2701,193,-257
-69.147818995094,-30.834672127426,2641,111,-333
-68.653745588828,-31.598240118928,2757,32,-504
-67.62068301209,-28.229557803478,2789,23,-523
-63.57826423355,-20.998119766312,2828,65,927
-67.665598776296,-28.588883917126,2790,36,-503
-71.573270262218,-30.924503655838,2817,8,269
-64.02742187561,-22.25576116408,2825,46,566
-69.64189240136,-27.016832169916,2715,30,-385
-65.913883972262,-36.17964806794,2770,122,-332
-70.180881571832,-25.3998646585,2783,3,-650
-68.653745588828,-27.960063218242,2552,90,-172
-64.47657951767,-37.122879116266,2767,199,-227
-65.329979037584,-20.818456709488,2733,20,428
-67.126609605824,-17.135364044596,2762,180,492
-71.66310179063,-34.787259377554,2781,19,1944
-70.585123449686,-26.07360112159,2814,32,-438
-63.80284305458,-21.941350814638,2833,61,815
-69.507145108742,-33.125376101932,2552,226,538
-63.623179997756,-38.829678156094,2767,237,-176
-63.623179997756,-21.671856229402,2820,78,1348
-65.779136679644,-18.303173913952,2798,31,-190
-67.62068301209,-34.562680556524,2769,90,-360
-62.769780477842,-38.155941693004,2767,256,-181
-66.72236772797,-20.189636010604,2686,23,1397
-70.046134279214,-34.427933263906,2554,206,4581
-62.590117421018,-19.066741905454,2892,162,-229
-67.530851483678,-24.771043959616,2655,5,-542
-67.800346068914,-16.281964524682,2798,624,3113
-64.970652923936,-38.380520514034,2764,213,-222
-68.51899829621,-30.78975636322,2758,23,-434
-71.034281091746,-31.373661297898,2742,43,432
-63.57826423355,-37.122879116266,2769,227,1
-70.360544628656,-32.496555403048,2670,177,1437
-68.608829824622,-28.454136624508,2652,106,-366
-67.935093361532,-34.472849028112,2760,102,-329
-66.138462793292,-23.064244919788,2662,5,679
-69.552060872948,-36.808468766824,2692,209,-24
-70.405460392862,-35.685574661674,2622,256,4182
-68.698661353034,-29.352451908628,2740,29,-481
-66.04863126488,-24.50154937438,2660,11,496
-69.1927347593,-29.577030729658,2670,65,-527
-68.653745588828,-25.354948894294,2625,21,-307
-62.90452777046,-39.368667326566,2771,237,-170
-67.530851483678,-30.385514485366,2767,20,-401
-65.509642094408,-23.60323409026,2706,58,1055
-66.04863126488,-23.243907976612,2647,5,440
-71.034281091746,-35.101669726996,2758,89,3653
-69.1927347593,-29.801609550688,2671,120,-260
-62.545201656812,-39.278835798154,2775,253,-150
-68.384251003592,-32.092313525194,2762,27,-412
-67.665598776296,-19.650646840132,2708,12,-10
-63.12910659149,-19.920141425368,2858,100,107
-63.488432705138,-21.35744587996,2852,56,369
-68.96815593827,-27.960063218242,2549,101,214
-70.046134279214,-37.661868286738,2699,105,83
-69.282566287712,-24.771043959616,2701,4,-578
-67.39610419106,-35.820321954292,2771,109,-312
-71.618186026424,-34.742343613348,2771,20,2115
-69.507145108742,-38.155941693004,2703,156,27
-71.169028384364,-31.373661297898,2774,23,485
-67.216441134236,-30.879587891632,2790,32,-532
-67.441019955266,-22.390508456698,2615,20,13
-62.410454364194,-37.30254217309,2764,214,-80
-62.4553701284,-20.00997295378,2878,112,-149
-67.62068301209,-32.990628809314,2772,27,-458
-66.093547029086,-24.771043959616,2693,25,1131
-67.036778077412,-38.470352042446,2762,163,-175
-67.17152537003,-29.8914410791,2787,26,-517
-67.980009125738,-25.804106536354,2602,7,-514
-68.204587946768,-30.160935664336,2765,21,-609
-69.507145108742,-28.678715445538,2589,87,182
-68.204587946768,-25.040538544852,2627,10,-498
-68.653745588828,-33.664365272404,2733,87,-331
-67.575767247884,-26.567674527856,2695,5,-702
-67.530851483678,-21.13286705893,2665,8,-137
-64.656242574494,-36.269479596352,2772,154,-219
-64.25200069664,-37.482205229914,2765,206,-215
-70.270713100244,-32.316892346224,2591,310,2459
-70.98936532754,-27.87023168983,2820,5,-393
-68.653745588828,-28.99312579498,2658,61,-495
-65.82405244385,-25.804106536354,2729,23,-106
-63.937590347198,-38.20085745721,2773,191,-217
-70.674954978098,-33.26012339455,2786,30,886
-66.632536199558,-25.714275007942,2625,23,1134
-66.542704671146,-25.17528583747,2620,46,1171
-64.656242574494,-21.896435050432,2747,23,396
-68.06984065415,-31.418577062104,2726,34,-561
-67.665598776296,-23.872728675496,2647,36,-274
-64.47657951767,-39.09917274133,2762,218,-199
-67.800346068914,-26.163432650002,2619,5,-353
-70.719870742304,-29.532114965452,2741,85,79
-64.296916460846,-20.548962124252,2815,78,793
-62.23079130737,-38.8745939203,NA,NA,NA
-64.656242574494,-20.593877888458,2778,51,-125
-61.736717901104,-37.841531343562,2757,257,-40
-65.554557858614,-20.68370941687,2759,9,-249
-65.868968208056,-21.941350814638,2696,6,481
-66.632536199558,-30.250767192748,2796,24,-561
-64.970652923936,-37.841531343562,2764,180,-256
-62.320622835782,-19.605731075926,2885,151,-307
-68.159672182562,-24.681212431204,2624,14,-414
-70.674954978098,-28.54396815292,2800,9,-224
-70.76478650651,-30.430430249572,2765,92,129
-66.04863126488,-24.815959723822,2743,24,707
-62.590117421018,-19.695562604338,2879,131,-135
-66.72236772797,-29.397367672834,2803,33,-508
-64.02742187561,-20.144720246398,2802,122,1130
-63.039275063078,-21.043035530518,2858,74,576
-64.431663753464,-18.572668499188,2824,31,-708
-69.552060872948,-34.203354442876,2588,279,869
-63.623179997756,-39.458498854978,2766,241,-168
-70.630039213892,-26.567674527856,2833,23,-424
-67.17152537003,-24.321886317556,2646,13,-576
-67.710514540502,-28.588883917126,2774,34,-528
-65.689305151232,-23.872728675496,2659,77,1273
-66.452873142734,-27.960063218242,2797,22,-692
-67.980009125738,-32.855881516696,2769,28,-433
-66.318125850116,-28.229557803478,2815,18,-605
-65.59947362282,-36.763553002618,2769,161,-286
-69.956302750802,-31.373661297898,2544,182,1089
-68.74357711724,-31.553324354722,2767,32,-459
-68.608829824622,-34.293185971288,2734,129,-273
-67.17152537003,-38.380520514034,2764,151,-169
-67.665598776296,-37.122879116266,2760,133,-247
-67.351188426854,-27.241410990946,2712,12,695
-68.474082532004,-38.65001509927,2759,137,-264
-64.47657951767,-36.808468766824,2769,181,-131
-65.464726330202,-24.72612819541,2794,58,1387
-69.776639693978,-32.496555403048,2579,209,1026
-70.001218515008,-29.127873087598,2580,244,1247
-64.7011583387,-38.964425448712,2764,214,-196
-66.228294321704,-26.97191640571,2750,16,-253
-65.644389387026,-17.98876356451,2789,40,592
-66.991862313206,-25.085454309058,2648,14,-414
-63.533348469344,-20.9082882379,2830,70,914
-67.17152537003,-25.489696186912,2640,7,-581
-70.54020768548,-32.58638693146,2655,96,1035
-62.410454364194,-38.380520514034,2768,315,-132
-66.27321008591,-23.198992212406,2673,3,-152
-68.608829824622,-37.30254217309,2735,140,-192
-70.09105004342,-35.999985011116,2654,152,790
-69.596976637154,-25.714275007942,2752,9,-617
-67.890177597326,-25.220201601676,2574,10,-303
-67.530851483678,-34.60759632073,2770,91,-362
-65.868968208056,-25.130370073264,2683,37,800
-64.970652923936,-23.737981382878,2790,108,1573
-66.812199256382,-31.418577062104,2788,17,-493
-69.821555458184,-28.184642039272,2733,61,19
-65.285063273378,-38.335604749828,2763,223,-224
-67.306272662648,-28.229557803478,2732,15,-434
-69.86647122239,-30.295682956954,2533,273,1230
-67.755430304708,-17.359942865626,2701,78,695
-69.057987466682,-31.508408590516,2694,67,-504
-66.902030784794,-38.919509684506,2758,173,-168
-71.483438733806,-30.475346013778,2808,2,-208
-62.410454364194,-19.066741905454,2893,190,-176
-67.890177597326,-29.307536144422,2750,53,-388
-71.573270262218,-34.562680556524,2774,10,1234
-69.462229344536,-25.534611951118,2730,14,-616
-64.117253404022,-18.617584263394,2762,122,1066
-66.587620435352,-28.588883917126,2803,12,-836
-68.51899829621,-26.702421820474,2562,50,-126
-70.899533799128,-33.305039158756,2763,18,662
-67.575767247884,-32.271976582018,2780,17,-506
-70.76478650651,-32.406723874636,2758,41,679
-64.02742187561,-22.210845399874,2828,46,600
-67.441019955266,-17.449774394038,2706,81,559
-64.072337639816,-20.593877888458,2792,77,648
-66.407957378528,-29.262620380216,2802,29,-487
-61.961296722134,-38.20085745721,2759,361,-22
-64.970652923936,-20.144720246398,2749,41,764
-65.240147509172,-21.896435050432,2735,43,1584
-66.902030784794,-27.87023168983,2800,13,-592
-64.970652923936,-36.538974181588,2770,147,-251
-67.62068301209,-36.314395360558,2759,133,-300
-65.779136679644,-29.172788851804,2805,35,-485
-68.878324409858,-33.305039158756,2748,119,-247
-62.590117421018,-19.470983783308,2884,138,-218
-69.147818995094,-28.09481051086,2607,93,24
-70.31562886445,-23.198992212406,2837,6,-709
-65.329979037584,-20.369299067428,2756,24,902
-69.102903230888,-36.359311124764,2643,302,-148
-67.575767247884,-19.515899547514,2693,16,582
-67.351188426854,-17.898932036098,2706,42,203
-65.689305151232,-18.393005442364,2815,29,-199
-62.4553701284,-38.65001509927,2780,288,-143
-71.034281091746,-28.184642039272,2813,5,-332
-70.31562886445,-25.983769593178,2794,0,-577
-65.958799736468,-26.927000641504,2671,109,1970
-70.54020768548,-31.059250948456,2705,78,627
-71.034281091746,-34.83217514176,2774,45,2602
-68.114756418356,-25.17528583747,2655,7,-454
-66.04863126488,-20.279467539016,2698,12,392
-67.575767247884,-38.021194400386,2759,136,-157
-67.710514540502,-25.444780422706,2628,6,-492
-64.790989867112,-18.078595092922,2844,61,-278
-65.509642094408,-20.324383303222,2750,13,-12
-68.384251003592,-31.508408590516,2767,25,-544
-65.329979037584,-21.087951294724,2735,24,527
-65.958799736468,-27.87023168983,2712,74,371
-70.630039213892,-31.598240118928,2635,236,1426
-64.117253404022,-36.449142653176,2770,174,-107
-62.724864713636,-18.752331556012,2893,186,56
-62.994359298872,-18.21334238554,2897,274,-71
-69.102903230888,-36.494058417382,2694,277,-82
-69.102903230888,-28.364305096096,2595,69,-59
-70.405460392862,-33.26012339455,2695,83,1350
-67.755430304708,-37.437289465708,2758,135,-211
-69.596976637154,-36.538974181588,2726,186,-33
-65.82405244385,-22.615087277728,2670,4,824
-68.698661353034,-35.460995840644,2721,183,-238
-64.566411046082,-38.021194400386,2769,175,-251
-68.024924889944,-32.766049988284,2771,26,-429
-66.542704671146,-36.763553002618,2772,149,-286
-68.563914060416,-24.681212431204,2597,22,-341
-67.665598776296,-17.000616751978,2786,125,292
-65.59947362282,-18.617584263394,2779,28,234
-70.98936532754,-32.58638693146,2771,18,902
-62.545201656812,-19.695562604338,2880,134,-196
-65.734220915438,-38.739846627682,2765,186,-210
-67.800346068914,-25.579527715324,2594,10,-439
-67.980009125738,-34.472849028112,2759,106,-319
-69.552060872948,-29.307536144422,2578,70,213
-67.126609605824,-18.482836970776,2710,34,872
-68.429166767798,-37.796615579356,2751,169,-124
-66.72236772797,-29.307536144422,2809,35,-516
-65.464726330202,-37.97627863618,2763,198,-240
-70.180881571832,-27.87023168983,2761,10,-331
-68.29441947518,-31.104166712662,2778,16,-639
-68.698661353034,-29.846525314894,2702,38,-421
-69.282566287712,-36.85338453103,2699,217,-118
-66.767283492176,-21.35744587996,2691,10,406
-66.632536199558,-18.21334238554,2694,55,1175
-67.755430304708,-30.879587891632,2787,15,-643
-68.833408645652,-31.373661297898,2721,47,-373
-65.59947362282,-17.854016271892,2767,74,1251
-65.195231744966,-19.515899547514,2775,20,-464
-65.82405244385,-24.097307496526,2688,37,1520
-65.734220915438,-37.886447107768,2768,198,-218
-68.024924889944,-27.555821340388,2574,51,-166
-67.710514540502,-28.139726275066,2750,18,-673
-67.39610419106,-31.508408590516,2775,22,-606
-68.96815593827,-24.95070701644,2655,6,-529
-62.365538599988,-39.99748802545,2788,277,-120
-69.057987466682,-32.990628809314,2697,136,-241
-67.935093361532,-33.754196800816,2766,73,-376
-66.767283492176,-19.740478368544,2706,20,1147
-69.86647122239,-30.026188371718,2543,296,1270
-70.360544628656,-25.714275007942,2799,0,-568
-69.64189240136,-25.84902230056,2773,8,-565
-63.757927290374,-37.392373701502,2768,220,-66
-64.7011583387,-37.212710644678,2767,192,-249
-67.890177597326,-38.560183570858,2760,160,-148
-69.282566287712,-24.860875488028,2704,6,-550
-63.039275063078,-17.898932036098,2896,397,73
-67.665598776296,-25.534611951118,2659,6,-505
-67.261356898442,-17.584521686656,2711,72,361
-62.4553701284,-38.829678156094,2784,288,-118
-71.393607205394,-31.104166712662,2798,7,228
-69.86647122239,-24.771043959616,2781,1,-753
-69.282566287712,-30.834672127426,2654,196,-151
-67.261356898442,-18.393005442364,2701,36,633
-66.49778890694,-23.333739505024,2651,4,142
-66.49778890694,-30.34059872116,2777,31,-558
-69.686808165566,-28.31938933189,2613,121,466
-69.013071702476,-35.011838198584,2705,141,-218
-67.62068301209,-19.021826141248,2688,22,634
-64.566411046082,-38.919509684506,2764,222,-180
-70.135965807626,-30.250767192748,2624,262,1155
-62.994359298872,-18.88707884863,2889,131,-64
-64.296916460846,-39.458498854978,2764,211,-185
-68.788492881446,-24.636296666998,2663,12,-414
-68.878324409858,-37.616952522532,2723,156,-173
-65.37489480179,-18.797247320218,2774,25,391
-69.776639693978,-26.837169113092,2734,16,-426
-70.001218515008,-28.99312579498,2599,237,1136
-66.767283492176,-26.028685357384,2626,12,53
-65.644389387026,-27.061747934122,2786,255,3193
-65.464726330202,-19.605731075926,2735,27,-173
-66.587620435352,-27.690568633006,2810,23,-614
-63.263853884108,-21.716771993608,2857,42,317
-63.398601176726,-20.45913059584,2838,97,269
-67.530851483678,-16.551459109918,2766,530,2471
-68.96815593827,-33.349954922962,2739,146,-189
-66.363041614322,-24.187139024938,2662,6,90
-67.081693841618,-27.600737104594,2789,20,-574
-66.991862313206,-22.300676928286,2638,11,663
-66.138462793292,-28.813462738156,2801,38,-412
-69.462229344536,-25.938853828972,2736,21,-428
-67.530851483678,-36.538974181588,2762,142,-286
-68.159672182562,-33.574533743992,2766,77,-365
-65.015568688142,-21.80660352202,2692,57,1147
-70.719870742304,-37.167794880472,2701,128,1205
-70.046134279214,-33.394870687168,2601,243,2980
-66.991862313206,-22.210845399874,2654,10,324
-70.899533799128,-28.858378502362,2796,7,-459
-68.96815593827,-35.460995840644,2711,154,-216
-70.180881571832,-37.033047587854,2632,299,1244
-69.507145108742,-28.364305096096,2577,99,478
-69.41731358033,-28.858378502362,2583,78,37
-68.114756418356,-30.56517754219,2761,14,-523
-67.710514540502,-19.381152254896,2705,13,3
-67.441019955266,-27.735484397212,2695,16,-453
-70.31562886445,-37.616952522532,2691,108,395
-63.398601176726,-20.23455177481,2842,76,37
-65.689305151232,-37.212710644678,2770,166,-289
-68.608829824622,-30.11601990013,2730,37,-339
-67.575767247884,-33.529617979786,2771,55,-405
-69.596976637154,-27.331242519358,2670,72,-143
-64.386747989258,-18.976910377042,2767,63,330
-65.913883972262,-21.626940465196,2682,6,572
-65.554557858614,-20.369299067428,2749,11,-195
-69.462229344536,-30.744840599014,2653,254,-74
-69.596976637154,-35.95506924691,2645,307,434
-70.31562886445,-32.945713045108,2686,86,1260
-65.285063273378,-22.03118234305,2739,41,2101
-67.036778077412,-35.775406190086,2773,113,-331
-66.857115020588,-28.678715445538,2795,19,-734
-68.384251003592,-36.988131823648,2738,140,-242
-64.566411046082,-22.345592692492,2828,61,1150
-68.29441947518,-28.723631209744,2752,20,-671
-68.653745588828,-34.293185971288,2729,130,-261
-69.776639693978,-35.371164312232,2664,330,423
-70.54020768548,-36.808468766824,2621,305,2937
-70.450376157068,-35.640658897468,2612,249,4159
-68.339335239386,-35.775406190086,2729,159,-286
-64.072337639816,-21.761687757814,2815,51,700
-66.093547029086,-28.139726275066,2757,61,549
-65.015568688142,-23.468486797642,2755,125,2754
-68.339335239386,-29.8914410791,2770,21,-599
-69.013071702476,-24.27697055335,2697,4,-615
-68.653745588828,-33.93385985764,2723,119,-268
-66.902030784794,-20.818456709488,2683,8,-314
-70.719870742304,-31.328745533692,2621,214,2426
-68.29441947518,-32.406723874636,2770,23,-429
-70.135965807626,-24.636296666998,2793,1,-680
-67.351188426854,-31.149082476868,2739,31,-445
-68.114756418356,-32.855881516696,2769,31,-416
-67.890177597326,-17.045532516184,2686,99,974
-66.812199256382,-17.404858629832,2728,118,603
-71.034281091746,-29.038041559186,2805,6,-336
-70.31562886445,-26.657506056268,2785,1,-601
-69.327482051918,-33.70928103661,2682,214,-144
-62.545201656812,-39.817824968626,2772,241,-141
-66.138462793292,-26.208348414208,2681,23,939
-68.204587946768,-33.888944093434,2763,98,-336
-70.360544628656,-35.326248548026,2661,186,2989
-67.441019955266,-28.31938933189,2791,26,-662
-70.225797336038,-35.910153482704,2664,172,1405
-65.195231744966,-36.134732303734,2771,133,-295
-66.542704671146,-19.830309896956,2656,29,2548
-65.329979037584,-21.447277408372,2712,23,865
-67.306272662648,-23.82781291129,2629,23,-532
-68.249503710974,-24.815959723822,2656,9,-461
-67.710514540502,-27.960063218242,2749,12,-485
-71.303775676982,-34.83217514176,2774,16,1623
-67.84526183312,-17.98876356451,2702,42,1251
-68.788492881446,-24.681212431204,2657,12,-398
-68.114756418356,-23.243907976612,2760,11,-700
-63.892674582992,-37.886447107768,2768,217,-163
-69.013071702476,-37.706784050944,2714,268,-10
-67.485935719472,-19.426068019102,2690,15,96
-67.306272662648,-29.21770461601,2818,73,-212
-67.755430304708,-18.123510857128,2701,43,1117
-70.54020768548,-27.331242519358,2800,2,-432
-68.204587946768,-30.34059872116,2760,20,-549
-69.147818995094,-25.085454309058,2640,14,-439
-67.935093361532,-26.388011471032,2583,8,-497
-67.890177597326,-21.13286705893,2676,13,-324
-62.051128250546,-39.458498854978,NA,NA,NA
-67.800346068914,-37.97627863618,2756,134,-124
-68.608829824622,-34.742343613348,2719,124,-259
-63.443516940932,-36.718637238412,2770,212,85
-66.407957378528,-20.054888717986,2698,12,374
-70.899533799128,-33.844028329228,2765,9,769
-67.39610419106,-37.437289465708,2757,141,-222
-62.365538599988,-38.335604749828,2768,318,-124
-70.001218515008,-32.36180811043,2654,181,1076
-67.84526183312,-19.381152254896,2706,12,-68
-62.67994894943,-20.054888717986,2872,103,-88
-69.776639693978,-32.047397760988,2701,97,-185
-69.327482051918,-31.46349282631,2706,129,-116
-71.4385229696,-33.03554457352,2805,5,638
-70.719870742304,-31.328745533692,2621,214,2426
-64.611326810288,-17.809100507686,2775,267,1293
-65.15031598076,-24.187139024938,2803,91,1023
-68.788492881446,-34.113522914464,2718,139,-247
-62.275707071576,-19.33623649069,2889,175,-198
-67.575767247884,-27.151579462534,2702,13,-499
-66.857115020588,-18.303173913952,2705,66,1927
-66.452873142734,-36.314395360558,2772,129,-317
-71.618186026424,-32.271976582018,NA,NA,NA
-69.686808165566,-28.274473567684,2677,91,320
-68.653745588828,-29.352451908628,2742,28,-509
-64.566411046082,-20.23455177481,2788,39,-179
-65.060484452348,-23.60323409026,2758,136,2423
-64.880821395524,-18.168426621334,2844,44,-625
-70.09105004342,-32.182145053606,2616,207,1614
-65.59947362282,-21.80660352202,2720,8,382
-65.509642094408,-26.97191640571,2807,217,2477
-67.755430304708,-27.960063218242,2743,11,-585
-65.060484452348,-23.693065618672,2785,109,1543
-66.003715500674,-17.494690158244,2753,228,2062
-67.216441134236,-25.220201601676,2666,5,-527
-69.507145108742,-35.371164312232,2694,255,83
-66.093547029086,-20.23455177481,2707,10,119
-64.02742187561,-18.617584263394,2782,123,622
-69.1927347593,-33.215207630344,2700,181,-194
-68.06984065415,-19.830309896956,2700,11,-518
-68.653745588828,-28.678715445538,2702,57,-549
-68.114756418356,-26.792253348886,2555,29,-346
-66.093547029086,-29.082957323392,2800,32,-447
-65.734220915438,-24.72612819541,2723,43,878
-71.528354498012,-32.81096575249,NA,NA,NA
-68.833408645652,-38.066110164592,2759,132,-168
-65.82405244385,-26.657506056268,2743,69,1917
-62.275707071576,-39.54833038339,2777,245,-92
-67.575767247884,-16.326880288888,2877,381,741
-65.15031598076,-36.089816539528,2771,133,-287
-70.76478650651,-32.1372292894,2723,41,628
-68.29441947518,-35.191501255408,2745,138,-280
-66.363041614322,-17.359942865626,2769,100,701
-62.545201656812,-38.20085745721,2768,283,-150
-66.677451963764,-28.409220860302,2799,11,-771
-68.474082532004,-36.808468766824,2732,143,-239
-67.890177597326,-33.170291866138,2765,37,-417
-68.249503710974,-33.799112565022,2763,96,-335
-67.84526183312,-35.326248548026,2769,112,-322
-67.890177597326,-27.061747934122,2662,21,-610
-68.159672182562,-30.56517754219,2760,15,-494
-70.31562886445,-35.460995840644,2658,181,2428
-63.80284305458,-21.492193172578,2839,63,466
-61.646886372692,-39.009341212918,NA,NA,NA
-67.39610419106,-32.900797280902,2782,22,-496
-67.62068301209,-19.291320726484,2693,16,244
-68.339335239386,-34.83217514176,2742,121,-261
-66.587620435352,-23.109160683994,2672,4,-309
-69.237650523506,-37.706784050944,2729,198,-19
-68.06984065415,-34.023691386052,2763,95,-345
-62.859612006254,-19.515899547514,2875,122,-20
-69.686808165566,-27.151579462534,2721,31,-449
-67.575767247884,-33.664365272404,2770,60,-399
-63.757927290374,-21.716771993608,2830,67,994
-70.09105004342,-34.697427849142,2670,108,1945
-69.686808165566,-35.28133278382,2688,325,259
-69.013071702476,-24.007475968114,2730,1,-620
-68.204587946768,-30.520261777984,2761,16,-529
-66.183378557498,-17.225195573008,2699,458,3536
-68.96815593827,-26.29817994262,2625,38,-248
-67.935093361532,-20.9082882379,2697,10,-697
-68.923240174064,-26.07360112159,2573,65,-254
-66.812199256382,-29.846525314894,2793,26,-460
-67.17152537003,-37.97627863618,2760,148,-181
-66.363041614322,-25.938853828972,2693,26,1303
-63.847758818786,-37.07796335206,2769,220,-86
-67.39610419106,-28.454136624508,2793,35,-735
-66.138462793292,-22.749834570346,2651,4,977
-65.285063273378,-22.300676928286,2720,61,1651
-67.216441134236,-28.903294266568,2683,65,746
-68.923240174064,-23.37865526923,2745,4,-688
-65.59947362282,-19.56081531172,2713,26,210
-67.306272662648,-33.26012339455,2784,35,-477
-66.452873142734,-25.84902230056,2683,24,1220
-68.249503710974,-37.97627863618,2750,154,-129
-68.204587946768,-30.160935664336,2765,21,-609
-67.62068301209,-24.50154937438,2646,6,-556
-62.320622835782,-37.796615579356,2758,320,29
-64.880821395524,-21.447277408372,2737,25,424
-64.790989867112,-36.449142653176,2771,161,-265
-67.800346068914,-27.241410990946,2715,18,-633
-69.507145108742,-28.99312579498,2553,126,406
-67.62068301209,-30.56517754219,2764,19,-358
-70.360544628656,-27.106663698328,2777,2,-410
-70.585123449686,-30.744840599014,2736,141,469
-69.821555458184,-30.655009070602,2597,243,523
-66.093547029086,-19.470983783308,2687,14,518
-67.036778077412,-20.144720246398,2701,12,-118
-64.341832225052,-18.931994612836,2805,64,234
-69.64189240136,-26.927000641504,2693,29,-267
-67.755430304708,-30.655009070602,2727,22,-530
-65.644389387026,-26.52275876365,2737,105,2060
-67.800346068914,-34.203354442876,2767,81,-356
-67.216441134236,-18.258258149746,2704,39,491
-66.767283492176,-23.468486797642,2658,7,-439
-66.363041614322,-23.198992212406,2672,3,-17
-66.812199256382,-26.612590292062,2719,8,-510
-70.944449563334,-35.236417019614,2740,149,4458
-69.147818995094,-35.146585491202,2698,162,-171
-71.034281091746,-29.397367672834,2824,18,-325
-66.991862313206,-23.648149854466,2618,15,-164
-67.62068301209,-38.694930863476,2756,155,-159
-67.575767247884,-23.917644439702,2648,25,-378
-66.587620435352,-26.567674527856,2672,12,104
-61.871465193722,-38.111025928798,2757,331,-77
-69.776639693978,-34.966922434378,2670,244,273
-66.318125850116,-19.875225661162,2682,15,945
-66.812199256382,-20.9082882379,2687,8,-234
-70.495291921274,-36.808468766824,2626,312,2637
-68.06984065415,-23.82781291129,2737,13,-510
-71.348691441188,-28.588883917126,NA,NA,NA
-68.024924889944,-30.56517754219,2764,16,-528
-66.677451963764,-22.884581862964,2637,8,845
-67.081693841618,-22.884581862964,2619,17,160
-69.327482051918,-30.924503655838,2668,180,-165
-67.351188426854,-32.316892346224,2782,17,-558
-70.495291921274,-26.74733758468,2799,7,-421
-64.656242574494,-37.841531343562,2767,179,-252
-69.282566287712,-36.134732303734,2693,214,-79
-64.746074102906,-21.896435050432,2777,27,321
-63.443516940932,-39.368667326566,2767,238,-161
-66.946946549,-27.286326755152,2765,22,-523
-67.081693841618,-22.25576116408,2658,10,91
-67.980009125738,-35.73049042588,2762,148,-309
-67.39610419106,-25.265117365882,2628,6,-498
-69.013071702476,-30.699924834808,2699,60,-445
-64.02742187561,-38.335604749828,2768,224,-208
-67.126609605824,-19.11165766966,2715,22,637
-70.76478650651,-32.58638693146,2746,35,727
-66.452873142734,-35.820321954292,2772,117,-341
-64.566411046082,-22.165929635668,2790,64,2270
-65.554557858614,-25.310033130088,2794,43,457
-70.76478650651,-35.371164312232,2657,251,5879
-69.731723929772,-26.52275876365,2781,8,-551
-70.450376157068,-26.702421820474,2805,4,-550
-66.767283492176,-29.981272607512,2796,23,-521
-68.653745588828,-24.681212431204,2625,19,-318
-71.034281091746,-35.550827369056,2677,204,5036
-66.363041614322,-35.820321954292,2771,116,-345
-70.405460392862,-26.52275876365,2799,3,-452
-68.249503710974,-31.643155883134,2771,32,-408
-68.204587946768,-32.721134224078,2772,28,-414
-64.296916460846,-22.165929635668,2781,62,1434
-66.04863126488,-19.650646840132,2666,20,1138
-70.495291921274,-34.966922434378,2629,211,4827
-65.689305151232,-37.886447107768,2768,198,-217
-65.15031598076,-19.201489198072,2747,25,392
-64.656242574494,-18.348089678158,2813,43,-175
-67.530851483678,-26.792253348886,2656,10,-628
-67.216441134236,-30.071104135924,2767,32,-389
-67.126609605824,-22.03118234305,2633,17,813
-66.093547029086,-20.00997295378,2704,14,256
-69.237650523506,-36.134732303734,2702,194,-128
-64.566411046082,-21.626940465196,2783,14,55
-68.29441947518,-37.392373701502,2743,157,-205
-66.093547029086,-20.773540945282,2710,11,609
-72.157175196896,-34.742343613348,NA,NA,NA
-69.372397816124,-36.988131823648,2721,150,-132
-67.126609605824,-23.962560203908,2664,10,-591
-69.327482051918,-33.70928103661,2682,214,-144
-65.15031598076,-19.920141425368,2745,19,-175
-69.282566287712,-26.118516885796,2640,41,-315
-70.495291921274,-32.81096575249,2742,44,687
-68.159672182562,-30.11601990013,2768,21,-660
-67.485935719472,-35.05675396279,2769,96,-365
-62.67994894943,-19.695562604338,2877,125,-127
-66.003715500674,-19.56081531172,2677,16,709
-65.734220915438,-22.300676928286,2679,7,607
-71.618186026424,-34.248270207082,2780,6,966
-69.776639693978,-28.588883917126,2589,202,872
-68.384251003592,-33.978775621846,2756,115,-325
-65.37489480179,-24.05239173232,2781,164,1683
-67.351188426854,-21.716771993608,2653,9,-261
-70.450376157068,-33.844028329228,2636,76,2971
-63.57826423355,-20.953204002106,2822,63,851
-69.327482051918,-36.85338453103,2694,208,-105
-70.360544628656,-36.62880571,2613,410,3019
-70.405460392862,-24.546465138586,2833,6,-644
-64.521495281876,-39.233920033948,2763,204,-196
-68.608829824622,-37.07796335206,2730,142,-217
-63.084190827284,-37.482205229914,2766,228,-80
-66.587620435352,-25.3998646585,2654,39,1076
-66.946946549,-36.538974181588,2772,139,-282
-70.495291921274,-34.877090905966,2677,160,4031
-65.240147509172,-24.007475968114,2777,150,1637
-65.37489480179,-23.648149854466,2697,118,1225
-67.62068301209,-25.265117365882,2596,7,-569
-69.013071702476,-30.969419420044,2695,63,-408
-67.800346068914,-30.56517754219,2744,23,-398
-70.046134279214,-34.338101735494,2628,176,3782
-66.767283492176,-37.886447107768,2764,158,-210
-67.935093361532,-35.640658897468,2767,137,-323
-66.093547029086,-24.187139024938,2684,5,-119
-68.96815593827,-36.359311124764,2673,253,-198
-68.339335239386,-32.1372292894,2764,24,-457
-69.821555458184,-26.612590292062,2794,6,-497
-67.17152537003,-20.68370941687,2674,7,-489
-66.49778890694,-17.98876356451,2704,49,544
-64.566411046082,-18.707415791806,2839,35,-358
-68.249503710974,-26.74733758468,2569,30,-359
-62.275707071576,-37.347457937296,2762,214,-89
-63.398601176726,-20.638793652664,2830,97,789
-69.237650523506,-36.898300295236,2713,183,-143
-65.644389387026,-37.033047587854,2768,170,-283
-67.575767247884,-29.711778022276,2696,33,-458
-63.488432705138,-20.324383303222,2832,92,577
-63.713011526168,-20.00997295378,2826,85,464
-67.261356898442,-23.693065618672,2622,26,-490
-70.76478650651,-30.475346013778,2758,98,213
-66.138462793292,-22.570171513522,2671,4,978
-69.911386986596,-37.841531343562,2723,94,71
-63.084190827284,-38.335604749828,2770,269,-181
-67.441019955266,-36.988131823648,2763,138,-257
-65.105400216554,-23.423571033436,2678,107,2273
-69.41731358033,-29.307536144422,2571,67,-34
-65.195231744966,-21.986266578844,2726,62,2175
-66.27321008591,-19.515899547514,2658,23,1537
-69.237650523506,-27.376158283564,2579,117,196
-66.093547029086,-20.998119766312,2693,7,173
-63.668095761962,-39.458498854978,2766,241,-159
-66.407957378528,-28.54396815292,2805,20,-627
-66.767283492176,-26.882084877298,2686,22,116
-65.285063273378,-20.728625181076,2779,11,-465
-70.225797336038,-26.07360112159,2791,0,-477
-70.225797336038,-30.205851428542,2587,376,1844
-70.046134279214,-27.376158283564,2779,11,-445
-66.407957378528,-26.118516885796,2685,15,843
-70.809702270716,-34.113522914464,2764,17,904
-68.429166767798,-26.52275876365,2582,35,-257
-68.339335239386,-38.515267806652,2759,137,-142
-65.82405244385,-19.740478368544,2688,20,145
-70.98936532754,-29.66686225807,2806,38,-77
-70.495291921274,-31.553324354722,2627,267,1783
-66.946946549,-18.976910377042,2762,24,961
-67.935093361532,-36.089816539528,2751,131,-284
-69.147818995094,-26.792253348886,2567,65,-119
-67.216441134236,-19.066741905454,2701,26,769
-67.351188426854,-26.837169113092,2665,6,-639
-65.015568688142,-39.32375156236,2762,211,-188
-64.207084932434,-20.593877888458,2821,57,144
-69.86647122239,-35.95506924691,2635,267,925
-66.677451963764,-25.265117365882,2638,27,200
-65.554557858614,-26.567674527856,2789,118,1516
-65.509642094408,-24.366802081762,2745,145,3261
-66.767283492176,-38.111025928798,2763,166,-179
-66.363041614322,-17.854016271892,2760,37,141
-68.024924889944,-30.744840599014,2761,14,-548
-67.980009125738,-21.087951294724,2698,13,-737
-70.719870742304,-32.316892346224,2760,39,489
-68.51899829621,-36.583889945794,2734,148,-283
-67.575767247884,-31.68807164734,2779,22,-584
-66.363041614322,-24.27697055335,2675,5,-269
-70.98936532754,-33.215207630344,2731,20,847
-71.034281091746,-29.846525314894,2806,25,115
-65.644389387026,-38.111025928798,2766,205,-242
-64.25200069664,-21.043035530518,2792,84,873
-68.114756418356,-38.155941693004,2743,159,-191
-66.318125850116,-20.054888717986,2687,16,896
-68.563914060416,-28.499052388714,2645,126,-205
-62.365538599988,-39.907656497038,2783,264,-127
-67.216441134236,-20.45913059584,2668,6,-706
-66.857115020588,-23.288823740818,2627,13,202
-67.755430304708,-35.05675396279,2767,98,-355
-67.036778077412,-27.241410990946,2763,20,-313
-67.441019955266,-29.262620380216,2806,60,-453
-70.899533799128,-33.349954922962,2765,16,528
-64.02742187561,-38.155941693004,2772,184,-198
-67.261356898442,-30.699924834808,2779,33,-454
-63.308769648314,-18.033679328716,2882,315,357
-68.698661353034,-24.72612819541,2633,16,-355
-65.82405244385,-25.17528583747,2726,41,930
-64.47657951767,-38.245773221416,2767,198,-209
-69.013071702476,-33.978775621846,2728,187,-195
-66.946946549,-26.477842999444,2701,6,-660
-66.677451963764,-18.617584263394,2691,45,1674
-68.474082532004,-25.310033130088,2581,17,-330
-68.878324409858,-31.149082476868,2659,57,-412
-71.124112620158,-31.104166712662,2784,14,182
-69.237650523506,-32.047397760988,2680,120,-327
-69.86647122239,-35.685574661674,2631,291,764
-69.372397816124,-25.17528583747,2709,14,-648
-68.96815593827,-30.655009070602,2692,60,-325
-66.72236772797,-29.621946493864,2796,28,-468
-67.081693841618,-20.504046360046,2681,7,-533
-65.464726330202,-20.998119766312,2686,23,881
-71.393607205394,-30.385514485366,2813,5,51
-68.923240174064,-28.948210030774,2611,73,-419
-70.495291921274,-22.92949762717,NA,NA,NA
-70.001218515008,-37.97627863618,2702,132,318
-66.946946549,-37.796615579356,2761,154,-215
-69.147818995094,-26.567674527856,2600,36,-186
-64.02742187561,-39.009341212918,2766,211,-174
-66.407957378528,-27.286326755152,2718,47,322
-70.09105004342,-35.73049042588,2677,115,667
-62.4553701284,-38.335604749828,2769,305,-121
-68.608829824622,-36.898300295236,2728,145,-219
-62.4553701284,-19.56081531172,2884,147,-229
-66.093547029086,-23.693065618672,2696,2,-649
-67.800346068914,-25.040538544852,2630,5,-485
-69.776639693978,-31.822818939958,2658,139,83
-67.84526183312,-33.664365272404,2767,62,-390
-65.59947362282,-22.390508456698,2704,6,72
-67.755430304708,-36.85338453103,2758,136,-259
-66.72236772797,-35.73049042588,2772,120,-334
-67.530851483678,-20.998119766312,2671,7,-470
-65.285063273378,-20.189636010604,2754,25,383
-66.857115020588,-16.955700987772,2771,298,1913
-66.946946549,-24.456633610174,2670,13,-342
-70.585123449686,-35.550827369056,2657,229,4444
-70.98936532754,-34.517764792318,2755,34,2219
-65.779136679644,-24.72612819541,2743,42,973
-65.509642094408,-22.121013871462,2722,7,208
-64.521495281876,-18.88707884863,2824,43,-343
-68.923240174064,-27.331242519358,2560,79,96
-65.644389387026,-28.184642039272,2796,78,-28
-68.833408645652,-31.193998241074,2704,48,-497
-66.49778890694,-30.56517754219,2779,27,-480
-69.507145108742,-27.960063218242,2588,183,493
-62.365538599988,-39.683077676008,2773,237,-124
-65.509642094408,-26.97191640571,2807,217,2477
-70.719870742304,-32.36180811043,2761,38,605
-69.282566287712,-25.3998646585,2702,23,-506
-70.495291921274,-35.191501255408,2628,216,4569
-68.384251003592,-24.905791252234,2626,13,-389
-66.318125850116,-24.142223260732,2674,4,-145
-66.812199256382,-20.504046360046,2701,11,-6
-69.596976637154,-28.858378502362,2595,91,191
-69.282566287712,-35.28133278382,2690,196,-102
-64.880821395524,-20.638793652664,2745,52,603
-65.644389387026,-24.142223260732,2686,133,2648
-68.29441947518,-26.927000641504,2557,43,-262
-69.956302750802,-30.385514485366,2557,274,1200
-68.159672182562,-30.385514485366,2762,17,-542
-64.386747989258,-39.09917274133,2763,222,-192
-68.878324409858,-36.134732303734,2702,185,-138
-64.656242574494,-36.808468766824,2771,183,-214
-67.441019955266,-29.262620380216,2806,60,-453
-62.365538599988,-39.32375156236,2784,264,-117
-66.946946549,-21.896435050432,2645,16,1346
-70.405460392862,-35.371164312232,2636,260,4643
-64.207084932434,-39.09917274133,2765,223,-189
-65.913883972262,-22.70491880614,2668,4,240
-67.84526183312,-25.085454309058,2619,5,-503
-66.677451963764,-38.290688985622,2763,170,-190
-66.542704671146,-37.482205229914,2768,148,-263
-65.868968208056,-23.60323409026,2708,4,-212
-67.306272662648,-18.931994612836,2694,29,1123
-68.114756418356,-19.56081531172,2706,11,-394
-68.563914060416,-25.310033130088,2577,21,-243
-68.608829824622,-32.541471167254,2769,57,-412
-65.37489480179,-18.393005442364,2816,18,-485
-70.98936532754,-28.409220860302,2798,2,-420
-65.868968208056,-23.1540764482,2694,5,226
-62.365538599988,-19.33623649069,2888,170,-284
-63.443516940932,-19.695562604338,2838,93,483
-66.72236772797,-20.369299067428,2680,19,980
-66.49778890694,-38.380520514034,2763,178,-187
-71.258859912776,-29.172788851804,2815,17,-395
-67.800346068914,-27.87023168983,2719,14,-548
-64.880821395524,-36.898300295236,2770,170,-247
-69.911386986596,-24.097307496526,2821,0,-811
-67.126609605824,-37.122879116266,2765,140,-237
-68.96815593827,-29.8914410791,2666,71,-171
-70.135965807626,-26.118516885796,2795,0,-538
-68.339335239386,-35.011838198584,2727,132,-316
-62.320622835782,-37.122879116266,2769,215,-81
-70.360544628656,-25.84902230056,2797,1,-546
-70.674954978098,-33.26012339455,2786,30,886
-69.462229344536,-33.664365272404,2534,425,650
-66.003715500674,-28.54396815292,2712,49,-164
-68.563914060416,-36.583889945794,2733,156,-258
-70.135965807626,-36.538974181588,2707,142,307
-63.174022355696,-39.77290920442,2768,234,-160
-69.237650523506,-23.872728675496,2718,1,-674
-65.509642094408,-23.872728675496,2754,92,1079
-63.308769648314,-38.470352042446,2773,264,-141
-64.970652923936,-36.62880571,2769,164,-220
-70.31562886445,-31.553324354722,2657,172,985
-63.757927290374,-18.752331556012,2850,208,1191
-63.443516940932,-38.42543627824,2770,260,-159
-65.913883972262,-36.134732303734,2770,120,-332
-64.970652923936,-23.109160683994,2719,146,3229
-66.183378557498,-26.567674527856,2683,16,264
-69.731723929772,-26.118516885796,2780,4,-524
-69.596976637154,-30.430430249572,2602,439,747
-67.306272662648,-36.17964806794,2770,132,-293
-70.630039213892,-35.05675396279,2724,169,3713
-66.27321008591,-17.629437450862,2786,37,-433
-71.573270262218,-31.553324354722,NA,NA,NA
-69.102903230888,-33.888944093434,2732,205,-195
-68.429166767798,-36.359311124764,2733,144,-301
-67.890177597326,-16.281964524682,2765,655,3446
-70.046134279214,-23.513402561848,2802,2,-868
-67.575767247884,-23.872728675496,2624,33,-281
-61.961296722134,-39.144088505536,2801,281,-106
-67.081693841618,-29.936356843306,2779,29,-424
-67.39610419106,-22.165929635668,2654,11,-503
-64.521495281876,-19.246404962278,2780,54,319
-62.051128250546,-39.817824968626,NA,NA,NA
-63.713011526168,-38.42543627824,2772,231,-187
-68.114756418356,-19.740478368544,2700,11,-251
-68.429166767798,-30.78975636322,2757,22,-585
-67.126609605824,-31.23891400528,2793,19,-661
-66.677451963764,-20.00997295378,2676,26,2441
-63.668095761962,-18.572668499188,2854,215,483
-70.54020768548,-33.349954922962,2763,34,983
-65.554557858614,-25.714275007942,2770,34,74
-66.49778890694,-37.841531343562,2766,165,-231
-63.35368541252,-18.842163084424,2877,134,406
-69.013071702476,-31.373661297898,2758,37,-624
-70.360544628656,-28.09481051086,2761,10,-348
-69.372397816124,-34.113522914464,2589,428,285
-67.081693841618,-31.553324354722,2784,13,-589
-69.013071702476,-33.394870687168,2736,144,-184
-66.72236772797,-20.414214831634,2690,17,713
-62.410454364194,-20.548962124252,2874,81,-175
-66.318125850116,-29.577030729658,2799,25,-466
-65.82405244385,-37.616952522532,2767,178,-258
-65.82405244385,-21.312530115754,2727,7,371
-70.405460392862,-30.655009070602,2592,504,2155
-66.407957378528,-25.310033130088,2708,41,338
-63.35368541252,-20.863372473694,2847,71,487
-62.635033185224,-39.458498854978,2772,241,-155
-62.590117421018,-39.009341212918,2777,276,-144
-69.462229344536,-31.418577062104,2749,100,-349
-70.944449563334,-29.621946493864,2796,42,-120
-69.731723929772,-31.598240118928,2647,143,-29
-68.159672182562,-24.321886317556,2645,20,-235
-66.407957378528,-17.76418474348,2734,49,717
-70.719870742304,-30.071104135924,2789,83,61
-67.575767247884,-19.156573433866,2687,19,483
-66.27321008591,-20.818456709488,2697,10,447
-66.27321008591,-23.917644439702,2673,3,-36
-67.980009125738,-36.673721474206,2749,139,-265
-66.183378557498,-28.049894746654,2807,48,-161
-67.216441134236,-20.144720246398,2675,9,-500
-65.285063273378,-19.875225661162,2742,21,-152
-63.757927290374,-18.168426621334,2832,276,428
-67.530851483678,-21.267614351548,2644,12,422
-65.734220915438,-29.082957323392,2805,50,-503
-64.431663753464,-37.75169981515,2766,205,-247
-71.124112620158,-34.787259377554,2771,30,2008
-66.183378557498,-28.723631209744,2771,40,-268
-67.755430304708,-30.924503655838,2790,13,-687
-61.826549429516,-38.515267806652,2774,332,-94
-66.407957378528,-35.775406190086,2771,116,-345
-67.710514540502,-17.76418474348,2705,41,662
-68.474082532004,-25.444780422706,2605,15,-346
-68.114756418356,-36.134732303734,2744,136,-265
-65.59947362282,-21.13286705893,2719,13,524
-66.003715500674,-22.615087277728,2670,3,386
-71.169028384364,-28.31938933189,NA,NA,NA
-65.015568688142,-21.492193172578,2680,34,842
-69.596976637154,-36.583889945794,2708,221,29
-66.902030784794,-19.740478368544,2692,21,886
-64.611326810288,-21.941350814638,2748,32,1262
-62.500285892606,-39.817824968626,2773,242,-141
-71.124112620158,-28.454136624508,2809,3,-233
-65.419810565996,-38.605099335064,2769,192,-217
-64.970652923936,-21.761687757814,2723,48,919
-67.081693841618,-38.021194400386,2761,157,-193
-66.407957378528,-22.390508456698,2670,4,592
-62.994359298872,-19.156573433866,2879,118,50
-69.686808165566,-33.305039158756,2531,239,1209
-67.84526183312,-31.822818939958,2773,30,-526
-68.114756418356,-25.220201601676,2654,7,-456
-70.630039213892,-37.033047587854,2687,183,1779
-71.21394414857,-34.068607150258,2775,19,1833
-63.218938119902,-19.695562604338,2843,126,732
-64.611326810288,-20.9082882379,2767,39,92
-68.563914060416,-26.29817994262,2590,41,-165
-64.117253404022,-19.066741905454,2829,94,267
-70.76478650651,-26.432927235238,NA,NA,NA
-66.857115020588,-37.437289465708,2762,137,-257
-65.240147509172,-22.525255749316,2735,65,1073
-66.452873142734,-37.257626408884,2770,154,-269
-67.575767247884,-17.809100507686,2707,42,497
-67.351188426854,-30.430430249572,2767,24,-413
-65.734220915438,-19.470983783308,2702,22,337
-65.554557858614,-19.33623649069,2706,39,619
-69.956302750802,-27.376158283564,2786,13,-342
-64.386747989258,-36.583889945794,2770,170,-236
-69.552060872948,-31.418577062104,2724,121,-346
-67.351188426854,-30.924503655838,2766,32,-446
-63.12910659149,-19.201489198072,2873,107,179
-63.174022355696,-37.392373701502,2768,229,-3
-66.183378557498,-21.222698587342,2689,6,493
-68.788492881446,-29.44228343704,2702,38,-697
-65.779136679644,-23.737981382878,2706,27,824
-67.62068301209,-27.960063218242,2773,12,-530
-70.31562886445,-24.411717845968,2813,2,-663
-69.596976637154,-23.333739505024,2796,0,-811
-66.27321008591,-21.716771993608,2679,8,1441
-71.393607205394,-33.03554457352,2799,6,777
-63.084190827284,-19.291320726484,2872,109,131
-67.39610419106,-24.232054789144,2627,15,-483
-67.890177597326,-24.007475968114,2651,28,-370
-69.821555458184,-35.460995840644,2665,264,422
-67.800346068914,-30.699924834808,2767,20,-497
-66.812199256382,-26.882084877298,2656,24,152
-67.306272662648,-32.451639638842,2786,17,-563
-66.767283492176,-30.879587891632,2784,27,-501
-68.878324409858,-34.023691386052,2722,164,-205
-64.835905631318,-37.347457937296,2769,169,-260
-66.991862313206,-28.274473567684,2795,8,-726
-64.207084932434,-37.167794880472,2766,210,-196
-62.814696242048,-18.348089678158,2896,258,18
-62.769780477842,-37.796615579356,2764,244,-139
-69.911386986596,-24.815959723822,2785,1,-826
-68.339335239386,-23.558318326054,2748,3,-776
-69.64189240136,-36.718637238412,2700,215,14
-67.665598776296,-30.205851428542,2757,15,-498
-66.542704671146,-21.35744587996,2687,10,907
-66.003715500674,-23.37865526923,2668,4,115
-66.857115020588,-37.841531343562,2763,156,-215
-66.04863126488,-17.98876356451,2760,36,628
-67.036778077412,-25.804106536354,2601,13,-306
-69.731723929772,-34.338101735494,2611,269,2077
-67.665598776296,-28.499052388714,2793,34,-492
-64.341832225052,-18.078595092922,2813,105,85
-68.51899829621,-25.579527715324,2574,21,-317
-71.573270262218,-31.23891400528,2825,17,470
-62.814696242048,-38.066110164592,2766,256,-176
-65.779136679644,-36.494058417382,2771,141,-300
-71.393607205394,-31.46349282631,2806,17,578
-68.159672182562,-26.567674527856,2610,11,-407
-62.67994894943,-37.75169981515,2763,239,-151
-70.360544628656,-35.595743133262,2604,276,4100
-63.12910659149,-19.021826141248,2878,117,210
-64.207084932434,-38.829678156094,2766,224,-149
-69.596976637154,-31.01433518425,2683,135,-285
-69.057987466682,-24.860875488028,2660,5,-519
-65.285063273378,-18.931994612836,2759,26,485
-67.216441134236,-25.534611951118,2647,7,-489
-68.74357711724,-28.004978982448,2459,153,164
-63.847758818786,-18.078595092922,2817,302,992
-69.1927347593,-28.813462738156,2612,46,-258
-65.868968208056,-24.321886317556,2701,22,1832
-69.41731358033,-32.227060817812,2679,98,-353
-67.306272662648,-23.82781291129,2629,23,-532
-66.946946549,-30.205851428542,2790,22,-488
-69.1927347593,-27.286326755152,2561,106,159
-70.135965807626,-23.1540764482,2812,2,-770
-70.180881571832,-27.331242519358,2812,4,-509
-68.653745588828,-29.127873087598,2649,50,-473
-63.713011526168,-18.43792120657,2843,246,399
-66.812199256382,-20.728625181076,2693,8,-335
-69.462229344536,-36.988131823648,2718,164,-90
-67.575767247884,-35.685574661674,2770,106,-334
-69.057987466682,-25.220201601676,2633,18,-419
-68.29441947518,-23.37865526923,2754,4,-776
-63.533348469344,-37.257626408884,2770,213,-82
-65.779136679644,-24.905791252234,2658,58,1759
-70.360544628656,-23.513402561848,2834,14,-638
-62.769780477842,-38.739846627682,2774,272,-136
-66.138462793292,-17.180279808802,2722,522,3746
-70.809702270716,-30.34059872116,2757,88,372
-70.944449563334,-31.822818939958,2780,33,263
-69.731723929772,-32.1372292894,2669,133,118
-68.024924889944,-16.551459109918,2711,186,1094
-71.708017554836,-33.170291866138,2836,8,780
-68.923240174064,-25.714275007942,2613,28,-401
-66.677451963764,-19.426068019102,2684,37,2909
-66.902030784794,-26.837169113092,2656,19,33
-71.483438733806,-32.676218459872,NA,NA,NA
-65.644389387026,-26.702421820474,2700,166,3305
-65.240147509172,-23.019329155582,2692,98,2444
-66.767283492176,-25.17528583747,2664,17,84
-64.611326810288,-36.943216059442,2769,191,-242
-70.360544628656,-37.122879116266,2684,123,571
-70.719870742304,-34.293185971288,2746,47,1869
-69.282566287712,-28.139726275066,2593,100,185
-69.237650523506,-25.085454309058,2657,18,-452
-67.665598776296,-37.033047587854,2759,138,-245
-70.31562886445,-28.588883917126,2729,85,-8
-69.64189240136,-26.028685357384,2763,8,-491
-67.84526183312,-24.72612819541,2632,8,-531
-66.49778890694,-35.775406190086,2772,114,-341
-63.80284305458,-19.066741905454,2831,140,464
-67.036778077412,-32.721134224078,2787,29,-583
-67.935093361532,-26.163432650002,2652,4,-494
-71.618186026424,-33.888944093434,2790,5,886
-68.024924889944,-35.95506924691,2750,145,-290
-65.644389387026,-28.903294266568,2748,62,-255
-64.566411046082,-22.70491880614,2823,97,1427
-71.393607205394,-33.03554457352,2799,6,777
-64.970652923936,-23.198992212406,2738,120,2801
-70.809702270716,-30.520261777984,2752,89,311
-66.138462793292,-23.558318326054,2685,2,-602
-68.249503710974,-23.962560203908,2708,7,-602
-67.935093361532,-34.3830174997,2761,103,-330
-63.57826423355,-18.842163084424,2872,134,292
-70.585123449686,-23.737981382878,NA,NA,NA
-64.566411046082,-20.189636010604,2791,42,-96
-67.800346068914,-24.007475968114,2659,22,-504
-62.814696242048,-18.43792120657,2896,234,-50
-70.585123449686,-37.212710644678,2635,205,2163
-68.024924889944,-23.288823740818,2762,19,-560
-70.944449563334,-30.026188371718,2779,35,90
-61.871465193722,-38.694930863476,2779,320,-85
-66.812199256382,-24.905791252234,2669,9,-197
-65.554557858614,-37.212710644678,2770,178,-268
-66.991862313206,-20.369299067428,2696,9,-291
-66.902030784794,-23.064244919788,2651,10,-211
-64.431663753464,-18.033679328716,2845,90,-361
-66.587620435352,-36.763553002618,2772,151,-285
-64.117253404022,-39.09917274133,2765,226,-191
-67.84526183312,-23.333739505024,2703,39,-351
-71.079196855952,-34.966922434378,2771,57,3009
-62.590117421018,-37.347457937296,2764,215,-98
-65.15031598076,-21.447277408372,2731,32,729
-62.67994894943,-38.605099335064,2773,290,-147
-70.225797336038,-34.742343613348,2630,170,4109
-62.67994894943,-36.898300295236,2772,220,32
-70.585123449686,-27.106663698328,2805,5,-581
-69.821555458184,-27.690568633006,2703,77,-70
-67.081693841618,-21.80660352202,2640,13,582
-62.769780477842,-19.33623649069,2882,130,-126
-67.081693841618,-28.229557803478,2786,8,-678
-65.913883972262,-35.999985011116,2769,118,-338
-66.632536199558,-25.714275007942,2625,23,1134
-70.54020768548,-24.05239173232,NA,NA,NA
-66.857115020588,-31.373661297898,2790,17,-517
-68.833408645652,-24.456633610174,2685,8,-505
-68.384251003592,-32.316892346224,2768,25,-444
-67.935093361532,-25.489696186912,2599,11,-452
-69.237650523506,-29.307536144422,2606,57,-336
-63.937590347198,-38.245773221416,2772,201,-181
-64.47657951767,-18.078595092922,2839,75,-335
-67.530851483678,-29.21770461601,2795,83,-209
-65.59947362282,-18.707415791806,2757,30,497
-63.713011526168,-37.033047587854,2770,223,-28
-65.82405244385,-24.411717845968,2744,37,2132
-64.341832225052,-19.965057189574,2758,92,997
-64.611326810288,-22.660003041934,2818,88,1068
-69.64189240136,-31.867734704164,2702,84,-425
-65.464726330202,-37.392373701502,2769,167,-292
-69.776639693978,-23.917644439702,2813,0,-907
-67.306272662648,-28.004978982448,2737,15,-442
-67.17152537003,-30.430430249572,2769,24,-457
-67.890177597326,-17.270111337214,2712,71,277
-71.21394414857,-30.699924834808,2790,6,287
-71.169028384364,-28.948210030774,2805,4,-200
-65.285063273378,-20.504046360046,2730,22,1012
-66.946946549,-37.122879116266,2765,144,-250
-67.530851483678,-37.886447107768,2756,147,-154
-70.001218515008,-37.75169981515,2703,96,169
-70.76478650651,-32.406723874636,2758,41,679
-69.057987466682,-31.508408590516,2694,67,-504
-69.64189240136,-31.01433518425,2667,144,-200
-66.183378557498,-18.482836970776,2740,31,-115
-66.228294321704,-18.976910377042,2677,28,1025
-69.911386986596,-36.40422688897,2606,276,824
-69.057987466682,-25.804106536354,2604,44,-306
-67.17152537003,-35.595743133262,2772,105,-342
-65.240147509172,-18.88707884863,2782,22,225
-67.261356898442,-31.01433518425,2787,28,-582
-71.21394414857,-35.101669726996,2774,46,2499
-70.046134279214,-23.513402561848,2802,2,-868
-68.923240174064,-36.538974181588,2727,178,-193
-67.755430304708,-19.740478368544,2702,16,345
-69.596976637154,-24.187139024938,2794,0,-735
-68.384251003592,-26.657506056268,2544,43,-162
-70.405460392862,-27.286326755152,2804,2,-510
-68.51899829621,-27.286326755152,2472,86,76
-67.575767247884,-26.74733758468,2662,8,-655
-66.991862313206,-26.477842999444,2622,8,-438
-68.249503710974,-31.957566232576,2762,26,-402
-62.545201656812,-17.98876356451,2897,373,85
-65.37489480179,-38.605099335064,2768,195,-208
-66.902030784794,-23.962560203908,2650,12,-291
-66.677451963764,-23.423571033436,2661,4,-643
-70.944449563334,-32.990628809314,2749,16,796
-67.800346068914,-38.111025928798,2759,136,-126
-66.72236772797,-36.224563832146,2774,131,-307
-65.913883972262,-24.366802081762,2720,10,446
-72.022427904278,-34.338101735494,NA,NA,NA
-68.159672182562,-33.170291866138,2763,48,-385
-62.545201656812,-20.504046360046,2872,87,10
-66.49778890694,-38.066110164592,2765,171,-214
-65.689305151232,-19.291320726484,2707,30,521
-68.429166767798,-32.271976582018,2766,29,-500
-65.779136679644,-26.163432650002,2751,54,520
-67.935093361532,-21.13286705893,2697,11,-696
-61.691802136898,-38.919509684506,2786,312,-91
-62.185875543164,-39.862740732832,NA,NA,NA
-68.159672182562,-30.071104135924,2770,21,-664
-66.407957378528,-18.842163084424,2696,29,909
-67.980009125738,-25.3998646585,2601,11,-477
-64.835905631318,-21.13286705893,2778,26,-115
-66.452873142734,-22.570171513522,2653,5,1018
-66.542704671146,-18.482836970776,2716,35,571
-70.046134279214,-27.735484397212,2753,23,-145
-66.902030784794,-38.694930863476,2762,166,-183
-63.263853884108,-18.348089678158,2884,216,103
-61.736717901104,-38.65001509927,2776,325,-98
-62.949443534666,-37.841531343562,2766,240,-159
-69.102903230888,-31.553324354722,2722,66,-412
-70.046134279214,-24.232054789144,2821,0,-568
-68.429166767798,-33.70928103661,2753,99,-333
-65.779136679644,-37.52712099412,2768,172,-264
-64.02742187561,-18.258258149746,2825,145,105
-68.51899829621,-29.621946493864,2767,26,-516
-70.54020768548,-30.924503655838,2623,193,1651
-71.573270262218,-29.262620380216,NA,NA,NA
-67.755430304708,-35.640658897468,2768,112,-347
-69.147818995094,-26.432927235238,2618,29,-336
-68.74357711724,-24.636296666998,2652,14,-383
-65.958799736468,-20.099804482192,2683,15,526
-67.126609605824,-17.98876356451,2713,52,548
-66.49778890694,-35.865237718498,2772,116,-337
-65.195231744966,-36.494058417382,2769,154,-285
-66.677451963764,-17.270111337214,2715,183,1945
-67.216441134236,-23.468486797642,2638,17,-595
-67.665598776296,-26.702421820474,2661,8,-633
-66.04863126488,-17.854016271892,2790,29,-160
-68.608829824622,-36.17964806794,2713,161,-311
-67.081693841618,-28.813462738156,2700,41,581
-66.04863126488,-26.702421820474,2779,12,-549
-66.093547029086,-18.976910377042,2706,20,195
-66.228294321704,-22.794750334552,2657,4,890
-68.06984065415,-37.572036758326,2753,127,-177
-64.790989867112,-38.964425448712,2764,212,-194
-66.452873142734,-25.759190772148,2696,29,1244
-63.174022355696,-21.222698587342,2862,48,344
-66.407957378528,-38.560183570858,2763,183,-182
-69.282566287712,-26.07360112159,2647,44,-289
-64.431663753464,-22.570171513522,2818,73,1249
-66.857115020588,-24.681212431204,2672,9,-512
-70.674954978098,-35.011838198584,2701,168,3834
-70.09105004342,-34.60759632073,2621,138,3182
-66.49778890694,-38.290688985622,2764,174,-193
-67.485935719472,-31.957566232576,2781,16,-567
-67.800346068914,-32.945713045108,2769,27,-441
-63.713011526168,-39.189004269742,2769,229,-172
-66.902030784794,-25.354948894294,2672,11,-505
-68.339335239386,-26.208348414208,2547,32,-213
-70.585123449686,-33.664365272404,2756,26,1314
-65.015568688142,-22.435424220904,2700,167,2065
-70.405460392862,-30.699924834808,2586,497,2318
-69.237650523506,-36.089816539528,2690,220,-99
-69.956302750802,-37.616952522532,2723,99,104
-63.80284305458,-18.033679328716,2833,310,814
-69.956302750802,-23.872728675496,2809,0,-837
-66.318125850116,-25.804106536354,2728,36,753
-65.644389387026,-28.499052388714,2805,70,-314
-66.946946549,-31.598240118928,2784,14,-542
-66.363041614322,-25.085454309058,2691,30,952
-65.240147509172,-24.771043959616,2788,33,688
-66.902030784794,-24.007475968114,2655,12,-174
-70.944449563334,-27.915147454036,2813,3,-442
-66.49778890694,-25.354948894294,2682,46,1552
-67.036778077412,-22.390508456698,2642,8,56
-65.329979037584,-38.739846627682,2765,227,-185
-68.788492881446,-36.943216059442,2719,150,-197
-63.35368541252,-19.740478368544,2833,91,499
-67.665598776296,-24.321886317556,2631,12,-495
-67.17152537003,-32.990628809314,2790,24,-546
-66.812199256382,-17.898932036098,2705,70,890
-65.15031598076,-38.335604749828,2763,214,-239
-67.036778077412,-31.01433518425,2795,20,-650
-62.185875543164,-39.054256977124,NA,NA,NA
-64.92573715973,-36.494058417382,2770,150,-258
-70.899533799128,-33.844028329228,2765,9,769
-69.013071702476,-36.089816539528,2711,166,-152
-71.708017554836,-30.610093306396,NA,NA,NA
-64.162169168228,-21.58202470099,2807,47,833
-68.833408645652,-26.07360112159,2586,60,-236
-69.64189240136,-26.163432650002,2755,7,-496
-69.462229344536,-35.05675396279,2702,238,-56
-68.74357711724,-34.338101735494,2720,137,-241
-66.542704671146,-20.68370941687,2711,10,53
-67.84526183312,-20.45913059584,2675,8,-674
-66.04863126488,-26.52275876365,2785,13,-333
-66.72236772797,-28.229557803478,2791,10,-758
-63.443516940932,-20.00997295378,2842,72,218
-67.036778077412,-19.11165766966,2733,22,750
-70.046134279214,-32.316892346224,2616,214,1293
-65.913883972262,-19.156573433866,2720,17,138
-71.797849083248,-34.517764792318,2782,9,1164
-70.495291921274,-23.468486797642,NA,NA,NA
-68.249503710974,-32.990628809314,2765,40,-391
-68.06984065415,-30.385514485366,2766,18,-503
-69.776639693978,-36.134732303734,2693,155,147
-69.282566287712,-24.995622780646,2696,12,-512
-65.958799736468,-21.537108936784,2705,5,62
-66.857115020588,-37.437289465708,2762,137,-257
-72.067343668484,-34.652512084936,NA,NA,NA
-66.587620435352,-35.685574661674,2772,115,-341
-66.49778890694,-25.534611951118,2718,36,870
-69.1927347593,-27.600737104594,2589,128,134
-69.462229344536,-28.004978982448,2629,138,238
-68.923240174064,-33.26012339455,2747,132,-230
-64.880821395524,-23.198992212406,2730,144,2867
-64.341832225052,-19.515899547514,2778,70,454
-69.237650523506,-24.95070701644,2695,10,-480
-67.84526183312,-35.865237718498,2759,133,-317
-65.82405244385,-27.465989811976,2793,182,1398
-70.809702270716,-37.347457937296,2709,150,1355
-69.821555458184,-28.184642039272,2733,61,19
-70.046134279214,-28.948210030774,2672,152,483
-69.1927347593,-33.394870687168,2722,186,-192
-67.980009125738,-25.220201601676,2603,13,-244
-71.079196855952,-33.215207630344,2743,24,1083
-65.913883972262,-20.68370941687,2707,13,789
-65.958799736468,-27.286326755152,2768,186,2140
-69.86647122239,-32.36180811043,2656,181,624
-67.755430304708,-36.494058417382,2756,144,-283
-68.429166767798,-27.19649522674,2541,64,-156
-67.62068301209,-27.825315925624,2763,10,-789
-68.339335239386,-25.759190772148,2599,14,-406
-66.902030784794,-17.09044828039,2792,140,-323
-70.180881571832,-31.553324354722,2657,146,878
-67.081693841618,-18.258258149746,2714,44,856
-65.240147509172,-22.121013871462,2728,66,1952
-66.407957378528,-21.043035530518,2698,9,417
-69.911386986596,-31.373661297898,2585,171,733
-65.868968208056,-19.515899547514,2677,18,528
-61.55705484428,-38.42543627824,2770,328,-70
-67.530851483678,-34.877090905966,2769,97,-361
-70.360544628656,-32.271976582018,2612,248,2212
-66.902030784794,-20.863372473694,2682,8,-295
-68.384251003592,-23.558318326054,2747,3,-760
-62.90452777046,-21.087951294724,2866,65,162
-67.530851483678,-33.439786451374,2774,50,-415
-70.270713100244,-26.927000641504,2765,2,-530
-67.485935719472,-37.122879116266,2762,137,-241
-70.450376157068,-24.456633610174,2829,12,-728
-70.405460392862,-26.927000641504,2790,2,-442
-70.09105004342,-24.860875488028,2794,1,-751
-64.566411046082,-20.45913059584,2819,42,-166
-65.15031598076,-20.189636010604,2756,25,628
-71.258859912776,-32.36180811043,2808,14,915
-64.386747989258,-21.941350814638,2803,42,954
-66.363041614322,-29.307536144422,2800,29,-469
-64.970652923936,-36.763553002618,2769,173,-266
-67.62068301209,-37.661868286738,2757,143,-186
-66.991862313206,-37.796615579356,2760,152,-210
-68.608829824622,-37.437289465708,2750,114,-165
-65.59947362282,-21.35744587996,2712,16,1205
-68.429166767798,-35.101669726996,2710,151,-293
-68.878324409858,-26.028685357384,2573,63,-243
-70.360544628656,-31.193998241074,2615,194,1860
-67.39610419106,-21.80660352202,2653,9,-316
-66.138462793292,-38.470352042446,2767,173,-210
-67.800346068914,-31.193998241074,2744,20,-619
-68.249503710974,-33.93385985764,2762,104,-330
-66.677451963764,-28.813462738156,2797,21,-727
-66.04863126488,-27.42107404777,2760,128,1003
-66.04863126488,-24.636296666998,2714,16,534
-71.573270262218,-34.472849028112,2776,8,1127
-71.4385229696,-33.844028329228,2782,4,869
-64.566411046082,-22.300676928286,2821,68,1519
-64.746074102906,-23.423571033436,2802,123,2138
-68.698661353034,-36.044900775322,2698,164,-259
-68.204587946768,-37.886447107768,2752,145,-133
-64.7011583387,-38.605099335064,2764,228,-207
-63.174022355696,-19.291320726484,2868,106,274
-67.306272662648,-29.532114965452,2803,37,-612
-62.23079130737,-38.111025928798,2763,384,26
-65.958799736468,-21.312530115754,2715,5,144
-70.09105004342,-33.70928103661,2632,144,2474
-66.812199256382,-35.820321954292,2773,119,-330
-64.162169168228,-37.167794880472,2767,212,-29
-67.800346068914,-30.969419420044,2789,10,-663
-66.003715500674,-35.999985011116,2769,118,-337
-71.932596375866,-34.023691386052,2819,7,1021
-68.29441947518,-37.616952522532,2752,136,-172
-64.566411046082,-19.78539413275,2734,71,896
-69.237650523506,-23.60323409026,2759,1,-699
-63.308769648314,-37.661868286738,2767,226,-109
-63.084190827284,-18.572668499188,2894,173,133
-66.632536199558,-29.981272607512,2799,22,-574
-69.956302750802,-34.742343613348,2547,358,3813
-69.057987466682,-25.3998646585,2627,32,-337
-65.644389387026,-25.354948894294,2779,43,580
-64.656242574494,-18.21334238554,2792,59,106
-68.114756418356,-37.706784050944,2752,141,-160
-68.833408645652,-35.999985011116,2705,205,-144
-62.275707071576,-38.470352042446,2772,304,-130
-69.686808165566,-24.771043959616,2766,1,-753
-69.057987466682,-35.460995840644,2709,156,-222
-70.54020768548,-31.643155883134,2597,326,2193
-67.84526183312,-18.393005442364,2698,34,929
-71.348691441188,-34.113522914464,2780,14,1463
-64.162169168228,-21.537108936784,2818,44,454
-66.946946549,-23.513402561848,2645,9,-567
-68.51899829621,-24.72612819541,2552,20,-161
-67.890177597326,-26.07360112159,2614,6,-472
-65.37489480179,-22.92949762717,2728,24,918
-70.585123449686,-25.489696186912,NA,NA,NA
-69.41731358033,-26.163432650002,2690,24,-418
-64.072337639816,-19.11165766966,2811,101,186
-68.339335239386,-32.227060817812,2766,23,-465
-70.495291921274,-24.142223260732,2861,15,-614
-67.62068301209,-27.6456528688,2754,13,-771
-70.76478650651,-31.328745533692,2614,185,2070
-68.114756418356,-33.305039158756,2764,53,-378
-67.710514540502,-31.23891400528,2804,17,-638
-67.800346068914,-35.550827369056,2769,115,-349
-65.015568688142,-22.345592692492,2747,120,1605
-71.393607205394,-30.969419420044,2794,5,51
-66.991862313206,-18.752331556012,2738,26,874
-66.183378557498,-18.752331556012,2711,28,579
-67.39610419106,-26.74733758468,2664,7,-701
-64.835905631318,-23.198992212406,2766,153,2884
-69.237650523506,-38.20085745721,2737,137,-92
-68.159672182562,-36.359311124764,2744,129,-284
-63.757927290374,-38.739846627682,2767,234,-171
-65.37489480179,-23.737981382878,2666,135,1336
-66.542704671146,-22.25576116408,2650,6,1125
-66.812199256382,-22.345592692492,2654,6,109
-71.842764847454,-30.430430249572,NA,NA,NA
-67.081693841618,-18.707415791806,2726,26,778
-64.790989867112,-23.558318326054,2743,127,2948
-62.140959778958,-37.931362871974,2752,362,133
-68.833408645652,-37.52712099412,2736,136,-158
-65.868968208056,-38.066110164592,2771,195,-223
-69.41731358033,-26.29817994262,2666,26,-322
-64.072337639816,-38.560183570858,2770,217,-190
-63.084190827284,-39.683077676008,2770,216,-178
-67.126609605824,-38.8745939203,2759,168,-154
-65.015568688142,-24.27697055335,2801,57,626
-64.386747989258,-19.78539413275,2775,74,424
-69.911386986596,-25.085454309058,2780,2,-950
-69.776639693978,-36.134732303734,2693,155,147
-65.37489480179,-36.718637238412,2767,168,-278
-70.180881571832,-35.550827369056,2641,172,1711
-62.994359298872,-38.335604749828,2770,259,-195
-65.464726330202,-19.875225661162,2729,26,11
-68.429166767798,-31.732987411546,2759,26,-549
-69.462229344536,-29.487199201246,2517,127,344
-68.204587946768,-31.283829769486,2793,25,-553
-65.419810565996,-18.572668499188,2785,25,559
-62.545201656812,-18.88707884863,2894,191,-119
-68.06984065415,-35.236417019614,2763,119,-321
-64.02742187561,-37.30254217309,2768,204,-179
-63.982506111404,-37.392373701502,2765,217,-120
-69.64189240136,-36.359311124764,2719,150,-85
-63.263853884108,-18.6625000276,2880,153,261
-69.552060872948,-24.142223260732,2785,0,-824
-64.656242574494,-19.56081531172,2725,63,1234
-69.102903230888,-34.877090905966,2698,170,-217
-69.596976637154,-30.924503655838,2678,148,-301
-69.821555458184,-24.411717845968,2800,0,-878
-67.890177597326,-26.29817994262,2616,6,-420
-68.923240174064,-27.465989811976,2575,61,-64
-66.27321008591,-37.75169981515,2768,169,-246
-70.809702270716,-29.127873087598,2788,26,-350
-66.632536199558,-18.303173913952,2691,51,1361
-66.542704671146,-28.09481051086,2790,15,-695
-65.734220915438,-20.414214831634,2744,9,-12
-67.665598776296,-37.122879116266,2760,133,-247
-69.596976637154,-25.983769593178,2757,12,-555
-66.04863126488,-39.054256977124,2763,190,-193
-62.140959778958,-19.830309896956,2884,138,-397
-64.162169168228,-37.033047587854,2767,211,-149
-67.665598776296,-38.605099335064,2759,143,-173
-68.563914060416,-30.250767192748,2732,43,-363
-66.04863126488,-20.45913059584,2699,12,247
-66.587620435352,-25.804106536354,2670,18,836
-68.06984065415,-27.151579462534,2607,25,-481
-65.015568688142,-37.75169981515,2764,186,-257
-66.407957378528,-21.58202470099,2677,7,1273
-69.596976637154,-37.706784050944,2715,142,-60
-70.001218515008,-28.09481051086,2711,38,-134
-65.240147509172,-37.07796335206,2768,166,-270
-62.051128250546,-39.458498854978,NA,NA,NA
-67.17152537003,-35.640658897468,2772,108,-334
-67.665598776296,-36.583889945794,2760,139,-276
-68.833408645652,-30.699924834808,2714,45,-430
-68.474082532004,-32.406723874636,2769,34,-471
-66.318125850116,-28.409220860302,2812,17,-412
-69.911386986596,-31.328745533692,2654,115,285
-66.27321008591,-22.345592692492,2650,6,1280
-66.946946549,-23.872728675496,2645,13,-430
-63.35368541252,-37.167794880472,2770,223,11
-64.92573715973,-20.68370941687,2751,44,477
-71.303775676982,-29.127873087598,2817,15,-239
-69.147818995094,-32.36180811043,2648,141,-285
-70.495291921274,-23.513402561848,NA,NA,NA
-63.174022355696,-36.673721474206,2769,212,115
-63.847758818786,-19.740478368544,2828,105,426
-69.596976637154,-29.532114965452,2594,73,77
-63.982506111404,-36.898300295236,2769,209,-94
-70.899533799128,-28.723631209744,2797,3,-429
-68.29441947518,-33.664365272404,2760,94,-340
-69.102903230888,-29.352451908628,2669,56,-390
-65.240147509172,-39.278835798154,2762,207,-181
-62.051128250546,-38.560183570858,2776,316,-100
-65.509642094408,-24.232054789144,2763,162,2921
-68.204587946768,-32.855881516696,2769,32,-406
-62.365538599988,-39.368667326566,2781,258,-89
-63.892674582992,-36.898300295236,2770,215,-72
-69.237650523506,-29.756693786482,2645,120,-369
-66.228294321704,-20.00997295378,2695,14,759
-63.713011526168,-18.393005442364,2839,252,428
-69.731723929772,-26.97191640571,2707,24,-411
-68.339335239386,-34.068607150258,2756,118,-315
-67.441019955266,-37.437289465708,2759,129,-216
-68.878324409858,-27.735484397212,2538,96,198
-70.450376157068,-30.834672127426,2596,316,1972
-67.036778077412,-19.33623649069,2690,23,1069
-69.686808165566,-35.999985011116,2687,176,117
-67.126609605824,-21.267614351548,2665,6,-28
-67.261356898442,-37.75169981515,2757,145,-196
-63.488432705138,-17.943847800304,2883,321,139
-67.665598776296,-29.577030729658,2696,37,-492
-66.991862313206,-18.707415791806,2734,28,927
-69.147818995094,-26.97191640571,2583,65,-135
-69.552060872948,-37.52712099412,2706,163,135
-66.003715500674,-26.028685357384,2788,19,-289
-67.351188426854,-27.6456528688,2679,13,-402
-70.674954978098,-34.562680556524,2697,91,3356
-66.767283492176,-30.026188371718,2797,22,-536
-65.868968208056,-24.681212431204,2708,36,1335
-66.04863126488,-28.09481051086,2678,67,689
-63.533348469344,-36.85338453103,2770,219,39
-67.665598776296,-33.664365272404,2769,59,-398
-68.384251003592,-32.945713045108,2765,41,-379
-65.329979037584,-19.650646840132,2732,28,20
-63.937590347198,-37.033047587854,2769,211,-117
-68.384251003592,-33.305039158756,2765,63,-367
-67.530851483678,-23.648149854466,2624,25,-438
-68.51899829621,-26.253264178414,2593,40,-281
-65.82405244385,-21.537108936784,2727,6,649
-67.755430304708,-24.27697055335,2597,20,-395
-70.270713100244,-36.224563832146,2675,190,1574
-65.37489480179,-21.941350814638,2742,18,973
-69.327482051918,-32.541471167254,2698,81,-350
-67.84526183312,-21.267614351548,2647,16,33
-68.159672182562,-30.34059872116,2762,19,-540
-66.228294321704,-37.796615579356,2769,167,-240
-66.407957378528,-27.106663698328,2749,13,-786
-66.632536199558,-38.605099335064,2765,160,-176
-68.204587946768,-27.780400161418,2627,44,-346
-67.575767247884,-38.155941693004,2762,142,-140
-66.946946549,-31.149082476868,2793,22,-597
-66.49778890694,-21.402361644166,2682,11,1090
-66.812199256382,-29.756693786482,2792,28,-453
-64.072337639816,-19.156573433866,2847,93,-14
-63.263853884108,-19.426068019102,2849,117,684
-62.365538599988,-38.829678156094,NA,NA,NA
-69.327482051918,-28.409220860302,2608,57,-3
-67.800346068914,-27.915147454036,2733,12,-530
-71.4385229696,-32.58638693146,2827,8,764
-67.890177597326,-21.222698587342,2691,11,-563
-70.225797336038,-25.310033130088,2763,7,-814
-64.970652923936,-21.447277408372,2719,26,498
-68.653745588828,-27.106663698328,2529,69,15
-67.800346068914,-28.903294266568,2649,93,66
-65.689305151232,-22.03118234305,2694,6,268
-66.946946549,-38.560183570858,2763,161,-184
-67.62068301209,-35.146585491202,2770,95,-361
-69.86647122239,-31.059250948456,2576,240,972
-65.15031598076,-17.898932036098,2805,88,186
-68.608829824622,-23.737981382878,2723,2,-750
-62.635033185224,-18.123510857128,2897,340,11
-68.384251003592,-31.822818939958,2759,26,-446
-66.542704671146,-37.482205229914,2768,148,-263
-68.024924889944,-29.756693786482,2763,14,-708
-63.443516940932,-38.919509684506,2769,247,-163
-66.991862313206,-24.366802081762,2698,9,-552
-66.003715500674,-17.449774394038,2771,274,2116
-71.21394414857,-28.274473567684,NA,NA,NA
-68.384251003592,-32.945713045108,2765,41,-379
-70.135965807626,-33.03554457352,2590,251,3181
-70.09105004342,-35.775406190086,2689,105,478
-70.225797336038,-24.995622780646,2763,7,-942
-63.533348469344,-39.233920033948,2770,236,-160
-63.398601176726,-37.167794880472,2770,224,1
-71.483438733806,-30.160935664336,NA,NA,NA
-66.72236772797,-19.515899547514,2690,33,2495
-66.902030784794,-20.548962124252,2693,8,-297
-66.767283492176,-21.986266578844,2665,11,891
-61.826549429516,-38.20085745721,2761,340,-109
-63.218938119902,-18.842163084424,2882,122,157
-62.769780477842,-18.6625000276,2894,194,84
-71.303775676982,-34.742343613348,2775,13,1314
-69.686808165566,-35.146585491202,2693,304,185
-68.788492881446,-27.106663698328,2488,92,300
-67.126609605824,-27.241410990946,2727,17,207
-65.015568688142,-23.288823740818,2653,133,2912
-67.755430304708,-34.338101735494,2768,88,-353
-66.138462793292,-23.288823740818,2646,4,203
-66.902030784794,-37.886447107768,2762,149,-221
-68.833408645652,-33.48470221558,2742,107,-238
-69.147818995094,-36.449142653176,2647,354,110
-65.779136679644,-19.56081531172,2704,18,-55
-67.306272662648,-37.482205229914,2758,145,-216
-67.530851483678,-26.432927235238,2714,3,-730
-67.665598776296,-28.54396815292,2788,36,-481
-69.013071702476,-34.472849028112,2697,177,-227
-61.601970608486,-38.380520514034,2769,318,-83
-66.902030784794,-21.447277408372,2680,10,436
-66.767283492176,-30.520261777984,2787,19,-516
-65.59947362282,-19.830309896956,2700,31,318
-62.051128250546,-19.426068019102,2889,177,-418
-65.105400216554,-19.381152254896,2783,14,-468
-66.946946549,-28.31938933189,2794,9,-801
-70.630039213892,-34.472849028112,2694,78,2943
-69.507145108742,-23.558318326054,2776,0,-779
-67.665598776296,-25.130370073264,2655,4,-467
-69.102903230888,-34.293185971288,2702,212,-213
-64.656242574494,-22.794750334552,2821,135,1935
-63.443516940932,-37.616952522532,2767,223,-88
-67.441019955266,-32.316892346224,2780,17,-519
-67.036778077412,-21.177782823136,2668,7,-71
-66.632536199558,-20.818456709488,2699,8,139
-63.713011526168,-22.03118234305,2814,83,1378
-70.585123449686,-25.938853828972,2816,24,-477
-63.35368541252,-19.066741905454,2864,116,534
-69.282566287712,-28.229557803478,2616,73,-10
-67.84526183312,-25.579527715324,2561,12,-370
-68.429166767798,-36.40422688897,2735,139,-296
-70.360544628656,-37.661868286738,2682,136,704
-68.249503710974,-27.465989811976,2574,47,-364
-71.618186026424,-34.60759632073,2774,12,1405
-68.788492881446,-29.801609550688,2689,52,-208
-69.1927347593,-26.253264178414,2635,30,-342
-68.024924889944,-34.562680556524,2758,108,-313
-63.937590347198,-36.494058417382,2771,185,-51
-65.37489480179,-22.974413391376,2726,24,1095
-66.407957378528,-23.872728675496,2662,4,-154
-66.093547029086,-20.863372473694,2721,8,137
-65.105400216554,-37.931362871974,2765,175,-245
-68.114756418356,-20.054888717986,2680,9,-775
-67.890177597326,-19.695562604338,2712,10,-224
-67.530851483678,-17.53960592245,2706,60,461
-69.282566287712,-28.049894746654,2600,112,136
-67.710514540502,-24.007475968114,2671,18,-530
-69.821555458184,-36.494058417382,2677,189,253
-67.441019955266,-37.841531343562,2757,144,-189
-64.970652923936,-23.064244919788,2760,142,2768
-62.590117421018,-39.458498854978,2772,242,-153
-67.036778077412,-17.404858629832,2696,166,1298
-65.105400216554,-36.808468766824,2767,174,-268
-67.890177597326,-19.78539413275,2709,11,-363
-66.318125850116,-38.155941693004,2768,177,-211
-68.249503710974,-32.36180811043,2770,22,-422
-65.195231744966,-23.82781291129,2771,172,2545
-70.09105004342,-30.655009070602,2615,315,929
-67.441019955266,-35.371164312232,2773,93,-359
-67.800346068914,-28.633799681332,2723,32,-534
-62.140959778958,-38.605099335064,2778,313,-86
-69.911386986596,-34.338101735494,2640,137,2058
-63.084190827284,-21.13286705893,2855,65,658
-66.542704671146,-18.527752734982,2706,37,891
-62.545201656812,-20.593877888458,2872,84,83
-69.013071702476,-37.572036758326,2725,176,-133
-68.608829824622,-31.957566232576,2758,54,-416
-64.431663753464,-22.210845399874,2786,59,1922
-64.566411046082,-38.066110164592,2769,182,-225
-71.034281091746,-30.655009070602,2782,23,267
-67.485935719472,-26.118516885796,2687,4,-715
-65.285063273378,-19.875225661162,2742,21,-152
-67.575767247884,-31.283829769486,2797,28,-518
-63.668095761962,-19.246404962278,2845,88,154
-66.452873142734,-27.780400161418,2809,25,-674
-69.282566287712,-24.50154937438,2733,2,-640
-69.956302750802,-33.26012339455,2570,280,2613
-67.081693841618,-32.766049988284,2790,26,-573
-69.821555458184,-32.182145053606,2677,124,194
-66.093547029086,-38.8745939203,2763,186,-183
-68.51899829621,-29.711778022276,2754,30,-599
-64.47657951767,-22.48033998511,2817,60,950
-66.991862313206,-26.792253348886,2678,12,93
-63.757927290374,-18.572668499188,2823,282,1261
-66.363041614322,-25.893938064766,2722,25,909
-65.285063273378,-23.333739505024,2707,78,2008
-67.39610419106,-37.616952522532,2758,134,-211
-65.015568688142,-22.660003041934,2763,207,2870
-67.351188426854,-38.560183570858,2757,165,-160
-70.585123449686,-33.888944093434,2741,38,1585
-65.779136679644,-27.690568633006,2791,119,469
-70.674954978098,-26.882084877298,2834,18,-551
-70.135965807626,-32.900797280902,2639,195,2314
-63.668095761962,-18.21334238554,2824,288,803
-69.282566287712,-30.78975636322,2660,187,-187
-68.29441947518,-33.170291866138,2764,52,-369
-64.7011583387,-37.661868286738,2765,189,-241
-69.41731358033,-32.766049988284,2595,195,127
-70.719870742304,-33.978775621846,2765,17,934
-68.06984065415,-28.633799681332,2779,17,-598
-66.902030784794,-20.414214831634,2700,11,-50
-66.452873142734,-27.915147454036,2800,24,-685
-67.980009125738,-34.15843867867,2763,98,-338
-69.686808165566,-28.499052388714,2576,176,969
-66.452873142734,-26.118516885796,2684,14,645
-66.363041614322,-37.706784050944,2768,162,-252
-67.890177597326,-20.638793652664,2691,10,-618
-67.126609605824,-35.73049042588,2772,112,-330
-62.500285892606,-37.033047587854,2772,216,-126
-68.563914060416,-29.621946493864,2764,28,-523
-67.39610419106,-38.155941693004,2761,146,-159
-66.093547029086,-19.021826141248,2697,21,452
-63.847758818786,-21.761687757814,2817,62,1007
-63.937590347198,-19.470983783308,2813,99,315
-67.441019955266,-30.520261777984,2773,22,-380
-67.575767247884,-35.775406190086,2768,110,-327
-66.857115020588,-21.537108936784,2682,12,652
-63.084190827284,-20.23455177481,2851,94,147
-66.677451963764,-28.31938933189,2793,10,-760
-66.542704671146,-30.071104135924,2800,23,-532
-63.937590347198,-20.593877888458,2822,81,616
-68.339335239386,-27.19649522674,2562,43,-281
-62.275707071576,-37.616952522532,2757,236,-71
-68.159672182562,-25.804106536354,2631,6,-484
-68.833408645652,-30.520261777984,2715,41,-401
-67.575767247884,-25.534611951118,2692,5,-533
-65.15031598076,-38.560183570858,2767,197,-214
-65.509642094408,-18.033679328716,2795,43,474
-67.575767247884,-27.241410990946,2730,11,-596
-71.034281091746,-27.331242519358,NA,NA,NA
-69.686808165566,-34.83217514176,2655,269,527
-69.731723929772,-25.534611951118,2758,4,-649
-64.072337639816,-38.829678156094,2765,231,-192
-65.644389387026,-36.898300295236,2770,166,-282
-66.363041614322,-27.151579462534,2744,25,-382
-63.937590347198,-18.258258149746,2838,164,-120
-65.59947362282,-23.917644439702,2704,100,1686
-70.360544628656,-23.82781291129,2839,21,-685
-69.507145108742,-24.95070701644,2737,3,-679
-69.64189240136,-23.693065618672,2786,0,-695
-70.360544628656,-28.858378502362,2689,74,-55
-66.452873142734,-24.815959723822,2643,15,755
-65.195231744966,-21.761687757814,2720,55,1564
-67.530851483678,-30.295682956954,2763,20,-445
-65.15031598076,-18.078595092922,2807,51,35
-68.159672182562,-37.616952522532,2754,123,-177
-69.507145108742,-33.03554457352,2519,213,627
-65.15031598076,-38.290688985622,2763,217,-235
-64.431663753464,-37.347457937296,2768,186,-232
-66.318125850116,-29.307536144422,2799,28,-458
-69.64189240136,-26.702421820474,2724,21,-440
-65.464726330202,-21.851519286226,2751,9,-117
-70.899533799128,-36.763553002618,2662,268,3789
-67.39610419106,-25.489696186912,2632,11,-420
-65.59947362282,-23.1540764482,2696,7,210
-70.809702270716,-34.697427849142,2744,83,2520
-71.393607205394,-30.744840599014,2796,2,-16
-65.419810565996,-25.220201601676,2810,27,-417
-67.126609605824,-28.454136624508,2792,16,-523
-67.216441134236,-31.91265046837,2774,17,-590
-65.958799736468,-19.875225661162,2671,19,845
-66.946946549,-24.681212431204,2696,8,-522
-65.82405244385,-25.3998646585,2716,35,703
-66.04863126488,-23.333739505024,2646,4,5
-65.82405244385,-36.718637238412,2770,154,-297
-67.39610419106,-35.460995840644,2774,95,-352
-63.80284305458,-36.898300295236,2770,222,-14
-66.587620435352,-28.184642039272,2787,12,-729
-66.991862313206,-35.640658897468,2772,109,-344
-66.003715500674,-39.054256977124,2763,190,-191
-69.596976637154,-23.782897147084,2759,0,-837
-68.74357711724,-37.167794880472,2724,159,-178
-67.441019955266,-24.366802081762,2663,9,-622
-66.228294321704,-17.404858629832,2787,94,314
-66.318125850116,-37.07796335206,2770,155,-279
-66.542704671146,-23.468486797642,2634,4,82
-67.036778077412,-17.494690158244,2691,157,1399
-63.668095761962,-36.62880571,2771,202,29
-68.698661353034,-35.416080076438,2722,164,-241
-65.689305151232,-38.021194400386,2766,209,-229
-64.7011583387,-19.650646840132,2758,53,739
-67.575767247884,-26.118516885796,2677,3,-734
-68.29441947518,-27.780400161418,2608,50,-289
-66.407957378528,-26.343095706826,2662,16,543
-70.046134279214,-31.598240118928,2635,175,1179
-65.868968208056,-20.00997295378,2684,19,692
-68.833408645652,-33.305039158756,2751,104,-265
-63.668095761962,-20.998119766312,2847,61,591
-69.147818995094,-23.648149854466,2722,1,-781
-70.31562886445,-34.15843867867,2606,132,3458
-67.485935719472,-34.787259377554,2770,94,-362
-71.393607205394,-30.56517754219,2798,2,-14
-65.734220915438,-36.089816539528,2771,120,-335
-65.509642094408,-27.555821340388,2801,93,382
-64.386747989258,-21.177782823136,2790,47,411
-67.980009125738,-32.1372292894,2773,20,-449
-70.495291921274,-35.146585491202,2648,183,3842
-69.282566287712,-37.886447107768,2750,124,-99
-70.09105004342,-33.664365272404,2648,143,2362
-68.878324409858,-29.44228343704,2635,54,-221
-70.360544628656,-34.068607150258,2624,113,2950
-70.719870742304,-28.54396815292,2804,6,-285
-69.327482051918,-34.023691386052,2621,333,59
-68.74357711724,-25.265117365882,2592,22,-299
-69.821555458184,-32.945713045108,2646,159,980
-67.351188426854,-22.300676928286,2659,10,-551
-66.363041614322,-18.078595092922,2714,53,1001
-68.204587946768,-37.841531343562,2752,138,-140
-71.348691441188,-33.888944093434,2775,9,1368
-70.854618034922,-34.068607150258,2760,17,1174
-65.060484452348,-38.65001509927,2765,211,-198
-64.521495281876,-39.278835798154,2764,205,-187
-69.686808165566,-33.170291866138,2483,270,1724
-62.410454364194,-37.347457937296,2763,212,-86
-69.911386986596,-27.87023168983,2679,67,40
-63.713011526168,-19.381152254896,2819,84,270
-68.249503710974,-25.579527715324,2634,12,-427
-67.665598776296,-35.685574661674,2768,107,-344
-68.923240174064,-25.84902230056,2649,28,-385
-67.081693841618,-38.694930863476,2759,173,-173
-65.419810565996,-38.155941693004,2763,211,-240
-67.485935719472,-32.36180811043,2779,18,-597
-67.126609605824,-36.089816539528,2772,117,-294
-64.7011583387,-39.413583090772,2762,213,-183
-70.76478650651,-26.028685357384,NA,NA,NA
-68.339335239386,-24.097307496526,2705,7,-466
-67.216441134236,-24.815959723822,2657,9,-595
-65.105400216554,-23.37865526923,2705,103,2358
-66.542704671146,-17.53960592245,2764,57,261
-64.431663753464,-21.35744587996,2752,28,510
-65.329979037584,-38.605099335064,2768,198,-206
-66.946946549,-36.314395360558,2773,130,-294
-70.360544628656,-27.016832169916,2784,2,-597
-66.542704671146,-30.34059872116,2791,26,-563
-69.327482051918,-28.858378502362,2551,101,202
-67.935093361532,-34.427933263906,2761,103,-327
-65.82405244385,-25.085454309058,2667,49,1261
-68.96815593827,-29.262620380216,2595,87,-347
-67.081693841618,-30.655009070602,2778,29,-522
-67.126609605824,-38.470352042446,2761,169,-176
-66.812199256382,-21.941350814638,2619,15,1764
-70.180881571832,-32.047397760988,2618,202,1661
-69.057987466682,-32.1372292894,2666,107,-351
-67.485935719472,-21.35744587996,2669,8,-353
-67.081693841618,-17.09044828039,2780,189,487
-69.911386986596,-35.326248548026,2573,510,2133
-70.225797336038,-37.482205229914,2718,80,243
-70.899533799128,-33.754196800816,2766,7,605
-71.752933319042,-34.338101735494,2781,6,1099
-65.240147509172,-21.267614351548,2765,16,-488
-70.31562886445,-28.678715445538,2685,101,82
-69.911386986596,-26.52275876365,2814,2,-435
-68.51899829621,-37.033047587854,2734,138,-221
-71.079196855952,-28.76854697395,2796,2,-365
-70.31562886445,-34.83217514176,2593,222,5372
-66.767283492176,-16.86586945936,2768,345,2024
-66.318125850116,-29.756693786482,2801,23,-491
-67.036778077412,-22.435424220904,2655,8,67
-65.59947362282,-19.201489198072,2734,34,537
-67.216441134236,-17.629437450862,2714,69,289
-62.365538599988,-37.75169981515,2758,279,-42
-70.360544628656,-32.316892346224,2628,240,2061
-67.530851483678,-20.9082882379,2674,7,-511
-70.225797336038,-32.541471167254,2628,290,2209
-63.847758818786,-17.854016271892,2856,324,527
-67.665598776296,-18.6625000276,2692,27,835
-71.797849083248,-33.125376101932,NA,NA,NA
-63.443516940932,-18.527752734982,2877,181,213
-67.710514540502,-16.461627581506,2756,522,3107
-65.644389387026,-18.527752734982,2801,26,-213
-71.88768061166,-34.338101735494,2784,12,1943
-71.4385229696,-32.855881516696,2806,10,1118
-68.698661353034,-29.846525314894,2702,38,-421
-65.59947362282,-37.931362871974,2764,211,-232
-69.956302750802,-36.538974181588,2625,278,855
-67.575767247884,-26.97191640571,2652,17,-464
-63.668095761962,-19.605731075926,2846,89,510
-68.024924889944,-23.917644439702,2700,24,-376
-68.51899829621,-24.905791252234,2609,17,-303
-69.41731358033,-34.3830174997,2645,259,29
-70.225797336038,-34.113522914464,2632,148,3540
-66.138462793292,-20.773540945282,2702,12,736
-67.665598776296,-26.74733758468,2653,10,-646
-68.159672182562,-32.182145053606,2769,22,-425
-66.003715500674,-23.872728675496,2701,4,7
-65.060484452348,-23.37865526923,2725,95,2185
-65.509642094408,-22.390508456698,2718,10,731
-63.892674582992,-38.066110164592,2767,229,-221
-67.261356898442,-21.402361644166,2655,6,-133
-66.452873142734,-30.430430249572,2762,32,-484
-62.590117421018,-18.752331556012,2894,205,-69
-67.665598776296,-23.37865526923,2613,38,-140
-62.320622835782,-19.11165766966,2892,195,-160
-65.329979037584,-24.681212431204,2799,40,917
-67.036778077412,-22.794750334552,2635,11,-60
-68.698661353034,-38.605099335064,2755,126,-97
-65.105400216554,-22.435424220904,2726,135,1995
-66.003715500674,-18.752331556012,2720,39,526
-69.327482051918,-27.016832169916,2626,83,-131
-68.788492881446,-25.3998646585,2627,18,-384
-71.258859912776,-34.742343613348,2775,14,1332
-67.17152537003,-21.58202470099,2655,8,-83
-65.105400216554,-24.321886317556,2810,53,292
-65.734220915438,-21.626940465196,2701,6,350
-64.386747989258,-20.728625181076,2818,71,536
-66.991862313206,-30.610093306396,2779,24,-568
-69.552060872948,-32.1372292894,2572,194,394
-66.72236772797,-22.210845399874,2629,11,1370
-67.261356898442,-21.626940465196,2651,8,-104
-69.911386986596,-37.886447107768,2725,95,56
-70.09105004342,-24.815959723822,2788,1,-772
-68.06984065415,-33.754196800816,2765,81,-364
-69.1927347593,-33.529617979786,2725,185,-185
-65.554557858614,-26.118516885796,2784,82,676
-63.084190827284,-39.413583090772,2770,228,-146
-65.464726330202,-36.449142653176,2769,146,-298
-65.689305151232,-28.364305096096,2811,56,-492
-68.06984065415,-25.040538544852,2611,10,-428
-70.046134279214,-26.52275876365,2827,0,-568
-64.02742187561,-19.56081531172,2797,89,191
-68.06984065415,-24.771043959616,2609,11,-488
-67.485935719472,-37.616952522532,2758,130,-215
-68.653745588828,-31.68807164734,2722,42,-485
-65.59947362282,-28.499052388714,2735,74,8
-68.563914060416,-23.917644439702,2727,3,-662
-70.585123449686,-30.879587891632,2634,177,1255
-70.450376157068,-27.6456528688,2799,2,-397
-65.105400216554,-36.718637238412,2767,169,-270
-66.72236772797,-21.537108936784,2692,13,1078
-70.854618034922,-28.903294266568,2802,13,-382
-71.079196855952,-31.91265046837,2747,23,873
-63.713011526168,-37.52712099412,2768,216,-97
-65.554557858614,-37.572036758326,2769,173,-258
-69.821555458184,-33.754196800816,2547,258,2410
-65.105400216554,-22.660003041934,2747,114,1266
-65.958799736468,-38.335604749828,2770,191,-215
-68.06984065415,-24.636296666998,2594,16,-353
-66.318125850116,-26.477842999444,2675,18,1078
-64.970652923936,-21.043035530518,2771,23,-277
-63.892674582992,-38.515267806652,2769,226,-176
-68.563914060416,-25.759190772148,2610,20,-407
-69.057987466682,-37.347457937296,2735,113,-247
-65.509642094408,-24.905791252234,2800,42,640
-67.485935719472,-25.804106536354,2653,7,-569
-63.937590347198,-20.324383303222,2828,82,251
-67.17152537003,-21.13286705893,2662,8,301
-70.674954978098,-31.01433518425,2744,50,388
-67.036778077412,-37.572036758326,2758,137,-235
-66.677451963764,-36.134732303734,2773,128,-314
-67.036778077412,-26.29817994262,2629,11,-575
-68.384251003592,-27.600737104594,2576,44,-315
-67.935093361532,-33.664365272404,2767,67,-382
-65.689305151232,-28.76854697395,2772,70,-339
-67.306272662648,-28.499052388714,2792,27,-651
-69.86647122239,-29.487199201246,2544,159,745
-66.49778890694,-17.674353215068,2720,66,1013
-66.677451963764,-36.449142653176,2773,140,-296
-66.991862313206,-29.981272607512,2792,27,-458
-64.7011583387,-19.246404962278,2770,40,507
-70.001218515008,-35.50591160485,2621,284,1769
-70.585123449686,-23.019329155582,NA,NA,NA
-68.474082532004,-35.011838198584,2708,141,-257
-71.169028384364,-29.127873087598,2806,12,-357
-64.92573715973,-36.359311124764,2770,149,-279
-68.833408645652,-29.532114965452,2679,44,-421
-69.147818995094,-25.84902230056,2629,52,-291
-66.991862313206,-26.118516885796,2612,11,-455
-69.462229344536,-26.702421820474,2637,53,-241
-68.96815593827,-32.316892346224,2689,78,-375
-65.779136679644,-22.570171513522,2676,5,614
-64.47657951767,-19.021826141248,2810,39,-610
-67.081693841618,-23.468486797642,2639,13,-560
-68.653745588828,-34.517764792318,2731,131,-213
-64.072337639816,-22.076098107256,2810,70,1492
-66.27321008591,-18.527752734982,2708,37,594
-69.596976637154,-31.508408590516,2711,101,-335
-67.126609605824,-26.253264178414,2634,14,-433
-64.566411046082,-20.144720246398,2809,39,-287
-66.812199256382,-30.295682956954,2793,20,-509
-69.237650523506,-29.936356843306,2706,108,-462
-67.575767247884,-34.966922434378,2769,98,-359
-66.632536199558,-28.274473567684,2789,10,-736
-67.530851483678,-17.135364044596,2711,124,922
-64.880821395524,-19.11165766966,2762,25,394
-69.102903230888,-33.70928103661,2730,185,-178
-67.126609605824,-37.482205229914,2761,125,-232
-63.847758818786,-20.818456709488,2820,69,663
-63.57826423355,-19.56081531172,2844,87,442
-65.509642094408,-20.369299067428,2753,12,44
-65.644389387026,-36.089816539528,2770,123,-332
-70.135965807626,-29.756693786482,2538,369,1287
-65.509642094408,-20.728625181076,2776,9,-540
-67.62068301209,-30.026188371718,2749,15,-550
-66.27321008591,-23.782897147084,2682,2,-375
-67.800346068914,-18.303173913952,2702,38,1040
-64.746074102906,-22.570171513522,2792,145,2072
-64.835905631318,-37.257626408884,2767,190,-257
-62.23079130737,-19.11165766966,2893,203,-299
-71.88768061166,-33.754196800816,NA,NA,NA
-71.483438733806,-34.562680556524,2773,11,1582
-70.135965807626,-28.903294266568,2657,157,810
-66.632536199558,-38.560183570858,2765,156,-196
-64.970652923936,-18.168426621334,2815,50,-25
-68.339335239386,-24.05239173232,2697,8,-492
-66.452873142734,-18.078595092922,2712,46,592
-67.800346068914,-16.64129063833,2628,361,2331
-68.51899829621,-35.95506924691,2709,151,-334
-67.890177597326,-20.818456709488,2698,10,-638
-69.102903230888,-38.245773221416,2751,125,-66
-68.74357711724,-33.394870687168,2750,78,-307
-63.847758818786,-21.537108936784,2830,63,664
-64.970652923936,-20.593877888458,2736,42,716
-70.405460392862,-23.962560203908,2841,19,-674
-67.306272662648,-17.719268979274,2710,48,173
-70.270713100244,-28.723631209744,2696,114,275
-67.351188426854,-18.707415791806,2701,27,602
-66.542704671146,-27.465989811976,2752,20,-671
-70.495291921274,-23.288823740818,2849,6,-673
-68.249503710974,-33.619449508198,2763,87,-352
-70.180881571832,-24.097307496526,2836,2,-814
-64.431663753464,-37.212710644678,2766,200,-226
-71.573270262218,-31.193998241074,2822,17,402
-67.081693841618,-38.470352042446,2762,164,-177
-66.27321008591,-20.414214831634,2698,12,623
-68.923240174064,-26.388011471032,2610,46,-241
-68.698661353034,-36.224563832146,2710,171,-281
-63.12910659149,-37.97627863618,2767,236,-187
-67.081693841618,-23.917644439702,2659,13,-560
-64.117253404022,-17.854016271892,2836,295,557
-66.228294321704,-28.274473567684,2819,22,-342
-62.67994894943,-39.77290920442,2769,235,-157
-62.590117421018,-19.695562604338,2879,131,-135
-63.757927290374,-19.515899547514,2841,80,154
-62.90452777046,-18.393005442364,2897,231,-148
-69.507145108742,-36.044900775322,2624,320,285
-68.698661353034,-26.792253348886,2529,72,18
-65.509642094408,-23.468486797642,2677,35,804
-71.4385229696,-32.451639638842,NA,NA,NA
-65.913883972262,-36.269479596352,2770,127,-328
-67.980009125738,-28.454136624508,2748,21,-490
-66.72236772797,-36.314395360558,2774,134,-302
-66.49778890694,-22.660003041934,2663,5,752
-64.521495281876,-36.763553002618,2769,183,-255
-66.363041614322,-17.449774394038,2782,65,620
-67.665598776296,-28.99312579498,2675,112,299
-69.821555458184,-28.229557803478,2665,104,277
-67.441019955266,-28.499052388714,2793,41,-694
-71.573270262218,-30.295682956954,2837,6,-305
-66.27321008591,-21.80660352202,2677,6,1375
-66.677451963764,-38.155941693004,2764,167,-178
-63.937590347198,-21.716771993608,2812,69,1393
-64.117253404022,-20.189636010604,2807,107,982
-62.769780477842,-18.976910377042,2890,145,-65
-68.06984065415,-24.771043959616,2609,11,-488
-63.892674582992,-18.88707884863,2841,131,431
-63.533348469344,-39.683077676008,2766,235,-175
-68.563914060416,-35.460995840644,2712,172,-263
-63.982506111404,-37.212710644678,2768,215,-115
-69.507145108742,-31.373661297898,2748,102,-420
-65.329979037584,-19.426068019102,2729,31,247
-66.72236772797,-28.09481051086,2792,11,-725
-69.41731358033,-29.082957323392,2559,102,143
-67.890177597326,-17.09044828039,2693,89,804
-71.618186026424,-31.418577062104,NA,NA,NA
-65.195231744966,-18.572668499188,2785,16,-265
-65.82405244385,-18.123510857128,2760,47,1091
-63.12910659149,-21.312530115754,2863,50,390
-65.59947362282,-23.1540764482,2696,7,210
-70.585123449686,-29.756693786482,2634,231,535
-71.258859912776,-28.31938933189,NA,NA,NA
-67.081693841618,-19.78539413275,2685,25,983
-71.573270262218,-31.822818939958,NA,NA,NA
-65.060484452348,-39.32375156236,2762,211,-187
-62.814696242048,-17.98876356451,2898,373,23
-66.003715500674,-26.927000641504,2738,82,1585
-71.124112620158,-32.406723874636,2800,21,997
-70.31562886445,-23.288823740818,2833,7,-603
-70.09105004342,-26.567674527856,2816,0,-582
-69.1927347593,-24.636296666998,2661,4,-615
-70.405460392862,-33.978775621846,2636,89,2422
-64.386747989258,-20.414214831634,2768,60,676
-70.31562886445,-31.957566232576,2604,234,1963
-66.812199256382,-17.09044828039,2783,169,513
-66.587620435352,-36.85338453103,2771,152,-280
-69.86647122239,-33.080460337726,2546,270,2374
-69.776639693978,-27.87023168983,2677,110,401
-70.09105004342,-26.792253348886,2769,2,-545
-70.674954978098,-37.257626408884,2686,132,1206
-64.746074102906,-19.875225661162,2754,35,495
-68.788492881446,-32.36180811043,2770,79,-359
-67.800346068914,-26.163432650002,2619,5,-353
-69.596976637154,-34.248270207082,2526,396,1933
-63.847758818786,-19.605731075926,2831,101,430
-67.485935719472,-16.686206402536,2753,433,1953
-67.216441134236,-21.626940465196,2651,8,-52
-64.656242574494,-37.257626408884,2766,192,-251
-65.913883972262,-25.444780422706,2716,28,561
-68.653745588828,-34.742343613348,2717,125,-262
-65.419810565996,-19.875225661162,2722,27,81
-64.835905631318,-37.841531343562,2766,180,-255
-63.713011526168,-18.393005442364,2839,252,428
-67.39610419106,-18.617584263394,2699,29,608
-66.542704671146,-18.6625000276,2708,36,1016
-66.407957378528,-21.986266578844,2683,5,432
-64.92573715973,-22.076098107256,2766,60,896
-67.710514540502,-37.212710644678,2759,138,-245
-70.046134279214,-37.52712099412,2722,88,138
-67.036778077412,-30.655009070602,2780,27,-541
-69.102903230888,-34.203354442876,2708,223,-209
-67.306272662648,-37.347457937296,2760,143,-216
-65.644389387026,-25.759190772148,2733,30,-107
-67.485935719472,-36.85338453103,2763,137,-266
-68.608829824622,-28.633799681332,2701,64,-491
-69.552060872948,-32.316892346224,2601,166,194
-66.452873142734,-27.016832169916,2755,9,-811
-66.632536199558,-24.456633610174,2681,6,-582
-70.495291921274,-34.113522914464,2711,65,1976
-68.653745588828,-33.754196800816,2731,97,-297
-68.29441947518,-29.487199201246,2758,24,-546
-69.776639693978,-35.595743133262,2665,255,256
-69.776639693978,-28.858378502362,2601,187,883
-63.398601176726,-20.23455177481,2842,76,37
-63.668095761962,-36.808468766824,2770,216,-1
-66.363041614322,-21.671856229402,2649,9,1544
-65.734220915438,-18.572668499188,2805,23,-313
-66.991862313206,-32.182145053606,2779,23,-512
-66.946946549,-29.756693786482,2787,31,-433
-68.29441947518,-27.016832169916,2496,59,162
-67.261356898442,-17.045532516184,2676,343,2163
-62.90452777046,-20.68370941687,2864,83,161
-69.731723929772,-29.66686225807,2572,104,260
-67.575767247884,-28.813462738156,2771,62,-342
-67.980009125738,-25.759190772148,2605,7,-508
-67.261356898442,-37.437289465708,2758,140,-232
-66.093547029086,-35.95506924691,2769,117,-341
-66.363041614322,-26.702421820474,2731,10,-76
-67.216441134236,-28.813462738156,2712,55,700
-63.533348469344,-37.616952522532,2767,227,-61
-69.327482051918,-28.99312579498,2596,60,-169
-63.757927290374,-19.021826141248,2863,128,245
-70.809702270716,-33.574533743992,2765,13,693
-67.485935719472,-28.09481051086,2780,19,-578
-68.024924889944,-27.780400161418,2657,25,-450
-67.351188426854,-28.678715445538,2820,41,-627
-67.17152537003,-28.948210030774,2656,67,856
-68.74357711724,-24.27697055335,2686,5,-522
-63.084190827284,-18.797247320218,2888,135,0
-67.306272662648,-19.33623649069,2679,21,523
-68.608829824622,-25.310033130088,2603,20,-279
-67.575767247884,-19.78539413275,2697,11,-37
-69.552060872948,-31.149082476868,2709,134,-352
-67.39610419106,-21.896435050432,2651,10,-396
-64.25200069664,-19.965057189574,2798,106,797
-69.1927347593,-34.697427849142,2701,192,-182
-69.462229344536,-24.771043959616,2739,2,-657
-63.937590347198,-18.482836970776,2758,201,1133
-70.719870742304,-26.343095706826,NA,NA,NA
-66.183378557498,-37.392373701502,2769,162,-268
-64.92573715973,-21.626940465196,2715,43,1023
-68.06984065415,-19.830309896956,2700,11,-518
-62.724864713636,-20.45913059584,2868,88,72
-70.360544628656,-28.409220860302,2781,39,-120
-68.204587946768,-36.673721474206,2744,130,-260
-66.27321008591,-24.097307496526,2678,3,-338
-62.67994894943,-19.470983783308,2882,131,-195
-69.462229344536,-28.31938933189,2603,81,211
-67.755430304708,-18.752331556012,2689,25,782
-63.308769648314,-19.875225661162,2821,101,713
-63.12910659149,-39.09917274133,2771,237,-161
-68.74357711724,-35.101669726996,2714,131,-306
-69.282566287712,-25.983769593178,2648,47,-357
-69.86647122239,-25.130370073264,2785,2,-874
-66.677451963764,-26.74733758468,2655,15,-34
-68.204587946768,-20.548962124252,2698,12,-664
-67.39610419106,-31.23891400528,2739,31,-492
-68.923240174064,-29.756693786482,2621,73,70
-68.204587946768,-28.049894746654,2629,47,61
-67.126609605824,-20.728625181076,2676,7,-451
-66.363041614322,-23.37865526923,2672,2,-446
-64.117253404022,-38.290688985622,2767,228,-209
-70.585123449686,-33.888944093434,2741,38,1585
-66.138462793292,-23.37865526923,2676,3,-388
-69.956302750802,-23.962560203908,2802,0,-861
-69.327482051918,-29.846525314894,2657,133,-344
-66.902030784794,-28.31938933189,2793,9,-784
-67.710514540502,-34.3830174997,2768,88,-355
-65.060484452348,-38.515267806652,2766,204,-209
-67.216441134236,-17.135364044596,2711,232,1111
-67.39610419106,-32.721134224078,2782,20,-523
-66.902030784794,-26.07360112159,2620,11,-323
-66.003715500674,-29.082957323392,2803,30,-457
-70.31562886445,-30.744840599014,2612,423,1875
-65.59947362282,-23.872728675496,2682,100,1673
-66.49778890694,-29.307536144422,2804,30,-510
-68.114756418356,-29.801609550688,2754,22,-697
-68.159672182562,-32.855881516696,2769,32,-411
-70.270713100244,-31.777903175752,2628,190,1352
-65.060484452348,-24.456633610174,2814,45,229
-63.12910659149,-19.381152254896,2867,109,161
-67.351188426854,-25.893938064766,2678,9,-460
-62.23079130737,-39.278835798154,2795,280,-158
-64.341832225052,-22.345592692492,2773,77,2404
-67.261356898442,-28.76854697395,2765,52,413
-66.946946549,-26.612590292062,2702,6,-460
-70.495291921274,-33.619449508198,2742,36,1263
-67.710514540502,-16.371796053094,2783,472,2014
-64.25200069664,-21.087951294724,2801,80,786
-67.755430304708,-33.664365272404,2767,59,-395
-67.306272662648,-23.962560203908,2619,24,-621
-68.698661353034,-25.3998646585,2625,23,-285
-65.060484452348,-38.245773221416,2762,206,-245
-66.318125850116,-18.43792120657,2700,51,1144
-68.159672182562,-35.28133278382,2761,129,-313
-61.601970608486,-38.155941693004,2758,366,9
-64.162169168228,-38.20085745721,2767,217,-189
-67.890177597326,-34.877090905966,2761,101,-329
-67.710514540502,-24.546465138586,2637,6,-553
-63.57826423355,-21.177782823136,2850,52,327
-71.21394414857,-30.11601990013,2818,5,37
-69.821555458184,-24.636296666998,2776,1,-844
-67.935093361532,-26.882084877298,2611,24,-442
-68.384251003592,-31.373661297898,2774,22,-598
-67.126609605824,-17.854016271892,2716,53,318
-66.318125850116,-28.184642039272,2814,21,-599
-67.84526183312,-27.960063218242,2730,13,-605
-67.441019955266,-35.191501255408,2771,93,-369
-67.890177597326,-23.333739505024,2721,35,-394
-70.135965807626,-34.877090905966,2604,227,4162
-64.656242574494,-19.291320726484,2765,48,693
-63.668095761962,-19.426068019102,2849,76,146
-63.488432705138,-39.233920033948,2770,235,-160
-67.441019955266,-17.898932036098,2706,42,349
-66.991862313206,-37.841531343562,2760,151,-212
-67.261356898442,-17.449774394038,2708,116,796
-67.530851483678,-24.366802081762,2657,5,-640
-66.72236772797,-27.735484397212,2808,23,-421
-64.92573715973,-20.45913059584,2735,51,760
-64.7011583387,-22.70491880614,2826,147,2082
-67.441019955266,-32.406723874636,2780,18,-567
-66.902030784794,-17.494690158244,2688,160,1447
-67.62068301209,-17.98876356451,2709,35,576
-68.608829824622,-34.966922434378,2713,121,-264
-65.59947362282,-38.335604749828,2768,214,-206
-67.530851483678,-34.068607150258,2770,74,-375
-67.39610419106,-36.62880571,2766,140,-275
-62.994359298872,-20.099804482192,2862,94,40
-66.093547029086,-21.087951294724,2691,7,515
-66.72236772797,-30.205851428542,2797,22,-539
-70.360544628656,-34.068607150258,2624,113,2950
-70.135965807626,-24.771043959616,2801,1,-821
-66.04863126488,-36.044900775322,2769,118,-336
-68.249503710974,-33.349954922962,2766,62,-374
-67.351188426854,-16.776037930948,2782,374,1634
-63.982506111404,-20.414214831634,2820,89,436
-65.554557858614,-25.489696186912,2811,34,88
-62.814696242048,-18.21334238554,2897,294,-38
-62.410454364194,-38.829678156094,2786,291,-117
-66.363041614322,-29.082957323392,2801,30,-506
-62.859612006254,-21.222698587342,2868,63,132
-67.306272662648,-21.447277408372,2653,7,-47
-65.734220915438,-22.435424220904,2684,5,207
-71.752933319042,-33.529617979786,NA,NA,NA
-66.452873142734,-35.95506924691,2772,119,-340
-66.318125850116,-27.061747934122,2754,17,-578
-67.935093361532,-24.187139024938,2635,17,-261
-68.024924889944,-26.477842999444,2590,11,-427
-63.80284305458,-21.35744587996,2843,69,299
-67.261356898442,-35.326248548026,2773,97,-361
-69.462229344536,-35.416080076438,2693,241,67
-63.084190827284,-37.931362871974,2767,237,-198
-67.530851483678,-28.049894746654,2779,16,-553
-66.902030784794,-22.794750334552,2634,9,400
-68.204587946768,-24.905791252234,2601,12,-389
-67.261356898442,-32.541471167254,2789,18,-615
-63.084190827284,-38.784762391888,2771,249,-167
-70.225797336038,-32.541471167254,2628,290,2209
-63.308769648314,-19.470983783308,2835,120,951
-65.82405244385,-24.95070701644,2723,45,1105
-68.339335239386,-31.193998241074,2779,20,-651
-65.285063273378,-20.638793652664,2746,15,122
-68.159672182562,-25.759190772148,2623,6,-465
-68.74357711724,-29.8914410791,2726,36,-366
-62.67994894943,-19.830309896956,2875,118,-10
-66.902030784794,-26.74733758468,2707,9,-276
-67.261356898442,-35.50591160485,2773,101,-349
-68.474082532004,-31.643155883134,2758,25,-491
-67.485935719472,-28.409220860302,2792,38,-636
-70.674954978098,-35.595743133262,2672,191,3751
-68.74357711724,-35.236417019614,2722,130,-257
-70.270713100244,-24.097307496526,2833,3,-756
-62.67994894943,-18.88707884863,2892,171,-173
-68.833408645652,-24.366802081762,2687,5,-534
-69.372397816124,-32.900797280902,2589,239,157
-67.980009125738,-32.227060817812,2776,19,-446
-69.1927347593,-24.321886317556,2722,3,-638
-65.37489480179,-23.109160683994,2737,19,555
-68.06984065415,-28.364305096096,2723,19,-474
-63.533348469344,-17.98876356451,2863,353,387
-67.17152537003,-32.676218459872,2791,20,-562
-68.024924889944,-33.844028329228,2765,82,-362
-62.859612006254,-18.303173913952,2898,259,-39
-68.51899829621,-29.082957323392,2681,45,-655
-66.407957378528,-38.964425448712,2761,181,-193
-68.249503710974,-33.70928103661,2763,94,-343
-66.812199256382,-25.310033130088,2658,20,303
-65.913883972262,-37.616952522532,2768,175,-258
-65.82405244385,-23.513402561848,2703,5,-27
-68.608829824622,-38.066110164592,2755,160,-130
-70.674954978098,-28.229557803478,2818,2,-358
-65.060484452348,-20.638793652664,2722,44,1247
-66.946946549,-20.189636010604,2706,17,471
-66.812199256382,-20.099804482192,2710,24,1409
-67.216441134236,-23.333739505024,2626,20,-439
-67.665598776296,-23.917644439702,2665,26,-434
-71.169028384364,-28.948210030774,2805,4,-200
-69.507145108742,-31.68807164734,2738,58,-463
-64.7011583387,-19.470983783308,2731,57,1357
-65.554557858614,-17.898932036098,2786,54,579
-62.949443534666,-19.470983783308,2872,120,8
-65.015568688142,-21.447277408372,2694,30,688
-69.462229344536,-26.657506056268,2658,49,-166
-68.74357711724,-25.669359243736,2584,38,-254
-68.114756418356,-38.066110164592,2749,146,-154
-67.935093361532,-33.215207630344,2764,40,-412
-64.47657951767,-19.381152254896,2787,55,281
-65.59947362282,-25.62444347953,2806,32,5
-68.923240174064,-28.588883917126,2577,58,-257
-67.84526183312,-18.123510857128,2707,42,1317
-66.49778890694,-17.584521686656,2745,59,830
-64.386747989258,-37.482205229914,2766,192,-241
-64.92573715973,-20.23455177481,2734,39,376
-66.902030784794,-27.6456528688,2804,20,-453
-66.452873142734,-38.560183570858,2763,179,-180
-66.093547029086,-27.690568633006,2747,100,465
-71.708017554836,-33.125376101932,2832,10,1174
-66.991862313206,-19.470983783308,2690,20,595
-67.261356898442,-35.685574661674,2772,107,-328
-67.261356898442,-32.1372292894,2780,15,-576
-63.488432705138,-20.863372473694,2831,80,1045
-67.216441134236,-24.95070701644,2659,8,-522
-67.216441134236,-27.780400161418,2798,13,-475
-65.82405244385,-36.17964806794,2770,127,-328
-68.788492881446,-27.6456528688,2562,57,-121
-70.585123449686,-24.815959723822,NA,NA,NA
-68.923240174064,-34.023691386052,2723,172,-193
-65.329979037584,-24.007475968114,2793,167,1709
-71.66310179063,-33.888944093434,2795,5,972
-64.431663753464,-38.155941693004,2767,199,-220
-67.935093361532,-26.432927235238,2566,10,-360
-66.003715500674,-18.527752734982,2741,38,263
-65.464726330202,-28.184642039272,2801,67,-30
-66.093547029086,-18.21334238554,2744,50,1109
-69.1927347593,-28.76854697395,2607,48,-249
-67.39610419106,-37.033047587854,2763,145,-257
-67.935093361532,-20.818456709488,2702,9,-720
-65.105400216554,-18.88707884863,2796,18,-334
-65.868968208056,-21.492193172578,2692,8,1105
-69.102903230888,-26.927000641504,2596,54,-233
-68.833408645652,-35.775406190086,2697,223,-176
-67.530851483678,-38.20085745721,2763,139,-145
-66.902030784794,-38.65001509927,2761,174,-181
-66.767283492176,-27.600737104594,2773,23,-382
-69.731723929772,-27.915147454036,2648,128,224
-69.147818995094,-25.534611951118,2652,38,-425
-70.270713100244,-29.66686225807,2535,407,1430
-65.329979037584,-36.538974181588,2769,152,-266
-67.530851483678,-31.23891400528,2772,35,-504
-65.82405244385,-20.054888717986,2692,20,588
-65.779136679644,-23.064244919788,2691,7,633
-64.386747989258,-38.20085745721,2767,206,-192
-66.093547029086,-20.593877888458,2696,11,639
-69.282566287712,-33.215207630344,2690,182,-169
-67.17152537003,-22.345592692492,2646,14,245
-63.218938119902,-37.122879116266,2769,225,41
-66.093547029086,-23.782897147084,2699,2,-659
-64.47657951767,-22.076098107256,2802,54,1629
-67.441019955266,-33.349954922962,2777,43,-446
-66.363041614322,-25.759190772148,2724,31,401
-70.899533799128,-36.85338453103,2690,230,3063
-70.405460392862,-31.508408590516,2591,290,2264
-67.710514540502,-25.579527715324,2644,7,-446
-66.991862313206,-31.68807164734,2779,15,-509
-66.72236772797,-22.435424220904,2641,7,878
-64.7011583387,-37.796615579356,2766,181,-269
-67.665598776296,-34.652512084936,2769,93,-353
-67.306272662648,-31.23891400528,2779,27,-529
-68.653745588828,-31.059250948456,2759,28,-546
-65.285063273378,-21.177782823136,2763,19,-98
-67.800346068914,-28.454136624508,2708,28,-475
-68.608829824622,-27.106663698328,2538,71,-60
-65.015568688142,-38.784762391888,2766,192,-201
-68.384251003592,-24.097307496526,2694,7,-455
-67.710514540502,-18.617584263394,2692,28,913
-66.318125850116,-24.95070701644,2636,25,1302
-67.081693841618,-25.17528583747,2658,9,-561
-68.563914060416,-36.089816539528,2710,159,-309
-63.174022355696,-18.168426621334,2892,270,-94
-69.731723929772,-23.872728675496,2810,0,-851
-67.62068301209,-26.837169113092,2655,15,-527
-62.635033185224,-37.167794880472,2769,219,-65
-69.552060872948,-37.482205229914,2689,184,-19
-61.512139080074,-38.829678156094,2782,320,-174
-69.41731358033,-23.693065618672,2743,1,-788
-63.757927290374,-38.155941693004,2771,233,-203
-66.093547029086,-24.860875488028,2737,21,348
-65.060484452348,-21.761687757814,2716,45,770
-66.946946549,-19.875225661162,2700,20,703
-66.407957378528,-29.532114965452,2800,26,-468
-70.809702270716,-31.957566232576,2715,46,362
-65.509642094408,-22.076098107256,2721,7,193
-67.485935719472,-16.910785223566,2678,329,2388
-66.587620435352,-22.839666098758,2620,8,1375
-66.003715500674,-23.782897147084,2710,2,-526
-70.719870742304,-30.744840599014,2739,61,448
-69.956302750802,-32.945713045108,2584,225,2153
-67.485935719472,-37.482205229914,2759,129,-228
-69.776639693978,-27.106663698328,2741,23,-184
-67.126609605824,-24.232054789144,2675,10,-566
-67.530851483678,-20.144720246398,2672,6,-732
-69.86647122239,-27.555821340388,2719,47,-195
-67.306272662648,-31.104166712662,2770,28,-516
-69.057987466682,-30.250767192748,2695,74,-584
-65.958799736468,-25.310033130088,2713,33,962
-65.015568688142,-20.953204002106,2758,31,148
-66.138462793292,-20.279467539016,2703,10,240
-65.689305151232,-23.558318326054,2697,22,777
-67.665598776296,-18.393005442364,2698,35,838
-68.923240174064,-31.867734704164,2697,89,-295
-67.306272662648,-37.347457937296,2760,143,-216
-69.686808165566,-37.437289465708,2691,200,90
-65.419810565996,-18.931994612836,2746,34,872
-64.746074102906,-37.167794880472,2767,191,-249
-66.587620435352,-19.56081531172,2684,33,2553
-68.024924889944,-34.877090905966,2754,114,-324
-66.093547029086,-38.470352042446,2767,175,-219
-64.072337639816,-17.898932036098,2850,263,307
-66.407957378528,-38.245773221416,2766,173,-205
-66.27321008591,-19.470983783308,2663,23,1442
-67.530851483678,-19.156573433866,2686,19,520
-67.306272662648,-31.822818939958,2777,14,-598
-66.587620435352,-29.711778022276,2797,24,-492
-68.204587946768,-36.269479596352,2743,130,-282
-63.308769648314,-38.964425448712,2769,258,-158
-66.318125850116,-24.232054789144,2673,4,-216
-69.462229344536,-29.038041559186,2558,104,105
-68.114756418356,-20.68370941687,2658,19,73
-68.474082532004,-34.113522914464,2744,134,-282
-64.92573715973,-22.165929635668,2767,74,923
-67.39610419106,-22.345592692492,2651,12,-471
-70.76478650651,-37.167794880472,2705,134,1253
-66.812199256382,-18.931994612836,2760,36,1801
-67.935093361532,-20.818456709488,2702,9,-720
-70.31562886445,-27.376158283564,2812,2,-424
-64.7011583387,-18.43792120657,2803,35,-304
-68.608829824622,-32.36180811043,2769,60,-444
-71.528354498012,-34.068607150258,2786,5,708
-66.812199256382,-35.910153482704,2773,120,-323
-71.618186026424,-30.34059872116,2830,7,-176
-66.812199256382,-30.205851428542,2795,21,-524
-71.393607205394,-30.071104135924,NA,NA,NA
-69.1927347593,-24.72612819541,2659,5,-546
-62.994359298872,-20.593877888458,2859,92,143
-68.788492881446,-35.50591160485,2698,208,-208
-71.21394414857,-32.496555403048,2807,14,955
-67.575767247884,-36.269479596352,2760,131,-311
-66.49778890694,-21.626940465196,2668,12,1839
-67.575767247884,-35.460995840644,2774,92,-345
-65.509642094408,-38.784762391888,2768,185,-199
-64.207084932434,-37.122879116266,2767,208,-197
-65.285063273378,-37.122879116266,2769,157,-278
-69.731723929772,-30.385514485366,2508,394,940
-68.114756418356,-28.588883917126,2762,20,-541
-68.429166767798,-23.737981382878,2722,4,-597
-68.653745588828,-38.290688985622,2755,138,-97
-66.407957378528,-19.965057189574,2690,17,914
-70.585123449686,-36.583889945794,2647,258,3144
-63.12910659149,-21.043035530518,2855,65,579
-71.169028384364,-28.948210030774,2805,4,-200
-67.530851483678,-37.437289465708,2760,130,-243
-69.507145108742,-28.858378502362,2583,103,237
-67.485935719472,-34.697427849142,2770,92,-364
-65.419810565996,-18.21334238554,2770,35,268
-67.39610419106,-23.872728675496,2628,21,-514
-65.779136679644,-37.033047587854,2768,172,-283
-65.59947362282,-21.671856229402,2740,6,-58
-68.204587946768,-27.241410990946,2585,37,-261
-66.812199256382,-21.402361644166,2689,11,494
-69.911386986596,-29.397367672834,2578,143,491
-67.441019955266,-36.40422688897,2763,137,-299
-66.407957378528,-29.8914410791,2801,23,-513
-66.677451963764,-19.830309896956,2707,27,2087
-70.76478650651,-29.8914410791,2743,100,211
-64.207084932434,-19.201489198072,2751,89,509
-70.225797336038,-31.23891400528,2581,241,2151
-67.351188426854,-16.86586945936,2684,417,2491
-67.126609605824,-20.054888717986,2692,12,-227
-64.072337639816,-20.189636010604,2814,98,720
-68.024924889944,-32.81096575249,2770,28,-426
-66.767283492176,-28.678715445538,2800,19,-887
-70.899533799128,-27.42107404777,2834,7,-482
-67.351188426854,-37.841531343562,2757,139,-210
-66.318125850116,-26.567674527856,2711,11,35
-68.204587946768,-24.771043959616,2639,13,-384
-64.296916460846,-38.245773221416,2769,208,-173
-67.575767247884,-21.626940465196,2658,10,-94
-69.013071702476,-25.040538544852,2637,9,-459
-68.653745588828,-28.274473567684,2594,127,-258
-71.348691441188,-32.855881516696,2791,11,1319
-71.079196855952,-30.520261777984,2800,22,393
-66.183378557498,-23.60323409026,2683,2,-584
-61.736717901104,-38.829678156094,2782,309,-100
-68.74357711724,-37.07796335206,2717,168,-184
-67.081693841618,-31.193998241074,2795,19,-651
-67.39610419106,-26.567674527856,2724,6,-728
-65.59947362282,-20.773540945282,2755,9,-419
-64.790989867112,-22.390508456698,2803,125,1960
-63.263853884108,-19.381152254896,2853,114,611
-67.665598776296,-27.151579462534,2744,12,-563
-65.59947362282,-25.759190772148,2744,39,333
-68.96815593827,-37.392373701502,2740,112,-228
-67.755430304708,-27.960063218242,2743,11,-585
-67.62068301209,-36.988131823648,2760,136,-256
-69.41731358033,-32.182145053606,2686,93,-392
-69.911386986596,-34.60759632073,2582,308,3631
-67.351188426854,-25.534611951118,2636,9,-551
-66.183378557498,-22.660003041934,2675,4,785
-64.117253404022,-37.212710644678,2767,209,-173
-68.878324409858,-23.82781291129,2698,2,-637
-66.407957378528,-16.955700987772,2708,472,3464
-68.114756418356,-38.515267806652,2760,147,-171
-68.923240174064,-36.224563832146,2710,150,-257
-70.944449563334,-32.945713045108,2760,15,526
-65.59947362282,-17.719268979274,2744,149,2072
-68.788492881446,-23.917644439702,2702,2,-617
-65.240147509172,-20.773540945282,2780,15,-348
-64.970652923936,-20.414214831634,2745,38,362
-71.618186026424,-34.966922434378,2776,23,1981
-68.384251003592,-27.690568633006,2593,36,-417
-66.812199256382,-31.01433518425,2788,28,-511
-68.96815593827,-37.437289465708,2734,132,-192
-69.686808165566,-34.293185971288,2590,264,1673
-65.419810565996,-18.033679328716,2799,46,344
-63.039275063078,-38.8745939203,2771,246,-167
-65.59947362282,-39.144088505536,2764,196,-183
-66.452873142734,-19.78539413275,2660,23,2224
-64.611326810288,-19.201489198072,2786,45,288
-69.821555458184,-24.27697055335,2811,0,-922
-65.329979037584,-24.142223260732,2797,138,1397
-65.779136679644,-20.189636010604,2704,15,619
-67.980009125738,-29.532114965452,2777,20,-538
-67.935093361532,-27.915147454036,2695,16,-469
-66.857115020588,-22.390508456698,2636,8,618
-66.27321008591,-20.099804482192,2682,17,1143
-69.282566287712,-27.555821340388,2582,154,270
-66.49778890694,-23.468486797642,2659,3,-62
-67.665598776296,-36.988131823648,2759,135,-257
-66.04863126488,-29.172788851804,2803,28,-443
-63.084190827284,-19.650646840132,2863,111,28
-69.911386986596,-28.588883917126,2636,245,794
-64.162169168228,-38.290688985622,2767,217,-214
-62.949443534666,-37.212710644678,2769,223,0
-70.405460392862,-36.673721474206,2590,398,3229
-69.956302750802,-29.487199201246,2545,221,1007
-66.587620435352,-19.021826141248,2716,33,1700
-69.911386986596,-30.205851428542,2599,264,1128
-65.509642094408,-22.25576116408,2721,7,368
-69.282566287712,-34.742343613348,2692,238,-173
-64.386747989258,-22.660003041934,2821,61,980
-64.970652923936,-21.986266578844,2738,57,1198
-68.384251003592,-27.600737104594,2576,44,-315
-66.183378557498,-23.917644439702,2689,3,-447
-70.76478650651,-36.988131823648,2708,159,1715
-66.27321008591,-20.369299067428,2692,12,656
-70.585123449686,-28.633799681332,2777,19,-136
-68.249503710974,-25.669359243736,2577,16,-332
-68.024924889944,-24.007475968114,2678,26,-289
-62.500285892606,-38.784762391888,2782,287,-128
-69.64189240136,-34.877090905966,2664,254,393
-61.646886372692,-38.829678156094,2781,315,-105
-65.689305151232,-26.882084877298,2757,170,2308
-64.835905631318,-18.393005442364,2823,26,-629
-62.545201656812,-39.233920033948,2776,257,-149
-67.216441134236,-38.245773221416,2761,155,-157
-67.62068301209,-29.801609550688,2732,26,-438
-63.937590347198,-18.258258149746,2838,164,-120
-69.462229344536,-27.6456528688,2659,143,-37
-66.49778890694,-17.180279808802,2712,259,2752
-69.911386986596,-35.191501255408,2641,292,1003
-65.195231744966,-21.537108936784,2737,26,197
-68.74357711724,-26.028685357384,2611,42,-457
-67.710514540502,-32.316892346224,2780,18,-502
-69.102903230888,-26.163432650002,2636,38,-350
-66.812199256382,-19.830309896956,2705,22,1255
-69.1927347593,-32.316892346224,2687,97,-401
-68.159672182562,-28.454136624508,2706,28,-396
-68.878324409858,-27.960063218242,2531,104,175
-68.96815593827,-29.756693786482,2638,75,-19
-62.724864713636,-20.9082882379,2869,76,121
-66.228294321704,-29.21770461601,2797,30,-450
-66.857115020588,-26.477842999444,2714,6,-577
-68.474082532004,-36.17964806794,2727,148,-297
-70.585123449686,-31.01433518425,2725,78,691
-65.689305151232,-37.07796335206,2769,169,-278
-66.228294321704,-38.694930863476,2763,187,-186
-64.566411046082,-20.099804482192,2787,43,-122
-66.767283492176,-17.045532516184,2797,182,776
-69.64189240136,-24.995622780646,2751,2,-759
-64.117253404022,-21.177782823136,2818,92,594
-67.62068301209,-25.579527715324,2689,5,-568
-71.258859912776,-33.394870687168,2766,10,832
-70.135965807626,-34.652512084936,2622,143,3316
-67.84526183312,-17.76418474348,2705,36,691
-65.689305151232,-24.097307496526,2686,111,2335
-68.833408645652,-26.792253348886,2573,76,-27
-70.674954978098,-34.293185971288,2749,57,2211
-64.746074102906,-17.854016271892,2794,191,1140
-64.341832225052,-38.694930863476,2770,214,-166
-63.80284305458,-19.740478368544,2832,94,237
-66.27321008591,-25.040538544852,2704,26,1224
-68.96815593827,-30.205851428542,2702,40,-444
-70.225797336038,-26.52275876365,2799,0,-670
-69.1927347593,-32.002481996782,2636,130,-237
-66.27321008591,-29.756693786482,2802,23,-499
-68.878324409858,-30.430430249572,2691,45,-303
-68.653745588828,-35.416080076438,2716,170,-238
-66.902030784794,-17.98876356451,2700,90,1854
-67.710514540502,-19.740478368544,2692,16,419
-66.183378557498,-26.612590292062,2687,15,200
-66.767283492176,-36.718637238412,2772,148,-280
-65.644389387026,-36.673721474206,2770,158,-286
-69.102903230888,-37.661868286738,2726,251,0
-65.644389387026,-21.896435050432,2703,7,386
-69.776639693978,-37.572036758326,2700,141,136
-66.767283492176,-27.061747934122,2725,21,-508
-67.665598776296,-28.499052388714,2793,34,-492
-63.488432705138,-38.739846627682,2770,237,-141
-68.96815593827,-32.406723874636,2704,73,-288
-67.216441134236,-36.269479596352,2772,129,-278
-71.348691441188,-29.307536144422,2828,18,-315
-64.072337639816,-20.9082882379,2843,61,-14
-66.183378557498,-17.225195573008,2699,458,3536
-67.665598776296,-19.470983783308,2706,13,47
-66.228294321704,-23.333739505024,2666,3,-44
-64.386747989258,-22.884581862964,2831,66,850
-70.31562886445,-32.002481996782,2621,212,1747
-67.126609605824,-23.917644439702,2660,11,-579
-69.282566287712,-37.616952522532,2719,184,-59
-69.462229344536,-30.610093306396,2649,322,303
-68.51899829621,-23.693065618672,2735,2,-731
-64.386747989258,-18.617584263394,2864,36,-565
-67.441019955266,-18.21334238554,2698,40,472
-71.618186026424,-31.732987411546,NA,NA,NA
-65.958799736468,-17.809100507686,2769,47,702
-67.216441134236,-25.265117365882,2664,5,-577
-65.779136679644,-18.258258149746,2769,36,5
-67.441019955266,-18.168426621334,2699,42,519
-62.500285892606,-37.75169981515,2760,245,-112
-65.779136679644,-25.579527715324,2708,30,411
-69.911386986596,-28.274473567684,2661,106,268
-67.575767247884,-20.369299067428,2668,6,-726
-70.360544628656,-23.737981382878,2839,22,-463
-70.854618034922,-37.347457937296,2708,174,1587
-68.74357711724,-34.472849028112,2714,141,-242
-69.507145108742,-25.3998646585,2752,9,-637
-67.530851483678,-19.021826141248,2689,24,722
-70.270713100244,-23.198992212406,2832,6,-666
-65.464726330202,-21.941350814638,2755,7,-176
-65.015568688142,-39.144088505536,2761,210,-189
-63.80284305458,-21.626940465196,2820,62,853
-66.72236772797,-30.924503655838,2777,31,-508
-67.84526183312,-37.52712099412,2757,131,-198
-70.54020768548,-24.321886317556,2885,16,-796
-71.258859912776,-32.227060817812,2795,14,775
-70.270713100244,-31.418577062104,2597,225,1801
-65.464726330202,-38.919509684506,2764,196,-195
-70.809702270716,-27.825315925624,2808,2,-408
-66.093547029086,-38.739846627682,2765,169,-185
-67.755430304708,-23.1540764482,2641,51,-266
-71.124112620158,-28.229557803478,2827,7,-389
-67.575767247884,-24.366802081762,2655,6,-599
-68.114756418356,-23.333739505024,2761,11,-676
-69.102903230888,-37.347457937296,2732,119,-217
-68.563914060416,-32.58638693146,2769,50,-423
-64.521495281876,-37.97627863618,2767,181,-282
-70.674954978098,-31.732987411546,2692,135,749
-70.854618034922,-36.898300295236,2698,195,2395
-66.767283492176,-20.054888717986,2703,26,1727
-62.185875543164,-38.021194400386,2759,387,43
-68.74357711724,-28.813462738156,2663,61,-579
-63.218938119902,-21.222698587342,2862,44,279
-65.734220915438,-23.198992212406,2628,8,1158
-68.878324409858,-23.423571033436,2764,4,-671
-67.441019955266,-27.061747934122,2668,10,-203
-67.036778077412,-21.312530115754,2667,7,17
-63.443516940932,-18.752331556012,2858,177,963
-69.41731358033,-28.364305096096,2599,81,199
-66.318125850116,-27.6456528688,2815,50,-527
-63.443516940932,-36.763553002618,2770,214,79
-70.585123449686,-27.690568633006,2802,2,-463
-62.769780477842,-18.482836970776,2895,228,70
-62.724864713636,-20.279467539016,2869,92,44
-66.632536199558,-23.198992212406,2669,4,-383
-65.060484452348,-39.144088505536,2761,209,-187
-63.80284305458,-22.300676928286,2807,73,1483
-67.126609605824,-29.756693786482,2775,28,-456
-69.686808165566,-25.893938064766,2780,6,-558
-69.057987466682,-33.394870687168,2734,140,-187
-67.710514540502,-31.822818939958,2779,24,-549
-69.731723929772,-27.780400161418,2696,100,-97
-65.59947362282,-20.00997295378,2725,19,-37
-66.991862313206,-17.31502710142,2742,145,192
-67.800346068914,-32.945713045108,2769,27,-441
-66.407957378528,-28.409220860302,2805,11,-575
-65.554557858614,-17.943847800304,2771,51,682
-71.618186026424,-34.83217514176,2771,22,2077
-69.013071702476,-23.962560203908,2730,1,-654
-66.093547029086,-20.818456709488,2719,9,298
-69.821555458184,-31.149082476868,2562,226,778
-63.218938119902,-36.763553002618,2769,214,98
-68.608829824622,-29.981272607512,2737,37,-354
-64.566411046082,-20.863372473694,2738,54,589
-69.911386986596,-32.900797280902,2575,202,1638
-65.779136679644,-24.771043959616,2736,40,914
-63.443516940932,-19.33623649069,2847,97,474
-66.587620435352,-17.854016271892,2712,49,530
-62.545201656812,-36.898300295236,2772,220,-94
-66.228294321704,-38.694930863476,2763,187,-186
-67.441019955266,-38.111025928798,2761,142,-161
-68.698661353034,-26.612590292062,2547,62,21
-70.719870742304,-32.227060817812,2754,37,337
-71.124112620158,-32.406723874636,2800,21,997
-66.946946549,-31.46349282631,2788,15,-544
-70.630039213892,-34.068607150258,2757,41,1584
-66.138462793292,-17.000616751978,2767,559,3425
-70.809702270716,-31.91265046837,2763,35,108
-68.384251003592,-35.28133278382,2727,146,-290
-68.878324409858,-31.373661297898,2695,55,-329
-62.365538599988,-37.75169981515,2758,279,-42
-67.216441134236,-37.482205229914,2761,134,-221
-68.788492881446,-24.95070701644,2642,13,-397
-68.114756418356,-20.414214831634,2685,10,-686
-66.946946549,-20.00997295378,2707,20,789
-67.126609605824,-21.312530115754,2663,6,-21
-62.365538599988,-38.694930863476,2784,288,-87
-67.62068301209,-20.45913059584,2670,7,-697
-70.360544628656,-28.588883917126,2739,65,23
-70.854618034922,-35.28133278382,2705,195,4943
-70.135965807626,-30.520261777984,2617,353,1266
-64.072337639816,-18.078595092922,2838,146,-127
-67.39610419106,-19.156573433866,2682,24,869
-65.240147509172,-37.437289465708,2768,171,-268
-63.35368541252,-39.638161911802,2766,239,-164
-64.880821395524,-36.583889945794,2769,167,-257
-66.452873142734,-21.35744587996,2691,10,959
-67.216441134236,-23.962560203908,2646,14,-635
-68.698661353034,-25.893938064766,2596,45,-316
-70.046134279214,-25.354948894294,2766,2,-617
-69.686808165566,-32.1372292894,2643,192,595
-68.96815593827,-36.044900775322,2708,193,-116
-66.812199256382,-18.348089678158,2677,64,2020
-62.724864713636,-20.863372473694,2869,77,210
-67.17152537003,-17.449774394038,2687,150,1283
-66.138462793292,-24.142223260732,2677,4,-245
-71.66310179063,-30.610093306396,2811,4,-80
-66.902030784794,-24.860875488028,2663,10,-430
-66.812199256382,-23.423571033436,2629,11,108
-70.180881571832,-23.782897147084,2813,6,-740
-71.21394414857,-28.54396815292,2812,4,-432
-62.545201656812,-18.033679328716,2897,363,92
-70.360544628656,-33.754196800816,2692,71,2295
-67.39610419106,-32.182145053606,2781,16,-593
-69.237650523506,-28.139726275066,2605,81,-3
-68.788492881446,-33.305039158756,2753,91,-275
-66.857115020588,-23.872728675496,2637,11,-223
-70.270713100244,-32.271976582018,2616,282,2212
-70.225797336038,-34.293185971288,2586,170,4497
-64.970652923936,-19.201489198072,2772,23,167
-66.902030784794,-20.773540945282,2685,7,-354
-69.1927347593,-31.059250948456,2615,123,-309
-67.755430304708,-38.380520514034,2756,176,-172
-62.67994894943,-38.245773221416,2770,269,-142
-63.847758818786,-20.998119766312,2843,64,329
-67.17152537003,-17.584521686656,2713,96,523
-69.507145108742,-29.262620380216,2573,82,176
-61.601970608486,-38.20085745721,2761,340,-5
-69.237650523506,-31.508408590516,2660,122,-288
-67.84526183312,-34.338101735494,2765,92,-343
-68.698661353034,-34.652512084936,2716,133,-206
-69.41731358033,-26.927000641504,2647,65,-144
-66.228294321704,-22.345592692492,2646,5,1366
-66.27321008591,-27.87023168983,2816,43,-613
-65.644389387026,-25.669359243736,2752,31,-59
-69.507145108742,-27.825315925624,2606,188,327
-64.117253404022,-21.851519286226,2819,52,670
-66.228294321704,-20.189636010604,2709,11,287
-65.644389387026,-36.224563832146,2769,135,-304
-67.84526183312,-32.36180811043,2778,18,-465
-67.575767247884,-23.37865526923,2611,25,-493
-66.452873142734,-17.359942865626,2749,103,1029
-68.159672182562,-26.567674527856,2610,11,-407
-66.228294321704,-25.3998646585,2770,41,-160
-70.180881571832,-28.54396815292,2682,163,327
-71.842764847454,-34.83217514176,2782,16,1444
-64.207084932434,-38.021194400386,2767,198,-264
-68.429166767798,-31.553324354722,2762,25,-524
-67.39610419106,-33.48470221558,2778,49,-431
-67.575767247884,-21.58202470099,2660,10,-84
-65.82405244385,-18.258258149746,2770,38,258
-67.441019955266,-27.376158283564,2736,9,-240
-66.946946549,-20.773540945282,2682,7,-349
-68.429166767798,-24.771043959616,2620,15,-389
-66.946946549,-30.205851428542,2790,22,-488
-66.812199256382,-24.905791252234,2669,9,-197
-65.734220915438,-38.42543627824,2768,207,-203
-67.081693841618,-29.397367672834,2706,47,-255
-69.372397816124,-24.142223260732,2788,0,-795
-69.596976637154,-26.432927235238,2733,14,-527
-67.935093361532,-34.787259377554,2761,101,-275
-66.27321008591,-26.97191640571,2760,11,-598
-69.64189240136,-36.898300295236,2676,276,322
-67.935093361532,-34.83217514176,2760,103,-306
-67.710514540502,-32.766049988284,2772,22,-462
-63.937590347198,-39.593246147596,2765,226,-167
-64.611326810288,-17.854016271892,2783,207,905
-63.57826423355,-37.437289465708,2768,222,-7
-68.878324409858,-29.711778022276,2681,53,-221
-68.114756418356,-23.962560203908,2719,13,-459
-69.956302750802,-23.243907976612,2792,0,-873
-66.228294321704,-37.167794880472,2769,156,-277
-65.15031598076,-18.168426621334,2797,43,29
-62.814696242048,-18.348089678158,2896,258,18
-67.575767247884,-28.184642039272,2787,21,-539
-69.462229344536,-35.011838198584,2706,203,-77
-70.98936532754,-28.364305096096,2803,2,-333
-67.126609605824,-22.70491880614,2619,12,40
-65.868968208056,-20.504046360046,2715,13,618
-64.92573715973,-36.314395360558,2771,145,-287
-69.552060872948,-25.220201601676,2751,5,-809
-68.833408645652,-37.07796335206,2685,197,-163
-64.521495281876,-22.345592692492,2820,54,1089
-69.372397816124,-37.212710644678,2717,143,-138
-70.270713100244,-27.915147454036,2761,7,-166
-64.92573715973,-39.144088505536,2761,211,-188
-70.495291921274,-27.19649522674,2795,2,-508
-66.003715500674,-18.752331556012,2720,39,526
-67.485935719472,-34.922006670172,2769,98,-365
-67.485935719472,-35.820321954292,2769,113,-311
-66.542704671146,-22.660003041934,2649,7,1103
-70.719870742304,-32.227060817812,2754,37,337
-67.216441134236,-20.728625181076,2674,7,-467
-65.464726330202,-20.818456709488,2745,17,214
-70.135965807626,-37.392373701502,2704,142,537
-69.956302750802,-34.427933263906,2636,144,2339
-61.422307551662,-38.829678156094,2783,325,-126
-62.635033185224,-19.56081531172,2881,134,-110
-65.82405244385,-29.127873087598,2804,33,-457
-69.731723929772,-30.026188371718,2530,273,671
-65.689305151232,-19.740478368544,2667,30,346
-65.59947362282,-28.813462738156,2755,58,-157
-67.710514540502,-24.007475968114,2671,18,-530
-66.318125850116,-22.92949762717,2660,5,786
-65.913883972262,-17.76418474348,2775,63,853
-70.270713100244,-32.58638693146,2613,243,2064
-69.41731358033,-27.331242519358,2629,88,-65
-68.833408645652,-32.945713045108,2763,83,-276
-63.533348469344,-19.965057189574,2842,72,333
-65.779136679644,-25.534611951118,2732,30,321
-69.282566287712,-37.886447107768,2750,124,-99
-69.41731358033,-30.430430249572,2675,301,546
-66.632536199558,-25.938853828972,2633,16,435
-65.329979037584,-19.56081531172,2730,30,125
-68.249503710974,-32.406723874636,2771,22,-425
-68.833408645652,-26.028685357384,2595,55,-271
-66.318125850116,-28.184642039272,2814,21,-599
-68.608829824622,-32.092313525194,2764,58,-403
-67.485935719472,-32.58638693146,2777,19,-512
-71.483438733806,-30.879587891632,2801,4,126
-65.509642094408,-24.142223260732,2757,166,2756
-62.275707071576,-39.144088505536,NA,NA,NA
-70.809702270716,-32.316892346224,2779,32,521
-64.7011583387,-18.078595092922,2849,52,-613
-70.899533799128,-30.475346013778,2764,73,470
-66.27321008591,-19.470983783308,2663,23,1442
-66.902030784794,-16.820953695154,2799,232,197
-67.935093361532,-20.9082882379,2697,10,-697
-66.318125850116,-18.123510857128,2703,59,1225
-66.27321008591,-25.669359243736,2732,50,641
-67.216441134236,-20.144720246398,2675,9,-500
-68.563914060416,-30.744840599014,2764,24,-566
-65.105400216554,-23.1540764482,2706,88,1825
-69.41731358033,-27.960063218242,2623,129,118
-65.82405244385,-18.303173913952,2800,30,-200
-68.788492881446,-29.981272607512,2720,37,-339
-66.632536199558,-29.262620380216,2808,34,-536
-67.84526183312,-36.314395360558,2752,128,-288
-70.585123449686,-32.182145053606,2673,109,1275
-68.878324409858,-31.149082476868,2659,57,-412
-66.27321008591,-24.27697055335,2662,5,-98
-70.270713100244,-31.508408590516,2636,192,1249
-65.464726330202,-25.220201601676,2805,36,52
-67.800346068914,-26.702421820474,2638,11,-591
-71.932596375866,-34.922006670172,2780,18,1469
-70.360544628656,-25.17528583747,2818,24,-399
-64.386747989258,-18.797247320218,2798,49,167
-65.195231744966,-24.321886317556,2810,72,606
-66.632536199558,-18.6625000276,2708,40,1302
-65.464726330202,-38.829678156094,2767,189,-203
-69.956302750802,-33.619449508198,2635,185,2452
-69.552060872948,-33.125376101932,2489,259,1002
-65.285063273378,-24.187139024938,2816,111,1008
-68.74357711724,-25.040538544852,2607,17,-341
-68.384251003592,-38.066110164592,2749,156,-140
-68.429166767798,-37.392373701502,2744,131,-196
-66.767283492176,-29.262620380216,2809,36,-511
-65.59947362282,-26.612590292062,2754,134,2230
-63.623179997756,-19.11165766966,2847,98,155
-65.015568688142,-18.797247320218,2799,28,451
-68.249503710974,-24.232054789144,2698,17,-351
-67.935093361532,-24.321886317556,2674,10,-564
-69.552060872948,-36.269479596352,2718,197,-59
-67.665598776296,-17.854016271892,2708,39,577
-67.441019955266,-35.95506924691,2767,116,-317
-64.656242574494,-19.426068019102,2746,51,975
-64.25200069664,-20.279467539016,2792,99,1308
-67.890177597326,-31.01433518425,2785,10,-498
-70.630039213892,-29.352451908628,2728,80,-80
-68.923240174064,-28.76854697395,2601,65,-377
-68.249503710974,-36.62880571,2744,127,-265
-68.06984065415,-19.875225661162,2695,10,-598
-67.530851483678,-36.17964806794,2761,127,-302
-70.674954978098,-29.756693786482,2735,131,123
-64.431663753464,-17.943847800304,2841,123,-379
-63.398601176726,-18.976910377042,2867,125,454
-67.261356898442,-29.352451908628,2809,62,-415
-69.686808165566,-26.208348414208,2758,5,-530
-69.731723929772,-38.245773221416,2733,124,126
-64.521495281876,-38.111025928798,2769,183,-208
-70.674954978098,-27.825315925624,2803,1,-458
-69.282566287712,-26.52275876365,2622,42,-222
-71.393607205394,-33.844028329228,2781,5,882
-69.821555458184,-23.82781291129,2810,0,-934
-66.902030784794,-17.225195573008,2766,133,250
-68.114756418356,-26.432927235238,2604,9,-469
-71.528354498012,-34.203354442876,2782,6,906
-67.306272662648,-22.570171513522,2639,13,-454
-69.552060872948,-28.454136624508,2566,110,551
-65.82405244385,-21.312530115754,2727,7,371
-61.736717901104,-39.233920033948,NA,NA,NA
-68.384251003592,-23.333739505024,2756,4,-777
-67.351188426854,-18.617584263394,2700,29,600
-68.429166767798,-28.54396815292,2719,56,-454
-65.285063273378,-21.492193172578,2728,22,507
-66.49778890694,-38.245773221416,2764,169,-193
-62.545201656812,-38.919509684506,2780,290,-128
-66.138462793292,-28.454136624508,2725,45,312
-66.49778890694,-27.465989811976,2733,22,-480
-66.093547029086,-36.718637238412,2770,151,-297
-66.04863126488,-18.572668499188,2717,43,932
-66.407957378528,-30.071104135924,2803,22,-506
-64.7011583387,-20.144720246398,2743,54,978
-65.105400216554,-23.917644439702,2794,109,1266
-64.656242574494,-36.17964806794,2771,149,-241
-67.216441134236,-18.752331556012,2710,26,599
-70.585123449686,-35.191501255408,2636,243,5459
-67.84526183312,-37.52712099412,2757,131,-198
-68.339335239386,-35.28133278382,2739,143,-294
-66.767283492176,-18.43792120657,2684,56,1992
-67.485935719472,-20.863372473694,2674,7,-551
-68.878324409858,-37.796615579356,2705,223,-49
-64.656242574494,-20.00997295378,2772,43,347
-70.09105004342,-31.508408590516,2642,160,976
-69.911386986596,-25.893938064766,2769,1,-566
-69.821555458184,-27.87023168983,2633,113,246
-70.270713100244,-35.146585491202,2641,182,2874
-67.306272662648,-37.392373701502,2758,148,-247
-66.677451963764,-29.262620380216,2809,35,-534
-68.833408645652,-29.397367672834,2694,41,-522
-62.545201656812,-18.707415791806,2895,218,14
-69.282566287712,-31.822818939958,2694,118,-225
-68.608829824622,-28.903294266568,2657,62,-506
-68.06984065415,-25.310033130088,2657,6,-461
-69.686808165566,-30.11601990013,2556,295,631
-70.854618034922,-33.48470221558,2763,12,542
-65.868968208056,-36.808468766824,2769,160,-286
-64.566411046082,-21.312530115754,2752,24,560
-68.024924889944,-27.825315925624,2668,20,-506
-63.847758818786,-19.33623649069,2833,94,247
-68.563914060416,-36.449142653176,2728,162,-304
-68.474082532004,-33.664365272404,2750,95,-320
-64.880821395524,-23.513402561848,2755,120,2584
-68.204587946768,-30.11601990013,2767,21,-632
-64.880821395524,-38.8745939203,2766,198,-184
-66.27321008591,-26.612590292062,2726,11,-243
-65.240147509172,-37.392373701502,2768,169,-287
-70.046134279214,-33.574533743992,2585,239,3699
-64.790989867112,-38.380520514034,2763,232,-207
-63.398601176726,-38.021194400386,2769,238,-193
-68.29441947518,-34.83217514176,2745,120,-258
-63.847758818786,-22.121013871462,2825,60,905
-66.228294321704,-21.13286705893,2684,7,661
-70.854618034922,-26.702421820474,NA,NA,NA
-67.530851483678,-20.68370941687,2676,8,-584
-69.013071702476,-37.616952522532,2722,211,-84
-65.060484452348,-21.761687757814,2716,45,770
-65.82405244385,-21.58202470099,2729,6,502
-65.734220915438,-20.9082882379,2733,10,237
-66.857115020588,-16.955700987772,2771,298,1913
-67.755430304708,-36.85338453103,2758,136,-259
-69.1927347593,-36.494058417382,2670,313,-2
-69.911386986596,-36.943216059442,2680,223,175
-66.587620435352,-22.165929635668,2641,7,1381
-70.98936532754,-33.529617979786,2760,13,974
-68.29441947518,-27.286326755152,2570,44,-302
-68.339335239386,-34.203354442876,2755,125,-308
-66.452873142734,-17.359942865626,2749,103,1029
-67.665598776296,-31.059250948456,2806,17,-706
-67.036778077412,-36.85338453103,2770,138,-266
-71.393607205394,-30.56517754219,2798,2,-14
-63.57826423355,-21.492193172578,2829,70,752
-67.036778077412,-31.328745533692,2792,17,-614
-62.814696242048,-20.68370941687,2866,84,246
-68.159672182562,-32.36180811043,2772,21,-437
-66.228294321704,-36.808468766824,2770,151,-293
-68.384251003592,-26.612590292062,2534,43,-183
-67.890177597326,-28.54396815292,2690,29,-557
-70.09105004342,-23.333739505024,2809,1,-734
-63.263853884108,-21.312530115754,2864,39,187
-71.21394414857,-30.924503655838,2784,6,137
-63.398601176726,-37.257626408884,2770,225,-4
-70.76478650651,-35.011838198584,2740,138,3327
-62.23079130737,-38.20085745721,2765,331,-100
-68.608829824622,-28.54396815292,2672,88,-382
-67.081693841618,-23.737981382878,2623,16,-507
-67.081693841618,-22.70491880614,2642,10,-181
-70.135965807626,-23.1540764482,2812,2,-770
-67.036778077412,-32.58638693146,2779,29,-551
-63.892674582992,-36.538974181588,2771,189,-55
-68.51899829621,-24.95070701644,2619,16,-373
-66.902030784794,-31.418577062104,2789,16,-532
-67.980009125738,-34.60759632073,2759,104,-310
-65.59947362282,-28.409220860302,2797,75,-200
-66.04863126488,-26.432927235238,2762,19,97
-63.308769648314,-38.694930863476,2771,248,-165
-67.306272662648,-24.456633610174,2648,14,-530
-69.552060872948,-36.538974181588,2721,232,40
-67.081693841618,-32.945713045108,2791,28,-549
-65.868968208056,-23.064244919788,2694,5,262
-67.935093361532,-19.381152254896,2703,12,-93
-69.596976637154,-27.735484397212,2672,133,-81
-65.734220915438,-17.943847800304,2763,49,911
-65.913883972262,-24.681212431204,2702,34,1256
-66.72236772797,-29.172788851804,2814,34,-536
-67.126609605824,-36.314395360558,2773,124,-291
-68.159672182562,-32.676218459872,2773,26,-421
-66.003715500674,-28.678715445538,2795,42,-382
-65.779136679644,-17.494690158244,2776,289,2330
-66.318125850116,-18.842163084424,2674,34,1238
-67.800346068914,-32.002481996782,2775,22,-489
-67.665598776296,-17.09044828039,2734,104,796
-71.348691441188,-28.858378502362,2823,8,-535
-69.956302750802,-27.061747934122,2740,9,-570
-69.237650523506,-25.669359243736,2675,36,-395
-67.126609605824,-29.8914410791,2785,26,-455
-69.686808165566,-33.888944093434,2638,161,639
-66.587620435352,-27.510905576182,2721,28,-485
-62.949443534666,-36.943216059442,2769,224,109
-68.159672182562,-32.631302695666,2773,25,-424
-68.06984065415,-38.021194400386,2749,144,-124
-71.528354498012,-31.23891400528,2819,15,459
-69.41731358033,-35.28133278382,2692,239,-21
-66.003715500674,-26.028685357384,2788,19,-289
-69.507145108742,-25.310033130088,2757,8,-784
-68.024924889944,-37.661868286738,2752,131,-199
-66.542704671146,-37.97627863618,2766,168,-208
-71.393607205394,-34.787259377554,2768,16,1650
-67.665598776296,-28.678715445538,2787,37,-534
-66.452873142734,-20.863372473694,2708,9,318
-62.365538599988,-37.572036758326,2759,216,-93
-68.788492881446,-26.567674527856,2595,55,-96
-66.183378557498,-28.274473567684,2807,27,-196
-66.587620435352,-24.007475968114,2631,10,483
-62.859612006254,-39.233920033948,2771,241,-154
-68.878324409858,-37.167794880472,2719,165,-162
-64.611326810288,-23.243907976612,2809,119,1820
-67.216441134236,-28.454136624508,2787,22,-587
-68.96815593827,-34.293185971288,2704,183,-211
-68.204587946768,-38.605099335064,2762,135,-136
-62.949443534666,-19.830309896956,2866,113,-17
-67.351188426854,-16.551459109918,2860,288,140
-66.49778890694,-21.896435050432,2682,7,613
-70.270713100244,-23.109160683994,2837,7,-600
-68.249503710974,-23.288823740818,2754,4,-756
-70.31562886445,-34.787259377554,2573,214,5455
-63.757927290374,-37.07796335206,2770,225,-26
-65.644389387026,-26.702421820474,2700,166,3305
-68.429166767798,-38.470352042446,2759,129,-142
-67.441019955266,-29.801609550688,2727,31,-492
-65.060484452348,-21.80660352202,2717,47,849
-67.710514540502,-31.508408590516,2793,24,-501
-70.585123449686,-24.905791252234,NA,NA,NA
-67.575767247884,-28.454136624508,2794,42,-507
-65.779136679644,-37.257626408884,2768,184,-271
-68.29441947518,-30.78975636322,2761,16,-563
-66.183378557498,-18.707415791806,2719,31,514
-66.902030784794,-27.376158283564,2780,25,-695
-69.596976637154,-31.193998241074,2699,140,-271
-67.755430304708,-18.033679328716,2688,48,1821
-68.06984065415,-20.9082882379,2671,19,-8
-62.320622835782,-38.155941693004,2765,310,-110
-67.126609605824,-32.58638693146,2790,23,-604
-69.507145108742,-25.62444347953,2739,14,-561
-66.49778890694,-26.882084877298,2745,11,-327
-64.7011583387,-21.35744587996,2776,17,-256
-66.407957378528,-24.546465138586,2643,11,498
-68.96815593827,-34.113522914464,2720,178,-194
-66.812199256382,-18.976910377042,2762,35,1835
-66.093547029086,-37.30254217309,2767,161,-277
-67.530851483678,-20.279467539016,2668,6,-746
-66.72236772797,-22.570171513522,2648,6,485
-67.710514540502,-25.759190772148,2674,5,-527
-66.228294321704,-35.820321954292,2770,115,-343
-70.585123449686,-27.735484397212,2803,2,-484
-70.98936532754,-31.193998241074,2791,33,341
-64.92573715973,-19.470983783308,2797,17,-13
-67.216441134236,-30.78975636322,2785,33,-498
-70.046134279214,-34.652512084936,2624,174,3532
-65.37489480179,-22.839666098758,2725,23,746
-66.27321008591,-17.53960592245,2782,48,-166
-69.686808165566,-23.872728675496,2804,0,-823
-66.587620435352,-28.76854697395,2797,22,-826
-70.809702270716,-31.867734704164,2767,39,340
-66.27321008591,-38.964425448712,2762,179,-203
-62.4553701284,-37.482205229914,2761,209,-105
-62.23079130737,-37.931362871974,2757,370,55
-65.15031598076,-36.62880571,2770,151,-243
-66.991862313206,-21.537108936784,2667,10,337
-65.913883972262,-28.409220860302,2739,53,-146
-69.686808165566,-27.376158283564,2678,65,-224
-71.21394414857,-34.562680556524,2765,22,2158
-66.003715500674,-25.804106536354,2773,18,-580
-67.306272662648,-36.269479596352,2769,134,-295
-68.653745588828,-23.917644439702,2709,3,-694
-66.49778890694,-29.981272607512,2800,22,-525
-69.013071702476,-34.742343613348,2698,141,-237
-65.734220915438,-27.42107404777,2806,163,1046
-66.677451963764,-25.040538544852,2652,19,337
-68.114756418356,-24.097307496526,2696,18,-319
-62.500285892606,-38.155941693004,2767,283,-136
-69.776639693978,-24.232054789144,2814,0,-896
-62.500285892606,-39.862740732832,2775,247,-146
-69.821555458184,-25.354948894294,2769,3,-670
-68.833408645652,-38.111025928798,2759,132,-137
-66.632536199558,-26.118516885796,2632,16,380
-66.003715500674,-24.232054789144,2713,4,-111
-62.410454364194,-37.931362871974,2762,255,-145
-64.656242574494,-18.617584263394,2852,26,-729
-68.06984065415,-34.517764792318,2758,114,-298
-64.207084932434,-18.348089678158,2809,93,296
-69.057987466682,-35.685574661674,2709,165,-180
-64.835905631318,-36.538974181588,2772,156,-258
-66.183378557498,-27.780400161418,2819,61,-275
-66.04863126488,-19.426068019102,2692,14,397
-67.39610419106,-16.731122166742,2777,435,1962
-67.036778077412,-31.149082476868,2796,19,-644
-66.946946549,-20.68370941687,2685,7,-426
-64.431663753464,-20.189636010604,2736,75,1398
-65.59947362282,-38.829678156094,2765,189,-200
-63.488432705138,-39.638161911802,2766,243,-163
-67.036778077412,-32.002481996782,2776,19,-505
-66.183378557498,-21.087951294724,2681,7,582
-63.847758818786,-19.426068019102,2829,96,404
-68.474082532004,-25.354948894294,2569,18,-281
-67.306272662648,-23.917644439702,2625,23,-503
-70.135965807626,-24.321886317556,2812,0,-734
-62.724864713636,-37.841531343562,2764,248,-142
-70.046134279214,-33.03554457352,2543,273,3087
-68.474082532004,-28.139726275066,2618,92,-147
-69.686808165566,-35.416080076438,2689,314,287
-66.72236772797,-23.648149854466,2660,5,-605
-69.372397816124,-36.089816539528,2642,295,51
-69.057987466682,-37.841531343562,2744,203,-5
-63.982506111404,-36.943216059442,2769,211,-102
-67.126609605824,-36.224563832146,2773,122,-294
-69.057987466682,-32.271976582018,2661,106,-328
-68.204587946768,-30.610093306396,2759,15,-525
-64.656242574494,-21.537108936784,2784,14,-6
-63.039275063078,-21.447277408372,2864,52,305
-69.956302750802,-24.232054789144,2818,0,-819
-68.74357711724,-25.310033130088,2628,21,-253
-66.857115020588,-32.227060817812,2784,26,-498
-69.327482051918,-29.711778022276,2607,130,-181
-71.528354498012,-28.903294266568,NA,NA,NA
-67.081693841618,-17.53960592245,2697,141,1063
-65.554557858614,-36.224563832146,2770,135,-303
-71.393607205394,-33.844028329228,2781,5,882
-70.405460392862,-37.661868286738,2677,160,971
-66.003715500674,-22.974413391376,2685,4,22
-66.677451963764,-23.513402561848,2659,4,-613
-65.105400216554,-24.142223260732,2768,100,1476
-71.66310179063,-33.080460337726,2830,10,861
-69.821555458184,-36.269479596352,2680,156,153
-64.207084932434,-20.548962124252,2809,63,335
-70.854618034922,-32.900797280902,2771,14,370
-69.596976637154,-23.37865526923,2797,0,-806
-63.892674582992,-38.65001509927,2769,224,-182
-68.51899829621,-34.068607150258,2738,133,-298
-68.788492881446,-30.430430249572,2741,34,-408
-62.545201656812,-38.560183570858,2774,294,-164
-67.306272662648,-37.97627863618,2756,153,-181
-69.911386986596,-28.184642039272,2667,68,138
-69.64189240136,-36.269479596352,2717,155,-58
-65.464726330202,-21.626940465196,2716,14,333
-69.237650523506,-26.208348414208,2639,34,-339
-63.937590347198,-21.222698587342,2843,78,252
-63.12910659149,-18.752331556012,2887,138,137
-65.419810565996,-18.348089678158,2803,21,-365
-70.630039213892,-28.76854697395,2761,22,-314
-62.140959778958,-20.189636010604,2881,102,-305
-69.956302750802,-26.657506056268,2817,2,-626
-62.410454364194,-39.144088505536,2786,285,-111
-66.003715500674,-29.44228343704,2804,24,-481
-67.441019955266,-28.678715445538,2810,45,-646
-71.124112620158,-31.328745533692,2734,30,539
-62.00621248634,-38.560183570858,2775,323,-92
-69.552060872948,-33.574533743992,2520,410,1185
-68.204587946768,-35.73049042588,2752,145,-310
-66.49778890694,-28.31938933189,2793,9,-710
-67.39610419106,-30.969419420044,2732,29,-475
-68.878324409858,-33.888944093434,2726,178,-202
-65.913883972262,-18.482836970776,2761,40,404
-66.902030784794,-36.718637238412,2772,141,-278
-67.800346068914,-32.271976582018,2779,17,-485
-69.596976637154,-37.572036758326,2718,128,-35
-63.398601176726,-39.368667326566,2768,234,-162
-63.713011526168,-39.638161911802,2766,236,-166
-67.036778077412,-20.998119766312,2670,8,-128
-70.405460392862,-29.846525314894,2747,191,-125
-65.868968208056,-18.348089678158,2796,30,-370
-70.630039213892,-30.160935664336,2697,120,311
-71.034281091746,-29.577030729658,2788,35,-8
-67.62068301209,-26.432927235238,2657,4,-723
-65.464726330202,-20.00997295378,2739,17,-504
-64.880821395524,-23.648149854466,2756,117,2694
-66.093547029086,-23.288823740818,2670,4,95
-69.102903230888,-32.047397760988,2630,127,-208
-70.360544628656,-26.97191640571,2794,1,-510
-69.731723929772,-31.23891400528,2647,139,-55
-63.982506111404,-20.593877888458,2824,75,360
-64.431663753464,-18.168426621334,2848,67,-387
-69.911386986596,-33.70928103661,2554,243,3042
-67.485935719472,-25.354948894294,2693,5,-541
-65.779136679644,-20.279467539016,2734,10,310
-70.09105004342,-37.706784050944,2714,85,150
-63.668095761962,-21.671856229402,2821,70,1025
-63.623179997756,-37.033047587854,2770,224,-5
-70.899533799128,-31.68807164734,2713,63,686
-64.521495281876,-18.123510857128,2842,55,-550
-67.935093361532,-27.735484397212,2663,24,-529
-67.261356898442,-30.610093306396,2774,29,-454
-67.485935719472,-18.123510857128,2701,41,594
-71.573270262218,-29.307536144422,NA,NA,NA
-69.327482051918,-33.978775621846,2628,322,17
-68.833408645652,-31.643155883134,2717,53,-439
-68.024924889944,-28.229557803478,2703,15,-514
-67.530851483678,-33.574533743992,2773,56,-405
-64.47657951767,-22.390508456698,2815,54,1036
-68.833408645652,-29.307536144422,2705,37,-482
-69.911386986596,-30.924503655838,2662,164,264
-67.351188426854,-35.775406190086,2771,105,-320
-67.665598776296,-27.915147454036,2768,11,-691
-64.341832225052,-36.359311124764,2771,163,-187
-64.790989867112,-22.165929635668,2781,74,1450
-69.057987466682,-29.801609550688,2664,95,-191
-64.970652923936,-20.818456709488,2760,32,125
-67.800346068914,-38.515267806652,2759,145,-164
-69.64189240136,-34.338101735494,2592,321,1699
-66.632536199558,-17.53960592245,2749,71,370
-68.024924889944,-32.676218459872,2772,25,-438
-68.878324409858,-35.05675396279,2708,132,-234
-64.02742187561,-20.23455177481,2790,112,1142
-63.533348469344,-20.773540945282,2823,89,1321
-70.854618034922,-32.092313525194,2719,32,431
-66.857115020588,-29.846525314894,2793,27,-459
-68.204587946768,-20.593877888458,2700,12,-665
-70.674954978098,-35.011838198584,2701,168,3834
-69.507145108742,-28.274473567684,2598,108,480
-65.37489480179,-23.60323409026,2730,86,715
-68.878324409858,-28.588883917126,2568,80,-266
-65.734220915438,-28.049894746654,2763,98,621
-63.039275063078,-21.13286705893,2858,69,618
-67.665598776296,-38.65001509927,2757,155,-164
-68.384251003592,-32.047397760988,2761,27,-407
-66.04863126488,-20.638793652664,2688,14,889
-69.731723929772,-37.212710644678,2711,209,30
-64.746074102906,-22.70491880614,2787,174,2510
-63.713011526168,-38.290688985622,2774,212,-312
-69.1927347593,-34.652512084936,2706,178,-234
-69.596976637154,-34.697427849142,2659,231,132
-64.7011583387,-19.426068019102,2754,49,1005
-64.341832225052,-22.03118234305,2797,47,906
-70.001218515008,-28.139726275066,2729,35,49
-62.365538599988,-19.246404962278,2890,177,-143
-66.767283492176,-26.882084877298,2686,22,116
-64.566411046082,-19.381152254896,2789,50,447
-66.093547029086,-20.728625181076,2716,10,414
-68.878324409858,-26.432927235238,2584,58,-145
-68.563914060416,-27.87023168983,2571,63,-243
-67.575767247884,-26.837169113092,2646,14,-603
-69.327482051918,-36.673721474206,2694,253,-114
-66.946946549,-31.373661297898,2790,16,-566
-67.84526183312,-29.8914410791,2760,12,-629
-63.982506111404,-38.605099335064,2768,224,-173
-69.102903230888,-27.915147454036,2581,122,219
-66.363041614322,-23.82781291129,2658,3,-30
-64.296916460846,-20.189636010604,2765,102,1490
-71.348691441188,-30.026188371718,2834,15,-133
-63.982506111404,-19.56081531172,2840,86,-43
-67.530851483678,-31.149082476868,2787,33,-296
-67.755430304708,-31.149082476868,2783,17,-618
-66.49778890694,-20.818456709488,2704,9,185
-70.225797336038,-32.676218459872,2647,205,2087
-67.575767247884,-35.146585491202,2771,94,-359
-69.686808165566,-24.232054789144,2808,0,-843
-68.249503710974,-20.504046360046,2697,13,-735
-66.452873142734,-22.300676928286,2681,4,279
-66.003715500674,-17.584521686656,2786,80,104
-66.587620435352,-26.028685357384,2625,16,675
-69.372397816124,-31.643155883134,2717,111,-269
-65.689305151232,-28.723631209744,2778,70,-489
-68.024924889944,-34.83217514176,2755,111,-323
-68.159672182562,-25.84902230056,2624,6,-462
-69.911386986596,-35.775406190086,2609,304,1130
-70.225797336038,-34.068607150258,2582,174,4319
-70.495291921274,-34.472849028112,2626,114,4558
-70.495291921274,-25.040538544852,2863,22,-808
-69.282566287712,-30.924503655838,2661,178,-147
-67.530851483678,-27.016832169916,2622,15,-373
-67.665598776296,-29.082957323392,2732,112,108
-66.902030784794,-23.019329155582,2632,12,304
-68.563914060416,-33.394870687168,2751,75,-354
-67.485935719472,-22.390508456698,2592,24,72
-62.769780477842,-37.212710644678,2769,210,-68
-63.263853884108,-17.98876356451,2886,343,303
-66.04863126488,-26.97191640571,2740,69,1393
-69.596976637154,-32.36180811043,2601,178,432
-64.92573715973,-19.381152254896,2793,16,-356
-70.674954978098,-30.924503655838,2665,101,952
-66.363041614322,-17.000616751978,2740,369,2756
-69.86647122239,-32.945713045108,2606,181,1275
-64.296916460846,-37.706784050944,2767,202,-227
-67.800346068914,-34.60759632073,2766,96,-343
-68.833408645652,-37.52712099412,2736,136,-158
-69.956302750802,-26.163432650002,2795,0,-551
-67.710514540502,-35.28133278382,2772,92,-361
-67.84526183312,-33.93385985764,2765,78,-375
-66.318125850116,-36.17964806794,2771,121,-331
-68.429166767798,-35.910153482704,2712,166,-268
-64.790989867112,-37.706784050944,2765,193,-257
-66.228294321704,-36.17964806794,2771,121,-332
-67.261356898442,-23.82781291129,2634,19,-550
-69.911386986596,-37.706784050944,2724,108,85
-70.360544628656,-24.95070701644,2823,17,-673
-67.216441134236,-26.567674527856,2698,9,-621
-62.859612006254,-37.886447107768,2765,241,-194
-65.419810565996,-22.615087277728,2711,22,1224
-66.093547029086,-24.860875488028,2737,21,348
-63.533348469344,-37.616952522532,2767,227,-61
-71.528354498012,-28.948210030774,NA,NA,NA
-70.630039213892,-32.1372292894,2647,115,1654
-64.880821395524,-17.943847800304,2821,104,373
-68.833408645652,-38.605099335064,2757,103,-274
-67.485935719472,-32.406723874636,2779,18,-506
-69.731723929772,-32.81096575249,2608,162,1100
-69.282566287712,-26.927000641504,2598,83,-112
-70.31562886445,-27.151579462534,2783,2,-545
-65.105400216554,-36.494058417382,2769,155,-263
-68.474082532004,-30.385514485366,2733,40,-496
-70.31562886445,-23.60323409026,2829,16,-563
-68.653745588828,-24.27697055335,2657,11,-490
-69.507145108742,-29.262620380216,2573,82,176
-64.25200069664,-37.482205229914,2765,206,-215
-67.126609605824,-31.957566232576,2774,19,-511
-68.29441947518,-24.636296666998,2646,18,-364
-66.677451963764,-19.021826141248,2711,46,2775
-71.303775676982,-30.430430249572,2802,5,209
-62.769780477842,-39.233920033948,2772,247,-161
-63.443516940932,-38.380520514034,2774,231,-231
-66.991862313206,-21.851519286226,2663,12,816
-69.372397816124,-37.97627863618,2733,136,-143
-68.384251003592,-23.82781291129,2701,6,-561
-64.746074102906,-36.62880571,2772,163,-232
-68.96815593827,-24.142223260732,2683,4,-544
-67.84526183312,-33.170291866138,2766,35,-422
-67.755430304708,-35.640658897468,2768,112,-347
-69.821555458184,-23.60323409026,2815,0,-761
-67.935093361532,-25.759190772148,2606,7,-527
-68.249503710974,-25.040538544852,2600,12,-427
-68.06984065415,-33.799112565022,2765,82,-361
-65.15031598076,-23.468486797642,2743,83,1434
-64.431663753464,-18.931994612836,2779,48,-161
-69.102903230888,-28.364305096096,2595,69,-59
-65.59947362282,-20.818456709488,2758,8,-610
-66.632536199558,-18.168426621334,2689,58,1263
-62.90452777046,-36.808468766824,2770,219,87
-66.183378557498,-19.201489198072,2695,15,-93
-67.17152537003,-31.418577062104,2786,16,-635
-68.339335239386,-33.125376101932,2763,51,-366
-65.644389387026,-38.20085745721,2767,214,-216
-67.485935719472,-38.245773221416,2764,132,-301
-69.147818995094,-28.09481051086,2607,93,24
-65.913883972262,-20.773540945282,2739,9,291
-71.303775676982,-28.454136624508,NA,NA,NA
-67.39610419106,-24.815959723822,2662,9,-513
-62.23079130737,-39.817824968626,2783,253,-118
-67.84526183312,-30.969419420044,2786,10,-600
-68.608829824622,-33.215207630344,2763,65,-352
-66.318125850116,-20.23455177481,2704,10,95
-70.270713100244,-23.60323409026,2824,12,-560
-70.54020768548,-37.347457937296,2699,109,866
-67.62068301209,-35.326248548026,2773,90,-361
-64.790989867112,-36.62880571,2773,164,-226
-71.66310179063,-33.799112565022,2799,5,1076
-64.835905631318,-17.898932036098,2838,97,-275
-63.443516940932,-38.380520514034,2774,231,-231
-65.105400216554,-37.706784050944,2766,178,-264
-70.674954978098,-28.948210030774,2764,32,-135
-68.74357711724,-28.184642039272,2565,110,-192
-67.485935719472,-19.695562604338,2695,13,-25
-69.821555458184,-35.595743133262,2652,244,356
-68.429166767798,-32.945713045108,2765,43,-380
-66.363041614322,-26.118516885796,2671,17,1182
-68.429166767798,-29.801609550688,2766,26,-458
-67.530851483678,-30.475346013778,2773,19,-371
-64.072337639816,-19.066741905454,2839,95,58
-64.296916460846,-37.796615579356,2769,184,-202
-66.946946549,-32.496555403048,2780,29,-487
-67.351188426854,-25.759190772148,2653,8,-476
-64.117253404022,-20.953204002106,2821,73,225
-70.944449563334,-34.338101735494,2765,25,1299
-65.913883972262,-20.638793652664,2733,10,322
-68.384251003592,-24.27697055335,2702,8,-488
-68.878324409858,-28.633799681332,2567,74,-274
-67.036778077412,-26.118516885796,2617,13,-456
-67.441019955266,-37.437289465708,2759,129,-216
-69.282566287712,-28.31938933189,2613,69,21
-63.398601176726,-39.144088505536,2771,226,-152
-70.180881571832,-37.75169981515,2684,113,195
-67.39610419106,-28.09481051086,2758,19,-596
-69.64189240136,-32.676218459872,2613,161,513
-70.76478650651,-34.83217514176,2728,134,4092
-67.575767247884,-18.527752734982,2691,32,860
-63.57826423355,-37.167794880472,2770,224,-38
-66.991862313206,-36.988131823648,2768,138,-261
-70.450376157068,-30.879587891632,2601,280,1844
-65.82405244385,-25.804106536354,2729,23,-106
-67.39610419106,-27.825315925624,2752,12,-483
-67.17152537003,-36.224563832146,2773,121,-291
-70.630039213892,-25.3998646585,NA,NA,NA
-65.913883972262,-20.369299067428,2707,12,466
-66.27321008591,-25.983769593178,2703,26,939
-66.946946549,-32.496555403048,2780,29,-487
-66.946946549,-17.674353215068,2700,126,1279
-69.776639693978,-31.508408590516,2648,147,101
-70.98936532754,-34.338101735494,2767,23,1224
-65.329979037584,-24.681212431204,2799,40,917
-69.956302750802,-26.882084877298,2753,7,-501
-64.790989867112,-36.808468766824,2769,185,-242
-64.880821395524,-20.68370941687,2751,51,442
-63.443516940932,-21.537108936784,2856,47,99
-66.587620435352,-37.167794880472,2770,147,-272
-71.483438733806,-32.316892346224,NA,NA,NA
-67.665598776296,-35.191501255408,2771,94,-363
-70.405460392862,-27.6456528688,2794,3,-454
-70.405460392862,-37.212710644678,2704,91,446
-65.689305151232,-27.555821340388,2797,142,846
-66.27321008591,-22.121013871462,2665,6,1192
-65.329979037584,-36.134732303734,2770,133,-298
-67.081693841618,-27.780400161418,2807,13,-522
-70.450376157068,-36.314395360558,2643,279,3114
-62.635033185224,-18.617584263394,2895,221,12
-70.046134279214,-32.227060817812,2646,182,1163
-62.365538599988,-38.65001509927,2782,289,-125
-68.29441947518,-28.678715445538,2753,22,-575
-70.495291921274,-25.040538544852,2863,22,-808
-65.958799736468,-36.224563832146,2770,124,-328
-67.575767247884,-28.364305096096,2792,36,-474
-65.329979037584,-39.189004269742,2762,198,-183
-66.857115020588,-22.884581862964,2649,7,-76
-70.495291921274,-26.343095706826,2798,11,-405
-64.296916460846,-19.56081531172,2779,80,555
-71.618186026424,-33.26012339455,2822,8,1392
-66.587620435352,-18.033679328716,2702,50,752
-70.405460392862,-37.482205229914,2676,121,576
-66.04863126488,-20.45913059584,2699,12,247
-67.39610419106,-38.335604749828,2762,154,-146
-65.958799736468,-17.225195573008,2749,694,3852
-67.62068301209,-36.898300295236,2761,134,-253
-69.147818995094,-27.825315925624,2577,133,228
-66.991862313206,-32.36180811043,2779,26,-504
-66.363041614322,-17.359942865626,2769,100,701
-68.339335239386,-28.813462738156,2726,23,-668
-65.59947362282,-36.40422688897,2769,143,-304
-62.320622835782,-19.381152254896,2888,169,-319
-66.138462793292,-23.648149854466,2689,2,-665
-69.596976637154,-27.825315925624,2617,185,472
-70.31562886445,-27.87023168983,2772,5,-353
-65.509642094408,-24.007475968114,2777,138,1827
-67.216441134236,-18.976910377042,2706,28,1036
-69.86647122239,-33.888944093434,2581,228,2882
-62.769780477842,-20.998119766312,2869,75,204
-69.86647122239,-33.349954922962,2605,267,2379
-65.285063273378,-24.411717845968,2806,75,926
-70.31562886445,-36.494058417382,2675,236,1522
-62.185875543164,-37.931362871974,2755,372,45
-70.360544628656,-25.17528583747,2818,24,-399
-65.644389387026,-24.95070701644,2796,49,796
-65.644389387026,-25.3998646585,2781,41,475
-71.752933319042,-33.26012339455,NA,NA,NA
-70.135965807626,-28.54396815292,2686,174,367
-66.04863126488,-19.11165766966,2692,23,681
-69.41731358033,-35.011838198584,2706,191,-101
-67.036778077412,-31.059250948456,2796,20,-656
-64.072337639816,-18.258258149746,2824,146,292
-62.949443534666,-18.707415791806,2893,163,-50
-63.757927290374,-38.515267806652,2768,239,-195
-67.306272662648,-35.101669726996,2770,99,-364
-71.483438733806,-33.170291866138,2801,6,801
-65.82405244385,-23.558318326054,2706,7,32
-62.814696242048,-18.931994612836,2890,145,-43
-64.207084932434,-37.212710644678,2767,204,-205
-65.59947362282,-36.494058417382,2769,151,-266
-70.495291921274,-30.834672127426,2631,228,1505
-66.542704671146,-23.962560203908,2655,6,7
-68.563914060416,-25.130370073264,2613,18,-254
-68.429166767798,-31.46349282631,2765,23,-521
-66.632536199558,-35.775406190086,2772,120,-334
-68.114756418356,-23.737981382878,2756,9,-584
-70.54020768548,-34.068607150258,2715,55,1761
-65.15031598076,-22.03118234305,2726,65,1650
-66.138462793292,-28.76854697395,2798,39,-390
-67.84526183312,-18.707415791806,2688,25,664
-67.935093361532,-17.225195573008,2712,68,439
-70.001218515008,-35.28133278382,2581,436,2925
-69.327482051918,-37.706784050944,2736,157,-47
-68.339335239386,-27.6456528688,2576,43,-360
-70.360544628656,-36.538974181588,2667,298,2106
-68.833408645652,-25.130370073264,2654,11,-439
-66.407957378528,-25.893938064766,2705,24,1142
-67.306272662648,-21.222698587342,2662,6,-87
-62.949443534666,-37.796615579356,2766,236,-157
-71.034281091746,-35.416080076438,2757,152,4313
-70.495291921274,-26.74733758468,2799,7,-421
-70.674954978098,-26.29817994262,NA,NA,NA
-69.41731358033,-28.09481051086,2601,120,278
-70.270713100244,-35.820321954292,2630,256,2991
-67.485935719472,-17.854016271892,2707,42,406
-70.135965807626,-27.915147454036,2749,14,-258
-65.105400216554,-21.851519286226,2721,51,1185
-68.51899829621,-33.93385985764,2749,111,-306
-68.204587946768,-36.269479596352,2743,130,-282
-70.630039213892,-35.101669726996,2686,210,5025
-67.441019955266,-35.416080076438,2773,93,-356
-70.31562886445,-30.520261777984,2631,405,1434
-69.821555458184,-26.253264178414,2789,1,-506
-68.114756418356,-27.465989811976,2633,34,-466
-68.51899829621,-27.331242519358,2519,74,-14
-70.270713100244,-26.028685357384,2790,0,-669
-69.237650523506,-31.283829769486,2714,87,-483
-67.261356898442,-24.187139024938,2617,18,-463
-63.218938119902,-36.898300295236,2769,220,82
-66.677451963764,-19.78539413275,2707,27,2080
-69.911386986596,-37.616952522532,2713,123,184
-67.710514540502,-38.021194400386,2757,140,-129
-67.935093361532,-37.167794880472,2756,146,-225
-67.39610419106,-19.156573433866,2682,24,869
-64.02742187561,-37.75169981515,2769,208,-191
-67.081693841618,-31.68807164734,2780,13,-561
-67.665598776296,-21.537108936784,2653,14,228
-71.752933319042,-34.3830174997,2780,6,1028
-69.731723929772,-37.796615579356,2702,155,247
-69.776639693978,-29.711778022276,2546,154,582
-69.64189240136,-29.532114965452,2560,102,304
-65.105400216554,-19.695562604338,2718,33,679
-67.890177597326,-31.104166712662,2718,16,-548
-65.644389387026,-24.815959723822,2765,75,2051
-70.046134279214,-30.385514485366,2552,299,1295
-64.746074102906,-38.964425448712,2764,212,-198
-64.47657951767,-22.25576116408,2807,51,1471
-70.225797336038,-28.76854697395,2714,101,230
-65.464726330202,-20.593877888458,2757,13,-33
-66.093547029086,-36.673721474206,2770,148,-299
-65.15031598076,-38.515267806652,2768,193,-213
-68.204587946768,-31.104166712662,2782,20,-652
-67.17152537003,-31.283829769486,2790,18,-696
-69.282566287712,-36.763553002618,2686,271,-114
-69.147818995094,-35.50591160485,2701,166,-188
-68.06984065415,-20.00997295378,2682,9,-780
-67.036778077412,-27.42107404777,2786,22,-361
-68.204587946768,-20.00997295378,2685,11,-712
-70.585123449686,-25.220201601676,NA,NA,NA
-68.833408645652,-35.640658897468,2704,219,-131
-66.991862313206,-16.86586945936,2802,224,224
-66.138462793292,-23.872728675496,2695,3,-459
-63.35368541252,-18.123510857128,2877,280,237
-65.105400216554,-23.60323409026,2744,141,2468
-69.821555458184,-23.60323409026,2815,0,-761
-70.046134279214,-23.737981382878,2812,1,-834
-66.632536199558,-17.270111337214,2733,215,2864
-63.847758818786,-17.76418474348,2868,331,552
-63.668095761962,-39.09917274133,2768,233,-157
-69.64189240136,-23.782897147084,2768,0,-776
-62.320622835782,-38.335604749828,2768,320,-125
-65.644389387026,-23.198992212406,2693,6,414
-67.62068301209,-28.184642039272,2788,21,-538
-70.585123449686,-27.735484397212,2803,2,-484
-64.296916460846,-19.426068019102,2801,65,-2
-67.351188426854,-29.262620380216,2813,74,-295
-63.398601176726,-38.560183570858,2775,220,-171
-68.474082532004,-38.111025928798,2748,177,-197
-66.812199256382,-21.177782823136,2680,10,212
-70.31562886445,-24.097307496526,2834,5,-646
-62.051128250546,-37.931362871974,2745,348,-74
-62.994359298872,-18.303173913952,2897,247,-45
-65.554557858614,-28.139726275066,2794,86,236
-68.51899829621,-34.068607150258,2738,133,-298
-68.878324409858,-33.305039158756,2748,119,-247
-68.474082532004,-25.444780422706,2605,15,-346
-66.542704671146,-21.941350814638,2682,6,436
-70.046134279214,-31.553324354722,2579,211,1515
-68.74357711724,-29.532114965452,2672,44,-475
-65.509642094408,-22.92949762717,2710,9,139
-67.710514540502,-23.962560203908,2668,22,-451
-62.994359298872,-38.784762391888,2774,252,-143
-70.135965807626,-32.406723874636,2638,255,1754
-62.500285892606,-37.07796335206,2770,219,-66
-65.464726330202,-18.707415791806,2781,26,294
-70.405460392862,-23.468486797642,2835,12,-570
-69.596976637154,-38.245773221416,2708,151,153
-68.563914060416,-24.771043959616,2598,20,-288
-63.668095761962,-37.572036758326,2768,217,-89
-64.431663753464,-22.345592692492,2813,55,1372
-67.800346068914,-33.619449508198,2767,58,-395
-67.800346068914,-36.044900775322,2757,129,-298
-66.991862313206,-38.111025928798,2762,171,-162
-66.677451963764,-19.381152254896,2681,39,3187
-65.734220915438,-19.875225661162,2698,21,21
-69.013071702476,-36.224563832146,2706,163,-225
-67.261356898442,-32.092313525194,2780,15,-591
-67.800346068914,-31.149082476868,2754,18,-568
-63.084190827284,-37.75169981515,2766,228,-169
-67.935093361532,-29.756693786482,2763,15,-622
-71.618186026424,-31.553324354722,NA,NA,NA
-66.228294321704,-28.31938933189,2816,21,-334
-62.500285892606,-19.156573433866,2891,168,-207
-68.06984065415,-36.134732303734,2746,136,-283
-69.237650523506,-34.697427849142,2701,212,-171
-69.327482051918,-29.172788851804,2572,67,-96
-66.452873142734,-23.782897147084,2667,4,-285
-69.282566287712,-37.572036758326,2719,160,-37
-68.878324409858,-36.898300295236,2721,156,-178
-66.363041614322,-25.3998646585,2762,39,99
-65.779136679644,-28.903294266568,2803,57,-486
-67.081693841618,-28.229557803478,2786,8,-678
-69.911386986596,-37.75169981515,2716,121,179
-64.880821395524,-19.201489198072,2755,30,770
-66.946946549,-26.07360112159,2621,11,-492
-66.27321008591,-23.468486797642,2651,2,-17
-71.258859912776,-30.56517754219,2797,4,30
-64.117253404022,-18.797247320218,2798,113,975
-70.180881571832,-31.373661297898,2621,208,1542
-68.878324409858,-34.562680556524,2716,127,-234
-65.105400216554,-20.998119766312,2767,23,-36
-66.228294321704,-28.588883917126,2728,39,138
-66.183378557498,-26.477842999444,2664,18,432
-68.114756418356,-31.23891400528,2779,25,-416
-64.431663753464,-39.189004269742,2764,206,-191
-70.899533799128,-29.487199201246,2783,41,-148
-70.719870742304,-30.11601990013,2770,87,150
-66.542704671146,-22.210845399874,2647,6,1242
-70.270713100244,-29.262620380216,2604,240,1163
-67.755430304708,-27.19649522674,2731,13,-666
-61.691802136898,-38.829678156094,2782,311,-96
-66.632536199558,-37.706784050944,2766,151,-240
-66.632536199558,-21.58202470099,2687,13,1359
-67.665598776296,-29.127873087598,2755,105,-50
-66.902030784794,-29.082957323392,2765,42,-133
-71.034281091746,-29.127873087598,2791,10,-453
-66.812199256382,-30.610093306396,2783,21,-522
-69.776639693978,-29.127873087598,2454,169,1099
-68.159672182562,-29.127873087598,2797,18,-723
-67.261356898442,-30.385514485366,2766,24,-442
-69.282566287712,-36.494058417382,2628,360,-24
-65.644389387026,-25.040538544852,2787,50,831
-67.665598776296,-33.125376101932,2770,33,-437
-67.485935719472,-17.449774394038,2711,69,375
-67.39610419106,-27.600737104594,2650,15,-115
-67.755430304708,-35.50591160485,2771,106,-352
-63.039275063078,-37.796615579356,2766,233,-160
-66.452873142734,-29.487199201246,2801,27,-483
-68.249503710974,-32.766049988284,2771,30,-408
-67.441019955266,-19.426068019102,2688,17,173
-66.72236772797,-36.62880571,2773,147,-285
-63.892674582992,-21.896435050432,2822,62,977
-65.37489480179,-24.411717845968,2799,101,1993
-68.384251003592,-35.05675396279,2722,135,-281
-66.003715500674,-26.52275876365,2791,12,-638
-69.552060872948,-32.58638693146,2644,128,44
-67.755430304708,-35.011838198584,2767,98,-351
-64.296916460846,-18.033679328716,2824,135,247
-69.731723929772,-29.756693786482,2588,119,249
-64.386747989258,-18.168426621334,2835,65,-557
-71.348691441188,-33.574533743992,2774,6,735
-63.982506111404,-19.695562604338,2803,119,683
-65.329979037584,-23.872728675496,2754,175,2176
-68.833408645652,-31.328745533692,2715,48,-380
-67.710514540502,-20.953204002106,2687,8,-641
-69.596976637154,-27.825315925624,2617,185,472
-66.767283492176,-18.43792120657,2684,56,1992
-67.351188426854,-26.837169113092,2665,6,-639
-63.80284305458,-36.538974181588,2771,191,-17
-65.419810565996,-37.392373701502,2769,168,-296
-67.261356898442,-35.775406190086,2771,107,-322
-66.49778890694,-38.515267806652,2763,177,-184
-67.126609605824,-25.265117365882,2647,8,-591
-66.857115020588,-31.91265046837,2783,21,-494
-68.51899829621,-28.364305096096,2650,97,-394
-68.339335239386,-30.924503655838,2767,17,-589
-66.04863126488,-28.274473567684,2658,46,307
-67.62068301209,-16.326880288888,2840,484,1703
-67.84526183312,-30.430430249572,2753,22,-390
-66.587620435352,-28.454136624508,2801,10,-691
-69.596976637154,-25.17528583747,2760,4,-851
-66.587620435352,-25.714275007942,2670,21,1015
-70.270713100244,-35.95506924691,2661,213,2062
-70.405460392862,-32.1372292894,2636,178,1759
-67.800346068914,-36.359311124764,2754,132,-292
-64.7011583387,-19.740478368544,2783,34,-191
-70.046134279214,-27.465989811976,2776,13,-299
-65.689305151232,-38.111025928798,2767,201,-236
-65.734220915438,-23.962560203908,2683,58,1239
-67.530851483678,-24.591380902792,2654,5,-578
-68.384251003592,-37.167794880472,2742,136,-232
-67.84526183312,-35.236417019614,2770,105,-349
-63.982506111404,-38.245773221416,2771,203,-185
-70.046134279214,-33.080460337726,2543,279,3122
-65.37489480179,-39.09917274133,2763,192,-188
-66.49778890694,-29.621946493864,2800,25,-493
-64.7011583387,-19.920141425368,2792,32,-146
-62.00621248634,-39.233920033948,NA,NA,NA
-66.587620435352,-30.026188371718,2799,23,-538
-64.431663753464,-39.009341212918,2764,218,-183
-63.174022355696,-38.42543627824,2772,261,-176
-70.585123449686,-31.598240118928,2587,316,2108
-62.635033185224,-18.931994612836,2893,171,-195
-67.665598776296,-18.931994612836,2686,24,742
-70.225797336038,-27.690568633006,2814,4,-395
-67.081693841618,-24.366802081762,2693,7,-628
-68.114756418356,-30.295682956954,2765,21,-553
-67.39610419106,-24.815959723822,2662,9,-513
-70.31562886445,-23.333739505024,2831,8,-583
-63.757927290374,-20.054888717986,2830,81,325
-66.093547029086,-27.690568633006,2747,100,465
-70.001218515008,-36.85338453103,2655,251,423
-66.363041614322,-23.737981382878,2648,4,43
-69.327482051918,-23.82781291129,2753,1,-697
-66.093547029086,-17.76418474348,2763,37,-12
-67.081693841618,-22.974413391376,2633,19,33
-67.441019955266,-22.300676928286,2629,14,-271
-67.17152537003,-27.6456528688,2782,15,-468
-67.485935719472,-36.314395360558,2762,133,-303
-66.767283492176,-24.097307496526,2680,10,-186
-65.82405244385,-19.740478368544,2688,20,145
-64.521495281876,-21.13286705893,2792,31,-98
-65.329979037584,-19.605731075926,2732,28,59
-63.218938119902,-18.842163084424,2882,122,157
-70.674954978098,-31.553324354722,2597,259,1876
-67.62068301209,-19.650646840132,2706,12,-35
-69.327482051918,-24.860875488028,2715,5,-565
-63.398601176726,-37.30254217309,2770,225,-2
-67.530851483678,-28.184642039272,2765,22,-760
-63.084190827284,-21.087951294724,2854,69,670
-65.105400216554,-20.054888717986,2766,17,-129
-62.994359298872,-19.156573433866,2879,118,50
-67.665598776296,-16.686206402536,2736,413,2298
-67.39610419106,-37.212710644678,2762,136,-218
-66.228294321704,-28.633799681332,2682,41,144
-68.339335239386,-24.771043959616,2666,11,-481
-68.29441947518,-27.735484397212,2595,46,-328
-70.719870742304,-29.936356843306,2763,107,257
-68.563914060416,-24.681212431204,2597,22,-341
-65.329979037584,-22.390508456698,2725,46,1586
-66.093547029086,-22.974413391376,2663,6,929
-69.013071702476,-38.066110164592,2761,123,-122
-63.12910659149,-19.33623649069,2868,109,209
-70.585123449686,-24.860875488028,NA,NA,NA
-65.913883972262,-22.210845399874,2677,6,399
-63.12910659149,-19.515899547514,2864,115,162
-66.587620435352,-28.99312579498,2804,26,-545
-69.686808165566,-34.966922434378,2693,212,91
-66.991862313206,-21.671856229402,2669,10,309
-70.046134279214,-33.754196800816,2614,181,3105
-66.093547029086,-28.274473567684,2735,46,295
-68.788492881446,-34.068607150258,2721,136,-253
-70.944449563334,-27.6456528688,NA,NA,NA
-68.923240174064,-26.118516885796,2575,64,-109
-66.003715500674,-18.527752734982,2741,38,263
-65.464726330202,-24.27697055335,2774,152,2675
-67.261356898442,-26.882084877298,2673,7,-294
-67.800346068914,-29.756693786482,2757,18,-460
-67.126609605824,-37.257626408884,2761,136,-230
-67.980009125738,-27.241410990946,2530,54,164
-62.67994894943,-20.728625181076,2869,79,110
-65.689305151232,-39.09917274133,2764,193,-184
-70.54020768548,-35.011838198584,2670,190,4301
-66.318125850116,-22.121013871462,2679,5,582
-69.327482051918,-31.867734704164,2712,104,-287
-69.911386986596,-29.127873087598,2562,202,1069
-66.49778890694,-22.300676928286,2668,5,767
-66.363041614322,-28.723631209744,2771,36,-502
-70.854618034922,-36.718637238412,2666,247,3448
-67.216441134236,-35.640658897468,2772,107,-333
-67.306272662648,-35.95506924691,2770,122,-320
-71.483438733806,-32.721134224078,NA,NA,NA
-66.587620435352,-19.33623649069,2679,36,2859
-67.84526183312,-31.283829769486,2676,24,-561
-65.464726330202,-22.300676928286,2725,11,884
-68.29441947518,-31.643155883134,2768,32,-426
-71.124112620158,-32.092313525194,2778,15,561
-65.015568688142,-18.6625000276,2812,18,-391
-68.384251003592,-36.538974181588,2739,127,-282
-65.868968208056,-21.761687757814,2699,7,815
-67.216441134236,-18.6625000276,2709,28,631
-70.630039213892,-24.456633610174,NA,NA,NA
-67.935093361532,-27.151579462534,2613,35,-130
-66.902030784794,-30.475346013778,2783,19,-531
-65.644389387026,-26.702421820474,2700,166,3305
-64.521495281876,-36.62880571,2769,175,-253
-67.036778077412,-19.33623649069,2690,23,1069
-70.54020768548,-35.371164312232,2651,215,4261
-70.046134279214,-30.205851428542,2647,218,811
-69.372397816124,-30.924503655838,2673,160,-239
-66.587620435352,-19.33623649069,2679,36,2859
-65.240147509172,-20.728625181076,2777,14,-408
-62.67994894943,-37.257626408884,2767,216,-110
-71.393607205394,-28.76854697395,NA,NA,NA
-69.596976637154,-25.714275007942,2752,9,-617
-67.530851483678,-24.636296666998,2654,5,-569
-65.105400216554,-23.60323409026,2744,141,2468
-67.890177597326,-35.595743133262,2768,128,-340
-69.372397816124,-37.661868286738,2734,128,-62
-65.644389387026,-23.064244919788,2682,7,737
-64.25200069664,-18.43792120657,2814,66,-13
-64.117253404022,-39.009341212918,2766,214,-191
-67.306272662648,-18.527752734982,2701,30,564
-67.126609605824,-35.820321954292,2772,115,-322
-65.060484452348,-20.279467539016,2753,29,590
-70.854618034922,-27.825315925624,2812,3,-478
-67.306272662648,-26.882084877298,2669,6,-421
-68.878324409858,-27.6456528688,2570,71,-14
-69.86647122239,-24.681212431204,2777,1,-779
-66.587620435352,-22.03118234305,2659,7,1215
-64.521495281876,-22.974413391376,2817,105,1547
-62.994359298872,-39.638161911802,2771,220,-170
-68.29441947518,-26.253264178414,2558,25,-260
-67.800346068914,-36.269479596352,2754,129,-288
-69.507145108742,-27.016832169916,2642,55,-199
-70.495291921274,-29.082957323392,2725,84,49
-66.04863126488,-27.331242519358,2729,158,1827
-70.899533799128,-32.721134224078,2768,14,358
-66.183378557498,-25.3998646585,2760,49,333
-65.285063273378,-36.359311124764,2770,145,-298
-63.533348469344,-21.537108936784,2847,57,319
-62.635033185224,-38.8745939203,2776,282,-144
-70.225797336038,-25.354948894294,2777,6,-533
-66.677451963764,-17.943847800304,2697,58,894
-67.890177597326,-25.534611951118,2558,13,-441
-62.545201656812,-19.156573433866,2891,161,-134
-67.441019955266,-18.707415791806,2699,26,622
-62.545201656812,-19.965057189574,2876,114,-120
-70.270713100244,-33.619449508198,2659,106,2345
-71.4385229696,-31.732987411546,2807,20,940
-66.407957378528,-22.884581862964,2645,6,1148
-70.76478650651,-35.371164312232,2657,251,5879
-66.542704671146,-17.98876356451,2713,43,221
-68.204587946768,-29.936356843306,2771,22,-610
-64.970652923936,-20.189636010604,2744,40,636
-67.261356898442,-27.600737104594,2733,15,-304
-65.644389387026,-24.995622780646,2796,48,683
-64.746074102906,-21.761687757814,2792,23,56
-70.495291921274,-29.66686225807,2705,172,138
-70.135965807626,-33.574533743992,2579,195,3479
-67.530851483678,-37.931362871974,2756,142,-169
-66.138462793292,-37.482205229914,2768,163,-266
-65.59947362282,-21.402361644166,2713,15,974
-70.809702270716,-28.633799681332,2808,3,-383
-69.462229344536,-28.004978982448,2629,138,238
-69.372397816124,-32.58638693146,2702,77,-372
-66.946946549,-25.040538544852,2618,15,-28
-67.575767247884,-30.56517754219,2775,18,-343
-61.601970608486,-38.694930863476,2776,331,-119
-65.15031598076,-36.134732303734,2771,134,-291
-66.72236772797,-29.756693786482,2794,27,-467
-67.036778077412,-24.05239173232,2677,10,-565
-68.384251003592,-31.149082476868,2772,20,-675
-68.474082532004,-35.595743133262,2621,265,557
-67.441019955266,-19.156573433866,2684,22,682
-69.911386986596,-30.610093306396,2646,187,265
-67.081693841618,-24.142223260732,2680,8,-606
-63.533348469344,-20.953204002106,2838,66,818
-64.611326810288,-38.829678156094,2768,206,-177
-63.084190827284,-21.492193172578,2869,45,6
-64.970652923936,-36.449142653176,2769,149,-285
-65.82405244385,-36.538974181588,2771,144,-301
-67.17152537003,-32.81096575249,2791,20,-549
-67.351188426854,-21.58202470099,2644,9,237
-67.935093361532,-33.888944093434,2765,82,-367
-63.937590347198,-21.941350814638,2822,58,850
-69.057987466682,-31.598240118928,2634,92,-381
-65.15031598076,-37.122879116266,2769,172,-263
-66.228294321704,-17.898932036098,2728,45,854
-67.216441134236,-17.53960592245,2711,95,467
-65.105400216554,-24.142223260732,2768,100,1476
-70.001218515008,-38.021194400386,2702,127,317
-68.923240174064,-37.392373701502,2743,110,-148
-65.958799736468,-37.482205229914,2767,167,-270
-62.185875543164,-39.817824968626,2786,258,-97
-63.533348469344,-21.58202470099,2848,54,258
-69.1927347593,-35.50591160485,2697,177,-119
-67.935093361532,-38.155941693004,2751,152,-155
-65.37489480179,-25.17528583747,2798,24,-213
-67.261356898442,-18.482836970776,2702,33,619
-68.339335239386,-36.85338453103,2736,141,-255
-68.923240174064,-24.05239173232,2695,2,-648
-69.776639693978,-35.685574661674,2640,287,399
-70.450376157068,-26.612590292062,2798,6,-438
-69.64189240136,-27.061747934122,2701,36,-270
-66.767283492176,-30.56517754219,2787,20,-510
-66.138462793292,-24.232054789144,2672,5,-149
-65.329979037584,-19.605731075926,2732,28,59
-66.677451963764,-24.995622780646,2675,15,117
-67.935093361532,-37.07796335206,2757,135,-237
-66.452873142734,-21.851519286226,2678,8,1186
-67.261356898442,-32.541471167254,2789,18,-615
-66.542704671146,-36.898300295236,2771,153,-280
-65.105400216554,-19.291320726484,2756,20,-150
-70.225797336038,-30.56517754219,2596,414,1567
-67.081693841618,-31.059250948456,2796,21,-633
-68.114756418356,-26.163432650002,2597,7,-453
-63.937590347198,-37.706784050944,2767,220,-124
-68.429166767798,-25.130370073264,2601,12,-313
-63.668095761962,-22.076098107256,2837,61,626
-68.923240174064,-30.34059872116,2633,57,-398
-66.587620435352,-38.65001509927,2765,160,-191
-69.102903230888,-33.574533743992,2732,167,-151
-68.474082532004,-25.84902230056,2612,15,-401
-66.542704671146,-37.75169981515,2768,148,-256
-71.393607205394,-29.981272607512,NA,NA,NA
-66.632536199558,-36.538974181588,2773,145,-291
-66.318125850116,-37.033047587854,2770,153,-283
-63.218938119902,-38.560183570858,2773,247,-161
-65.464726330202,-24.771043959616,2801,44,723
-65.015568688142,-22.300676928286,2768,99,1152
-62.724864713636,-19.605731075926,2877,126,-145
-67.441019955266,-25.040538544852,2669,5,-439
-65.958799736468,-36.044900775322,2769,118,-337
-67.306272662648,-18.482836970776,2700,32,557
-69.057987466682,-25.220201601676,2633,18,-419
-66.767283492176,-27.510905576182,2773,25,-518
-69.102903230888,-30.295682956954,2706,91,-504
-66.587620435352,-25.220201601676,2637,42,766
-66.003715500674,-22.210845399874,2679,5,580
-70.719870742304,-28.139726275066,2812,1,-483
-63.308769648314,-21.761687757814,2857,42,261
-67.351188426854,-22.615087277728,2626,14,-453
-66.542704671146,-38.919509684506,2762,171,-181
-69.776639693978,-30.250767192748,2569,266,656
-70.405460392862,-34.652512084936,2579,161,5029
-69.057987466682,-28.274473567684,2586,87,32
-70.270713100244,-29.936356843306,2692,249,436
-69.64189240136,-32.721134224078,2570,190,979
-66.093547029086,-20.998119766312,2693,7,173
-68.96815593827,-24.411717845968,2681,4,-578
-62.365538599988,-19.156573433866,2892,183,-258
-67.216441134236,-29.532114965452,2797,39,-519
-68.339335239386,-24.007475968114,2692,8,-494
-69.057987466682,-27.42107404777,2570,93,122
-62.500285892606,-20.23455177481,2875,94,-179
-67.126609605824,-17.629437450862,2716,94,550
-64.7011583387,-20.099804482192,2715,54,989
-70.31562886445,-36.494058417382,2675,236,1522
-63.982506111404,-18.976910377042,2853,108,321
-66.812199256382,-37.482205229914,2765,130,-285
-69.237650523506,-25.669359243736,2675,36,-395
-69.1927347593,-23.648149854466,2740,1,-669
-68.923240174064,-25.130370073264,2647,10,-459
-63.80284305458,-36.85338453103,2770,220,-7
-63.533348469344,-22.121013871462,2850,59,558
-70.899533799128,-29.532114965452,2785,43,-182
-66.407957378528,-21.222698587342,2682,12,1229
-65.285063273378,-19.246404962278,2767,19,-545
-67.84526183312,-16.371796053094,2741,552,3264
-68.429166767798,-23.37865526923,2755,4,-757
-68.204587946768,-31.732987411546,2768,31,-404
-62.814696242048,-17.854016271892,2897,427,221
-68.653745588828,-36.044900775322,2695,168,-279
-65.015568688142,-19.201489198072,2769,21,49
-64.207084932434,-37.661868286738,2766,207,-208
-69.013071702476,-28.09481051086,2540,100,205
-67.890177597326,-34.3830174997,2763,96,-338
-62.051128250546,-38.111025928798,2756,388,20
-65.913883972262,-28.139726275066,2744,69,359
-70.225797336038,-32.36180811043,2619,303,2188
-70.54020768548,-28.76854697395,2749,28,-288
-66.946946549,-24.097307496526,2663,12,-393
-62.275707071576,-38.380520514034,2769,307,-138
-68.429166767798,-34.562680556524,2747,128,-260
-70.180881571832,-32.182145053606,2616,204,1575
-66.542704671146,-27.690568633006,2809,24,-643
-67.755430304708,-28.184642039272,2725,18,-392
-69.41731358033,-36.538974181588,2675,326,36
-63.218938119902,-39.189004269742,2771,227,-158
-65.105400216554,-20.144720246398,2752,22,349
-71.124112620158,-32.58638693146,2776,17,947
-67.755430304708,-17.943847800304,2707,37,1085
-62.90452777046,-19.11165766966,2885,125,75
-66.767283492176,-22.121013871462,2653,9,852
-67.755430304708,-27.87023168983,2732,12,-521
-71.348691441188,-35.101669726996,2775,29,1997
-70.270713100244,-34.562680556524,2618,154,5051
-64.207084932434,-22.435424220904,2811,58,1296
-71.124112620158,-27.960063218242,2835,9,-418
-70.854618034922,-30.56517754219,2734,89,526
-67.935093361532,-36.62880571,2751,140,-265
-65.464726330202,-23.872728675496,2778,92,446
-68.51899829621,-32.855881516696,2766,49,-394
-66.318125850116,-38.560183570858,2763,185,-192
-64.970652923936,-36.673721474206,2768,168,-268
-70.854618034922,-34.203354442876,2763,22,1079
-66.767283492176,-31.373661297898,2788,19,-480
-64.296916460846,-36.85338453103,2770,182,-196
-69.956302750802,-32.766049988284,2605,233,2089
-67.980009125738,-27.151579462534,2558,49,127
-65.689305151232,-37.122879116266,2768,171,-287
-63.757927290374,-18.303173913952,2816,255,538
-67.62068301209,-23.962560203908,2635,27,-470
-70.54020768548,-35.50591160485,2643,246,4681
-67.710514540502,-37.482205229914,2758,132,-205
-68.788492881446,-28.004978982448,2522,120,20
-69.013071702476,-37.706784050944,2714,268,-10
-63.982506111404,-38.290688985622,2767,238,-191
-68.249503710974,-25.804106536354,2621,7,-392
-66.587620435352,-36.314395360558,2773,131,-310
-70.54020768548,-34.517764792318,2634,108,3608
-69.102903230888,-26.253264178414,2633,30,-335
-62.949443534666,-38.919509684506,2771,252,-163
-67.755430304708,-37.257626408884,2759,140,-232
-67.800346068914,-35.95506924691,2758,131,-303
-70.495291921274,-34.293185971288,2709,79,2626
-67.755430304708,-28.09481051086,2708,17,-502
-61.55705484428,-38.560183570858,2771,348,-93
-65.82405244385,-18.617584263394,2723,43,1001
-67.84526183312,-30.969419420044,2786,10,-600
-69.507145108742,-28.499052388714,2596,87,264
-70.585123449686,-27.510905576182,2801,2,-389
-71.842764847454,-35.101669726996,2769,27,1607
-68.474082532004,-31.283829769486,2763,28,-549
-62.949443534666,-38.470352042446,2773,278,-158
-71.752933319042,-34.023691386052,2792,5,979
-71.079196855952,-34.068607150258,2762,25,1726
-67.351188426854,-36.62880571,2765,145,-296
-63.443516940932,-17.809100507686,2889,374,372
-68.339335239386,-38.290688985622,2744,176,-136
-69.86647122239,-35.416080076438,2651,295,752
-67.62068301209,-18.21334238554,2700,42,1242
-67.980009125738,-36.224563832146,2748,127,-281
-66.991862313206,-16.820953695154,2738,373,1574
-67.485935719472,-23.962560203908,2621,24,-429
-65.644389387026,-36.988131823648,2767,179,-265
-62.051128250546,-19.920141425368,2884,130,-454
-68.96815593827,-23.648149854466,2741,1,-593
-66.812199256382,-30.205851428542,2795,21,-524
-66.452873142734,-24.456633610174,2647,11,287
-68.249503710974,-37.75169981515,2753,151,-142
-67.84526183312,-30.78975636322,2773,16,-629
-62.994359298872,-39.503414619184,2771,232,-157
-61.871465193722,-39.458498854978,NA,NA,NA
-67.62068301209,-36.449142653176,2759,144,-286
-67.081693841618,-24.771043959616,2660,8,-590
-67.126609605824,-21.043035530518,2664,7,209
-67.84526183312,-38.290688985622,2755,169,-150
-67.575767247884,-37.437289465708,2759,131,-226
-66.452873142734,-38.560183570858,2763,179,-180
-70.719870742304,-28.31938933189,2812,2,-344
-64.746074102906,-19.830309896956,2769,32,232
-66.452873142734,-24.95070701644,2664,15,249
-68.474082532004,-26.837169113092,2593,48,-159
-69.372397816124,-24.905791252234,2723,5,-610
-69.102903230888,-24.815959723822,2647,6,-496
-71.303775676982,-30.385514485366,2805,6,289
-67.935093361532,-26.567674527856,2562,14,-351
-65.240147509172,-22.300676928286,2695,78,1775
-68.653745588828,-27.016832169916,2560,61,65
-71.932596375866,-34.248270207082,2799,12,1738
-63.623179997756,-17.854016271892,2838,427,1195
-67.710514540502,-21.986266578844,2620,24,118
-65.060484452348,-20.504046360046,2766,25,-206
-68.249503710974,-24.007475968114,2702,9,-500
-66.093547029086,-18.168426621334,2760,39,435
-63.398601176726,-18.078595092922,2880,284,252
-67.755430304708,-31.193998241074,2787,18,-610
-71.66310179063,-31.283829769486,NA,NA,NA
-63.713011526168,-38.919509684506,2766,241,-179
-66.228294321704,-27.331242519358,2630,72,871
-66.183378557498,-22.615087277728,2668,4,999
-61.646886372692,-38.335604749828,2769,317,-76
-65.285063273378,-23.648149854466,2628,156,2378
-68.159672182562,-29.801609550688,2748,27,-635
-67.216441134236,-28.813462738156,2712,55,700
-68.339335239386,-25.489696186912,2577,19,-391
-68.29441947518,-34.60759632073,2753,129,-265
-64.790989867112,-22.210845399874,2773,92,1926
-64.611326810288,-38.42543627824,2766,218,-236
-64.566411046082,-17.98876356451,2841,85,-309
-67.485935719472,-21.58202470099,2653,9,-186
-66.04863126488,-17.31502710142,2712,439,3055
-67.710514540502,-24.321886317556,2636,15,-369
-68.249503710974,-26.028685357384,2583,11,-412
-68.384251003592,-30.250767192748,2747,33,-535
-64.162169168228,-21.492193172578,2811,48,509
-65.195231744966,-38.066110164592,2765,184,-234
-68.923240174064,-33.03554457352,2753,100,-298
-62.724864713636,-18.707415791806,2894,193,14
-68.29441947518,-32.81096575249,2769,32,-399
-70.98936532754,-34.068607150258,2755,23,1424
-70.180881571832,-24.142223260732,2838,1,-847
-68.74357711724,-38.20085745721,2757,130,-136
-64.296916460846,-18.6625000276,2874,51,-475
-67.081693841618,-25.3998646585,2665,8,-566
-70.899533799128,-27.600737104594,2827,5,-504
-62.635033185224,-39.77290920442,2770,236,-140
-65.82405244385,-36.62880571,2770,149,-298
-67.081693841618,-19.156573433866,2715,22,723
-62.949443534666,-21.177782823136,2863,68,415
-68.339335239386,-30.699924834808,2759,17,-486
-64.521495281876,-37.886447107768,2764,208,-231
-69.507145108742,-28.139726275066,2568,177,881
-63.757927290374,-22.076098107256,2822,69,1042
-67.126609605824,-25.489696186912,2656,8,-529
-62.545201656812,-18.572668499188,2895,242,31
-69.731723929772,-35.73049042588,2629,330,473
-68.923240174064,-25.893938064766,2598,40,-409
-69.372397816124,-29.66686225807,2523,167,148
-64.566411046082,-21.626940465196,2783,14,55
-67.800346068914,-32.092313525194,2777,19,-502
-67.665598776296,-20.099804482192,2678,7,-707
-66.991862313206,-17.270111337214,2698,252,1304
-64.7011583387,-21.043035530518,2761,39,410
-69.776639693978,-26.837169113092,2734,16,-426
-70.809702270716,-31.193998241074,2722,70,795
-68.29441947518,-30.834672127426,2764,16,-575
-69.237650523506,-27.780400161418,2600,131,94
-69.102903230888,-33.394870687168,2732,148,-196
-65.958799736468,-27.6456528688,2728,100,462
-65.913883972262,-18.21334238554,2743,45,640
-62.140959778958,-19.78539413275,2885,141,-421
-68.024924889944,-19.650646840132,2678,15,387
-69.462229344536,-37.75169981515,2728,133,-112
-66.093547029086,-36.359311124764,2771,131,-320
-68.923240174064,-32.81096575249,2746,75,-350
-67.755430304708,-25.040538544852,2644,4,-531
-66.946946549,-29.487199201246,2755,39,-320
-64.611326810288,-38.964425448712,2764,220,-183
-68.204587946768,-27.19649522674,2587,32,-335
-66.902030784794,-38.155941693004,2763,171,-167
-62.275707071576,-37.616952522532,2757,236,-71
-62.545201656812,-39.32375156236,2774,252,-148
-65.329979037584,-37.122879116266,2770,155,-271
-67.530851483678,-18.527752734982,2693,33,907
-66.587620435352,-17.53960592245,2757,63,304
-62.275707071576,-39.278835798154,2792,280,-136
-68.429166767798,-27.106663698328,2524,72,-108
-70.944449563334,-31.867734704164,2779,29,573
-66.902030784794,-24.366802081762,2668,14,-94
-65.868968208056,-23.558318326054,2705,4,-291
-67.485935719472,-27.780400161418,2676,20,-535
-62.90452777046,-19.650646840132,2871,117,-20
-66.812199256382,-25.714275007942,2635,12,177
-69.013071702476,-33.170291866138,2737,143,-240
-69.686808165566,-28.633799681332,2567,162,758
-67.62068301209,-18.931994612836,2686,25,913
-69.552060872948,-25.3998646585,2757,8,-647
-69.41731358033,-32.631302695666,2709,74,-442
-66.542704671146,-22.165929635668,2646,6,1247
-65.329979037584,-18.797247320218,2784,21,109
-65.554557858614,-23.423571033436,2670,21,457
-68.608829824622,-25.489696186912,2603,20,-337
-64.611326810288,-37.07796335206,2768,189,-245
-62.365538599988,-38.470352042446,2771,310,-140
-68.96815593827,-37.167794880472,2723,188,-83
-66.04863126488,-27.87023168983,2689,78,610
-63.982506111404,-21.043035530518,2846,74,115
-63.398601176726,-18.123510857128,2877,271,280
-70.225797336038,-32.182145053606,2613,217,1751
-62.140959778958,-37.886447107768,2749,342,-17
-68.96815593827,-24.232054789144,2693,4,-594
-62.67994894943,-38.380520514034,2770,289,-149
-67.126609605824,-38.515267806652,2761,169,-173
-66.767283492176,-37.07796335206,2769,145,-269
-68.429166767798,-38.42543627824,2757,138,-136
-66.318125850116,-22.660003041934,2640,5,1137
-68.74357711724,-30.56517754219,2752,32,-394
-70.180881571832,-28.678715445538,2687,156,374
-70.270713100244,-26.388011471032,2796,0,-355
-68.608829824622,-27.19649522674,2510,71,45
-69.41731358033,-32.990628809314,2504,281,536
-64.386747989258,-19.965057189574,2764,82,786
-70.180881571832,-28.678715445538,2687,156,374
-69.64189240136,-34.787259377554,2619,368,855
-68.429166767798,-25.085454309058,2601,13,-345
-68.563914060416,-31.104166712662,2750,26,-549
-68.06984065415,-33.574533743992,2768,70,-370
-69.507145108742,-25.489696186912,2735,12,-510
-71.393607205394,-31.68807164734,2803,18,829
-68.563914060416,-37.841531343562,2745,187,-118
-67.036778077412,-37.033047587854,2767,139,-253
-67.530851483678,-22.345592692492,2610,24,-53
-65.509642094408,-18.303173913952,2807,30,179
-67.530851483678,-23.243907976612,2597,33,-399
-64.162169168228,-19.830309896956,2778,111,642
-67.485935719472,-17.854016271892,2707,42,406
-63.623179997756,-17.854016271892,2838,427,1195
-62.500285892606,-20.45913059584,2873,87,-86
-71.618186026424,-34.113522914464,2784,5,982
-70.809702270716,-33.170291866138,2779,19,304
-71.169028384364,-27.825315925624,NA,NA,NA
-70.09105004342,-28.09481051086,2676,34,-28
-62.096044014752,-19.291320726484,2890,191,-338
-65.913883972262,-27.780400161418,2752,89,351
-66.183378557498,-27.600737104594,2756,84,246
-65.868968208056,-25.983769593178,2797,18,-729
-69.821555458184,-31.104166712662,2550,251,929
-68.788492881446,-33.394870687168,2750,88,-286
-64.296916460846,-38.245773221416,2769,208,-173
-65.868968208056,-25.84902230056,2763,17,-634
-67.485935719472,-31.598240118928,2777,21,-534
-66.407957378528,-22.794750334552,2663,4,428
-62.23079130737,-37.257626408884,2764,220,-78
-68.608829824622,-25.759190772148,2601,21,-455
-68.249503710974,-35.685574661674,2741,151,-306
-63.668095761962,-39.368667326566,2768,233,-172
-67.441019955266,-32.36180811043,2780,18,-586
-66.946946549,-19.201489198072,2720,20,837
-66.183378557498,-23.60323409026,2683,2,-584
-66.49778890694,-18.348089678158,2714,43,822
-70.854618034922,-32.631302695666,2735,22,481
-68.788492881446,-29.981272607512,2720,37,-339
-70.54020768548,-30.475346013778,2710,263,658
-69.372397816124,-31.418577062104,2741,110,-210
-65.015568688142,-18.707415791806,2812,22,-146
-67.17152537003,-24.546465138586,2679,9,-595
-67.575767247884,-22.300676928286,2604,29,78
-65.82405244385,-38.65001509927,2765,189,-207
-65.240147509172,-18.617584263394,2821,16,-426
-66.183378557498,-22.210845399874,2653,5,1209
-68.51899829621,-35.595743133262,2654,230,88
-63.847758818786,-38.20085745721,2773,202,-187
-64.566411046082,-36.62880571,2770,175,-242
-69.731723929772,-30.071104135924,2529,317,831
-65.15031598076,-36.044900775322,2772,132,-281
-68.159672182562,-30.520261777984,2761,15,-524
-63.398601176726,-39.09917274133,2771,219,-181
-66.407957378528,-23.513402561848,2666,2,-463
-67.036778077412,-20.638793652664,2679,8,-309
-68.29441947518,-24.860875488028,2654,8,-487
-71.169028384364,-30.11601990013,2808,6,153
-65.82405244385,-22.525255749316,2666,5,900
-68.29441947518,-25.669359243736,2609,12,-390
-65.689305151232,-23.917644439702,2665,84,1446
-65.779136679644,-18.572668499188,2767,34,327
-65.240147509172,-37.167794880472,2770,167,-265
-67.980009125738,-30.924503655838,2773,12,-504
-67.126609605824,-17.584521686656,2712,111,647
-69.686808165566,-33.844028329228,2624,185,932
-70.180881571832,-33.93385985764,2677,73,1533
-69.821555458184,-34.113522914464,2591,258,3098
-64.296916460846,-37.931362871974,2765,213,-235
-65.419810565996,-38.021194400386,2764,198,-236
-68.74357711724,-26.567674527856,2584,63,69
-67.665598776296,-28.004978982448,2756,15,-529
-69.821555458184,-36.988131823648,2709,181,80
-62.4553701284,-20.054888717986,2877,109,-186
-66.857115020588,-29.846525314894,2793,27,-459
-62.500285892606,-18.033679328716,2897,362,97
-63.57826423355,-38.919509684506,2767,246,-167
-67.441019955266,-20.818456709488,2674,7,-551
-66.093547029086,-26.97191640571,2764,41,701
-63.982506111404,-38.380520514034,2771,204,-206
-65.060484452348,-39.144088505536,2761,209,-187
-69.41731358033,-31.68807164734,2719,89,-286
-70.270713100244,-37.661868286738,2689,115,454
-64.02742187561,-38.155941693004,2772,184,-198
-69.462229344536,-34.15843867867,2615,280,358
-67.39610419106,-24.366802081762,2667,10,-546
-67.17152537003,-27.600737104594,2761,19,-352
-68.653745588828,-36.763553002618,2726,150,-218
-64.341832225052,-18.88707884863,2808,62,196
-63.308769648314,-19.426068019102,2818,127,1104
-67.755430304708,-16.4167118173,2791,462,2652
-63.80284305458,-20.45913059584,2802,94,903
-66.27321008591,-22.660003041934,2661,4,1136
-63.263853884108,-20.68370941687,2848,79,254
-70.046134279214,-30.430430249572,2571,289,1157
-65.734220915438,-21.58202470099,2711,6,255
-70.719870742304,-32.316892346224,2760,39,489
-70.270713100244,-35.73049042588,2633,209,2275
-66.363041614322,-19.156573433866,2691,20,395
-67.306272662648,-21.671856229402,2646,9,12
-68.788492881446,-34.113522914464,2718,139,-247
-69.237650523506,-26.702421820474,2556,67,-48
-65.015568688142,-38.784762391888,2766,192,-201
-63.982506111404,-20.818456709488,2834,77,559
-67.575767247884,-24.72612819541,2648,4,-565
-68.384251003592,-26.29817994262,2587,24,-330
-68.06984065415,-29.8914410791,2738,21,-649
-66.318125850116,-27.825315925624,2816,35,-716
-69.64189240136,-25.714275007942,2760,7,-574
-62.949443534666,-18.572668499188,2895,188,153
-69.776639693978,-30.924503655838,2621,190,158
-69.776639693978,-33.619449508198,2623,211,1236
-65.734220915438,-18.572668499188,2805,23,-313
-64.566411046082,-37.437289465708,2767,191,-226
-63.443516940932,-39.458498854978,2766,240,-158
-62.724864713636,-20.054888717986,2871,101,-83
-68.74357711724,-30.744840599014,2739,37,-459
-70.270713100244,-23.693065618672,2823,14,-646
-68.51899829621,-31.867734704164,2757,37,-491
-70.630039213892,-23.243907976612,NA,NA,NA
-63.80284305458,-22.03118234305,2827,58,694
-66.902030784794,-19.740478368544,2692,21,886
-70.719870742304,-26.657506056268,2849,24,-468
-64.7011583387,-18.752331556012,2779,32,-253
-69.102903230888,-37.616952522532,2726,210,-61
-67.441019955266,-18.348089678158,2696,37,595
-63.218938119902,-38.20085745721,2769,261,-177
-62.994359298872,-38.155941693004,2767,264,-158
-69.462229344536,-26.208348414208,2693,19,-482
-68.96815593827,-30.78975636322,2724,47,-404
-63.488432705138,-21.492193172578,2852,52,224
-67.710514540502,-36.943216059442,2758,136,-258
-70.719870742304,-29.352451908628,2751,53,-227
-70.001218515008,-24.860875488028,2789,1,-768
-66.72236772797,-17.629437450862,2702,104,1113
-68.698661353034,-27.780400161418,2532,109,-34
-67.17152537003,-28.049894746654,2784,9,-539
-63.892674582992,-20.45913059584,2821,94,645
-68.114756418356,-32.406723874636,2774,21,-445
-63.668095761962,-38.829678156094,2767,236,-170
-67.036778077412,-30.160935664336,2788,24,-467
-68.204587946768,-37.033047587854,2745,143,-247
-62.90452777046,-37.437289465708,2766,232,-71
-68.788492881446,-26.432927235238,2595,66,-163
-69.956302750802,-29.66686225807,2555,183,722
-68.384251003592,-37.033047587854,2740,141,-233
-69.552060872948,-24.905791252234,2733,2,-732
-68.474082532004,-26.657506056268,2591,36,-240
-70.98936532754,-35.236417019614,2753,132,4104
-70.809702270716,-28.948210030774,2797,20,-359
-65.644389387026,-23.872728675496,2687,94,1485
-69.237650523506,-34.023691386052,2698,258,-224
-68.788492881446,-27.6456528688,2562,57,-121
-67.216441134236,-29.307536144422,2759,67,-68
-68.74357711724,-33.93385985764,2722,126,-269
-66.407957378528,-20.638793652664,2698,14,982
-71.708017554836,-33.215207630344,2835,6,690
-69.731723929772,-37.167794880472,2718,199,35
-68.339335239386,-37.931362871974,2750,157,-140
-70.180881571832,-26.028685357384,2796,0,-585
-70.360544628656,-33.125376101932,2617,136,2321
-67.306272662648,-20.279467539016,2665,6,-749
-66.72236772797,-23.064244919788,2664,6,-107
-67.62068301209,-38.20085745721,2764,132,-193
-70.899533799128,-30.834672127426,2726,36,503
-70.674954978098,-30.56517754219,2709,174,465
-63.488432705138,-19.470983783308,2839,80,394
-70.854618034922,-31.46349282631,2674,123,1061
-67.17152537003,-21.087951294724,2644,9,615
-65.464726330202,-23.109160683994,2681,15,877
-71.797849083248,-35.05675396279,2776,22,1595
-62.859612006254,-38.515267806652,2773,275,-147
-69.462229344536,-33.70928103661,2521,424,666
-68.608829824622,-32.002481996782,2760,56,-422
-63.443516940932,-37.033047587854,2769,227,48
-67.980009125738,-20.45913059584,2681,10,-663
-64.611326810288,-22.570171513522,2802,113,1915
-62.365538599988,-19.650646840132,2884,146,-264
-70.046134279214,-31.283829769486,2623,157,803
-66.407957378528,-21.626940465196,2667,8,1358
-68.698661353034,-34.697427849142,2711,133,-206
-66.363041614322,-30.026188371718,2802,22,-503
-70.31562886445,-32.406723874636,2609,288,2362
-62.67994894943,-37.886447107768,2764,249,-150
-65.689305151232,-25.444780422706,2771,40,563
-69.731723929772,-24.232054789144,2812,0,-856
-66.183378557498,-21.58202470099,2667,8,1336
-63.982506111404,-22.165929635668,2824,50,691
-62.859612006254,-19.11165766966,2886,128,22
-68.204587946768,-33.349954922962,2766,59,-375
-65.464726330202,-24.232054789144,2795,146,2239
-67.485935719472,-32.496555403048,2778,19,-514
-64.072337639816,-18.168426621334,2841,121,-398
-68.384251003592,-25.220201601676,2594,13,-244
-67.935093361532,-35.236417019614,2767,111,-339
-64.02742187561,-36.943216059442,2769,209,-124
-67.39610419106,-25.669359243736,2575,13,-281
-67.530851483678,-37.97627863618,2756,140,-165
-62.096044014752,-37.616952522532,2757,239,-57
-71.079196855952,-29.8914410791,2812,14,13
-66.812199256382,-27.016832169916,2712,23,-351
-69.372397816124,-34.697427849142,2706,189,-204
-68.51899829621,-28.678715445538,2716,46,-471
-71.393607205394,-30.205851428542,2831,11,-12
-70.899533799128,-30.34059872116,2758,61,210
-68.653745588828,-36.583889945794,2729,170,-234
-66.228294321704,-19.515899547514,2663,23,1434
-70.270713100244,-35.820321954292,2630,256,2991
-68.608829824622,-26.07360112159,2578,41,-208
-67.710514540502,-25.534611951118,2614,7,-501
-66.72236772797,-21.402361644166,2686,12,959
-66.093547029086,-17.31502710142,2716,405,2900
-68.429166767798,-27.735484397212,2586,40,-368
-68.698661353034,-26.97191640571,2538,58,-32
-69.731723929772,-32.676218459872,2548,221,1402
-62.185875543164,-37.257626408884,2764,219,-72
-68.159672182562,-25.444780422706,2621,15,-316
-67.126609605824,-18.078595092922,2712,44,364
-63.757927290374,-36.943216059442,2770,223,-21
-72.11225943269,-34.562680556524,NA,NA,NA
-69.956302750802,-37.706784050944,2708,104,76
-65.105400216554,-19.605731075926,2723,33,700
-65.060484452348,-38.470352042446,2767,200,-217
-67.485935719472,-21.941350814638,2636,15,-51
-69.372397816124,-25.938853828972,2705,32,-429
-67.126609605824,-18.976910377042,2731,23,696
-66.946946549,-19.695562604338,2682,21,944
-63.263853884108,-20.863372473694,2856,62,239
-62.410454364194,-19.650646840132,2883,144,-267
-66.767283492176,-30.34059872116,2793,20,-518
-69.911386986596,-28.09481051086,2715,45,-44
-69.686808165566,-34.877090905966,2669,259,370
-67.755430304708,-19.740478368544,2702,16,345
-61.512139080074,-38.694930863476,2776,334,-109
-69.282566287712,-35.999985011116,2660,250,-87
-64.341832225052,-36.943216059442,2770,178,-196
-63.398601176726,-21.626940465196,2858,43,260
-66.003715500674,-19.740478368544,2672,20,721
-69.776639693978,-27.87023168983,2677,110,401
-67.441019955266,-31.283829769486,2761,33,-344
-69.776639693978,-27.825315925624,2686,102,26
-70.809702270716,-31.508408590516,2761,89,479
-69.057987466682,-28.184642039272,2577,91,101
-68.06984065415,-31.732987411546,2767,35,-350
-69.552060872948,-24.27697055335,2773,0,-855
-69.147818995094,-28.76854697395,2624,38,-337
-69.821555458184,-31.777903175752,2602,201,663
-67.39610419106,-19.965057189574,2680,9,-403
-68.249503710974,-36.583889945794,2744,126,-279
-69.41731358033,-23.872728675496,2757,1,-775
-68.698661353034,-33.305039158756,2756,76,-330
-68.923240174064,-28.09481051086,2559,88,31
-70.225797336038,-29.127873087598,2600,253,1055
-63.533348469344,-38.42543627824,2771,255,-164
-66.318125850116,-20.593877888458,2707,11,433
-71.483438733806,-34.023691386052,2781,6,916
-63.892674582992,-39.054256977124,2767,222,-179
-70.31562886445,-25.220201601676,2797,19,-625
-66.452873142734,-29.44228343704,2801,28,-475
-70.944449563334,-30.78975636322,2791,19,230
-66.452873142734,-25.310033130088,2751,34,249
-67.036778077412,-31.193998241074,2796,19,-642
-66.228294321704,-36.718637238412,2771,147,-297
-71.079196855952,-29.66686225807,2797,24,-110
-66.452873142734,-36.85338453103,2771,150,-288
-66.542704671146,-25.3998646585,2654,47,1315
-64.835905631318,-22.300676928286,2729,128,2291
-65.15031598076,-20.279467539016,2754,26,819
-65.464726330202,-38.380520514034,2767,217,-202
-63.937590347198,-17.943847800304,2849,288,635
-68.204587946768,-23.82781291129,2744,5,-679
-66.542704671146,-20.863372473694,2704,8,124
-66.677451963764,-37.30254217309,2768,141,-259
-68.024924889944,-26.028685357384,2635,4,-682
-71.4385229696,-33.439786451374,2793,7,1251
-67.036778077412,-29.577030729658,2720,34,-557
-66.902030784794,-17.180279808802,2773,129,-15
-64.521495281876,-18.842163084424,2845,39,-421
-68.204587946768,-27.376158283564,2623,33,-452
-68.024924889944,-36.583889945794,2748,137,-269
-64.880821395524,-39.278835798154,2762,209,-190
-65.779136679644,-27.735484397212,2773,121,615
-70.809702270716,-28.723631209744,2794,5,-442
-68.024924889944,-38.694930863476,2765,135,-260
-64.521495281876,-20.548962124252,2776,64,634
-62.185875543164,-39.503414619184,2783,256,-103
-66.093547029086,-22.660003041934,2672,4,512
-66.452873142734,-25.759190772148,2696,29,1244
-69.86647122239,-28.76854697395,2594,210,944
-67.39610419106,-36.359311124764,2764,134,-310
-64.386747989258,-18.527752734982,2794,50,136
-64.521495281876,-18.842163084424,2845,39,-421
-68.878324409858,-29.038041559186,2624,84,-320
-70.98936532754,-28.049894746654,2812,4,-464
-70.135965807626,-32.631302695666,2594,286,2475
-66.183378557498,-25.17528583747,2768,26,20
-66.587620435352,-23.243907976612,2666,4,-285
-67.575767247884,-19.246404962278,2687,19,546
-66.72236772797,-16.910785223566,2726,418,3069
-64.880821395524,-18.482836970776,2855,22,-703
-67.800346068914,-17.719268979274,2704,40,646
-66.587620435352,-17.719268979274,2713,76,839
-70.270713100244,-36.314395360558,2700,142,836
-63.668095761962,-19.830309896956,2825,93,646
-70.31562886445,-28.229557803478,2777,24,-257
-64.611326810288,-18.303173913952,2793,48,-74
-70.944449563334,-35.371164312232,2723,174,4812
-67.351188426854,-23.198992212406,2631,21,-557
-66.27321008591,-28.633799681332,2720,41,258
-67.081693841618,-18.617584263394,2720,30,843
-66.27321008591,-19.11165766966,2675,29,943
-67.261356898442,-35.640658897468,2772,106,-332
-69.86647122239,-24.411717845968,2808,0,-867
-69.911386986596,-29.44228343704,2561,167,686
-71.124112620158,-34.3830174997,2771,17,1112
-68.114756418356,-33.888944093434,2764,90,-345
-62.185875543164,-39.413583090772,2788,266,-75
-67.575767247884,-36.224563832146,2760,130,-304
-70.98936532754,-34.787259377554,2772,50,2427
-67.261356898442,-25.310033130088,2655,6,-593
-69.86647122239,-33.799112565022,2507,254,3114
-62.859612006254,-19.56081531172,2874,122,-78
-67.755430304708,-35.595743133262,2769,111,-350
-68.698661353034,-24.50154937438,2659,14,-393
-68.878324409858,-35.999985011116,2708,207,-120
-66.183378557498,-29.262620380216,2798,29,-479
-69.731723929772,-23.37865526923,2794,0,-782
-64.790989867112,-20.00997295378,2727,39,759
-65.689305151232,-37.07796335206,2769,169,-278
-69.327482051918,-32.36180811043,2663,114,-305
-67.216441134236,-26.29817994262,2667,13,-589
-65.419810565996,-23.737981382878,2688,112,973
-68.024924889944,-19.470983783308,2706,11,-267
-62.635033185224,-19.156573433866,2890,146,-259
-63.398601176726,-19.875225661162,2840,82,336
-66.138462793292,-25.085454309058,2767,21,-18
-68.96815593827,-24.815959723822,2679,4,-545
-62.410454364194,-19.11165766966,2892,184,-232
-70.270713100244,-29.262620380216,2604,240,1163
-65.82405244385,-25.265117365882,2735,37,766
-71.303775676982,-28.99312579498,2813,9,-339
-68.51899829621,-33.844028329228,2747,106,-309
-65.060484452348,-17.898932036098,2827,88,-156
-67.485935719472,-18.976910377042,2691,25,902
-61.512139080074,-38.784762391888,2780,323,-113
-69.507145108742,-26.52275876365,2670,31,-205
-70.270713100244,-34.248270207082,2667,101,2527
-67.126609605824,-23.243907976612,2642,15,-558
-67.081693841618,-17.180279808802,2719,234,1441
-63.937590347198,-38.8745939203,2765,223,-199
-67.890177597326,-34.068607150258,2765,85,-360
-71.797849083248,-34.068607150258,2792,7,1390
-71.348691441188,-31.732987411546,2794,16,828
-71.258859912776,-29.038041559186,2808,10,-406
-65.195231744966,-23.60323409026,2750,131,2402
-68.74357711724,-25.84902230056,2579,47,-245
-66.138462793292,-17.898932036098,2749,39,778
-69.596976637154,-27.690568633006,2610,166,327
-63.174022355696,-38.335604749828,2770,273,-178
-66.363041614322,-17.135364044596,2696,339,3236
-66.318125850116,-23.962560203908,2628,4,221
-64.746074102906,-21.492193172578,2790,17,-195
-62.275707071576,-19.965057189574,2881,123,-287
-63.443516940932,-20.818456709488,2841,76,583
-64.566411046082,-22.03118234305,2764,52,2340
-68.653745588828,-24.591380902792,2643,17,-360
-66.452873142734,-29.846525314894,2800,23,-517
-64.746074102906,-39.009341212918,2763,212,-197
-69.507145108742,-32.990628809314,2542,213,640
-68.474082532004,-24.50154937438,2642,19,-352
-66.991862313206,-25.265117365882,2667,8,-592
-65.419810565996,-19.875225661162,2722,27,81
-65.015568688142,-23.109160683994,2706,141,3008
-65.644389387026,-25.579527715324,2772,35,374
-68.024924889944,-31.149082476868,2743,26,-445
-71.393607205394,-35.011838198584,2775,21,1534
-69.596976637154,-33.305039158756,2598,199,412
-71.528354498012,-35.146585491202,2777,24,1525
-66.632536199558,-17.045532516184,2730,325,2652
-68.788492881446,-30.834672127426,2698,49,-306
-67.62068301209,-18.348089678158,2699,38,878
-65.734220915438,-23.423571033436,2699,9,510
-67.485935719472,-26.702421820474,2678,7,-696
-68.878324409858,-26.118516885796,2582,65,-126
-68.653745588828,-33.93385985764,2723,119,-268
-67.755430304708,-28.903294266568,2696,82,-225
-67.39610419106,-25.310033130088,2648,6,-495
-66.991862313206,-38.739846627682,2760,177,-173
-66.767283492176,-20.953204002106,2688,8,-52
-70.31562886445,-24.366802081762,2799,2,-788
-66.587620435352,-26.388011471032,2670,15,102
-70.450376157068,-29.487199201246,2618,269,1059
-62.275707071576,-37.257626408884,2764,219,-73
-67.081693841618,-17.674353215068,2718,93,641
-71.573270262218,-32.316892346224,NA,NA,NA
-70.809702270716,-27.061747934122,2841,11,-471
-64.566411046082,-18.707415791806,2839,35,-358
-63.488432705138,-21.13286705893,2828,63,949
-69.41731358033,-30.655009070602,2662,255,-32
-70.630039213892,-34.83217514176,2669,162,3989
-63.308769648314,-20.23455177481,2831,88,298
-67.351188426854,-24.05239173232,2602,20,-338
-68.833408645652,-26.477842999444,2592,62,-102
-65.689305151232,-38.066110164592,2767,203,-237
-67.306272662648,-35.910153482704,2771,115,-313
-68.563914060416,-27.42107404777,2549,66,-114
-71.4385229696,-35.236417019614,2777,37,1823
-69.507145108742,-25.62444347953,2739,14,-561
-67.530851483678,-23.198992212406,2610,32,-450
-66.138462793292,-19.33623649069,2693,15,432
-65.329979037584,-18.931994612836,2762,27,502
-70.225797336038,-36.583889945794,2614,334,1785
-67.39610419106,-30.026188371718,2762,25,-424
-63.80284305458,-39.189004269742,2769,232,-163
-66.452873142734,-17.404858629832,2724,118,1768
-71.842764847454,-35.101669726996,2769,27,1607
-65.37489480179,-24.232054789144,2813,133,1707
-62.365538599988,-20.369299067428,2876,88,-95
-68.29441947518,-32.36180811043,2770,22,-427
-68.159672182562,-33.26012339455,2764,52,-375
-62.320622835782,-19.246404962278,2890,180,-302
-67.216441134236,-30.969419420044,2793,28,-565
-65.82405244385,-22.660003041934,2673,4,727
-68.06984065415,-31.68807164734,2757,38,-342
-66.318125850116,-37.886447107768,2767,175,-234
-67.575767247884,-23.333739505024,2606,30,-259
-70.585123449686,-25.130370073264,NA,NA,NA
-69.731723929772,-29.262620380216,2569,129,513
-67.890177597326,-36.449142653176,2752,136,-279
-66.27321008591,-25.310033130088,2763,38,68
-67.17152537003,-24.007475968114,2662,10,-595
-66.452873142734,-21.941350814638,2688,6,348
-62.769780477842,-38.515267806652,2772,282,-157
-66.946946549,-37.257626408884,2762,140,-251
-63.218938119902,-18.752331556012,2884,133,120
-67.890177597326,-32.36180811043,2778,19,-458
-65.644389387026,-25.310033130088,2752,47,774
-70.270713100244,-30.520261777984,2586,445,1853
-69.1927347593,-27.465989811976,2598,90,-24
-69.1927347593,-32.002481996782,2636,130,-237
-69.013071702476,-26.477842999444,2604,38,-262
-68.878324409858,-31.68807164734,2719,55,-447
-66.093547029086,-20.504046360046,2724,9,-198
-66.452873142734,-28.31938933189,2797,9,-670
-67.17152537003,-23.917644439702,2657,11,-595
-65.779136679644,-24.995622780646,2698,62,1834
-66.228294321704,-24.681212431204,2721,9,193
-65.195231744966,-37.97627863618,2766,174,-253
-64.02742187561,-18.797247320218,2801,119,677
-66.228294321704,-27.016832169916,2761,22,-228
-67.800346068914,-18.976910377042,2685,19,325
-67.485935719472,-21.671856229402,2654,9,-249
-62.590117421018,-37.97627863618,2764,253,-155
-68.429166767798,-23.693065618672,2732,3,-694
-67.665598776296,-33.215207630344,2770,36,-430
-68.29441947518,-32.182145053606,2765,23,-435
-71.169028384364,-35.191501255408,2763,75,3293
-72.022427904278,-34.966922434378,2786,23,1722
-69.372397816124,-24.411717845968,2745,1,-700
-67.710514540502,-37.30254217309,2759,138,-228
-67.710514540502,-36.359311124764,2756,135,-294
-66.04863126488,-17.180279808802,2734,618,3817
-64.341832225052,-38.560183570858,2769,223,-183
-66.902030784794,-22.48033998511,2627,8,542
-70.09105004342,-23.243907976612,2808,1,-753
-70.270713100244,-33.978775621846,2642,135,3799
-69.64189240136,-25.938853828972,2780,8,-501
-70.944449563334,-28.948210030774,2809,7,-367
-64.072337639816,-20.728625181076,2815,85,680
-70.09105004342,-30.34059872116,2594,305,1359
-69.686808165566,-28.76854697395,2562,165,767
-71.393607205394,-30.34059872116,2819,6,57
-67.17152537003,-18.168426621334,2707,40,406
-64.386747989258,-21.58202470099,2755,30,1158
-68.384251003592,-31.373661297898,2774,22,-598
-63.398601176726,-18.43792120657,2874,185,139
-65.37489480179,-21.537108936784,2686,24,1076
-66.812199256382,-30.699924834808,2784,22,-548
-67.530851483678,-23.37865526923,2624,22,-396
-67.261356898442,-21.267614351548,2658,7,225
-62.67994894943,-20.189636010604,2871,96,-91
-67.800346068914,-28.31938933189,2693,23,-317
-67.62068301209,-30.160935664336,2735,17,-612
-69.1927347593,-28.049894746654,2594,115,153
-62.769780477842,-37.616952522532,2763,237,-110
-68.653745588828,-36.089816539528,2697,170,-301
-66.632536199558,-21.35744587996,2693,10,697
-68.249503710974,-26.477842999444,2599,15,-417
-67.84526183312,-20.593877888458,2685,10,-631
-64.296916460846,-21.986266578844,2807,46,768
-66.587620435352,-26.74733758468,2634,16,394
-65.509642094408,-25.938853828972,2768,69,528
-64.880821395524,-23.558318326054,2695,132,3143
-69.731723929772,-37.392373701502,2702,196,90
-71.258859912776,-32.855881516696,2788,13,1363
-65.82405244385,-21.35744587996,2725,7,567
-66.767283492176,-27.106663698328,2716,24,-351
-69.057987466682,-24.771043959616,2672,4,-565
-70.944449563334,-27.106663698328,NA,NA,NA
-63.757927290374,-37.931362871974,2768,219,-179
-64.117253404022,-20.45913059584,2823,62,157
-63.263853884108,-20.414214831634,2842,91,68
-62.67994894943,-17.943847800304,2897,395,142
-67.441019955266,-19.470983783308,2688,17,206
-62.185875543164,-19.381152254896,2889,178,-218
-65.285063273378,-24.771043959616,2791,33,764
-66.857115020588,-17.98876356451,2696,83,1737
-62.500285892606,-17.98876356451,2897,370,25
-66.04863126488,-37.796615579356,2770,169,-251
-64.746074102906,-20.68370941687,2745,59,512
-70.944449563334,-32.990628809314,2749,16,796
-64.611326810288,-37.75169981515,2764,205,-246
-69.462229344536,-24.366802081762,2766,1,-756
-65.419810565996,-20.054888717986,2731,19,-93
-65.15031598076,-18.797247320218,2789,20,48
-68.159672182562,-34.742343613348,2754,114,-277
-67.351188426854,-28.678715445538,2820,41,-627
-69.372397816124,-32.676218459872,2715,77,-425
-70.719870742304,-30.879587891632,2748,46,199
-70.405460392862,-29.711778022276,2626,320,810
-68.833408645652,-36.40422688897,2707,228,-240
-64.7011583387,-22.121013871462,2777,59,1548
-67.036778077412,-26.07360112159,2623,13,-379
-67.261356898442,-21.761687757814,2644,13,301
-67.575767247884,-31.643155883134,2779,23,-532
-64.386747989258,-18.258258149746,2826,71,56
-67.39610419106,-37.75169981515,2757,143,-196
-71.842764847454,-33.26012339455,NA,NA,NA
-66.677451963764,-30.56517754219,2787,22,-513
-67.39610419106,-16.686206402536,2757,488,2317
-71.124112620158,-29.801609550688,2814,12,67
-65.419810565996,-18.842163084424,2764,30,621
-67.485935719472,-18.033679328716,2703,42,571
-66.04863126488,-17.719268979274,2751,64,944
-65.689305151232,-23.019329155582,2662,8,1023
-69.956302750802,-32.496555403048,2586,248,1599
-67.126609605824,-22.345592692492,2640,12,259
-62.635033185224,-20.68370941687,2870,79,63
-66.72236772797,-38.42543627824,2763,172,-163
-64.880821395524,-21.986266578844,2766,46,787
-65.913883972262,-25.714275007942,2735,18,-350
-64.207084932434,-19.965057189574,2811,105,616
-70.854618034922,-27.151579462534,2839,8,-484
-68.384251003592,-36.538974181588,2739,127,-282
-67.84526183312,-18.931994612836,2684,19,348
-69.686808165566,-32.496555403048,2556,230,1042
-70.674954978098,-25.714275007942,2843,11,-474
-66.677451963764,-36.673721474206,2773,149,-282
-71.303775676982,-33.305039158756,2780,12,1216
-69.013071702476,-23.423571033436,2742,3,-687
-64.7011583387,-20.818456709488,2779,46,79
-68.249503710974,-23.917644439702,2716,6,-653
-69.237650523506,-34.652512084936,2712,186,-196
-68.024924889944,-26.208348414208,2657,4,-510
-62.90452777046,-20.728625181076,2864,82,168
-70.09105004342,-23.872728675496,2799,2,-822
-69.237650523506,-24.95070701644,2695,10,-480
-63.488432705138,-20.638793652664,2825,91,798
-67.441019955266,-21.043035530518,2660,7,-224
-66.902030784794,-26.477842999444,2707,5,-786
-70.180881571832,-30.026188371718,2611,306,1141
-65.015568688142,-24.232054789144,2795,66,898
-64.47657951767,-18.078595092922,2839,75,-335
-62.365538599988,-37.167794880472,2767,217,-70
-68.474082532004,-35.550827369056,2623,258,518
-70.180881571832,-35.191501255408,2609,210,2997
-66.632536199558,-19.021826141248,2707,41,2563
-67.575767247884,-24.007475968114,2628,25,-396
-70.899533799128,-30.385514485366,2786,59,389
-66.677451963764,-20.638793652664,2705,8,-209
-63.039275063078,-20.23455177481,2856,93,125
-69.552060872948,-24.097307496526,2795,0,-804
-70.180881571832,-26.343095706826,2795,0,-521
-69.911386986596,-30.969419420044,2625,198,494
-66.003715500674,-20.998119766312,2697,8,394
-63.982506111404,-21.177782823136,2844,83,281
-70.225797336038,-28.903294266568,2671,107,201
-65.060484452348,-19.470983783308,2743,22,340
-65.329979037584,-38.605099335064,2768,198,-206
-65.195231744966,-19.650646840132,2740,34,203
-67.62068301209,-30.744840599014,2735,20,-504
-69.1927347593,-29.846525314894,2682,116,-259
-69.057987466682,-31.822818939958,2658,103,-352
-68.249503710974,-23.648149854466,2748,3,-736
-65.105400216554,-22.660003041934,2747,114,1266
-71.21394414857,-32.406723874636,2807,18,1343
-66.632536199558,-28.364305096096,2795,10,-776
-69.282566287712,-27.960063218242,2626,111,12
-62.320622835782,-18.931994612836,2895,214,-158
-64.92573715973,-18.931994612836,2780,22,11
-69.776639693978,-35.685574661674,2640,287,399
-65.240147509172,-24.546465138586,2808,49,668
-69.1927347593,-27.825315925624,2596,134,149
-67.485935719472,-27.690568633006,2693,16,-501
-67.84526183312,-24.187139024938,2624,20,-382
-69.147818995094,-26.612590292062,2603,38,-263
-65.734220915438,-19.56081531172,2692,24,335
-67.980009125738,-24.995622780646,2635,6,-474
-69.956302750802,-34.023691386052,2600,224,3519
-66.407957378528,-24.05239173232,2646,5,91
-63.757927290374,-38.021194400386,2768,232,-201
-65.689305151232,-21.312530115754,2715,10,472
-70.809702270716,-32.496555403048,2745,38,880
-69.731723929772,-38.021194400386,2718,149,208
-66.946946549,-28.274473567684,2796,8,-746
-67.126609605824,-22.25576116408,2643,14,598
-69.282566287712,-35.28133278382,2690,196,-102
-65.060484452348,-37.52712099412,2765,186,-251
-64.521495281876,-20.369299067428,2789,40,-17
-70.001218515008,-28.858378502362,2697,139,462
-64.25200069664,-19.965057189574,2798,106,797
-63.174022355696,-19.605731075926,2858,117,279
-66.452873142734,-37.661868286738,2768,157,-253
-67.081693841618,-23.288823740818,2650,12,-634
-64.207084932434,-38.470352042446,2766,244,-205
-71.169028384364,-30.160935664336,2814,5,87
-68.114756418356,-30.11601990013,2770,20,-645
-62.500285892606,-38.65001509927,2779,296,-137
-65.419810565996,-21.447277408372,2678,21,941
-67.800346068914,-29.846525314894,2757,15,-551
-62.949443534666,-38.20085745721,2768,265,-180
-66.318125850116,-26.118516885796,2685,18,1086
-69.86647122239,-34.338101735494,2616,156,2247
-69.552060872948,-25.534611951118,2746,11,-549
-68.923240174064,-34.472849028112,2690,185,-200
-71.393607205394,-32.271976582018,2817,14,1072
-65.913883972262,-36.718637238412,2770,154,-293
-63.174022355696,-36.898300295236,2768,221,91
-64.162169168228,-18.348089678158,2830,86,-267
-66.093547029086,-19.56081531172,2672,17,942
-65.419810565996,-19.291320726484,2749,31,274
-68.29441947518,-26.253264178414,2558,25,-260
-64.970652923936,-37.122879116266,2770,161,-245
-69.552060872948,-25.714275007942,2749,12,-538
-64.92573715973,-37.392373701502,2767,171,-249
-64.611326810288,-20.144720246398,2809,41,39
-67.081693841618,-18.033679328716,2717,54,547
-66.407957378528,-17.404858629832,2765,81,816
-69.956302750802,-34.83217514176,2681,162,1072
-70.98936532754,-28.139726275066,2809,3,-331
-69.327482051918,-38.155941693004,2725,144,-128
-67.665598776296,-37.033047587854,2759,138,-245
-67.84526183312,-34.472849028112,2764,94,-341
-67.081693841618,-32.990628809314,2791,28,-546
-63.57826423355,-39.593246147596,2766,241,-146
-67.216441134236,-27.600737104594,2755,17,-326
-69.057987466682,-32.855881516696,2673,128,-312
-68.878324409858,-38.290688985622,2750,131,-104
-68.923240174064,-35.910153482704,2705,214,-118
-65.464726330202,-37.661868286738,2767,176,-254
-62.185875543164,-39.503414619184,2783,256,-103
-67.441019955266,-35.101669726996,2770,96,-366
-65.59947362282,-36.449142653176,2769,149,-300
-71.034281091746,-32.990628809314,2731,20,945
-65.913883972262,-24.097307496526,2717,7,301
-69.507145108742,-28.409220860302,2596,83,275
-69.462229344536,-26.927000641504,2665,55,-214
-63.174022355696,-18.078595092922,2894,304,-95
-69.64189240136,-28.54396815292,2545,149,800
-63.713011526168,-39.233920033948,2768,237,-176
-67.261356898442,-27.780400161418,2763,15,-463
-68.429166767798,-25.893938064766,2570,20,-267
-69.1927347593,-30.610093306396,2683,126,-339
-62.590117421018,-18.033679328716,2897,365,46
-67.39610419106,-34.787259377554,2770,92,-365
-68.29441947518,-32.271976582018,2767,22,-418
-63.084190827284,-39.593246147596,2771,214,-172
-64.296916460846,-37.347457937296,2767,200,-213
-69.237650523506,-36.988131823648,2713,202,-48
-65.15031598076,-20.728625181076,2760,26,286
-70.360544628656,-35.146585491202,2629,206,3952
-67.216441134236,-29.307536144422,2759,67,-68
-68.429166767798,-33.93385985764,2755,111,-327
-70.76478650651,-32.676218459872,2767,25,580
-69.1927347593,-25.444780422706,2673,33,-410
-68.249503710974,-29.352451908628,2779,19,-629
-69.821555458184,-33.574533743992,2559,280,2517
-65.329979037584,-21.312530115754,2717,23,722
-68.923240174064,-29.038041559186,2596,81,-404
-67.755430304708,-18.88707884863,2687,21,504
-65.689305151232,-37.392373701502,2770,165,-275
-66.812199256382,-28.76854697395,2795,24,-780
-68.384251003592,-27.600737104594,2576,44,-315
-68.653745588828,-38.42543627824,2759,113,-112
-64.117253404022,-36.943216059442,2769,201,-74
-67.441019955266,-35.460995840644,2774,94,-350
-67.261356898442,-21.267614351548,2658,7,225
-68.249503710974,-24.995622780646,2593,12,-424
-70.180881571832,-31.68807164734,2626,214,1435
-66.318125850116,-21.896435050432,2686,5,750
-63.263853884108,-19.066741905454,2870,106,303
-62.096044014752,-19.381152254896,2889,181,-372
-66.991862313206,-35.820321954292,2773,114,-322
-67.306272662648,-38.20085745721,2762,139,-174
-67.126609605824,-20.23455177481,2684,8,-562
-63.757927290374,-19.066741905454,2854,129,345
-69.86647122239,-23.423571033436,2809,0,-820
-68.788492881446,-23.917644439702,2702,2,-617
-66.632536199558,-37.122879116266,2769,149,-269
-65.689305151232,-35.999985011116,2770,122,-334
-66.363041614322,-38.335604749828,2765,182,-198
-69.282566287712,-34.15843867867,2667,312,-94
-67.216441134236,-26.028685357384,2634,17,-378
-64.566411046082,-22.48033998511,2814,82,1383
-65.15031598076,-19.291320726484,2769,16,-445
-65.37489480179,-21.941350814638,2742,18,973
-68.024924889944,-26.028685357384,2635,4,-682
-68.429166767798,-29.981272607512,2761,27,-519
-68.339335239386,-24.681212431204,2606,16,-395
-63.35368541252,-19.156573433866,2858,109,599
-69.686808165566,-27.151579462534,2721,31,-449
-65.37489480179,-24.636296666998,2796,55,1331
-67.39610419106,-27.960063218242,2760,12,-502
-68.204587946768,-27.331242519358,2611,34,-466
-64.790989867112,-23.019329155582,2791,187,2736
-68.51899829621,-31.822818939958,2757,34,-480
-69.686808165566,-31.68807164734,2681,115,-209
-69.821555458184,-33.70928103661,2485,285,2564
-69.596976637154,-27.106663698328,2682,45,-327
-67.39610419106,-27.19649522674,2712,10,344
-68.74357711724,-25.040538544852,2607,17,-341
-66.677451963764,-36.494058417382,2773,142,-294
-66.452873142734,-36.763553002618,2771,148,-294
-71.797849083248,-34.427933263906,2779,8,1326
-67.126609605824,-37.886447107768,2759,152,-204
-66.138462793292,-18.707415791806,2729,32,271
-66.587620435352,-25.669359243736,2665,24,1070
-65.15031598076,-18.258258149746,2783,35,89
-68.563914060416,-23.468486797642,2761,4,-821
-66.767283492176,-22.660003041934,2649,6,241
-69.013071702476,-35.416080076438,2708,156,-204
-67.710514540502,-33.799112565022,2768,64,-390
-69.911386986596,-36.449142653176,2631,259,744
-65.240147509172,-24.72612819541,2793,35,729
-67.306272662648,-32.721134224078,2788,19,-551
-70.809702270716,-30.655009070602,2745,61,301
-64.431663753464,-22.839666098758,2825,76,1081
-70.98936532754,-27.735484397212,2831,6,-494
-71.303775676982,-29.801609550688,2832,13,-52
-67.126609605824,-18.842163084424,2727,24,698
-68.74357711724,-34.83217514176,2701,149,-252
-67.261356898442,-31.822818939958,2776,14,-558
-68.384251003592,-27.19649522674,2557,50,-242
-65.958799736468,-25.938853828972,2796,17,-582
-67.575767247884,-19.650646840132,2702,13,3
-68.114756418356,-30.834672127426,2763,14,-551
-68.06984065415,-23.198992212406,2761,15,-645
-65.59947362282,-27.915147454036,2789,105,574
-66.991862313206,-29.756693786482,2775,38,-402
-65.060484452348,-23.37865526923,2725,95,2185
-63.713011526168,-37.167794880472,2769,224,-45
-63.937590347198,-20.9082882379,2835,68,212
-67.62068301209,-16.910785223566,2720,266,2068
-67.755430304708,-27.87023168983,2732,12,-521
-63.982506111404,-17.898932036098,2855,271,504
-65.240147509172,-24.456633610174,2796,63,811
-66.363041614322,-36.494058417382,2772,139,-309
-66.857115020588,-30.520261777984,2784,19,-544
-64.521495281876,-37.886447107768,2764,208,-231
-68.698661353034,-25.444780422706,2604,26,-381
-66.003715500674,-18.931994612836,2695,38,1279
-68.384251003592,-24.142223260732,2700,7,-448
-65.285063273378,-18.123510857128,2794,47,479
-64.746074102906,-38.42543627824,2763,231,-225
-66.407957378528,-27.19649522674,2735,29,-306
-67.980009125738,-30.610093306396,2764,17,-537
-63.398601176726,-20.279467539016,2838,80,116
-69.282566287712,-33.70928103661,2706,204,-217
-68.788492881446,-37.07796335206,2711,179,-168
-67.351188426854,-17.045532516184,2676,278,1879
-69.102903230888,-33.619449508198,2732,170,-146
-68.06984065415,-27.42107404777,2604,42,-472
-65.958799736468,-37.167794880472,2767,169,-271
-70.54020768548,-34.877090905966,2728,140,3541
-66.003715500674,-25.84902230056,2772,19,-459
-64.02742187561,-18.033679328716,2833,236,524
-65.734220915438,-21.716771993608,2689,7,326
-68.384251003592,-33.93385985764,2758,111,-321
-66.183378557498,-27.87023168983,2815,57,-253
-71.752933319042,-34.652512084936,2785,11,1405
-67.980009125738,-36.538974181588,2750,137,-271
-68.204587946768,-19.78539413275,2679,15,-151
-71.034281091746,-29.307536144422,2823,18,-180
-62.769780477842,-19.650646840132,2875,122,-107
-66.003715500674,-27.106663698328,2606,136,2106
-71.348691441188,-28.813462738156,2826,7,-413
-61.826549429516,-38.380520514034,2769,321,-139
-62.365538599988,-19.021826141248,2894,198,-264
-66.812199256382,-26.343095706826,2666,10,-472
-67.351188426854,-20.279467539016,2665,6,-739
-65.689305151232,-19.650646840132,2668,31,449
-66.902030784794,-38.605099335064,2763,170,-177
-63.039275063078,-36.943216059442,2769,226,116
-66.677451963764,-37.07796335206,2769,150,-269
-68.384251003592,-31.283829769486,2776,21,-554
-65.329979037584,-22.525255749316,2701,42,1494
-70.450376157068,-33.349954922962,2722,54,1019
-68.29441947518,-33.93385985764,2761,107,-322
-68.06984065415,-30.385514485366,2766,18,-503
-68.698661353034,-31.732987411546,2732,41,-410
-68.788492881446,-37.122879116266,2718,171,-171
-66.812199256382,-28.903294266568,2776,38,-326
-69.596976637154,-35.191501255408,2697,287,100
-67.575767247884,-18.752331556012,2683,28,1208
-65.644389387026,-37.347457937296,2769,166,-294
-68.384251003592,-32.676218459872,2770,31,-417
-64.117253404022,-21.267614351548,2831,76,285
-70.270713100244,-23.288823740818,2825,6,-622
-69.731723929772,-27.241410990946,2679,44,-233
-67.530851483678,-35.146585491202,2771,94,-363
-68.653745588828,-23.962560203908,2706,3,-698
-64.162169168228,-21.492193172578,2811,48,509
-69.776639693978,-26.702421820474,2764,11,-531
-63.713011526168,-18.752331556012,2830,248,1543
-66.04863126488,-19.740478368544,2671,19,783
-69.731723929772,-34.742343613348,2605,366,1502
-69.282566287712,-35.460995840644,2693,198,-67
-62.90452777046,-38.155941693004,2767,260,-177
-65.240147509172,-18.527752734982,2822,15,-503
-69.776639693978,-32.766049988284,2615,158,1024
-67.39610419106,-26.208348414208,2708,6,-631
-66.04863126488,-20.189636010604,2694,12,484
-66.363041614322,-17.09044828039,2708,342,3056
-61.691802136898,-39.054256977124,NA,NA,NA
-68.384251003592,-26.29817994262,2587,24,-330
-69.282566287712,-25.17528583747,2656,23,-401
-69.64189240136,-23.693065618672,2786,0,-695
-64.25200069664,-19.695562604338,2775,94,682
-70.854618034922,-34.427933263906,2767,34,1716
-70.046134279214,-25.534611951118,2769,1,-500
-70.180881571832,-25.983769593178,2795,0,-495
-69.41731358033,-36.40422688897,2666,435,272
-69.372397816124,-32.406723874636,2684,93,-366
-69.686808165566,-35.910153482704,2675,202,181
-67.39610419106,-35.326248548026,2773,93,-361
-67.485935719472,-30.56517754219,2779,20,-368
-68.878324409858,-32.900797280902,2759,80,-302
-67.665598776296,-18.123510857128,2675,52,1785
-66.542704671146,-19.56081531172,2680,32,2566
-66.27321008591,-27.465989811976,2751,64,221
-68.878324409858,-31.193998241074,2690,53,-438
-63.623179997756,-38.111025928798,2769,256,-152
-65.868968208056,-19.11165766966,2714,21,-126
-69.057987466682,-29.711778022276,2654,91,-227
-66.228294321704,-36.359311124764,2771,130,-320
-68.833408645652,-38.111025928798,2759,132,-137
-66.991862313206,-21.537108936784,2667,10,337
-69.41731358033,-31.68807164734,2719,89,-286
-67.710514540502,-19.426068019102,2707,13,0
-69.911386986596,-33.574533743992,2587,237,3042
-62.724864713636,-39.054256977124,2773,260,-172
-66.587620435352,-26.028685357384,2625,16,675
-67.216441134236,-32.766049988284,2791,19,-526
-70.495291921274,-33.349954922962,2758,38,871
-68.024924889944,-26.657506056268,2562,15,-344
-68.29441947518,-35.685574661674,2726,162,-332
-64.25200069664,-39.233920033948,2764,219,-189
-68.384251003592,-24.771043959616,2587,16,-341
-63.892674582992,-20.593877888458,2839,69,183
-66.27321008591,-22.92949762717,2662,4,521
-64.386747989258,-36.85338453103,2769,186,-218
-70.31562886445,-28.499052388714,2771,61,-149
-67.036778077412,-36.808468766824,2770,136,-271
-68.024924889944,-36.538974181588,2748,136,-270
-69.147818995094,-30.250767192748,2710,101,-550
-67.126609605824,-29.621946493864,2776,32,-435
-66.318125850116,-27.19649522674,2741,47,326
-69.86647122239,-36.269479596352,2681,149,208
-70.76478650651,-35.371164312232,2657,251,5879
-66.902030784794,-24.321886317556,2683,13,-221
-70.585123449686,-35.326248548026,2615,254,5296
-68.74357711724,-36.673721474206,2729,160,-194
-62.90452777046,-19.201489198072,2882,123,-25
-68.51899829621,-24.27697055335,2642,11,-409
-70.270713100244,-27.331242519358,2792,3,-568
-65.779136679644,-36.449142653176,2771,140,-305
-69.596976637154,-36.449142653176,2720,187,-25
-69.41731358033,-35.999985011116,2623,305,71
-68.923240174064,-36.224563832146,2710,150,-257
-64.386747989258,-37.616952522532,2767,191,-214
-66.04863126488,-26.028685357384,2743,21,44
-64.92573715973,-22.48033998511,2746,191,2621
-65.59947362282,-19.33623649069,2682,39,659
-67.530851483678,-30.834672127426,2744,22,-448
-67.755430304708,-16.731122166742,2744,217,565
-70.046134279214,-34.742343613348,2639,148,2361
-69.596976637154,-32.002481996782,2640,146,-36
-69.372397816124,-29.082957323392,2587,72,-82
-66.72236772797,-26.208348414208,2646,12,-319
-66.363041614322,-25.444780422706,2757,44,290
-69.956302750802,-32.81096575249,2613,195,1703
-69.64189240136,-29.352451908628,2570,79,185
-67.216441134236,-32.721134224078,2791,19,-544
-66.183378557498,-27.735484397212,2821,63,-319
-67.216441134236,-23.019329155582,2634,18,-517
-67.39610419106,-37.167794880472,2761,139,-240
-68.878324409858,-36.449142653176,2716,221,-199
-64.521495281876,-36.898300295236,2769,191,-240
-66.452873142734,-26.97191640571,2755,10,-737
-62.23079130737,-19.470983783308,2888,166,-361
-70.54020768548,-23.333739505024,2851,5,-599
-65.59947362282,-37.52712099412,2769,176,-296
-70.944449563334,-32.721134224078,2777,11,454
-64.611326810288,-22.839666098758,2811,126,1872
-69.147818995094,-28.858378502362,2627,38,-330
-69.462229344536,-24.05239173232,2789,0,-733
-67.351188426854,-19.740478368544,2690,15,87
-67.351188426854,-25.040538544852,2680,5,-458
-70.001218515008,-24.232054789144,2821,0,-646
-69.552060872948,-33.754196800816,2494,361,1167
-66.587620435352,-21.941350814638,2680,7,426
-65.958799736468,-17.449774394038,2765,273,1973
-68.833408645652,-26.118516885796,2565,65,-194
-62.724864713636,-36.988131823648,2772,219,12
-64.970652923936,-22.03118234305,2740,64,1238
-67.530851483678,-38.605099335064,2760,135,-173
-64.880821395524,-19.381152254896,2799,19,-362
-68.474082532004,-32.092313525194,2761,34,-443
-67.39610419106,-37.841531343562,2757,140,-189
-66.857115020588,-18.168426621334,2701,77,1556
-66.003715500674,-17.629437450862,2783,74,266
-62.365538599988,-37.661868286738,2755,246,-95
-68.833408645652,-24.411717845968,2687,6,-512
-67.306272662648,-37.841531343562,2757,144,-198
-66.27321008591,-21.986266578844,2703,4,257
-69.013071702476,-33.03554457352,2745,99,-289
-63.084190827284,-18.168426621334,2896,276,-106
-69.596976637154,-28.588883917126,2589,120,471
-67.84526183312,-20.369299067428,2669,7,-681
-68.51899829621,-30.969419420044,2762,22,-527
-70.674954978098,-27.780400161418,2802,1,-520
-69.552060872948,-34.427933263906,2556,389,1315
-66.677451963764,-30.78975636322,2783,29,-466
-67.39610419106,-23.468486797642,2614,25,-425
-69.237650523506,-29.621946493864,2638,81,-379
-70.450376157068,-25.444780422706,2821,13,-510
-67.755430304708,-36.224563832146,2756,129,-298
-66.363041614322,-23.737981382878,2648,4,43
-68.833408645652,-25.354948894294,2630,17,-435
-64.296916460846,-18.976910377042,2786,72,322
-67.39610419106,-18.348089678158,2697,38,551
-67.62068301209,-22.165929635668,2627,27,-29
-63.847758818786,-18.168426621334,2822,269,728
-64.880821395524,-39.189004269742,2761,210,-195
-64.521495281876,-23.064244919788,2819,98,1371
-69.507145108742,-30.834672127426,2659,224,-175
-69.956302750802,-31.104166712662,2617,178,764
-66.946946549,-24.232054789144,2683,12,-234
-68.878324409858,-35.775406190086,2691,241,-134
-66.363041614322,-28.903294266568,2799,28,-446
-64.790989867112,-19.965057189574,2738,35,655
-67.62068301209,-17.719268979274,2706,44,614
-67.306272662648,-35.820321954292,2771,107,-318
-64.92573715973,-20.593877888458,2727,47,633
-67.575767247884,-31.598240118928,2780,23,-570
-67.935093361532,-20.638793652664,2695,9,-629
-65.060484452348,-39.009341212918,2761,209,-184
-66.857115020588,-31.418577062104,2789,16,-510
-65.060484452348,-18.482836970776,2780,27,522
-63.084190827284,-37.616952522532,2766,226,-143
-67.306272662648,-33.170291866138,2785,31,-485
-64.162169168228,-18.707415791806,2777,106,1023
-70.944449563334,-27.331242519358,NA,NA,NA
-64.296916460846,-19.381152254896,2795,65,-21
-66.677451963764,-23.60323409026,2658,5,-519
-67.441019955266,-19.381152254896,2686,17,226
-70.450376157068,-27.735484397212,2798,2,-322
-65.195231744966,-18.752331556012,2777,21,382
-65.958799736468,-25.354948894294,2707,31,854
-62.23079130737,-19.965057189574,2882,123,-357
-66.04863126488,-17.494690158244,2763,186,1430
-62.814696242048,-39.54833038339,2771,231,-164
-64.835905631318,-36.359311124764,2770,157,-274
-69.507145108742,-33.03554457352,2519,213,627
-71.21394414857,-29.397367672834,2821,20,-84
-68.339335239386,-28.229557803478,2663,65,-142
-71.258859912776,-33.664365272404,2775,6,802
-64.02742187561,-37.212710644678,2768,213,-143
-67.890177597326,-29.127873087598,2661,84,21
-70.854618034922,-34.652512084936,2764,66,2174
-71.034281091746,-31.643155883134,2763,43,858
-64.117253404022,-21.58202470099,2815,44,551
-67.441019955266,-25.983769593178,2696,4,-579
-71.797849083248,-33.978775621846,2802,6,1090
-64.117253404022,-36.538974181588,2770,178,-118
-68.159672182562,-35.101669726996,2751,122,-339
-64.117253404022,-18.258258149746,2811,122,194
-68.96815593827,-26.612590292062,2593,54,-159
-67.081693841618,-20.279467539016,2690,8,-466
-69.462229344536,-23.333739505024,2775,0,-777
-68.474082532004,-31.059250948456,2763,21,-571
-70.225797336038,-30.11601990013,2562,406,1847
-68.384251003592,-26.343095706826,2564,28,-297
-70.585123449686,-33.529617979786,2762,25,1171
-70.180881571832,-33.349954922962,2580,217,2955
-63.084190827284,-37.07796335206,2769,223,50
-65.734220915438,-18.527752734982,2754,35,422
-64.25200069664,-18.482836970776,2850,57,-493
-70.225797336038,-32.900797280902,2696,110,1178
-70.360544628656,-29.846525314894,2703,230,317
-71.079196855952,-32.990628809314,2753,21,1258
-62.500285892606,-20.45913059584,2873,87,-86
-66.767283492176,-36.17964806794,2774,131,-307
-63.57826423355,-18.033679328716,2859,360,793
-63.847758818786,-20.953204002106,2842,64,375
-69.731723929772,-36.583889945794,2706,175,-19
-65.868968208056,-23.782897147084,2720,8,153
-66.183378557498,-25.310033130088,2761,37,140
-63.533348469344,-39.278835798154,2770,230,-188
-67.216441134236,-24.097307496526,2653,13,-651
-70.98936532754,-29.082957323392,2796,8,-424
-70.31562886445,-37.347457937296,2713,90,424
-68.878324409858,-32.676218459872,2758,72,-363
-67.306272662648,-22.076098107256,2647,15,44
-66.363041614322,-26.837169113092,2745,9,-544
-63.263853884108,-18.393005442364,2885,204,94
-64.835905631318,-38.245773221416,2764,210,-211
-70.674954978098,-29.801609550688,2677,166,274
-67.126609605824,-35.640658897468,2772,108,-336
-67.665598776296,-21.13286705893,2677,9,-350
-66.857115020588,-20.054888717986,2714,22,1161
-70.270713100244,-24.636296666998,2799,1,-869
-62.410454364194,-37.167794880472,2767,219,-71
-67.575767247884,-26.74733758468,2662,8,-655
-70.899533799128,-32.945713045108,2746,15,506
-67.935093361532,-37.616952522532,2755,120,-183
-67.530851483678,-30.924503655838,2734,26,-331
-68.06984065415,-36.943216059442,2750,136,-253
-67.351188426854,-23.468486797642,2608,27,-324
-69.731723929772,-28.004978982448,2621,134,647
-68.563914060416,-30.026188371718,2722,46,-339
-63.57826423355,-36.943216059442,2770,224,24
-67.306272662648,-17.135364044596,2676,262,1640
-65.958799736468,-17.359942865626,2733,422,2870
-65.779136679644,-23.82781291129,2714,30,810
-67.351188426854,-18.033679328716,2703,43,348
-67.261356898442,-37.706784050944,2757,141,-219
-61.826549429516,-38.021194400386,2750,313,-109
-65.15031598076,-17.943847800304,2810,66,-211
-68.923240174064,-32.766049988284,2741,75,-325
-69.686808165566,-25.040538544852,2761,2,-783
-70.180881571832,-29.038041559186,2669,128,193
-64.835905631318,-21.537108936784,2772,25,353
-63.533348469344,-20.773540945282,2823,89,1321
-70.360544628656,-37.52712099412,2677,121,542
-64.521495281876,-36.718637238412,2770,182,-239
-65.015568688142,-18.43792120657,2825,24,-281
-67.306272662648,-19.515899547514,2681,20,488
-65.509642094408,-27.19649522674,2810,153,1298
-65.37489480179,-37.616952522532,2767,175,-259
-68.96815593827,-31.553324354722,2732,51,-499
-66.632536199558,-20.773540945282,2703,8,-57
-66.542704671146,-24.995622780646,2642,20,896
-71.124112620158,-30.430430249572,2801,13,216
-67.39610419106,-26.702421820474,2671,7,-733
-69.552060872948,-37.257626408884,2724,138,-50
-67.39610419106,-17.449774394038,2704,94,811
-67.62068301209,-35.50591160485,2773,97,-349
-67.890177597326,-28.09481051086,2636,17,-469
-68.653745588828,-31.418577062104,2752,23,-471
-65.509642094408,-38.021194400386,2763,212,-227
-71.079196855952,-31.373661297898,2763,34,565
-69.327482051918,-34.83217514176,2682,261,-109
-70.495291921274,-26.477842999444,2801,12,-449
-70.405460392862,-35.011838198584,2659,202,4374
-70.001218515008,-27.331242519358,2789,10,-362
-66.093547029086,-21.941350814638,2687,6,1020
-68.878324409858,-24.366802081762,2691,3,-547
-65.419810565996,-20.369299067428,2768,15,123
-66.902030784794,-20.369299067428,2703,12,91
-68.474082532004,-28.004978982448,2612,62,-271
-66.857115020588,-27.825315925624,2796,17,-620
-69.147818995094,-30.924503655838,2613,103,-330
-66.632536199558,-18.078595092922,2703,47,717
-69.013071702476,-30.834672127426,2690,59,-383
-65.285063273378,-19.56081531172,2732,29,153
-67.665598776296,-36.763553002618,2760,141,-269
-61.871465193722,-38.919509684506,2792,304,-65
-71.797849083248,-33.799112565022,2813,5,640
-68.74357711724,-34.3830174997,2722,136,-241
-67.710514540502,-32.316892346224,2780,18,-502
-68.833408645652,-29.801609550688,2670,57,-76
-68.249503710974,-28.76854697395,2750,16,-649
-69.147818995094,-30.205851428542,2715,96,-535
-63.488432705138,-39.09917274133,2771,217,-179
-65.464726330202,-19.021826141248,2756,34,478
-67.306272662648,-21.986266578844,2635,18,478
-67.17152537003,-37.616952522532,2758,140,-223
-67.935093361532,-28.858378502362,2730,52,-276
-67.306272662648,-32.227060817812,2781,16,-605
-64.790989867112,-19.11165766966,2784,28,176
-67.485935719472,-23.962560203908,2621,24,-429
-70.225797336038,-32.631302695666,2607,258,2505
-68.74357711724,-24.366802081762,2674,9,-466
-65.15031598076,-36.943216059442,2766,183,-267
-67.84526183312,-30.924503655838,2782,11,-610
-66.318125850116,-19.426068019102,2671,23,1450
-71.034281091746,-29.577030729658,2788,35,-8
-66.228294321704,-17.898932036098,2728,45,854
-62.590117421018,-37.616952522532,2758,258,-49
-63.263853884108,-19.021826141248,2867,113,346
-69.731723929772,-34.742343613348,2605,366,1502
-70.495291921274,-29.981272607512,2691,211,361
-63.80284305458,-19.650646840132,2836,87,153
-65.509642094408,-24.815959723822,2801,52,1101
-69.057987466682,-33.080460337726,2738,113,-313
-66.902030784794,-25.84902230056,2622,9,-349
-69.372397816124,-24.27697055335,2763,1,-755
-66.991862313206,-17.449774394038,2703,167,1307
-66.318125850116,-25.579527715324,2715,53,602
-68.29441947518,-28.678715445538,2753,22,-575
-66.767283492176,-27.780400161418,2801,20,-549
-63.443516940932,-37.52712099412,2768,222,-56
-67.081693841618,-28.813462738156,2700,41,581
-66.767283492176,-20.45913059584,2700,15,336
-61.871465193722,-38.021194400386,2755,286,-89
-67.62068301209,-26.612590292062,2678,6,-640
-67.485935719472,-23.37865526923,2597,27,-385
-69.507145108742,-25.62444347953,2739,14,-561
-61.467223315868,-38.560183570858,2773,340,-74
-67.755430304708,-33.93385985764,2767,73,-379
-69.41731358033,-30.071104135924,2660,249,147
-67.081693841618,-28.409220860302,2793,11,-489
-70.54020768548,-24.411717845968,2893,16,-639
-67.62068301209,-32.676218459872,2774,21,-481
-68.024924889944,-27.241410990946,2574,45,-211
-69.507145108742,-28.903294266568,2553,124,373
-64.162169168228,-18.033679328716,2832,161,10
-67.980009125738,-34.15843867867,2763,98,-338
-64.207084932434,-19.875225661162,2808,112,782
-70.225797336038,-28.99312579498,2716,94,-198
-67.216441134236,-25.534611951118,2647,7,-489
-64.207084932434,-20.953204002106,2832,64,151
-70.450376157068,-26.612590292062,2798,6,-438
-70.495291921274,-25.714275007942,2805,4,-565
-66.49778890694,-17.000616751978,2711,417,3326
-68.114756418356,-32.541471167254,2774,23,-436
-66.632536199558,-27.780400161418,2807,22,-653
-67.84526183312,-28.499052388714,2660,27,-659
-69.731723929772,-33.48470221558,2563,245,1291
-68.06984065415,-27.465989811976,2599,43,-452
-66.812199256382,-17.135364044596,2734,207,1314
-65.644389387026,-18.527752734982,2801,26,-213
-66.857115020588,-30.250767192748,2793,20,-494
-64.341832225052,-37.212710644678,2767,198,-181
-65.59947362282,-24.232054789144,2642,170,3289
-65.105400216554,-37.661868286738,2765,179,-260
-66.587620435352,-37.347457937296,2769,143,-265
-68.06984065415,-27.510905576182,2595,45,-418
-64.25200069664,-36.898300295236,2769,181,-201
-70.046134279214,-25.354948894294,2766,2,-617
-67.17152537003,-18.976910377042,2718,25,785
-65.913883972262,-26.927000641504,2647,127,2141
-66.183378557498,-21.58202470099,2667,8,1336
-69.86647122239,-33.26012339455,2553,313,2710
-67.800346068914,-33.799112565022,2767,67,-386
-68.114756418356,-24.411717845968,2629,23,-295
-67.39610419106,-35.236417019614,2772,93,-369
-66.812199256382,-38.560183570858,2764,154,-185
-66.767283492176,-18.6625000276,2725,46,1702
-70.495291921274,-25.444780422706,2825,14,-533
-70.270713100244,-34.472849028112,2702,81,2541
-70.854618034922,-30.430430249572,2771,74,283
-64.02742187561,-39.368667326566,2767,215,-173
-62.724864713636,-19.650646840132,2876,125,-133
-67.890177597326,-34.966922434378,2760,103,-331
-67.081693841618,-24.995622780646,2661,11,-509
-65.240147509172,-20.953204002106,2769,20,-213
-69.372397816124,-28.409220860302,2606,66,77
-69.147818995094,-33.125376101932,2711,148,-266
-65.644389387026,-38.964425448712,2765,187,-196
-66.49778890694,-24.681212431204,2662,13,568
-66.183378557498,-19.515899547514,2684,18,891
-67.036778077412,-22.390508456698,2642,8,56
-69.552060872948,-29.397367672834,2536,99,233
-66.767283492176,-25.938853828972,2629,11,126
-65.868968208056,-26.52275876365,2775,38,885
-68.563914060416,-30.834672127426,2762,23,-534
-68.339335239386,-26.477842999444,2585,27,-318
-67.530851483678,-18.43792120657,2693,35,881
-65.644389387026,-22.435424220904,2700,5,-147
-69.372397816124,-25.085454309058,2709,13,-613
-62.859612006254,-19.33623649069,2878,128,-50
-64.92573715973,-19.11165766966,2759,24,502
-69.013071702476,-28.903294266568,2606,69,-286
-69.462229344536,-23.60323409026,2757,1,-867
-62.590117421018,-38.784762391888,2779,283,-137
-64.25200069664,-36.808468766824,2769,188,-204
-67.980009125738,-35.50591160485,2771,129,-338
-68.833408645652,-37.52712099412,2736,136,-158
-67.710514540502,-16.596374874124,2733,470,2742
-65.82405244385,-26.07360112159,2780,35,-108
-63.757927290374,-19.156573433866,2815,143,888
-63.57826423355,-18.078595092922,2836,364,1033
-71.88768061166,-34.787259377554,2788,15,1285
-69.147818995094,-24.860875488028,2650,8,-452
-68.29441947518,-34.922006670172,2743,120,-263
-61.961296722134,-39.09917274133,NA,NA,NA
-67.261356898442,-37.97627863618,2757,152,-192
-64.92573715973,-36.62880571,2768,165,-264
-69.282566287712,-32.1372292894,2700,85,-429
-69.237650523506,-27.061747934122,2597,81,-78
-70.719870742304,-36.943216059442,2687,206,2202
-66.49778890694,-37.212710644678,2770,152,-269
-70.31562886445,-26.927000641504,2770,1,-606
-70.674954978098,-33.619449508198,2758,19,939
-65.419810565996,-36.808468766824,2767,176,-281
-70.180881571832,-29.711778022276,2578,359,1218
-66.452873142734,-27.016832169916,2755,9,-811
-67.036778077412,-24.321886317556,2696,7,-590
-67.755430304708,-23.288823740818,2661,45,-268
-69.911386986596,-32.271976582018,2598,268,1696
-70.76478650651,-34.652512084936,2729,89,2512
-68.923240174064,-32.182145053606,2729,72,-373
-69.147818995094,-24.860875488028,2650,8,-452
-68.474082532004,-33.080460337726,2764,53,-283
-71.4385229696,-30.475346013778,2805,3,-124
-68.024924889944,-29.172788851804,2771,31,-616
-69.462229344536,-31.957566232576,2711,65,-606
-67.935093361532,-25.040538544852,2618,6,-433
-69.462229344536,-35.371164312232,2693,246,52
-70.09105004342,-34.652512084936,2656,117,2416
-63.80284305458,-38.919509684506,2766,236,-179
-71.169028384364,-33.574533743992,2770,7,758
-69.462229344536,-27.465989811976,2628,111,60
-66.27321008591,-36.224563832146,2771,123,-333
-66.72236772797,-20.728625181076,2700,7,-292
-65.913883972262,-27.061747934122,2681,178,2593
-63.174022355696,-19.920141425368,2855,103,222
-64.970652923936,-23.872728675496,2794,101,1598
-66.946946549,-26.52275876365,2708,6,-693
-63.80284305458,-17.943847800304,2841,307,527
-65.15031598076,-39.054256977124,2762,203,-183
-65.689305151232,-18.527752734982,2791,30,347
-68.429166767798,-33.978775621846,2754,115,-299
-69.282566287712,-32.631302695666,2681,114,-293
-64.386747989258,-19.201489198072,2775,65,263
-62.814696242048,-38.20085745721,2769,252,-176
-69.911386986596,-25.579527715324,2750,2,-650
-63.757927290374,-21.986266578844,2821,70,1086
-63.713011526168,-38.515267806652,2770,238,-171
-71.842764847454,-34.697427849142,2783,14,1390
-69.147818995094,-34.697427849142,2705,168,-199
-66.857115020588,-23.423571033436,2627,12,-40
-67.485935719472,-18.88707884863,2693,27,1102
-66.857115020588,-20.279467539016,2703,20,811
-66.452873142734,-37.167794880472,2770,156,-269
-66.138462793292,-26.432927235238,2653,21,702
-69.372397816124,-23.648149854466,2744,1,-840
-62.590117421018,-39.638161911802,2770,235,-149
-70.046134279214,-35.775406190086,2657,133,723
-66.138462793292,-23.60323409026,2687,2,-627
-69.731723929772,-38.20085745721,2733,125,131
-70.225797336038,-26.208348414208,2786,0,-568
-65.240147509172,-18.43792120657,2794,20,-146
-69.821555458184,-29.621946493864,2551,156,619
-65.37489480179,-38.560183570858,2768,197,-215
-70.31562886445,-29.21770461601,2667,158,711
-64.790989867112,-21.312530115754,2785,19,-248
-61.916380957928,-37.796615579356,2754,254,-40
-62.90452777046,-20.638793652664,2863,84,175
-66.902030784794,-29.577030729658,2794,29,-459
-68.563914060416,-28.049894746654,2616,73,-219
-69.686808165566,-23.693065618672,2796,0,-743
-67.665598776296,-26.657506056268,2664,8,-584
-66.632536199558,-27.061747934122,2713,18,-397
-70.31562886445,-25.130370073264,2796,18,-696
-70.674954978098,-35.191501255408,2719,181,4224
-69.731723929772,-37.30254217309,2721,168,-57
-68.384251003592,-29.66686225807,2763,23,-506
-67.665598776296,-21.087951294724,2670,9,-202
-62.949443534666,-20.9082882379,2864,72,202
-62.365538599988,-19.875225661162,2880,128,-150
-62.994359298872,-20.638793652664,2859,92,267
-66.318125850116,-23.288823740818,2674,2,-223
-65.913883972262,-27.780400161418,2752,89,351
-67.036778077412,-21.177782823136,2668,7,-71
-62.724864713636,-38.20085745721,2769,255,-157
-70.899533799128,-32.36180811043,2753,31,836
-65.779136679644,-27.780400161418,2774,113,522
-68.608829824622,-27.825315925624,2560,73,-100
-66.587620435352,-22.345592692492,2667,5,530
-68.878324409858,-25.759190772148,2656,25,-361
-62.994359298872,-18.572668499188,2895,182,108
-68.788492881446,-34.60759632073,2712,136,-182
-63.937590347198,-22.076098107256,2813,57,870
-67.485935719472,-29.352451908628,2800,63,-486
-66.677451963764,-23.693065618672,2656,6,-470
-65.37489480179,-24.995622780646,2799,21,-184
-65.285063273378,-38.42543627824,2764,217,-233
-69.686808165566,-32.900797280902,2538,245,1771
-67.665598776296,-30.430430249572,2756,20,-352
-65.779136679644,-22.25576116408,2666,8,740
-67.710514540502,-37.482205229914,2758,132,-205
-64.521495281876,-18.033679328716,2840,81,-245
-64.92573715973,-23.737981382878,2801,93,1279
-63.488432705138,-20.68370941687,2837,85,717
-67.485935719472,-19.11165766966,2686,21,657
-69.057987466682,-37.482205229914,2725,150,-151
-70.630039213892,-25.938853828972,2828,29,-535
-65.779136679644,-27.510905576182,2792,166,1091
-64.162169168228,-37.75169981515,2766,209,-240
-70.405460392862,-27.825315925624,2795,3,-274
-67.17152537003,-22.615087277728,2648,11,-373
-69.372397816124,-32.676218459872,2715,77,-425
-67.39610419106,-17.854016271892,2706,45,392
-67.710514540502,-27.016832169916,2681,20,-648
-63.623179997756,-38.829678156094,2767,237,-176
-69.686808165566,-31.867734704164,2715,86,-335
-65.689305151232,-27.19649522674,2811,207,2080
-64.880821395524,-19.470983783308,2810,16,-420
-69.596976637154,-23.962560203908,2805,0,-787
-65.868968208056,-24.366802081762,2721,20,1242
-65.419810565996,-24.456633610174,2760,114,2837
-68.159672182562,-27.061747934122,2557,31,-34
-65.060484452348,-38.515267806652,2766,204,-209
-65.329979037584,-38.245773221416,2764,214,-232
-64.386747989258,-19.830309896956,2778,77,528
-69.552060872948,-26.028685357384,2752,14,-447
-70.944449563334,-27.106663698328,NA,NA,NA
-65.105400216554,-19.246404962278,2757,23,165
-67.890177597326,-16.461627581506,2687,475,3147
-66.452873142734,-21.447277408372,2688,9,1006
-62.410454364194,-39.952572261244,2783,266,-131
-68.29441947518,-36.673721474206,2741,128,-260
-66.767283492176,-30.026188371718,2797,22,-536
-68.51899829621,-25.714275007942,2598,20,-333
-63.80284305458,-20.773540945282,2833,79,1002
-67.126609605824,-25.444780422706,2662,7,-543
-66.318125850116,-20.773540945282,2704,10,250
-65.779136679644,-37.931362871974,2769,195,-261
-64.92573715973,-21.716771993608,2739,40,728
-69.41731358033,-28.499052388714,2601,71,105
-63.218938119902,-19.156573433866,2867,107,385
-70.360544628656,-28.184642039272,2766,16,-224
-71.708017554836,-34.742343613348,2784,15,1719
-62.724864713636,-36.943216059442,2772,219,26
-67.216441134236,-33.080460337726,2789,26,-508
-67.530851483678,-18.797247320218,2688,30,1374
-66.093547029086,-17.270111337214,2711,492,3526
-68.114756418356,-33.844028329228,2764,87,-351
-67.351188426854,-22.570171513522,2632,15,-378
-65.59947362282,-26.388011471032,2757,96,1420
-67.84526183312,-18.43792120657,2694,32,911
-63.443516940932,-39.09917274133,2771,217,-184
-65.509642094408,-19.965057189574,2728,22,-54
-64.746074102906,-19.515899547514,2776,46,746
-66.857115020588,-38.515267806652,2764,150,-186
-70.809702270716,-28.274473567684,2812,1,-385
-70.405460392862,-28.678715445538,2714,61,178
-64.117253404022,-39.368667326566,2765,215,-191
-65.734220915438,-20.324383303222,2739,10,8
-63.218938119902,-20.9082882379,2856,63,370
-63.892674582992,-38.784762391888,2766,227,-167
-68.159672182562,-31.508408590516,2745,36,-488
-69.731723929772,-28.633799681332,2554,197,1091
-65.958799736468,-19.965057189574,2696,18,588
-63.084190827284,-20.728625181076,2854,85,225
-66.452873142734,-37.841531343562,2767,168,-234
-67.84526183312,-24.232054789144,2637,16,-335
-66.632536199558,-26.29817994262,2653,14,-6
-67.17152537003,-31.283829769486,2790,18,-696
-62.500285892606,-36.988131823648,2772,214,-266
-68.788492881446,-37.122879116266,2718,171,-171
-66.677451963764,-23.243907976612,2666,4,-318
-68.51899829621,-27.465989811976,2555,66,-144
-67.575767247884,-30.205851428542,2762,19,-478
-67.441019955266,-21.13286705893,2665,6,-234
-68.788492881446,-31.643155883134,2701,56,-384
-66.318125850116,-28.409220860302,2812,17,-412
-71.21394414857,-33.844028329228,2771,15,1956
-67.216441134236,-29.487199201246,2799,44,-468
-69.057987466682,-25.040538544852,2648,8,-495
-68.024924889944,-36.134732303734,2747,135,-279
-66.677451963764,-37.616952522532,2766,146,-247
-64.47657951767,-38.515267806652,2766,231,-207
-67.935093361532,-20.773540945282,2702,9,-718
-69.64189240136,-36.583889945794,2727,170,-38
-64.386747989258,-21.35744587996,2714,34,803
-65.59947362282,-28.588883917126,2740,67,-66
-69.686808165566,-24.860875488028,2762,1,-813
-69.057987466682,-34.922006670172,2700,157,-208
-66.093547029086,-19.291320726484,2698,13,-294
-67.62068301209,-32.766049988284,2773,22,-472
-66.812199256382,-28.723631209744,2798,21,-790
-66.138462793292,-20.638793652664,2702,11,610
-65.464726330202,-19.78539413275,2727,28,60
-66.632536199558,-18.393005442364,2703,45,1175
-65.779136679644,-21.716771993608,2712,5,-207
-67.62068301209,-26.07360112159,2639,4,-601
-62.90452777046,-38.65001509927,2775,257,-149
-69.1927347593,-27.960063218242,2576,141,216
-69.1927347593,-36.718637238412,2697,252,-130
-66.587620435352,-18.168426621334,2696,51,1045
-68.29441947518,-29.487199201246,2758,24,-546
-63.892674582992,-37.706784050944,2767,220,-125
-63.623179997756,-19.246404962278,2837,85,55
-64.521495281876,-22.03118234305,2789,51,1880
-70.135965807626,-35.865237718498,2641,188,1477
-67.800346068914,-21.537108936784,2643,18,169
-71.258859912776,-28.903294266568,2807,5,-213
-62.545201656812,-20.054888717986,2875,107,-109
-68.833408645652,-33.888944093434,2722,170,-209
-68.833408645652,-25.62444347953,2623,26,-383
-66.946946549,-17.135364044596,2772,153,322
-67.84526183312,-29.577030729658,2766,25,-491
-69.41731358033,-32.721134224078,2659,140,-173
-66.587620435352,-21.13286705893,2695,10,536
-69.102903230888,-34.293185971288,2702,212,-213
-62.23079130737,-39.952572261244,NA,NA,NA
-68.878324409858,-31.418577062104,2691,52,-267
-71.708017554836,-30.78975636322,NA,NA,NA
-71.4385229696,-30.430430249572,2811,4,-102
-69.86647122239,-27.016832169916,2754,12,-392
-70.630039213892,-27.061747934122,2817,8,-427
-66.991862313206,-19.426068019102,2691,21,692
-66.812199256382,-36.85338453103,2771,147,-272
-62.051128250546,-37.931362871974,2745,348,-74
-69.057987466682,-37.796615579356,2723,244,31
-62.23079130737,-39.278835798154,2795,280,-158
-68.563914060416,-31.598240118928,2756,26,-466
-67.036778077412,-20.054888717986,2702,15,278
-63.57826423355,-38.560183570858,2770,232,-199
-66.677451963764,-35.910153482704,2773,122,-325
-63.35368541252,-20.414214831634,2818,105,541
-62.769780477842,-20.23455177481,2868,93,43
-69.462229344536,-37.347457937296,2695,163,-65
-63.263853884108,-20.414214831634,2842,91,68
-67.935093361532,-29.172788851804,2735,60,-321
-67.935093361532,-38.65001509927,2764,138,-84
-69.1927347593,-32.451639638842,2652,173,-304
-66.632536199558,-22.121013871462,2651,7,1149
-69.327482051918,-26.837169113092,2616,76,-193
-62.949443534666,-38.111025928798,2767,253,-168
-69.821555458184,-33.080460337726,2553,244,2001
-64.117253404022,-39.503414619184,2765,217,-181
-72.157175196896,-34.742343613348,NA,NA,NA
-70.76478650651,-28.903294266568,2786,23,-298
-64.386747989258,-38.380520514034,2765,234,-199
-63.12910659149,-18.572668499188,2891,169,144
-68.608829824622,-32.766049988284,2767,61,-387
-64.790989867112,-19.78539413275,2748,34,540
-71.079196855952,-33.529617979786,2766,11,964
-65.868968208056,-26.163432650002,2793,23,-523
-68.29441947518,-31.732987411546,2764,27,-432
-65.868968208056,-22.210845399874,2675,6,450
-65.868968208056,-22.03118234305,2684,7,618
-66.542704671146,-25.085454309058,2641,28,967
-68.563914060416,-37.122879116266,2733,140,-218
-64.611326810288,-19.11165766966,2794,45,42
-65.105400216554,-20.23455177481,2756,24,413
-61.78163366531,-39.09917274133,NA,NA,NA
-66.72236772797,-37.482205229914,2765,141,-261
-67.216441134236,-23.648149854466,2625,22,-477
-70.135965807626,-34.427933263906,2642,149,3810
-67.17152537003,-16.64129063833,2783,457,1649
-66.318125850116,-22.884581862964,2654,5,871
-69.327482051918,-37.07796335206,2723,138,-120
-71.842764847454,-34.3830174997,2780,10,1589
-69.686808165566,-32.58638693146,2547,203,1070
-69.327482051918,-37.347457937296,2710,140,-75
-68.024924889944,-26.208348414208,2657,4,-510
-65.509642094408,-36.943216059442,2767,164,-308
-66.72236772797,-37.30254217309,2768,138,-272
-66.093547029086,-29.038041559186,2800,33,-452
-64.431663753464,-18.931994612836,2779,48,-161
-69.552060872948,-25.040538544852,2729,4,-766
-66.587620435352,-25.84902230056,2622,23,1273
-65.82405244385,-22.615087277728,2670,4,824
-70.76478650651,-26.477842999444,NA,NA,NA
-69.686808165566,-30.385514485366,2550,423,726
-70.450376157068,-31.46349282631,2605,305,2260
-61.916380957928,-39.77290920442,NA,NA,NA
-68.024924889944,-24.232054789144,2640,21,-283
-62.140959778958,-38.964425448712,NA,NA,NA
-65.689305151232,-28.09481051086,2790,90,323
-68.74357711724,-28.274473567684,2585,102,-235
-68.384251003592,-36.17964806794,2729,154,-315
-64.341832225052,-20.054888717986,2759,95,1276
-68.339335239386,-33.664365272404,2758,96,-328
-66.138462793292,-17.31502710142,2727,353,2513
-66.587620435352,-29.621946493864,2798,26,-468
-67.126609605824,-37.392373701502,2761,125,-248
-70.360544628656,-25.444780422706,2798,11,-491
-62.096044014752,-39.683077676008,NA,NA,NA
-62.859612006254,-18.482836970776,2896,219,21
-65.105400216554,-18.123510857128,2801,53,173
-66.04863126488,-21.896435050432,2695,6,833
-70.180881571832,-23.288823740818,2807,4,-730
-66.093547029086,-37.033047587854,2769,155,-286
-69.237650523506,-26.208348414208,2639,34,-339
-63.713011526168,-37.167794880472,2769,224,-45
-66.093547029086,-21.447277408372,2684,6,919
-70.76478650651,-25.714275007942,NA,NA,NA
-69.147818995094,-23.962560203908,2742,1,-665
-64.207084932434,-38.335604749828,2770,204,-207
-70.405460392862,-37.796615579356,2674,163,851
-67.216441134236,-37.122879116266,2764,155,-212
-71.169028384364,-29.307536144422,2817,17,-103
-70.09105004342,-24.05239173232,2814,2,-675
-68.788492881446,-25.085454309058,2636,14,-357
-65.105400216554,-36.763553002618,2767,171,-271
-67.036778077412,-17.135364044596,2747,197,943
-68.024924889944,-38.560183570858,2761,153,-157
-69.462229344536,-31.418577062104,2749,100,-349
-65.015568688142,-38.739846627682,2765,199,-203
-70.54020768548,-30.969419420044,2708,110,637
-71.708017554836,-34.562680556524,2778,10,1371
-64.162169168228,-19.291320726484,2788,97,562
-68.429166767798,-30.026188371718,2754,30,-485
-67.84526183312,-36.134732303734,2754,130,-293
-61.55705484428,-38.605099335064,2773,342,-107
-65.644389387026,-20.144720246398,2727,12,-538
-69.372397816124,-38.42543627824,2727,136,-10
-65.15031598076,-22.92949762717,2689,127,2486
-67.485935719472,-26.837169113092,2645,10,-650
-70.495291921274,-35.416080076438,2652,201,3671
-70.001218515008,-25.84902230056,2791,1,-521
-69.64189240136,-33.844028329228,2633,163,544
-67.84526183312,-21.043035530518,2679,13,-152
-69.057987466682,-27.735484397212,2568,106,154
-66.452873142734,-17.809100507686,2718,50,613
-64.431663753464,-38.111025928798,2769,187,-203
-66.04863126488,-22.03118234305,2684,6,843
-65.868968208056,-25.534611951118,2740,26,218
-66.632536199558,-25.714275007942,2625,23,1134
-65.105400216554,-37.886447107768,2764,179,-260
-66.587620435352,-28.184642039272,2787,12,-729
-71.124112620158,-31.23891400528,2767,28,558
-64.746074102906,-22.48033998511,2782,146,2511
-67.980009125738,-35.236417019614,2766,112,-338
-71.4385229696,-29.307536144422,NA,NA,NA
-66.632536199558,-20.099804482192,2679,19,1372
-66.27321008591,-17.584521686656,2783,41,-388
-65.868968208056,-20.00997295378,2684,19,692
-67.890177597326,-16.910785223566,2721,99,524
-66.318125850116,-22.70491880614,2641,5,1257
-66.72236772797,-20.818456709488,2696,7,-195
-71.124112620158,-33.664365272404,2768,10,1100
-68.608829824622,-25.893938064766,2584,35,-272
-67.62068301209,-36.134732303734,2760,126,-306
-67.890177597326,-38.515267806652,2761,148,-157
-66.587620435352,-36.718637238412,2772,149,-284
-71.258859912776,-31.193998241074,2773,11,220
-67.351188426854,-21.626940465196,2647,9,70
-67.935093361532,-25.579527715324,2550,14,-238
-67.62068301209,-25.489696186912,2669,5,-491
-67.081693841618,-24.321886317556,2693,7,-614
-63.80284305458,-19.246404962278,2827,121,727
-63.533348469344,-19.11165766966,2830,105,418
-67.351188426854,-35.146585491202,2770,96,-366
-70.31562886445,-26.792253348886,2803,1,-547
-67.081693841618,-18.078595092922,2716,51,591
-65.464726330202,-20.00997295378,2739,17,-504
-70.225797336038,-35.820321954292,2621,224,2203
-67.081693841618,-31.46349282631,2787,14,-682
-62.140959778958,-19.56081531172,2887,161,-331
-67.980009125738,-28.139726275066,2680,16,-537
-64.880821395524,-37.796615579356,2765,191,-252
-65.37489480179,-19.78539413275,2742,23,-257
-65.015568688142,-37.796615579356,2765,187,-255
-67.261356898442,-20.638793652664,2671,8,-546
-67.306272662648,-26.07360112159,2677,12,-500
-69.41731358033,-28.499052388714,2601,71,105
-69.776639693978,-26.792253348886,2738,15,-395
-65.734220915438,-19.426068019102,2718,20,-143
-69.372397816124,-25.310033130088,2722,14,-603
-68.429166767798,-33.215207630344,2764,57,-347
-69.41731358033,-36.718637238412,2683,242,-30
-70.180881571832,-34.652512084936,2589,189,5079
-68.74357711724,-26.837169113092,2573,64,-12
-71.708017554836,-31.283829769486,NA,NA,NA
-71.21394414857,-34.922006670172,2775,25,1724
-64.970652923936,-36.40422688897,2770,147,-291
-67.935093361532,-19.33623649069,2701,12,-71
-71.258859912776,-29.532114965452,2827,22,-114
-65.82405244385,-27.6456528688,2784,131,667
-69.86647122239,-28.229557803478,2662,87,338
-65.464726330202,-22.210845399874,2726,9,687
-67.441019955266,-29.532114965452,2801,40,-565
-65.689305151232,-23.37865526923,2697,10,584
-66.857115020588,-22.92949762717,2654,6,-187
-65.913883972262,-18.752331556012,2725,37,881
-66.318125850116,-26.253264178414,2638,21,1257
-64.835905631318,-23.648149854466,2757,120,2718
-64.341832225052,-19.066741905454,2784,72,309
-64.117253404022,-18.168426621334,2832,131,-26
-66.452873142734,-22.660003041934,2653,4,829
-70.225797336038,-37.033047587854,2650,265,1282
-69.911386986596,-28.274473567684,2661,106,268
-66.04863126488,-23.782897147084,2705,2,-644
-66.093547029086,-27.510905576182,2745,90,338
-67.17152537003,-31.283829769486,2790,18,-696
-70.54020768548,-25.310033130088,NA,NA,NA
-67.755430304708,-32.58638693146,2776,21,-473
-67.485935719472,-25.040538544852,2654,5,-560
-70.270713100244,-23.782897147084,2824,13,-699
-67.17152537003,-26.343095706826,2668,13,-431
-65.554557858614,-36.359311124764,2769,140,-307
-65.464726330202,-37.482205229914,2769,168,-263
-68.474082532004,-29.936356843306,2756,29,-484
-66.363041614322,-21.58202470099,2690,7,1042
-71.4385229696,-34.338101735494,2779,9,1080
-66.812199256382,-24.905791252234,2669,9,-197
-67.216441134236,-18.123510857128,2705,41,329
-70.09105004342,-28.274473567684,2695,86,69
-65.464726330202,-36.449142653176,2769,146,-298
-66.228294321704,-19.56081531172,2671,21,1323
-66.04863126488,-19.875225661162,2682,18,680
-70.809702270716,-33.93385985764,2730,18,1223
-69.596976637154,-26.07360112159,2753,11,-491
-62.051128250546,-37.886447107768,2745,347,-42
-70.046134279214,-31.508408590516,2608,183,1244
-66.183378557498,-36.449142653176,2771,136,-312
-69.86647122239,-36.044900775322,2631,246,824
-62.67994894943,-37.841531343562,2764,246,-146
-67.980009125738,-33.349954922962,2766,49,-394
-69.147818995094,-25.130370073264,2642,15,-445
-62.994359298872,-17.943847800304,2897,379,51
-66.991862313206,-35.820321954292,2773,114,-322
-66.857115020588,-21.80660352202,2661,12,1078
-67.710514540502,-33.978775621846,2767,73,-382
-64.341832225052,-36.62880571,2769,173,-230
-66.407957378528,-18.348089678158,2713,43,745
-65.779136679644,-36.17964806794,2770,130,-327
-68.608829824622,-33.26012339455,2759,68,-354
-69.41731358033,-33.03554457352,2485,318,733
-67.980009125738,-26.432927235238,2589,10,-428
-70.944449563334,-27.465989811976,NA,NA,NA
-64.970652923936,-19.78539413275,2749,22,148
-68.788492881446,-37.30254217309,2737,130,-162
-67.216441134236,-29.846525314894,2790,26,-561
-64.25200069664,-37.616952522532,2768,185,-213
-65.419810565996,-23.468486797642,2710,43,980
-67.441019955266,-30.969419420044,2720,27,-412
-70.899533799128,-31.328745533692,2726,72,589
-67.62068301209,-33.439786451374,2770,50,-409
-67.575767247884,-25.444780422706,2684,4,-362
-69.64189240136,-32.047397760988,2622,190,316
-66.946946549,-26.74733758468,2696,9,-123
-70.180881571832,-23.109160683994,2829,4,-687
-68.339335239386,-27.735484397212,2565,53,-232
-64.162169168228,-21.402361644166,2815,63,554
-63.982506111404,-20.9082882379,2844,71,257
-66.72236772797,-18.43792120657,2683,52,1787
-68.878324409858,-28.139726275066,2574,87,-103
-66.04863126488,-24.27697055335,2705,5,-115
-68.339335239386,-30.430430249572,2756,24,-536
-66.72236772797,-20.45913059584,2695,16,492
-68.878324409858,-35.28133278382,2717,134,-238
-69.057987466682,-29.711778022276,2654,91,-227
-66.407957378528,-25.759190772148,2723,30,763
-70.630039213892,-36.673721474206,2699,237,2666
-69.327482051918,-35.685574661674,2685,203,-74
-69.462229344536,-31.508408590516,2747,97,-328
-67.800346068914,-30.295682956954,2718,21,-503
-66.183378557498,-17.494690158244,2777,122,1355
-64.790989867112,-18.931994612836,2788,29,-14
-69.596976637154,-33.93385985764,2595,218,747
-66.228294321704,-27.960063218242,2812,48,-343
-67.485935719472,-20.414214831634,2669,6,-719
-64.790989867112,-18.6625000276,2818,23,-669
-68.249503710974,-30.924503655838,2770,15,-576
-69.731723929772,-32.271976582018,2611,204,699
-67.036778077412,-20.23455177481,2698,10,-272
-65.15031598076,-21.492193172578,2731,33,697
-70.809702270716,-30.071104135924,2797,59,140
-67.62068301209,-24.05239173232,2651,18,-423
-64.521495281876,-22.435424220904,2826,58,860
-67.351188426854,-36.62880571,2765,145,-296
-64.072337639816,-37.572036758326,2766,199,-204
-67.261356898442,-37.437289465708,2758,140,-232
-67.39610419106,-27.286326755152,2695,11,607
-65.554557858614,-25.130370073264,2778,45,658
-68.608829824622,-28.903294266568,2657,62,-506
-66.407957378528,-27.061747934122,2753,10,-811
-66.228294321704,-26.97191640571,2750,16,-253
-63.937590347198,-36.494058417382,2771,185,-51
-65.59947362282,-24.771043959616,2783,71,1793
-69.237650523506,-32.227060817812,2691,95,-399
-61.646886372692,-39.144088505536,NA,NA,NA
-66.857115020588,-28.588883917126,2796,16,-783
-67.081693841618,-36.044900775322,2773,116,-315
-70.450376157068,-24.50154937438,2830,11,-697
-69.282566287712,-30.610093306396,2688,140,-341
-64.790989867112,-23.243907976612,2786,158,2822
-70.76478650651,-29.262620380216,2755,41,-214
-70.54020768548,-29.577030729658,2657,196,405
-66.902030784794,-22.210845399874,2652,8,346
-64.02742187561,-36.898300295236,2769,205,-60
-71.258859912776,-28.454136624508,NA,NA,NA
-67.755430304708,-28.903294266568,2696,82,-225
-66.04863126488,-36.583889945794,2770,145,-302
-68.249503710974,-24.27697055335,2694,17,-351
-69.956302750802,-33.305039158756,2536,323,3206
-66.677451963764,-24.366802081762,2635,10,-104
-66.228294321704,-35.820321954292,2770,115,-343
-64.296916460846,-36.988131823648,2767,195,-220
-70.899533799128,-34.472849028112,2766,31,1656
-66.318125850116,-19.740478368544,2671,19,1235
-65.689305151232,-19.156573433866,2727,33,545
-68.833408645652,-29.44228343704,2692,43,-481
-65.82405244385,-21.851519286226,2700,6,216
-70.899533799128,-30.879587891632,2737,29,525
-67.980009125738,-27.151579462534,2558,49,127
-67.39610419106,-33.215207630344,2780,34,-460
-68.74357711724,-23.648149854466,2731,3,-554
-70.495291921274,-23.37865526923,2846,7,-673
-69.057987466682,-33.888944093434,2733,190,-188
-69.552060872948,-24.72612819541,2751,1,-768
-67.036778077412,-22.92949762717,2612,17,276
-65.59947362282,-26.432927235238,2761,99,1531
-63.039275063078,-37.841531343562,2766,236,-161
-66.902030784794,-22.300676928286,2638,9,706
-67.351188426854,-36.40422688897,2765,139,-304
-63.039275063078,-19.78539413275,2863,110,3
-65.329979037584,-23.82781291129,2742,191,2577
-69.327482051918,-36.359311124764,2671,372,92
-66.318125850116,-17.76418474348,2752,39,230
-67.575767247884,-27.106663698328,2665,15,-516
-65.509642094408,-21.986266578844,2736,7,-87
-66.902030784794,-37.122879116266,2766,145,-253
-66.003715500674,-21.851519286226,2698,6,927
-70.046134279214,-30.11601990013,2600,229,899
-63.713011526168,-37.841531343562,2769,212,-155
-71.124112620158,-35.05675396279,2773,58,3080
-61.916380957928,-39.503414619184,NA,NA,NA
-66.49778890694,-30.34059872116,2777,31,-558
-65.59947362282,-27.106663698328,2809,232,2732
-70.225797336038,-35.101669726996,2657,151,2294
-71.258859912776,-30.071104135924,2824,9,62
-66.991862313206,-17.674353215068,2714,117,870
-69.64189240136,-32.58638693146,2570,199,893
-68.833408645652,-35.011838198584,2708,128,-255
-70.270713100244,-34.787259377554,2576,228,5495
-69.776639693978,-36.538974181588,2696,186,76
-66.27321008591,-38.42543627824,2765,183,-205
-63.668095761962,-36.494058417382,2771,196,65
-69.237650523506,-24.771043959616,2686,5,-562
-66.183378557498,-20.00997295378,2702,11,82
-69.956302750802,-26.477842999444,2823,1,-531
-67.216441134236,-20.773540945282,2674,7,-460
-67.84526183312,-35.820321954292,2761,132,-321
-65.958799736468,-38.42543627824,2767,202,-211
-63.263853884108,-37.97627863618,2769,229,-185
-68.159672182562,-33.574533743992,2766,77,-365
-65.82405244385,-27.780400161418,2750,111,610
-65.554557858614,-28.364305096096,2729,69,-32
-65.734220915438,-19.920141425368,2715,17,-55
-67.216441134236,-18.88707884863,2709,25,824
-68.339335239386,-32.541471167254,2772,26,-455
-62.365538599988,-18.88707884863,2895,215,-61
-64.835905631318,-20.279467539016,2774,37,111
-63.308769648314,-18.842163084424,2879,124,276
-65.060484452348,-18.393005442364,2815,24,-386
-65.285063273378,-37.886447107768,2765,186,-247
-68.29441947518,-29.172788851804,2789,18,-619
-66.138462793292,-26.882084877298,2747,22,453
-67.800346068914,-37.033047587854,2758,131,-245
-67.62068301209,-20.414214831634,2669,7,-716
-70.54020768548,-27.87023168983,2806,2,-397
-63.847758818786,-19.830309896956,2807,110,592
-69.372397816124,-28.004978982448,2600,144,294
-64.656242574494,-23.064244919788,2824,139,1970
-67.441019955266,-31.01433518425,2726,28,-320
-69.057987466682,-34.742343613348,2703,150,-224
-64.790989867112,-21.13286705893,2738,33,376
-69.102903230888,-34.248270207082,2707,213,-219
-70.54020768548,-26.432927235238,2807,20,-527
-67.485935719472,-23.333739505024,2601,30,-375
-66.857115020588,-17.09044828039,2764,186,357
-65.554557858614,-24.232054789144,2710,174,3264
-68.384251003592,-29.621946493864,2753,26,-368
-64.566411046082,-18.842163084424,2768,45,54
-69.731723929772,-36.898300295236,2713,170,5
-70.854618034922,-32.855881516696,2779,14,432
-69.147818995094,-25.3998646585,2664,32,-424
-67.17152537003,-20.369299067428,2673,7,-687
-65.779136679644,-18.168426621334,2763,44,771
-69.147818995094,-32.36180811043,2648,141,-285
-66.318125850116,-23.648149854466,2661,3,-149
-66.363041614322,-18.752331556012,2697,30,832
-66.49778890694,-21.267614351548,2685,12,1192
-66.542704671146,-36.089816539528,2772,122,-333
-67.575767247884,-16.64129063833,2822,285,414
-68.833408645652,-28.813462738156,2641,72,-463
-66.27321008591,-18.123510857128,2716,49,859
-70.854618034922,-29.487199201246,2797,44,-157
-67.441019955266,-30.385514485366,2768,21,-408
-68.114756418356,-20.054888717986,2680,9,-775
-66.138462793292,-19.291320726484,2701,13,-148
-66.587620435352,-27.825315925624,2802,22,-693
-64.746074102906,-36.62880571,2772,163,-232
-66.093547029086,-20.638793652664,2699,11,526
-68.833408645652,-37.212710644678,2726,147,-167
-68.06984065415,-32.496555403048,2775,22,-444
-66.093547029086,-20.369299067428,2702,12,279
-69.956302750802,-34.427933263906,2636,144,2339
-66.72236772797,-36.089816539528,2773,126,-315
-70.405460392862,-26.792253348886,2783,2,-558
-69.1927347593,-34.877090905966,2695,198,-169
-66.363041614322,-35.820321954292,2771,116,-345
-68.653745588828,-35.73049042588,2701,206,-203
-61.646886372692,-38.245773221416,2766,306,-107
-65.329979037584,-19.156573433866,2759,28,340
-65.060484452348,-19.56081531172,2721,25,458
-66.003715500674,-22.210845399874,2679,5,580
-67.665598776296,-29.981272607512,2750,16,-582
-67.216441134236,-25.040538544852,2678,5,-580
-68.608829824622,-29.352451908628,2741,27,-510
-67.755430304708,-24.232054789144,2639,17,-490
-67.62068301209,-37.661868286738,2757,143,-186
-63.039275063078,-20.369299067428,2855,92,187
-69.956302750802,-24.007475968114,2795,0,-808
-68.74357711724,-32.721134224078,2766,74,-342
-68.249503710974,-32.81096575249,2770,31,-405
-67.575767247884,-35.05675396279,2769,96,-362
-67.575767247884,-25.804106536354,2585,12,-398
-70.54020768548,-26.388011471032,2806,18,-419
-63.57826423355,-20.099804482192,2809,76,595
-70.405460392862,-31.373661297898,2599,259,1886
-64.835905631318,-22.660003041934,2810,191,2505
-62.500285892606,-19.021826141248,2893,181,-66
-66.946946549,-37.347457937296,2761,131,-233
-70.09105004342,-27.106663698328,2773,4,-444
-67.530851483678,-33.305039158756,2774,41,-430
-67.980009125738,-28.858378502362,2768,34,-515
-68.96815593827,-28.76854697395,2607,58,-391
-67.441019955266,-25.489696186912,2634,10,-516
-62.096044014752,-20.099804482192,2882,111,-403
-66.902030784794,-21.402361644166,2679,9,294
-62.140959778958,-39.54833038339,2786,255,-90
-66.632536199558,-22.210845399874,2617,10,1673
-68.563914060416,-28.364305096096,2656,101,-346
-69.1927347593,-34.338101735494,2694,251,-199
-63.713011526168,-37.931362871974,2768,220,-183
-67.081693841618,-30.160935664336,2786,24,-455
-66.093547029086,-26.612590292062,2765,13,-167
-71.079196855952,-33.619449508198,2759,12,1046
-66.542704671146,-19.515899547514,2671,32,2691
-67.575767247884,-20.548962124252,2673,7,-669
-64.117253404022,-18.797247320218,2798,113,975
-70.360544628656,-30.160935664336,2712,200,574
-65.464726330202,-19.33623649069,2732,35,421
-71.348691441188,-31.418577062104,2801,15,516
-66.003715500674,-28.588883917126,2750,42,-411
-70.450376157068,-29.038041559186,2699,84,191
-62.410454364194,-18.797247320218,2896,221,-69
-64.611326810288,-19.33623649069,2779,51,632
-62.90452777046,-39.817824968626,2769,229,-164
-70.809702270716,-34.15843867867,2764,20,1003
-65.554557858614,-22.03118234305,2719,7,90
-68.878324409858,-38.245773221416,2754,126,-184
-67.890177597326,-24.456633610174,2633,12,-440
-62.590117421018,-38.380520514034,2770,291,-136
-69.013071702476,-24.411717845968,2673,4,-545
-63.713011526168,-37.75169981515,2768,209,-172
-63.80284305458,-18.258258149746,2825,258,674
-67.890177597326,-32.766049988284,2770,25,-450
-67.755430304708,-35.146585491202,2770,95,-360
-67.441019955266,-23.737981382878,2595,30,-298
-63.174022355696,-20.953204002106,2855,67,525
-63.757927290374,-36.673721474206,2771,203,-13
-68.563914060416,-25.62444347953,2571,22,-305
-71.4385229696,-33.394870687168,2794,7,1170
-65.913883972262,-25.444780422706,2716,28,561
-68.96815593827,-31.598240118928,2717,54,-455
-70.585123449686,-35.146585491202,2647,239,5484
-65.195231744966,-18.931994612836,2759,23,425
-67.710514540502,-34.427933263906,2768,89,-358
-66.72236772797,-18.527752734982,2678,48,1672
-69.237650523506,-24.995622780646,2684,13,-481
-67.710514540502,-29.307536144422,2739,83,-354
-66.228294321704,-23.468486797642,2654,2,97
-71.483438733806,-31.01433518425,2812,7,284
-71.393607205394,-32.631302695666,2815,10,1066
-63.982506111404,-36.62880571,2771,188,-107
-68.384251003592,-34.023691386052,2755,120,-313
-65.509642094408,-38.605099335064,2768,193,-217
-68.653745588828,-33.619449508198,2735,84,-329
-66.04863126488,-21.986266578844,2685,6,857
-67.665598776296,-17.404858629832,2710,55,93
-68.698661353034,-27.735484397212,2567,70,-173
-65.82405244385,-25.17528583747,2726,41,930
-67.710514540502,-16.820953695154,2811,187,402
-64.835905631318,-38.335604749828,2762,228,-221
-67.216441134236,-37.616952522532,2758,140,-222
-65.554557858614,-36.988131823648,2769,161,-295
-66.857115020588,-27.016832169916,2708,22,-437
-66.902030784794,-17.854016271892,2714,87,914
-69.956302750802,-34.697427849142,2609,263,3106
-69.102903230888,-31.777903175752,2664,112,-278
-69.821555458184,-32.81096575249,2594,190,1347
-67.036778077412,-25.938853828972,2620,12,-388
-63.443516940932,-21.312530115754,2857,46,193
-65.59947362282,-23.872728675496,2682,100,1673
-70.225797336038,-24.636296666998,2783,1,-909
-65.554557858614,-21.941350814638,2719,7,181
-66.003715500674,-37.167794880472,2767,167,-271
-69.821555458184,-33.48470221558,2461,320,2492
-63.398601176726,-37.257626408884,2770,225,-4
-66.04863126488,-26.74733758468,2777,15,-432
-64.47657951767,-20.998119766312,2740,51,733
-70.630039213892,-37.482205229914,2672,147,1057
-71.303775676982,-33.03554457352,2789,11,1124
-69.282566287712,-29.936356843306,2688,146,-338
-67.306272662648,-27.241410990946,2677,15,883
-67.216441134236,-35.550827369056,2773,103,-343
-67.575767247884,-28.274473567684,2785,29,-626
-68.29441947518,-37.392373701502,2743,157,-205
-62.635033185224,-39.503414619184,2771,240,-156
-65.285063273378,-36.134732303734,2770,132,-215
-66.138462793292,-24.007475968114,2666,5,178
-63.174022355696,-19.381152254896,2864,108,307
-63.12910659149,-37.437289465708,2767,228,-58
-67.306272662648,-33.305039158756,2784,37,-472
-68.51899829621,-25.579527715324,2574,21,-317
-64.970652923936,-18.6625000276,2772,24,267
-67.665598776296,-24.815959723822,2639,5,-526
-61.961296722134,-37.931362871974,2753,303,-31
-67.126609605824,-31.059250948456,2795,22,-639
-65.509642094408,-23.288823740818,2687,13,209
-68.878324409858,-31.822818939958,2722,68,-432
-64.880821395524,-20.414214831634,2745,49,711
-69.237650523506,-24.771043959616,2686,5,-562
-65.868968208056,-17.854016271892,2773,47,521
-69.911386986596,-35.640658897468,2615,328,1173
-66.093547029086,-27.19649522674,2608,101,1531
-68.698661353034,-30.475346013778,2760,32,-413
-66.138462793292,-29.21770461601,2800,29,-448
-68.51899829621,-35.95506924691,2709,151,-334
-70.405460392862,-23.917644439702,2843,22,-636
-68.06984065415,-23.288823740818,2762,14,-638
-66.946946549,-16.86586945936,2835,171,-61
-67.17152537003,-24.681212431204,2681,7,-571
-70.54020768548,-23.37865526923,2854,7,-596
-67.351188426854,-27.555821340388,2680,14,-10
-66.452873142734,-18.88707884863,2691,36,1301
-70.225797336038,-24.232054789144,2808,1,-947
-66.228294321704,-22.390508456698,2632,6,1631
-68.878324409858,-35.775406190086,2691,241,-134
-64.072337639816,-22.435424220904,2819,56,1008
-64.162169168228,-20.369299067428,2822,76,519
-65.37489480179,-37.52712099412,2767,175,-265
-63.039275063078,-39.54833038339,2770,226,-165
-63.668095761962,-18.797247320218,2866,201,945
-65.329979037584,-18.931994612836,2762,27,502
-66.677451963764,-20.9082882379,2693,9,45
-67.935093361532,-23.82781291129,2699,31,-405
-68.29441947518,-29.532114965452,2756,26,-599
-63.398601176726,-18.258258149746,2875,235,184
-62.275707071576,-39.009341212918,NA,NA,NA
-64.835905631318,-21.13286705893,2778,26,-115
-62.500285892606,-37.122879116266,2769,217,-64
-67.84526183312,-32.721134224078,2771,23,-455
-67.755430304708,-37.572036758326,2758,135,-188
-67.485935719472,-20.099804482192,2674,7,-733
-68.96815593827,-26.163432650002,2618,52,-154
-63.937590347198,-19.381152254896,2797,97,182
-68.29441947518,-32.81096575249,2769,32,-399
-68.608829824622,-27.151579462534,2530,72,20
-70.225797336038,-29.262620380216,2585,281,1340
-68.384251003592,-33.754196800816,2755,101,-341
-67.84526183312,-30.160935664336,2748,14,-599
-70.450376157068,-24.771043959616,2817,14,-756
-68.608829824622,-33.619449508198,2736,89,-333
-67.216441134236,-29.801609550688,2790,25,-530
-69.956302750802,-27.331242519358,2778,13,-270
-65.060484452348,-24.27697055335,2790,61,786
-64.611326810288,-21.761687757814,2771,18,310
-69.147818995094,-30.520261777984,2677,173,-155
-68.29441947518,-25.938853828972,2594,11,-404
-71.66310179063,-35.011838198584,2771,19,1373
-65.82405244385,-37.97627863618,2770,193,-222
-67.441019955266,-30.924503655838,2738,26,-411
-63.488432705138,-22.076098107256,2852,57,535
-71.303775676982,-30.475346013778,2800,4,88
-66.677451963764,-37.30254217309,2768,141,-259
-64.117253404022,-37.167794880472,2768,210,-165
-66.318125850116,-19.291320726484,2673,19,1014
-69.41731358033,-31.149082476868,2711,115,-308
-67.935093361532,-16.955700987772,2695,97,850
-67.306272662648,-33.080460337726,2786,27,-492
-64.386747989258,-21.626940465196,2771,31,1002
-68.474082532004,-31.867734704164,2758,31,-479
-67.261356898442,-26.927000641504,2659,9,-24
-68.653745588828,-34.697427849142,2723,122,-270
-68.563914060416,-35.595743133262,2677,227,-161
-69.1927347593,-31.867734704164,2660,123,-215
-65.59947362282,-27.825315925624,2801,105,496
-66.991862313206,-30.610093306396,2779,24,-568
-67.441019955266,-33.349954922962,2777,43,-446
-68.608829824622,-29.352451908628,2741,27,-510
-66.407957378528,-27.061747934122,2753,10,-811
-67.036778077412,-36.808468766824,2770,136,-271
-62.814696242048,-19.830309896956,2871,114,-86
-64.7011583387,-18.393005442364,2784,42,16
-67.530851483678,-20.548962124252,2672,6,-688
-68.563914060416,-32.002481996782,2760,48,-424
-65.37489480179,-18.482836970776,2775,24,522
-64.431663753464,-19.021826141248,2756,50,-110
-69.237650523506,-26.208348414208,2639,34,-339
-65.913883972262,-37.931362871974,2771,180,-291
-70.225797336038,-24.546465138586,2786,1,-902
-66.228294321704,-27.6456528688,2811,66,-285
-68.024924889944,-26.74733758468,2545,28,-293
-62.051128250546,-39.683077676008,NA,NA,NA
-65.958799736468,-28.903294266568,2803,36,-502
-63.488432705138,-36.62880571,2770,207,85
-62.769780477842,-18.303173913952,2896,277,70
-65.285063273378,-19.78539413275,2748,27,-42
-71.4385229696,-33.978775621846,2783,6,970
-70.495291921274,-29.038041559186,2721,80,150
-64.790989867112,-37.97627863618,2766,183,-255
-67.62068301209,-38.65001509927,2758,150,-167
-66.228294321704,-23.243907976612,2669,3,8
-69.731723929772,-26.432927235238,2779,6,-549
-68.96815593827,-24.72612819541,2689,4,-570
-67.575767247884,-19.740478368544,2700,11,-229
-63.668095761962,-20.728625181076,2840,79,999
-67.530851483678,-25.714275007942,2627,12,-474
-70.225797336038,-26.567674527856,2795,0,-513
-69.507145108742,-33.978775621846,2540,361,967
-69.462229344536,-32.182145053606,2672,95,-319
-67.485935719472,-37.347457937296,2759,135,-226
-67.081693841618,-21.447277408372,2662,7,-7
-65.37489480179,-22.300676928286,2731,27,1584
-62.994359298872,-17.898932036098,2896,402,87
-63.533348469344,-21.626940465196,2849,52,253
-67.17152537003,-38.021194400386,2758,155,-183
-70.180881571832,-35.326248548026,2626,256,3358
-67.755430304708,-27.6456528688,2720,13,-670
-63.084190827284,-37.07796335206,2769,223,50
-64.386747989258,-37.796615579356,2768,185,-232
-66.677451963764,-24.860875488028,2684,9,-165
-70.54020768548,-32.227060817812,2677,107,1056
-62.949443534666,-20.45913059584,2861,87,64
-72.022427904278,-34.113522914464,NA,NA,NA
-67.351188426854,-18.258258149746,2698,41,470
-70.809702270716,-28.229557803478,2813,1,-402
-71.573270262218,-32.541471167254,NA,NA,NA
-65.240147509172,-21.896435050432,2735,43,1584
-65.779136679644,-21.58202470099,2738,5,-165
-62.185875543164,-19.515899547514,2888,163,-329
-66.228294321704,-19.11165766966,2682,27,859
-71.034281091746,-28.229557803478,2813,5,-335
-69.64189240136,-33.664365272404,2588,232,903
-63.668095761962,-20.548962124252,2800,90,1015
-70.270713100244,-25.444780422706,2796,5,-689
-67.306272662648,-27.510905576182,2680,14,85
-65.285063273378,-20.998119766312,2752,24,240
-71.258859912776,-30.34059872116,2804,6,238
-70.31562886445,-32.631302695666,2668,149,1359
-68.923240174064,-37.257626408884,2732,140,-143
-66.542704671146,-21.986266578844,2667,7,1067
-67.441019955266,-28.588883917126,2798,43,-664
-63.713011526168,-39.233920033948,2768,237,-176
-68.384251003592,-23.60323409026,2744,3,-734
-70.09105004342,-30.250767192748,2579,294,1498
-66.812199256382,-28.99312579498,2745,48,65
-70.98936532754,-29.397367672834,2822,24,-306
-68.653745588828,-32.58638693146,2769,64,-379
-67.441019955266,-28.274473567684,2791,21,-591
-67.261356898442,-17.09044828039,2675,323,1860
-64.970652923936,-38.380520514034,2764,213,-222
-69.956302750802,-27.690568633006,2745,35,-235
-64.431663753464,-21.087951294724,2808,36,-153
-64.25200069664,-38.8745939203,2766,220,-187
-67.800346068914,-29.082957323392,2580,135,639
-63.308769648314,-19.740478368544,2828,106,699
-66.72236772797,-27.151579462534,2751,23,-490
-63.443516940932,-39.593246147596,2766,231,-167
-67.261356898442,-20.998119766312,2664,6,-9
-65.868968208056,-20.504046360046,2715,13,618
-69.372397816124,-28.409220860302,2606,66,77
-66.902030784794,-38.021194400386,2765,144,-198
-68.923240174064,-35.640658897468,2712,190,-166
-65.329979037584,-20.23455177481,2762,23,399
-71.079196855952,-28.499052388714,2805,2,-360
-64.341832225052,-17.898932036098,2816,231,608
-69.327482051918,-37.257626408884,2693,170,-129
-68.114756418356,-29.711778022276,2766,16,-702
-66.228294321704,-36.808468766824,2770,151,-293
-66.812199256382,-32.36180811043,2786,31,-472
-67.351188426854,-18.258258149746,2698,41,470
-65.419810565996,-24.636296666998,2789,72,2028
-65.868968208056,-21.402361644166,2684,8,1177
-69.372397816124,-26.52275876365,2644,48,-112
-70.270713100244,-33.394870687168,2671,101,1355
-67.710514540502,-31.283829769486,2804,18,-593
-69.237650523506,-24.681212431204,2682,4,-576
-64.970652923936,-37.122879116266,2770,161,-245
-65.59947362282,-23.513402561848,2679,28,500
-70.180881571832,-35.95506924691,2646,190,1510
-62.859612006254,-19.11165766966,2886,128,22
-66.363041614322,-28.454136624508,2808,16,-570
-62.051128250546,-39.413583090772,NA,NA,NA
-69.462229344536,-30.160935664336,2645,306,422
-70.674954978098,-37.347457937296,2708,109,827
-64.7011583387,-37.52712099412,2766,180,-242
-65.868968208056,-22.165929635668,2676,6,490
-63.263853884108,-18.43792120657,2883,197,165
-69.1927347593,-29.487199201246,2648,69,-372
-67.036778077412,-21.222698587342,2668,7,-58
-69.462229344536,-23.872728675496,2786,0,-716
-70.54020768548,-26.74733758468,2811,11,-370
-67.575767247884,-27.19649522674,2745,11,-444
-69.821555458184,-27.510905576182,2754,39,-201
-65.689305151232,-24.097307496526,2686,111,2335
-67.530851483678,-21.716771993608,2654,10,-126
-68.024924889944,-24.860875488028,2646,8,-566
-71.079196855952,-30.969419420044,2791,14,386
-69.1927347593,-24.321886317556,2722,3,-638
-71.034281091746,-29.621946493864,2787,35,-151
-69.327482051918,-29.8914410791,2664,150,-266
-70.180881571832,-36.583889945794,2630,323,1623
-64.92573715973,-19.56081531172,2748,21,399
-71.258859912776,-31.059250948456,2777,8,180
-66.363041614322,-25.669359243736,2694,44,830
-68.51899829621,-27.6456528688,2580,46,-319
-66.228294321704,-19.066741905454,2679,29,1041
-67.84526183312,-18.572668499188,2692,27,699
-71.124112620158,-29.397367672834,2817,19,-355
-71.169028384364,-32.855881516696,2777,16,1168
-64.656242574494,-19.33623649069,2762,51,846
-63.35368541252,-20.45913059584,2817,112,714
-66.003715500674,-23.737981382878,2708,2,-671
-71.21394414857,-30.610093306396,2797,5,97
-66.677451963764,-17.09044828039,2793,181,871
-68.474082532004,-24.636296666998,2616,18,-333
-69.911386986596,-35.775406190086,2609,304,1130
-70.899533799128,-29.127873087598,2794,19,-419
-69.776639693978,-27.6456528688,2693,87,21
-67.935093361532,-16.281964524682,2715,703,3919
-68.608829824622,-37.122879116266,2731,141,-210
-69.507145108742,-34.248270207082,2586,334,834
-66.452873142734,-29.756693786482,2799,24,-534
-69.64189240136,-26.253264178414,2741,7,-475
-68.339335239386,-23.513402561848,2751,3,-788
-67.710514540502,-35.95506924691,2761,122,-311
-63.488432705138,-37.796615579356,2769,209,-182
-64.47657951767,-19.515899547514,2803,52,-4
-63.668095761962,-36.62880571,2771,202,29
-64.47657951767,-20.23455177481,2773,64,997
-63.668095761962,-18.258258149746,2826,274,651
-67.126609605824,-20.998119766312,2667,7,44
-66.138462793292,-37.706784050944,2769,165,-252
-68.204587946768,-32.1372292894,2767,23,-410
-67.710514540502,-24.097307496526,2626,20,-492
-69.776639693978,-27.286326755152,2707,37,-291
-70.180881571832,-23.468486797642,2821,6,-691
-62.724864713636,-18.572668499188,2895,217,23
-64.02742187561,-22.345592692492,2813,60,1094
-67.665598776296,-32.047397760988,2779,18,-539
-68.788492881446,-26.07360112159,2603,52,-295
-64.25200069664,-21.13286705893,2821,68,356
-71.528354498012,-31.23891400528,2819,15,459
-68.51899829621,-27.555821340388,2575,58,-220
-67.62068301209,-20.998119766312,2679,8,-551
-66.72236772797,-29.577030729658,2796,28,-474
-67.665598776296,-36.17964806794,2758,129,-301
-68.653745588828,-34.113522914464,2731,120,-286
-66.767283492176,-21.402361644166,2692,11,573
-68.833408645652,-37.212710644678,2726,147,-167
-63.084190827284,-20.099804482192,2856,97,123
-71.169028384364,-34.60759632073,2765,25,2017
-62.814696242048,-37.52712099412,2764,234,-105
-65.59947362282,-26.792253348886,2729,221,3646
-62.994359298872,-38.605099335064,2775,250,-149
-70.180881571832,-30.430430249572,2628,274,912
-65.644389387026,-20.45913059584,2765,7,-692
-66.138462793292,-18.482836970776,2714,41,409
-70.585123449686,-27.960063218242,2807,2,-427
-65.868968208056,-24.097307496526,2718,13,567
-69.776639693978,-36.044900775322,2668,198,298
-64.566411046082,-38.560183570858,2766,240,-184
-66.677451963764,-21.492193172578,2691,13,1322
-67.84526183312,-19.021826141248,2685,18,267
-69.147818995094,-31.68807164734,2613,144,-208
-65.958799736468,-37.122879116266,2768,169,-274
-67.665598776296,-24.05239173232,2631,19,-487
-66.228294321704,-20.23455177481,2694,14,707
-67.036778077412,-36.718637238412,2771,137,-274
-63.263853884108,-39.189004269742,2771,226,-155
-62.00621248634,-38.021194400386,2750,374,44
-67.351188426854,-18.842163084424,2699,24,527
-68.923240174064,-34.427933263906,2685,195,-219
-66.093547029086,-28.948210030774,2801,35,-471
-67.081693841618,-26.657506056268,2643,9,-281
-66.946946549,-27.510905576182,2788,22,-665
-70.719870742304,-26.208348414208,NA,NA,NA
-66.587620435352,-21.851519286226,2639,13,2109
-68.249503710974,-28.54396815292,2728,31,-516
-63.263853884108,-37.212710644678,2770,223,7
-65.285063273378,-36.85338453103,2767,177,-274
-67.935093361532,-34.966922434378,2757,106,-321
-71.573270262218,-32.182145053606,NA,NA,NA
-69.013071702476,-38.20085745721,2758,114,-93
-68.74357711724,-29.577030729658,2697,37,-258
-66.812199256382,-16.776037930948,2799,395,1720
-67.935093361532,-33.394870687168,2766,50,-396
-69.057987466682,-33.93385985764,2731,193,-195
-65.59947362282,-39.189004269742,2764,204,-172
-69.911386986596,-34.517764792318,2578,246,3490
-64.656242574494,-23.064244919788,2824,139,1970
-67.980009125738,-36.673721474206,2749,139,-265
-65.015568688142,-37.841531343562,2765,182,-249
-68.474082532004,-30.655009070602,2755,24,-554
-65.913883972262,-37.437289465708,2767,165,-271
-68.51899829621,-36.538974181588,2731,155,-288
-70.495291921274,-28.633799681332,2704,37,-122
-62.724864713636,-18.617584263394,2894,208,81
-67.081693841618,-31.23891400528,2794,18,-647
-66.587620435352,-19.830309896956,2680,31,2454
-70.225797336038,-27.106663698328,2763,2,-585
-68.74357711724,-34.742343613348,2705,136,-189
-67.351188426854,-25.3998646585,2648,8,-470
-66.49778890694,-21.312530115754,2682,11,1143
-68.159672182562,-30.295682956954,2762,20,-560
-69.237650523506,-33.664365272404,2721,190,-230
-64.117253404022,-20.728625181076,2807,70,525
-66.27321008591,-20.054888717986,2691,16,1058
-67.306272662648,-36.089816539528,2770,128,-305
-67.710514540502,-26.163432650002,2607,5,-482
-66.991862313206,-20.099804482192,2707,15,315
-69.147818995094,-29.262620380216,2602,73,-308
-65.554557858614,-39.233920033948,2763,207,-166
-67.351188426854,-37.841531343562,2757,139,-210
-66.991862313206,-29.44228343704,2754,41,-483
-65.779136679644,-19.33623649069,2727,16,-302
-66.902030784794,-20.054888717986,2713,21,889
-69.686808165566,-29.621946493864,2547,108,350
-66.49778890694,-25.265117365882,2691,37,967
-67.710514540502,-34.877090905966,2768,99,-350
-66.27321008591,-21.267614351548,2662,10,1297
-71.079196855952,-31.01433518425,2790,15,338
-68.384251003592,-30.385514485366,2750,30,-530
-67.081693841618,-28.454136624508,2784,11,-533
-65.868968208056,-21.986266578844,2688,7,604
-66.228294321704,-36.134732303734,2771,120,-335
-70.001218515008,-37.392373701502,2685,164,345
-68.74357711724,-37.616952522532,2731,154,-206
-62.545201656812,-38.515267806652,2772,298,-155
-62.275707071576,-20.00997295378,2880,118,-300
-66.72236772797,-29.801609550688,2795,26,-477
-66.946946549,-25.84902230056,2620,9,-422
-65.82405244385,-36.898300295236,2769,166,-284
-67.935093361532,-16.281964524682,2715,703,3919
-71.124112620158,-28.09481051086,2831,8,-285
-63.757927290374,-17.898932036098,2867,279,305
-67.441019955266,-27.915147454036,2752,14,-457
-64.117253404022,-21.626940465196,2799,47,966
-62.051128250546,-38.245773221416,2763,376,-46
-62.590117421018,-37.30254217309,2765,215,-90
-62.994359298872,-38.20085745721,2767,263,-187
-69.102903230888,-38.066110164592,2757,131,-74
-66.812199256382,-37.033047587854,2769,140,-326
-63.713011526168,-39.458498854978,2766,239,-158
-69.956302750802,-28.858378502362,2701,147,414
-69.013071702476,-35.50591160485,2713,151,-189
-66.946946549,-36.40422688897,2773,135,-291
-62.724864713636,-19.695562604338,2876,123,-48
-69.372397816124,-30.430430249572,2684,254,338
-64.970652923936,-39.32375156236,2762,210,-187
-68.474082532004,-27.331242519358,2551,67,-151
-68.608829824622,-35.416080076438,2718,161,-246
-68.339335239386,-30.834672127426,2764,16,-594
-62.23079130737,-39.99748802545,NA,NA,NA
-67.800346068914,-35.640658897468,2765,119,-337
-67.84526183312,-19.515899547514,2712,11,-140
-64.386747989258,-19.695562604338,2803,52,-195
-66.093547029086,-22.25576116408,2664,5,1082
-62.994359298872,-36.988131823648,2769,225,95
-69.64189240136,-28.184642039272,2650,121,532
-69.507145108742,-29.21770461601,2536,106,272
-63.623179997756,-19.605731075926,2836,83,396
-67.980009125738,-33.844028329228,2765,80,-366
-66.587620435352,-19.965057189574,2673,22,1732
-67.665598776296,-29.621946493864,2711,32,-417
-62.724864713636,-37.841531343562,2764,248,-142
-66.902030784794,-37.796615579356,2762,155,-214
-66.27321008591,-24.05239173232,2679,3,-281
-63.398601176726,-21.13286705893,2856,48,330
-69.102903230888,-32.676218459872,2649,133,-311
-66.857115020588,-28.678715445538,2795,19,-734
-70.180881571832,-28.499052388714,2716,132,129
-69.64189240136,-23.468486797642,2774,0,-803
-65.329979037584,-24.187139024938,2813,121,1107
-66.857115020588,-22.660003041934,2646,7,127
-68.339335239386,-28.54396815292,2734,37,-513
-66.812199256382,-30.520261777984,2785,19,-524
-65.689305151232,-39.009341212918,2765,185,-198
-67.755430304708,-19.156573433866,2693,17,277
-71.483438733806,-32.855881516696,2815,8,965
-68.653745588828,-30.205851428542,2742,31,-472
-66.677451963764,-29.711778022276,2795,26,-466
-68.74357711724,-35.011838198584,2704,138,-241
-68.878324409858,-36.224563832146,2710,146,-255
-69.86647122239,-36.089816539528,2645,213,541
-69.1927347593,-35.191501255408,2695,169,-156
-64.835905631318,-39.09917274133,2761,213,-193
-69.057987466682,-27.331242519358,2570,89,23
-67.306272662648,-18.033679328716,2703,43,322
-67.755430304708,-29.127873087598,2677,117,61
-68.114756418356,-33.799112565022,2765,85,-354
-68.159672182562,-29.172788851804,2794,18,-615
-69.911386986596,-25.040538544852,2787,2,-827
-62.500285892606,-39.683077676008,2771,235,-137
-67.126609605824,-17.000616751978,2734,262,1615
-67.081693841618,-22.390508456698,2651,8,-31
-67.081693841618,-22.884581862964,2619,17,160
-67.530851483678,-19.78539413275,2695,11,-116
-70.405460392862,-29.172788851804,2676,156,444
-65.37489480179,-24.411717845968,2799,101,1993
-68.06984065415,-35.371164312232,2767,128,-325
-68.563914060416,-27.825315925624,2546,75,-172
-70.54020768548,-36.763553002618,2636,288,2853
-63.308769648314,-20.953204002106,2855,59,385
-69.1927347593,-33.305039158756,2715,178,-188
-68.51899829621,-33.978775621846,2744,119,-315
-67.980009125738,-27.6456528688,2645,28,-340
-71.303775676982,-33.03554457352,2789,11,1124
-67.935093361532,-19.11165766966,2687,14,119
-67.755430304708,-27.061747934122,2700,14,-531
-69.372397816124,-36.134732303734,2667,283,41
-62.500285892606,-18.572668499188,2896,246,-6
-67.39610419106,-28.454136624508,2793,35,-735
-70.405460392862,-30.295682956954,2589,377,1714
-68.06984065415,-31.508408590516,2710,36,-360
-70.98936532754,-32.047397760988,2701,23,483
-68.384251003592,-29.352451908628,2705,41,-530
-63.757927290374,-39.278835798154,2767,241,-180
-70.585123449686,-24.097307496526,NA,NA,NA
-62.994359298872,-18.842163084424,2890,138,-69
-66.812199256382,-36.359311124764,2773,136,-294
-65.958799736468,-17.76418474348,2770,57,874
-67.800346068914,-34.338101735494,2767,90,-350
-66.27321008591,-35.95506924691,2770,116,-348
-71.393607205394,-31.149082476868,2796,8,264
-66.003715500674,-17.225195573008,2712,648,3850
-63.039275063078,-19.381152254896,2871,116,104
-69.147818995094,-34.15843867867,2711,240,-239
-68.74357711724,-29.577030729658,2697,37,-258
-63.892674582992,-20.953204002106,2834,76,561
-68.06984065415,-20.23455177481,2670,9,-739
-69.1927347593,-33.170291866138,2695,186,-200
-67.575767247884,-37.07796335206,2760,141,-250
-69.911386986596,-34.83217514176,2664,190,1146
-71.21394414857,-32.766049988284,2785,11,1127
-68.878324409858,-34.60759632073,2706,134,-211
-64.162169168228,-18.21334238554,2827,122,149
-63.039275063078,-18.752331556012,2891,146,-39
-66.407957378528,-27.286326755152,2718,47,322
-67.036778077412,-30.969419420044,2794,21,-646
-69.372397816124,-36.988131823648,2721,150,-132
-66.003715500674,-38.290688985622,2771,182,-233
-63.713011526168,-19.965057189574,2815,87,562
-65.82405244385,-20.45913059584,2729,12,686
-69.596976637154,-36.673721474206,2696,237,123
-62.994359298872,-21.13286705893,2858,70,550
-63.668095761962,-37.75169981515,2768,210,-164
-69.237650523506,-27.19649522674,2586,101,122
-69.1927347593,-34.922006670172,2700,170,-188
-67.84526183312,-16.461627581506,2712,492,3149
-66.49778890694,-17.719268979274,2698,77,1152
-66.407957378528,-23.737981382878,2658,3,-268
-69.64189240136,-24.815959723822,2751,1,-799
-65.868968208056,-22.300676928286,2669,6,531
-67.081693841618,-22.300676928286,2645,11,331
-63.80284305458,-19.740478368544,2832,94,237
-66.093547029086,-17.31502710142,2716,405,2900
-69.64189240136,-34.966922434378,2686,226,138
-69.41731358033,-29.082957323392,2559,102,143
-71.21394414857,-33.170291866138,2757,18,1196
-67.980009125738,-28.499052388714,2755,23,-439
-66.452873142734,-37.75169981515,2769,146,-257
-69.462229344536,-30.924503655838,2669,155,-305
-65.464726330202,-18.303173913952,2820,26,-244
-66.093547029086,-20.953204002106,2691,8,219
-65.868968208056,-20.818456709488,2705,11,724
-65.82405244385,-19.515899547514,2715,16,-20
-70.944449563334,-34.787259377554,2772,64,2550
-67.306272662648,-23.1540764482,2612,29,-307
-66.228294321704,-25.3998646585,2770,41,-160
-70.719870742304,-34.338101735494,2769,45,1942
-69.372397816124,-32.766049988284,2646,156,-152
-66.991862313206,-36.17964806794,2773,124,-303
-67.351188426854,-24.187139024938,2617,16,-421
-64.296916460846,-21.941350814638,2813,43,680
-64.117253404022,-38.8745939203,2766,221,-192
-65.509642094408,-38.066110164592,2763,208,-238
-67.485935719472,-17.898932036098,2706,42,439
-67.530851483678,-31.68807164734,2777,20,-608
-67.441019955266,-29.66686225807,2789,35,-515
-70.225797336038,-31.328745533692,2589,239,1939
-70.495291921274,-26.612590292062,2799,9,-555
-69.64189240136,-36.224563832146,2714,161,-21
-68.429166767798,-28.31938933189,2651,112,86
-64.7011583387,-23.198992212406,2834,148,2207
-67.036778077412,-18.033679328716,2719,60,661
-69.911386986596,-29.577030729658,2556,200,882
-71.66310179063,-30.520261777984,2815,4,-174
-67.441019955266,-25.220201601676,2691,4,-574
-66.677451963764,-24.905791252234,2680,10,-39
-70.135965807626,-30.026188371718,2568,392,1616
-69.86647122239,-25.310033130088,2760,3,-759
-68.159672182562,-38.155941693004,2743,163,-188
-68.74357711724,-33.215207630344,2755,90,-297
-67.890177597326,-33.754196800816,2767,69,-378
-67.261356898442,-38.829678156094,2759,148,-156
-68.114756418356,-24.995622780646,2629,9,-424
-69.64189240136,-23.288823740818,2792,0,-852
-67.530851483678,-22.165929635668,2618,21,-51
-70.135965807626,-33.125376101932,2547,276,3260
-69.237650523506,-29.577030729658,2635,74,-440
-68.339335239386,-23.82781291129,2717,4,-576
-68.474082532004,-35.595743133262,2621,265,557
-66.542704671146,-29.127873087598,2807,31,-546
-66.04863126488,-27.286326755152,2708,148,1883
-62.859612006254,-39.413583090772,2771,232,-158
-64.92573715973,-23.064244919788,2782,146,2623
-65.734220915438,-37.07796335206,2769,171,-279
-66.902030784794,-20.863372473694,2682,8,-295
-62.769780477842,-39.009341212918,2772,259,-162
-69.372397816124,-34.922006670172,2695,227,-85
-70.270713100244,-24.366802081762,2809,1,-879
-61.691802136898,-38.155941693004,2756,339,-112
-67.755430304708,-22.03118234305,2597,30,270
-66.138462793292,-24.95070701644,2762,18,197
-69.64189240136,-34.517764792318,2678,140,230
-65.464726330202,-25.489696186912,2809,31,-7
-70.046134279214,-28.274473567684,2650,118,364
-67.39610419106,-22.390508456698,2631,16,-106
-71.393607205394,-34.697427849142,2775,10,1178
-70.76478650651,-29.66686225807,2748,82,-62
-63.668095761962,-39.54833038339,2768,219,-165
-70.180881571832,-34.203354442876,2573,192,4508
-67.755430304708,-32.900797280902,2770,26,-446
-65.868968208056,-21.402361644166,2684,8,1177
-62.90452777046,-18.303173913952,2898,256,68
-63.892674582992,-39.503414619184,2766,225,-183
-70.854618034922,-30.56517754219,2734,89,526
-67.800346068914,-28.364305096096,2691,25,-576
-64.746074102906,-38.111025928798,2767,188,-219
-69.956302750802,-32.227060817812,2567,258,1764
-64.880821395524,-22.660003041934,2777,203,2661
-66.632536199558,-21.896435050432,2647,12,1372
-67.530851483678,-21.087951294724,2668,8,-240
-64.521495281876,-36.718637238412,2770,182,-239
-68.788492881446,-26.118516885796,2582,59,-280
-67.081693841618,-25.938853828972,2596,16,-189
-71.21394414857,-33.125376101932,2770,18,1238
-68.608829824622,-24.142223260732,2698,6,-544
-69.911386986596,-28.813462738156,2641,198,823
-70.046134279214,-34.787259377554,2684,126,1506
-65.644389387026,-26.612590292062,2703,124,2544
-66.04863126488,-17.135364044596,2744,643,4055
-66.946946549,-30.699924834808,2783,24,-599
-66.407957378528,-17.404858629832,2765,81,816
-71.303775676982,-29.352451908628,2826,22,-255
-64.835905631318,-36.224563832146,2772,142,-171
-67.261356898442,-30.026188371718,2738,34,-552
-70.585123449686,-24.771043959616,NA,NA,NA
-67.17152537003,-19.426068019102,2676,24,1042
-65.958799736468,-29.038041559186,2803,32,-460
-69.1927347593,-33.70928103661,2725,198,-199
-70.180881571832,-35.910153482704,2638,180,1415
-68.339335239386,-24.771043959616,2666,11,-481
-67.665598776296,-28.588883917126,2790,36,-503
-66.812199256382,-29.172788851804,2788,41,-245
-70.135965807626,-35.999985011116,2647,190,1212
-67.081693841618,-23.82781291129,2642,15,-533
-68.204587946768,-29.756693786482,2744,27,-665
-69.64189240136,-32.721134224078,2570,190,979
-65.868968208056,-22.25576116408,2673,6,413
-62.500285892606,-19.650646840132,2882,139,-83
-66.542704671146,-30.475346013778,2786,31,-513
-63.713011526168,-18.033679328716,2850,291,441
-70.360544628656,-28.813462738156,2758,51,-37
-66.946946549,-29.8914410791,2792,32,-430
-65.868968208056,-19.695562604338,2693,16,285
-66.857115020588,-17.31502710142,2771,107,-44
-67.800346068914,-28.409220860302,2686,27,-437
-65.464726330202,-24.456633610174,2751,134,3235
-67.485935719472,-24.05239173232,2597,27,-258
-67.126609605824,-21.851519286226,2655,11,171
-68.653745588828,-25.3998646585,2627,19,-345
-69.64189240136,-31.01433518425,2667,144,-200
-67.755430304708,-28.454136624508,2765,26,-380
-63.57826423355,-21.761687757814,2849,54,382
-67.261356898442,-37.931362871974,2758,143,-183
-66.902030784794,-20.863372473694,2682,8,-295
-69.282566287712,-32.451639638842,2686,104,-310
-65.419810565996,-19.830309896956,2728,27,43
-68.74357711724,-31.01433518425,2739,36,-367
-66.27321008591,-22.345592692492,2650,6,1280
-65.195231744966,-21.80660352202,2714,59,1820
-69.372397816124,-29.127873087598,2584,65,-123
-66.902030784794,-20.818456709488,2683,8,-314
-66.902030784794,-21.043035530518,2675,8,-84
-70.585123449686,-29.038041559186,2715,66,18
-66.363041614322,-23.423571033436,2667,2,-449
-67.39610419106,-34.966922434378,2769,98,-365
-68.114756418356,-34.877090905966,2749,120,-300
-64.386747989258,-20.998119766312,2759,73,1185
-63.218938119902,-17.809100507686,2894,403,316
-63.57826423355,-38.245773221416,2772,249,-177
-67.441019955266,-20.504046360046,2669,6,-711
-70.09105004342,-25.3998646585,2784,1,-624
-64.970652923936,-22.390508456698,2763,142,1779
-67.216441134236,-17.000616751978,2716,291,2021
-67.081693841618,-20.369299067428,2686,7,-549
-66.812199256382,-38.42543627824,2765,154,-164
-63.57826423355,-21.043035530518,2831,69,981
-71.034281091746,-34.652512084936,2767,32,1951
-69.86647122239,-26.882084877298,2742,11,-632
-64.566411046082,-19.470983783308,2777,58,790
-67.665598776296,-34.60759632073,2769,92,-353
-63.35368541252,-20.638793652664,2836,100,704
-66.767283492176,-20.414214831634,2702,16,494
-68.833408645652,-24.591380902792,2677,10,-457
-65.195231744966,-19.156573433866,2751,22,106
-71.66310179063,-34.427933263906,2779,6,890
-64.656242574494,-37.257626408884,2766,192,-251
-66.542704671146,-26.792253348886,2700,13,51
-67.485935719472,-36.538974181588,2763,144,-286
-68.96815593827,-28.588883917126,2590,50,-296
-68.51899829621,-28.274473567684,2643,92,-306
-65.779136679644,-19.246404962278,2738,19,38
-67.216441134236,-31.867734704164,2770,17,-577
-67.441019955266,-20.054888717986,2676,7,-629
-66.407957378528,-28.139726275066,2800,15,-638
-70.495291921274,-27.87023168983,2804,2,-371
-69.64189240136,-36.718637238412,2700,215,14
-65.59947362282,-28.723631209744,2757,58,-162
-70.360544628656,-32.900797280902,2742,52,751
-68.159672182562,-25.669359243736,2609,10,-428
-67.17152537003,-25.804106536354,2632,16,-398
-62.635033185224,-17.98876356451,2897,378,69
-66.677451963764,-26.657506056268,2631,18,560
-65.779136679644,-36.988131823648,2768,172,-299
-70.719870742304,-30.385514485366,2760,101,188
-68.204587946768,-24.95070701644,2604,11,-385
-66.228294321704,-22.121013871462,2658,7,1491
-70.98936532754,-28.54396815292,2800,1,-464
-66.767283492176,-22.345592692492,2645,6,316
-68.833408645652,-31.553324354722,2760,38,-448
-67.755430304708,-35.416080076438,2772,102,-353
-68.74357711724,-29.936356843306,2727,37,-419
-66.003715500674,-27.061747934122,2651,126,2161
-66.946946549,-21.13286705893,2673,8,-115
-67.710514540502,-35.011838198584,2768,98,-352
-69.956302750802,-35.236417019614,2583,434,2127
-67.575767247884,-31.373661297898,2790,24,-526
-66.542704671146,-18.842163084424,2686,38,1593
-64.656242574494,-18.572668499188,2868,23,-817
-69.86647122239,-25.579527715324,2760,2,-627
-68.608829824622,-24.995622780646,2655,11,-381
-68.204587946768,-35.326248548026,2762,133,-294
-70.854618034922,-35.595743133262,2684,222,4802
-67.261356898442,-17.943847800304,2707,43,297
-68.204587946768,-25.444780422706,2609,15,-267
-70.495291921274,-30.295682956954,2704,218,741
-62.90452777046,-38.65001509927,2775,257,-149
-65.958799736468,-24.187139024938,2726,4,-281
-71.079196855952,-31.01433518425,2790,15,338
-68.249503710974,-32.81096575249,2770,31,-405
-68.159672182562,-28.903294266568,2803,14,-751
-70.809702270716,-28.903294266568,2794,18,-327
-62.859612006254,-18.797247320218,2892,160,-52
-68.339335239386,-26.882084877298,2577,47,-232
-70.674954978098,-28.364305096096,2809,5,-309
-64.341832225052,-20.638793652664,2762,89,1191
-71.573270262218,-30.655009070602,2806,2,-78
-71.034281091746,-32.58638693146,2726,16,677
-68.29441947518,-32.047397760988,2762,25,-412
-69.1927347593,-36.538974181588,2698,265,-64
-67.62068301209,-21.58202470099,2656,11,50
-67.036778077412,-27.510905576182,2793,22,-544
-66.767283492176,-28.409220860302,2800,10,-813
-66.812199256382,-35.73049042588,2772,117,-336
-66.72236772797,-17.76418474348,2712,70,597
-65.913883972262,-18.168426621334,2750,47,828
-71.573270262218,-30.520261777984,2809,3,-131
-66.946946549,-18.168426621334,2715,65,1074
-64.162169168228,-19.965057189574,2800,115,879
-68.608829824622,-36.85338453103,2726,149,-211
-64.25200069664,-19.920141425368,2798,107,832
-69.462229344536,-30.026188371718,2639,236,85
-71.708017554836,-31.23891400528,NA,NA,NA
-68.429166767798,-33.125376101932,2764,54,-357
-70.809702270716,-28.364305096096,2803,2,-397
-67.261356898442,-27.825315925624,2745,15,-525
-66.452873142734,-18.572668499188,2705,33,286
-69.86647122239,-25.085454309058,2782,2,-883
-68.96815593827,-35.146585491202,2706,140,-212
-69.372397816124,-30.071104135924,2673,243,145
-66.27321008591,-37.661868286738,2768,170,-244
-64.880821395524,-20.369299067428,2731,52,821
-70.180881571832,-37.167794880472,2653,240,1118
-62.859612006254,-19.515899547514,2875,122,-20
-68.74357711724,-36.673721474206,2729,160,-194
-69.552060872948,-26.612590292062,2646,36,-81
-66.946946549,-22.165929635668,2655,10,289
-70.046134279214,-25.265117365882,2777,2,-691
-69.731723929772,-27.555821340388,2698,79,-61
-69.911386986596,-36.943216059442,2680,223,175
-69.821555458184,-27.016832169916,2738,16,-420
-70.450376157068,-37.392373701502,2694,108,574
-67.036778077412,-23.513402561848,2626,14,-306
-65.689305151232,-19.291320726484,2707,30,521
-65.958799736468,-27.87023168983,2712,74,371
-66.49778890694,-18.572668499188,2715,30,209
-70.360544628656,-24.591380902792,2809,3,-831
-68.698661353034,-36.538974181588,2726,188,-227
-62.545201656812,-38.8745939203,2780,293,-130
-71.483438733806,-32.58638693146,NA,NA,NA
-67.39610419106,-16.86586945936,2674,399,2484
-64.7011583387,-38.066110164592,2767,179,-235
-68.159672182562,-29.711778022276,2763,17,-696
-68.429166767798,-30.924503655838,2763,21,-551
-63.263853884108,-18.348089678158,2884,216,103
-71.258859912776,-32.81096575249,2787,13,1482
-67.39610419106,-27.510905576182,2687,12,-25
-67.126609605824,-17.449774394038,2688,162,1478
-71.034281091746,-31.01433518425,2773,22,505
-70.046134279214,-29.44228343704,2557,237,1150
-70.09105004342,-33.170291866138,2572,234,2446
-68.923240174064,-32.721134224078,2740,74,-397
-66.677451963764,-22.345592692492,2656,6,503
-62.67994894943,-18.6625000276,2894,206,35
-64.566411046082,-37.482205229914,2766,192,-221
-61.961296722134,-37.706784050944,2755,244,-48
-66.587620435352,-19.201489198072,2687,37,2512
-68.474082532004,-24.72612819541,2597,18,-273
-63.398601176726,-20.414214831634,2840,91,212
-67.485935719472,-31.46349282631,2776,26,-553
-71.4385229696,-32.900797280902,2804,8,1011
-66.542704671146,-17.000616751978,2707,436,3685
-68.06984065415,-19.740478368544,2705,10,-484
-68.833408645652,-24.591380902792,2677,10,-457
-64.296916460846,-17.854016271892,2822,296,842
-67.575767247884,-26.52275876365,2702,4,-715
-70.31562886445,-37.75169981515,2695,121,590
-66.767283492176,-38.021194400386,2763,157,-192
-67.39610419106,-35.95506924691,2767,119,-319
-65.464726330202,-23.243907976612,2694,18,766
-71.483438733806,-32.271976582018,2831,10,480
-63.623179997756,-18.303173913952,2856,253,332
-63.668095761962,-38.42543627824,2770,240,-185
-64.746074102906,-18.078595092922,2858,50,-667
-70.09105004342,-30.78975636322,2562,432,1691
-66.407957378528,-17.135364044596,2694,333,3431
-67.755430304708,-23.693065618672,2653,47,-213
-64.47657951767,-20.279467539016,2786,59,715
-70.899533799128,-34.338101735494,2765,29,1457
-62.859612006254,-37.572036758326,2764,232,-120
-68.024924889944,-37.30254217309,2755,145,-218
-68.29441947518,-26.028685357384,2584,12,-383
-63.937590347198,-38.380520514034,2771,212,-210
-66.452873142734,-17.53960592245,2764,51,24
-66.003715500674,-36.62880571,2770,147,-303
-66.363041614322,-22.660003041934,2661,4,526
-71.573270262218,-34.427933263906,2778,7,994
-66.812199256382,-20.189636010604,2707,24,1204
-66.72236772797,-27.600737104594,2761,25,-575
-67.575767247884,-38.245773221416,2764,130,-300
-63.488432705138,-21.626940465196,2853,49,161
-68.653745588828,-25.893938064766,2580,41,-178
-65.554557858614,-27.376158283564,2803,136,873
-69.147818995094,-29.127873087598,2591,79,-192
-63.623179997756,-36.62880571,2771,205,51
-71.393607205394,-33.978775621846,2783,7,1059
-68.384251003592,-25.310033130088,2619,13,-440
-67.081693841618,-38.20085745721,2764,146,-176
-69.013071702476,-25.265117365882,2633,20,-388
-69.41731358033,-29.172788851804,2572,74,-50
-68.114756418356,-34.517764792318,2758,118,-289
-65.419810565996,-18.572668499188,2785,25,559
-67.261356898442,-32.900797280902,2789,21,-527
-67.575767247884,-29.577030729658,2718,51,-427
-63.174022355696,-18.797247320218,2885,129,93
-68.159672182562,-29.172788851804,2794,18,-615
-67.935093361532,-33.529617979786,2768,58,-388
-71.528354498012,-34.966922434378,2772,22,1893
-67.530851483678,-30.610093306396,2767,20,-414
-64.207084932434,-19.426068019102,2772,80,406
-70.630039213892,-24.95070701644,NA,NA,NA
-66.093547029086,-18.43792120657,2704,60,1266
-70.585123449686,-31.418577062104,2608,289,2203
-67.036778077412,-38.560183570858,2762,169,-175
-63.847758818786,-20.369299067428,2825,96,598
-66.72236772797,-31.104166712662,2784,32,-403
-66.946946549,-24.007475968114,2632,15,-47
-67.710514540502,-35.595743133262,2770,106,-350
-70.585123449686,-27.690568633006,2802,2,-463
-66.49778890694,-18.88707884863,2696,34,1232
-63.35368541252,-18.303173913952,2874,226,240
-66.363041614322,-21.851519286226,2694,6,793
-66.138462793292,-17.31502710142,2727,353,2513
-69.86647122239,-33.215207630344,2569,275,2314
-67.800346068914,-16.955700987772,2781,107,389
-62.275707071576,-38.694930863476,2784,311,62
-66.318125850116,-24.681212431204,2677,8,369
-67.575767247884,-34.068607150258,2769,74,-377
-69.327482051918,-32.227060817812,2682,102,-415
-67.126609605824,-25.759190772148,2627,15,-470
-70.719870742304,-33.574533743992,2762,17,893
-68.51899829621,-28.948210030774,2620,61,-480
-69.057987466682,-35.371164312232,2705,156,-218
-66.991862313206,-38.20085745721,2764,152,-174
-62.90452777046,-19.33623649069,2877,124,48
-65.509642094408,-36.269479596352,2770,135,-273
-66.946946549,-22.749834570346,2628,10,434
-66.542704671146,-28.229557803478,2787,11,-718
-66.812199256382,-19.965057189574,2710,25,1670
-68.429166767798,-34.787259377554,2745,118,-265
-67.800346068914,-21.671856229402,2657,13,-263
-69.956302750802,-24.50154937438,2803,0,-777
-66.228294321704,-19.830309896956,2695,13,250
-67.216441134236,-23.558318326054,2631,19,-530
-71.797849083248,-30.34059872116,NA,NA,NA
-65.868968208056,-25.444780422706,2732,30,518
-66.27321008591,-24.815959723822,2704,11,604
-63.084190827284,-39.09917274133,2770,239,-165
-66.318125850116,-28.364305096096,2813,15,-546
-67.935093361532,-38.784762391888,2761,142,-71
-68.833408645652,-34.068607150258,2720,148,-238
-67.530851483678,-17.135364044596,2711,124,922
-62.814696242048,-19.78539413275,2872,117,-82
-67.081693841618,-20.504046360046,2681,7,-533
-69.64189240136,-31.149082476868,2668,153,-222
-66.407957378528,-38.111025928798,2766,176,-199
-67.890177597326,-20.324383303222,2668,8,-674
-65.285063273378,-24.27697055335,2811,112,1384
-69.282566287712,-36.359311124764,2658,386,39
-62.635033185224,-38.784762391888,2777,279,-142
-62.949443534666,-38.290688985622,2769,266,-188
-69.1927347593,-29.711778022276,2654,102,-394
-70.719870742304,-34.293185971288,2746,47,1869
-63.308769648314,-19.426068019102,2818,127,1104
-70.046134279214,-32.092313525194,2531,216,1681
-69.013071702476,-31.01433518425,2696,62,-404
-65.509642094408,-27.87023168983,2803,87,215
-67.39610419106,-26.343095706826,2718,5,-704
-68.06984065415,-27.690568633006,2609,43,-335
-63.757927290374,-39.54833038339,2767,227,-163
-68.923240174064,-30.250767192748,2693,45,-624
-66.452873142734,-38.155941693004,2765,169,-216
-68.06984065415,-32.990628809314,2765,36,-411
-65.464726330202,-21.896435050432,2744,9,45
-65.644389387026,-24.456633610174,2633,139,3297
-66.452873142734,-17.135364044596,2706,339,3671
-66.093547029086,-22.48033998511,2673,4,838
-63.533348469344,-19.201489198072,2834,102,556
-68.114756418356,-37.167794880472,2753,143,-228
-66.632536199558,-18.527752734982,2685,46,1541
-67.710514540502,-21.177782823136,2665,11,-152
-69.013071702476,-34.427933263906,2692,196,-198
-69.372397816124,-35.999985011116,2646,257,-28
-65.644389387026,-27.19649522674,2809,220,2308
-71.21394414857,-30.56517754219,2797,6,129
-65.285063273378,-37.033047587854,2768,169,-286
-68.06984065415,-34.966922434378,2747,120,-315
-67.216441134236,-37.841531343562,2758,145,-200
-66.812199256382,-19.605731075926,2699,21,1028
-67.216441134236,-30.655009070602,2777,32,-466
-70.54020768548,-32.81096575249,2771,33,510
-65.59947362282,-20.773540945282,2755,9,-419
-66.587620435352,-28.858378502362,2804,23,-677
-64.835905631318,-21.80660352202,2788,30,147
-68.429166767798,-28.678715445538,2730,37,-500
-68.29441947518,-36.62880571,2742,126,-266
-67.261356898442,-30.969419420044,2792,29,-545
-66.812199256382,-29.801609550688,2793,27,-453
-65.82405244385,-27.87023168983,2769,85,143
-67.261356898442,-28.499052388714,2776,29,-593
-65.82405244385,-25.310033130088,2719,38,814
-72.067343668484,-34.293185971288,NA,NA,NA
-69.147818995094,-32.182145053606,2687,87,-363
-67.800346068914,-25.669359243736,2634,6,-521
-68.833408645652,-37.347457937296,2741,121,-164
-64.117253404022,-19.470983783308,2798,106,732
-68.653745588828,-23.558318326054,2747,4,-827
-66.27321008591,-26.612590292062,2726,11,-243
-63.713011526168,-36.718637238412,2771,207,-11
-66.003715500674,-27.555821340388,2759,91,184
-69.057987466682,-32.855881516696,2673,128,-312
-67.665598776296,-26.567674527856,2647,7,-702
-66.318125850116,-36.089816539528,2771,119,-341
-67.261356898442,-26.07360112159,2663,14,-458
-62.859612006254,-20.414214831634,2864,87,127
-69.462229344536,-27.106663698328,2666,63,-189
-67.62068301209,-33.888944093434,2769,68,-382
-70.225797336038,-33.48470221558,2689,109,1901
-67.530851483678,-17.404858629832,2712,67,217
-69.147818995094,-29.711778022276,2716,69,-586
-66.946946549,-37.257626408884,2762,140,-251
-62.67994894943,-20.144720246398,2872,97,-97
-66.093547029086,-21.716771993608,2693,7,1045
-65.285063273378,-20.00997295378,2726,24,205
-69.237650523506,-28.99312579498,2608,48,-233
-69.86647122239,-37.257626408884,2697,232,222
-67.081693841618,-17.898932036098,2719,56,394
-63.623179997756,-36.494058417382,2771,197,79
-70.046134279214,-23.60323409026,2792,2,-874
-64.47657951767,-20.998119766312,2740,51,733
-67.710514540502,-28.184642039272,2767,18,-507
-69.821555458184,-37.122879116266,2703,207,22
-69.86647122239,-34.293185971288,2564,241,3456
-69.41731358033,-35.73049042588,2677,227,-49
-66.452873142734,-18.797247320218,2692,30,1056
-64.431663753464,-36.85338453103,2768,190,-237
-66.677451963764,-28.09481051086,2792,12,-732
-67.755430304708,-19.695562604338,2677,17,695
-66.407957378528,-18.482836970776,2702,42,671
-65.644389387026,-28.858378502362,2743,65,-76
-68.204587946768,-32.945713045108,2766,37,-399
-68.608829824622,-37.97627863618,2753,145,-120
-70.180881571832,-26.163432650002,2785,0,-607
-71.169028384364,-33.03554457352,2781,14,975
-70.674954978098,-26.388011471032,NA,NA,NA
-70.809702270716,-36.943216059442,2683,210,2451
-70.001218515008,-36.583889945794,2610,277,1056
-69.462229344536,-31.553324354722,2750,83,-356
-66.587620435352,-19.201489198072,2687,37,2512
-63.174022355696,-18.931994612836,2880,122,233
-71.708017554836,-34.697427849142,2781,15,1681
-66.093547029086,-29.532114965452,2803,24,-482
-66.677451963764,-19.291320726484,2685,40,3090
-63.174022355696,-36.898300295236,2768,221,91
-69.731723929772,-27.825315925624,2696,94,101
-66.363041614322,-38.694930863476,2763,178,-181
-71.393607205394,-30.385514485366,2813,5,51
-67.575767247884,-30.969419420044,2772,24,-538
-70.046134279214,-33.529617979786,2577,219,3170
-62.23079130737,-20.279467539016,2879,92,-282
-65.15031598076,-23.243907976612,2704,93,2261
-70.585123449686,-27.87023168983,2805,2,-450
-67.62068301209,-35.28133278382,2772,90,-365
-67.17152537003,-22.25576116408,2596,18,1068
-66.318125850116,-35.999985011116,2771,117,-344
-62.859612006254,-20.369299067428,2864,88,123
-64.072337639816,-38.605099335064,2770,218,-165
-70.944449563334,-28.903294266568,2792,7,-350
-68.474082532004,-31.598240118928,2759,25,-492
-65.82405244385,-38.605099335064,2766,191,-204
-70.630039213892,-33.888944093434,2763,25,1255
-66.991862313206,-28.99312579498,2782,44,181
-66.767283492176,-38.560183570858,2764,155,-181
-62.769780477842,-39.009341212918,2772,259,-162
-67.081693841618,-18.348089678158,2713,43,1090
-66.363041614322,-23.288823740818,2668,2,-21
-65.37489480179,-21.941350814638,2742,18,973
-67.441019955266,-32.766049988284,2779,20,-507
-66.04863126488,-29.307536144422,2803,26,-467
-67.485935719472,-34.652512084936,2770,91,-365
-63.174022355696,-19.291320726484,2868,106,274
-65.464726330202,-18.931994612836,2757,36,777
-69.327482051918,-36.314395360558,2693,285,-21
-70.899533799128,-32.047397760988,2714,29,464
-69.013071702476,-31.059250948456,2697,66,-410
-64.521495281876,-39.189004269742,2763,206,-195
-66.183378557498,-19.021826141248,2692,22,671
-70.674954978098,-23.37865526923,NA,NA,NA
-65.868968208056,-18.43792120657,2746,47,814
-67.84526183312,-27.151579462534,2680,20,-619
-66.677451963764,-27.42107404777,2709,28,-401
-70.270713100244,-37.30254217309,2709,114,490
-64.656242574494,-20.369299067428,2769,48,249
-68.96815593827,-32.81096575249,2698,86,-441
-69.372397816124,-33.70928103661,2635,284,28
-71.079196855952,-27.6456528688,NA,NA,NA
-63.488432705138,-19.965057189574,2836,67,251
-62.635033185224,-38.290688985622,2769,290,-137
-66.857115020588,-22.076098107256,2642,12,1032
-71.4385229696,-34.3830174997,2778,8,1072
-69.821555458184,-36.044900775322,2635,219,423
-70.225797336038,-36.134732303734,2608,323,2983
-66.677451963764,-23.782897147084,2655,7,-374
-64.162169168228,-37.347457937296,2768,202,-196
-69.956302750802,-29.711778022276,2578,194,679
-63.398601176726,-20.773540945282,2831,76,510
-62.67994894943,-20.279467539016,2870,93,-42
-66.72236772797,-37.122879116266,2769,147,-265
-67.261356898442,-22.25576116408,2640,17,284
-63.937590347198,-37.437289465708,2765,219,-109
-66.49778890694,-19.426068019102,2671,28,2324
-62.994359298872,-18.527752734982,2896,190,-1
-65.240147509172,-20.998119766312,2762,21,-161
-66.677451963764,-27.555821340388,2761,23,-403
-66.27321008591,-25.265117365882,2741,43,555
-66.946946549,-25.265117365882,2664,10,-602
-66.812199256382,-21.35744587996,2687,10,399
-65.37489480179,-22.570171513522,2709,31,1356
-64.296916460846,-20.593877888458,2796,84,957
-67.84526183312,-37.482205229914,2757,126,-208
-70.09105004342,-34.922006670172,2624,237,3494
-68.74357711724,-26.927000641504,2587,62,-83
-66.857115020588,-18.258258149746,2701,66,1522
-68.384251003592,-23.648149854466,2739,3,-778
-66.857115020588,-20.23455177481,2703,21,969
-67.126609605824,-21.58202470099,2658,8,-64
-69.372397816124,-32.900797280902,2589,239,157
-69.956302750802,-35.191501255408,2667,233,883
-65.59947362282,-20.504046360046,2772,7,-610
-67.755430304708,-38.245773221416,2760,151,-145
-66.946946549,-36.763553002618,2771,138,-275
-66.407957378528,-29.172788851804,2802,30,-503
-67.081693841618,-32.316892346224,2781,22,-539
-62.90452777046,-38.919509684506,2771,253,-164
-63.757927290374,-20.953204002106,2842,59,487
-65.779136679644,-22.660003041934,2679,4,418
-65.779136679644,-35.910153482704,2769,120,-345
-67.441019955266,-23.962560203908,2596,23,-402
-62.769780477842,-39.233920033948,2772,247,-161
-69.86647122239,-27.42107404777,2776,24,-327
-69.462229344536,-33.26012339455,2622,194,105
-68.024924889944,-32.945713045108,2766,33,-421
-69.686808165566,-25.489696186912,2760,5,-632
-68.06984065415,-27.690568633006,2609,43,-335
-69.282566287712,-24.905791252234,2707,7,-497
-67.84526183312,-32.182145053606,2777,18,-525
-69.327482051918,-24.456633610174,2751,1,-664
-65.37489480179,-22.390508456698,2725,30,1568
-68.653745588828,-32.1372292894,2767,69,-392
-67.84526183312,-30.071104135924,2747,12,-644
-64.7011583387,-20.863372473694,2799,36,-291
-67.935093361532,-27.690568633006,2682,21,-489
-63.039275063078,-18.88707884863,2888,128,-25
-68.159672182562,-38.335604749828,2747,174,-145
-61.78163366531,-37.97627863618,2750,361,26
-69.057987466682,-24.995622780646,2653,7,-476
-69.776639693978,-28.903294266568,2558,188,987
-65.285063273378,-21.222698587342,2760,20,8
-67.800346068914,-37.257626408884,2758,140,-231
-68.114756418356,-27.286326755152,2623,29,-484
-63.308769648314,-21.402361644166,2864,37,96
-69.1927347593,-28.139726275066,2609,77,-16
-63.847758818786,-18.752331556012,2835,195,1086
-67.800346068914,-38.066110164592,2758,130,-125
-68.833408645652,-28.229557803478,2563,82,-149
-69.327482051918,-34.83217514176,2682,261,-109
-64.790989867112,-39.009341212918,2763,212,-200
-67.081693841618,-24.72612819541,2668,8,-650
-62.949443534666,-20.953204002106,2864,69,191
-71.528354498012,-34.83217514176,2770,19,1758
-62.590117421018,-18.123510857128,2897,341,8
-69.731723929772,-23.333739505024,2796,0,-838
-65.15031598076,-38.8745939203,2764,208,-184
-66.812199256382,-21.761687757814,2665,11,1195
-71.393607205394,-34.293185971288,2779,12,1417
-69.102903230888,-31.508408590516,2741,58,-434
-66.003715500674,-20.23455177481,2703,13,583
-67.62068301209,-29.756693786482,2719,28,-393
-67.126609605824,-24.27697055335,2670,10,-709
-62.545201656812,-37.347457937296,2764,214,-112
-69.147818995094,-36.538974181588,2706,240,-117
-66.183378557498,-21.447277408372,2680,6,1016
-66.27321008591,-24.05239173232,2679,3,-281
-68.608829824622,-33.70928103661,2737,92,-302
-65.464726330202,-19.965057189574,2735,20,-341
-66.857115020588,-28.858378502362,2793,30,-497
-68.878324409858,-30.160935664336,2710,39,-263
-65.82405244385,-25.310033130088,2719,38,814
-68.653745588828,-27.376158283564,2604,32,-274
-68.698661353034,-36.808468766824,2728,146,-194
-66.991862313206,-28.948210030774,2790,39,104
-66.812199256382,-31.328745533692,2790,20,-489
-65.59947362282,-39.09917274133,2764,192,-182
-69.282566287712,-30.56517754219,2693,142,-352
-69.237650523506,-34.203354442876,2696,265,-211
-67.306272662648,-30.56517754219,2772,27,-424
-70.98936532754,-32.58638693146,2771,18,902
-66.363041614322,-29.756693786482,2800,23,-489
-65.060484452348,-20.728625181076,2735,35,649
-62.410454364194,-19.246404962278,2890,171,-115
-70.09105004342,-33.125376101932,2541,263,2902
-67.980009125738,-27.106663698328,2579,42,97
-63.488432705138,-39.233920033948,2770,235,-160
-62.859612006254,-20.953204002106,2866,73,210
-65.15031598076,-37.257626408884,2767,186,-266
-62.769780477842,-36.988131823648,2772,221,28
-68.788492881446,-28.948210030774,2659,55,-525
-70.495291921274,-27.106663698328,2798,3,-495
-68.74357711724,-31.01433518425,2739,36,-367
-70.135965807626,-25.040538544852,2777,2,-798
-67.126609605824,-32.36180811043,2783,21,-559
-64.611326810288,-20.998119766312,2817,33,-360
-67.17152537003,-26.477842999444,2686,11,-588
-68.29441947518,-26.29817994262,2563,21,-315
-71.752933319042,-34.203354442876,2782,6,958
-71.708017554836,-30.34059872116,NA,NA,NA
-66.363041614322,-26.927000641504,2756,8,-743
-62.814696242048,-18.6625000276,2894,188,87
-66.27321008591,-36.314395360558,2771,127,-323
-66.902030784794,-25.489696186912,2669,10,-495
-66.812199256382,-36.673721474206,2772,144,-282
-66.902030784794,-18.303173913952,2691,69,2274
-69.282566287712,-29.397367672834,2610,58,-298
-67.710514540502,-37.437289465708,2758,136,-215
-65.329979037584,-38.515267806652,2767,207,-225
-66.452873142734,-23.737981382878,2667,3,-357
-64.566411046082,-19.78539413275,2734,71,896
-67.126609605824,-21.986266578844,2636,16,708
-66.228294321704,-26.253264178414,2666,20,1436
-68.608829824622,-31.01433518425,2759,25,-536
-69.41731358033,-24.636296666998,2745,1,-633
-67.39610419106,-26.253264178414,2711,6,-702
-71.842764847454,-34.697427849142,2783,14,1390
-70.899533799128,-30.160935664336,2772,49,299
-62.140959778958,-39.413583090772,NA,NA,NA
-66.632536199558,-17.494690158244,2757,69,-115
-65.060484452348,-21.402361644166,2731,32,729
-66.04863126488,-24.097307496526,2657,5,55
-69.596976637154,-33.080460337726,2522,206,984
-70.135965807626,-31.193998241074,2622,184,1243
-68.384251003592,-33.215207630344,2764,56,-354
-65.419810565996,-24.546465138586,2785,87,2293
-69.64189240136,-34.472849028112,2650,195,665
-63.80284305458,-38.066110164592,2768,243,-181
-70.630039213892,-24.905791252234,NA,NA,NA
-69.552060872948,-31.68807164734,2730,69,-371
-62.635033185224,-17.943847800304,2897,393,97
-67.351188426854,-23.1540764482,2595,28,-344
-71.4385229696,-34.15843867867,2783,8,921
-69.237650523506,-25.085454309058,2657,18,-452
-70.495291921274,-31.373661297898,2601,298,2497
-67.126609605824,-30.655009070602,2777,31,-504
-67.216441134236,-17.180279808802,2691,231,1475
-61.736717901104,-37.841531343562,2757,257,-40
-67.665598776296,-16.776037930948,2820,200,28
-67.441019955266,-25.62444347953,2623,12,-356
-68.474082532004,-36.673721474206,2735,134,-252
-67.036778077412,-18.572668499188,2720,35,1153
-69.282566287712,-27.6456528688,2577,157,177
-66.407957378528,-37.30254217309,2770,154,-269
-68.06984065415,-38.470352042446,2759,146,-175
-65.779136679644,-23.962560203908,2703,37,1264
-69.41731358033,-34.60759632073,2668,264,88
-68.024924889944,-29.082957323392,2773,33,-563
-67.126609605824,-18.43792120657,2710,35,904
-63.847758818786,-20.054888717986,2802,104,562
-69.64189240136,-30.385514485366,2587,428,582
-63.308769648314,-21.671856229402,2859,40,122
-66.857115020588,-21.80660352202,2661,12,1078
-66.183378557498,-25.759190772148,2703,41,555
-68.51899829621,-28.633799681332,2707,55,-335
-70.270713100244,-31.46349282631,2647,172,1254
-68.159672182562,-28.903294266568,2803,14,-751
-62.140959778958,-19.830309896956,2884,138,-397
-68.114756418356,-24.05239173232,2707,16,-345
-67.980009125738,-36.134732303734,2749,131,-282
-71.393607205394,-30.385514485366,2813,5,51
-67.081693841618,-30.834672127426,2788,29,-560
-66.228294321704,-20.548962124252,2712,10,402
-68.159672182562,-33.349954922962,2766,58,-375
-65.913883972262,-18.482836970776,2761,40,404
-70.09105004342,-31.373661297898,2548,215,1654
-70.585123449686,-28.184642039272,2820,3,-399
-68.608829824622,-25.130370073264,2612,18,-286
-68.249503710974,-24.72612819541,2636,14,-308
-70.450376157068,-33.305039158756,2740,50,940
-67.980009125738,-38.155941693004,2746,157,-160
-66.183378557498,-37.661868286738,2769,161,-259
-68.159672182562,-20.728625181076,2690,17,-310
-67.665598776296,-25.84902230056,2647,7,-466
-67.530851483678,-25.130370073264,2629,5,-569
-68.024924889944,-36.898300295236,2751,132,-254
-64.386747989258,-21.35744587996,2714,34,803
-67.17152537003,-32.945713045108,2791,23,-529
-66.946946549,-31.46349282631,2788,15,-544
-66.363041614322,-24.366802081762,2657,6,68
-64.970652923936,-23.423571033436,2749,106,2186
-63.488432705138,-21.80660352202,2850,52,465
-64.207084932434,-21.267614351548,2780,83,837
-68.474082532004,-32.541471167254,2770,35,-443
-64.072337639816,-38.290688985622,2767,239,-190
-70.854618034922,-28.364305096096,2802,2,-409
-69.1927347593,-32.002481996782,2636,130,-237
-70.899533799128,-26.927000641504,NA,NA,NA
-66.318125850116,-27.555821340388,2802,52,-325
-66.991862313206,-30.744840599014,2785,26,-586
-66.04863126488,-24.187139024938,2710,4,-226
-69.86647122239,-35.820321954292,2631,279,803
-63.039275063078,-39.54833038339,2770,226,-165
-71.348691441188,-29.487199201246,NA,NA,NA
-70.360544628656,-29.082957323392,2648,129,452
-69.956302750802,-33.529617979786,2526,282,3594
-67.485935719472,-29.801609550688,2675,27,-514
-67.126609605824,-19.470983783308,2676,26,1205
-67.351188426854,-37.437289465708,2757,150,-212
-69.372397816124,-32.406723874636,2684,93,-366
-70.360544628656,-33.799112565022,2646,88,2656
-66.407957378528,-21.537108936784,2682,7,1103
-69.596976637154,-28.499052388714,2546,134,739
-65.060484452348,-22.660003041934,2722,196,2587
-68.833408645652,-24.366802081762,2687,5,-534
-66.72236772797,-28.633799681332,2802,16,-912
-70.270713100244,-25.085454309058,2794,12,-662
-67.800346068914,-25.354948894294,2606,7,-441
-66.632536199558,-37.122879116266,2769,149,-269
-66.407957378528,-38.20085745721,2767,165,-210
-68.923240174064,-29.66686225807,2646,62,-42
-62.185875543164,-37.97627863618,2755,383,10
-67.665598776296,-16.596374874124,2769,402,1706
-67.081693841618,-21.80660352202,2640,13,582
-69.731723929772,-32.002481996782,2710,84,-232
-66.677451963764,-28.184642039272,2790,11,-744
-68.474082532004,-29.262620380216,2675,43,-473
-65.240147509172,-36.62880571,2771,143,-243
-66.452873142734,-30.295682956954,2792,32,-446
-69.64189240136,-37.437289465708,2702,177,8
-68.159672182562,-29.8914410791,2758,26,-693
-70.899533799128,-33.305039158756,2763,18,662
-69.956302750802,-28.678715445538,2626,213,655
-66.407957378528,-18.617584263394,2712,30,322
-66.183378557498,-36.17964806794,2771,121,-329
-65.868968208056,-27.331242519358,2802,205,2024
-63.937590347198,-19.740478368544,2817,107,350
-65.913883972262,-23.198992212406,2692,4,-227
-63.757927290374,-18.707415791806,2824,255,1671
-63.937590347198,-20.189636010604,2836,83,98
-62.724864713636,-20.23455177481,2869,93,31
-70.719870742304,-27.106663698328,2827,10,-506
-70.046134279214,-25.444780422706,2769,1,-707
-68.114756418356,-19.830309896956,2698,11,-491
-64.92573715973,-36.449142653176,2770,156,-260
-70.405460392862,-31.373661297898,2599,259,1886
-68.698661353034,-37.392373701502,2743,117,-251
-64.746074102906,-20.638793652664,2754,57,378
-64.656242574494,-37.482205229914,2765,186,-242
-65.868968208056,-25.579527715324,2743,25,122
-66.812199256382,-37.886447107768,2763,155,-213
-69.462229344536,-24.456633610174,2761,1,-810
-67.216441134236,-25.983769593178,2645,16,-430
-71.124112620158,-34.023691386052,2771,21,1726
-69.462229344536,-31.867734704164,2729,47,-583
-67.84526183312,-19.291320726484,2701,13,-3
-68.159672182562,-24.771043959616,2622,13,-437
-67.530851483678,-17.98876356451,2705,41,565
-69.147818995094,-30.34059872116,2706,120,-447
-69.86647122239,-31.68807164734,2572,207,900
-67.17152537003,-28.139726275066,2778,9,-568
-62.275707071576,-37.931362871974,2759,364,58
-67.800346068914,-35.73049042588,2765,123,-329
-67.306272662648,-24.007475968114,2577,26,-412
-65.868968208056,-39.144088505536,2764,195,-185
-66.27321008591,-27.42107404777,2738,62,368
-65.868968208056,-23.333739505024,2697,3,-246
-68.429166767798,-31.732987411546,2759,26,-549
-67.710514540502,-24.50154937438,2639,7,-554
-69.821555458184,-31.822818939958,2641,160,375
-69.776639693978,-30.56517754219,2581,337,831
-63.847758818786,-22.25576116408,2813,69,1365
-63.57826423355,-21.80660352202,2850,53,311
-68.96815593827,-33.170291866138,2746,132,-237
-69.462229344536,-26.163432650002,2711,19,-454
-65.195231744966,-38.111025928798,2763,197,-223
-69.821555458184,-28.09481051086,2637,102,423
-66.363041614322,-37.616952522532,2768,160,-260
-68.788492881446,-36.134732303734,2705,171,-214
-67.575767247884,-19.695562604338,2701,12,-141
-71.079196855952,-31.643155883134,2783,31,806
-68.878324409858,-32.36180811043,2735,78,-348
-70.944449563334,-35.460995840644,2684,198,5002
-65.060484452348,-22.884581862964,2777,116,1879
-64.521495281876,-19.695562604338,2784,73,780
-64.296916460846,-39.278835798154,2765,210,-185
-64.790989867112,-38.739846627682,2766,207,-184
-70.001218515008,-34.3830174997,2587,200,4002
-65.644389387026,-38.470352042446,2767,205,-223
-62.769780477842,-19.78539413275,2873,117,12
-70.270713100244,-28.049894746654,2772,10,-365
-68.96815593827,-30.250767192748,2678,53,-323
-67.530851483678,-29.532114965452,2780,55,-506
-64.25200069664,-18.617584263394,2850,67,-171
-68.833408645652,-32.58638693146,2752,76,-296
-65.779136679644,-17.449774394038,2769,384,2838
-70.585123449686,-31.23891400528,2626,208,2241
-64.02742187561,-36.40422688897,2771,173,-98
-69.821555458184,-31.508408590516,2595,203,632
-66.946946549,-38.829678156094,2759,172,-182
-65.554557858614,-27.735484397212,2800,98,408
-62.724864713636,-18.258258149746,2897,295,-15
-68.51899829621,-33.03554457352,2766,54,-367
-66.003715500674,-25.354948894294,2688,38,1373
-64.566411046082,-19.605731075926,2764,71,1064
-71.483438733806,-32.092313525194,2817,13,887
-69.057987466682,-29.172788851804,2646,52,-424
-69.013071702476,-30.205851428542,2722,43,-534
-71.079196855952,-29.127873087598,2801,10,-341
-71.708017554836,-33.978775621846,2796,4,772
-64.835905631318,-19.740478368544,2743,27,358
-69.86647122239,-35.550827369056,2663,219,384
-68.74357711724,-37.706784050944,2727,181,-180
-70.98936532754,-33.93385985764,2748,20,1490
-65.509642094408,-28.454136624508,2742,63,-10
-70.360544628656,-29.352451908628,2652,166,423
-68.698661353034,-36.089816539528,2701,160,-261
-67.530851483678,-18.572668499188,2693,31,787
-66.632536199558,-18.348089678158,2694,50,1335
-68.698661353034,-38.245773221416,2755,136,-110
-68.06984065415,-20.324383303222,2674,9,-711
-66.04863126488,-27.331242519358,2729,158,1827
-63.892674582992,-38.694930863476,2770,219,-153
-64.566411046082,-37.482205229914,2766,192,-221
-65.779136679644,-36.718637238412,2770,155,-297
-70.899533799128,-30.205851428542,2768,48,223
-68.024924889944,-30.834672127426,2765,13,-538
-65.240147509172,-37.616952522532,2765,183,-263
-70.854618034922,-27.960063218242,2806,2,-414
-66.04863126488,-18.707415791806,2699,52,1194
-66.812199256382,-28.364305096096,2798,10,-758
-67.935093361532,-36.269479596352,2749,126,-283
-70.54020768548,-23.648149854466,NA,NA,NA
-64.207084932434,-19.021826141248,2841,73,-148
-68.833408645652,-30.924503655838,2722,38,-509
-67.575767247884,-18.88707884863,2688,27,1031
-68.384251003592,-30.520261777984,2754,24,-521
-71.169028384364,-30.879587891632,2781,8,98
-69.552060872948,-33.754196800816,2494,361,1167
-67.126609605824,-24.905791252234,2653,9,-545
-69.102903230888,-35.28133278382,2699,159,-175
-67.17152537003,-19.33623649069,2685,21,526
-65.913883972262,-21.896435050432,2692,7,782
-70.854618034922,-29.038041559186,2798,18,-380
-64.566411046082,-18.123510857128,2864,55,-634
-67.216441134236,-24.72612819541,2673,9,-552
-66.542704671146,-21.13286705893,2694,11,745
-63.12910659149,-21.312530115754,2863,50,390
-67.39610419106,-34.83217514176,2770,93,-364
-64.566411046082,-19.605731075926,2764,71,1064
-65.734220915438,-28.99312579498,2804,54,-505
-67.62068301209,-26.792253348886,2649,12,-608
-65.913883972262,-26.74733758468,2732,61,1619
-66.27321008591,-17.270111337214,2721,263,2066
-66.677451963764,-37.392373701502,2767,151,-252
-67.530851483678,-22.25576116408,2596,25,177
-68.474082532004,-24.05239173232,2679,10,-499
-66.632536199558,-36.718637238412,2772,152,-280
-67.351188426854,-31.23891400528,2743,33,-502
-62.769780477842,-19.875225661162,2872,111,-108
-67.935093361532,-16.955700987772,2695,97,850
-67.980009125738,-34.293185971288,2761,106,-327
-66.452873142734,-28.004978982448,2795,21,-651
-64.431663753464,-36.314395360558,2771,161,-208
-67.980009125738,-26.837169113092,2581,26,-369
-67.710514540502,-37.931362871974,2757,136,-137
-64.072337639816,-38.560183570858,2770,217,-190
-70.98936532754,-27.286326755152,NA,NA,NA
-65.060484452348,-36.449142653176,2769,156,-258
-69.41731358033,-26.837169113092,2653,61,-259
-66.542704671146,-24.05239173232,2645,8,268
-65.105400216554,-23.513402561848,2753,94,1474
-66.767283492176,-37.706784050944,2765,148,-235
-68.024924889944,-35.95506924691,2750,145,-290
-67.17152537003,-24.995622780646,2650,8,-586
-66.991862313206,-19.965057189574,2700,21,822
-63.982506111404,-37.167794880472,2768,219,-99
-70.270713100244,-32.81096575249,2619,139,1793
-66.407957378528,-29.397367672834,2801,28,-470
-65.59947362282,-25.085454309058,2791,44,574
-69.64189240136,-31.598240118928,2692,108,-297
-67.665598776296,-16.776037930948,2820,200,28
-63.982506111404,-22.345592692492,2811,67,1448
-67.800346068914,-30.924503655838,2786,12,-657
-69.327482051918,-28.229557803478,2605,93,140
-67.890177597326,-18.976910377042,2682,18,292
-68.474082532004,-30.834672127426,2738,26,-503
-68.698661353034,-36.62880571,2730,165,-210
-67.935093361532,-16.326880288888,2729,610,3548
-67.530851483678,-19.381152254896,2690,16,151
-69.237650523506,-31.01433518425,2653,146,-205
-62.185875543164,-19.650646840132,2886,153,-395
-71.124112620158,-29.936356843306,2819,8,20
-68.878324409858,-37.30254217309,2733,137,-157
-66.138462793292,-36.583889945794,2771,144,-304
-70.001218515008,-31.418577062104,2515,188,1327
-63.12910659149,-38.694930863476,2773,256,-161
-67.980009125738,-36.449142653176,2749,134,-276
-71.21394414857,-30.78975636322,2783,6,234
-70.54020768548,-27.016832169916,2797,6,-597
-70.854618034922,-32.900797280902,2771,14,370
-67.441019955266,-31.373661297898,2777,27,-458
-67.441019955266,-26.343095706826,2715,4,-726
-66.812199256382,-36.089816539528,2773,124,-316
-70.135965807626,-23.872728675496,2807,4,-795
-67.216441134236,-29.307536144422,2759,67,-68
-64.92573715973,-20.504046360046,2728,50,664
-65.734220915438,-24.72612819541,2723,43,878
-62.140959778958,-19.78539413275,2885,141,-421
-68.429166767798,-32.406723874636,2769,29,-451
-68.249503710974,-27.780400161418,2622,43,-386
-69.372397816124,-35.640658897468,2686,210,-51
-63.12910659149,-18.033679328716,2895,327,-14
-64.746074102906,-23.513402561848,2767,125,2541
-69.1927347593,-35.011838198584,2705,149,-184
-67.17152537003,-27.510905576182,2732,21,156
-71.483438733806,-31.643155883134,2814,24,809
-65.419810565996,-24.27697055335,2795,141,2247
-65.15031598076,-21.896435050432,2732,53,1420
-66.812199256382,-35.910153482704,2773,120,-323
-67.39610419106,-36.089816539528,2766,124,-311
-71.079196855952,-28.364305096096,2812,4,-355
-67.980009125738,-20.863372473694,2700,10,-603
-66.542704671146,-22.615087277728,2645,7,1214
-66.812199256382,-22.165929635668,2655,9,495
-66.767283492176,-26.163432650002,2634,13,-248
-68.204587946768,-24.05239173232,2714,12,-413
-66.857115020588,-18.168426621334,2701,77,1556
-67.036778077412,-26.432927235238,2587,11,-453
-68.339335239386,-23.37865526923,2754,4,-777
-63.57826423355,-18.258258149746,2861,265,366
-64.117253404022,-17.809100507686,2823,316,644
-61.826549429516,-39.233920033948,NA,NA,NA
-70.674954978098,-26.29817994262,NA,NA,NA
-61.961296722134,-37.75169981515,2754,246,-47
-66.49778890694,-28.09481051086,2791,16,-684
-70.360544628656,-29.577030729658,2571,360,1313
-63.039275063078,-19.920141425368,2863,103,33
-67.306272662648,-32.631302695666,2788,18,-604
-64.386747989258,-36.763553002618,2771,174,-210
-65.554557858614,-37.482205229914,2770,169,-267
-69.507145108742,-24.456633610174,2760,1,-780
-65.060484452348,-36.718637238412,2768,169,-261
-70.001218515008,-27.6456528688,2777,20,-338
-66.363041614322,-19.515899547514,2674,23,1532
-69.731723929772,-25.040538544852,2767,2,-795
-66.27321008591,-36.269479596352,2771,126,-327
-68.429166767798,-28.948210030774,2691,33,-803
-67.62068301209,-33.26012339455,2771,39,-428
-63.039275063078,-20.638793652664,2850,100,483
-70.854618034922,-30.475346013778,2761,83,370
-67.261356898442,-35.416080076438,2773,98,-358
-64.835905631318,-38.829678156094,2767,194,-209
-63.488432705138,-37.30254217309,2769,228,-8
-70.899533799128,-29.127873087598,2794,19,-419
-68.563914060416,-26.028685357384,2557,44,-167
-62.320622835782,-38.380520514034,2769,310,-142
-68.114756418356,-27.555821340388,2625,39,-528
-69.86647122239,-32.900797280902,2567,209,1647
-68.563914060416,-26.657506056268,2569,52,-127
-71.303775676982,-32.047397760988,2791,12,783
-63.757927290374,-18.617584263394,2819,278,1438
-64.521495281876,-23.019329155582,2816,103,1503
-66.27321008591,-19.830309896956,2692,14,385
-69.41731358033,-29.936356843306,2636,194,-85
-66.363041614322,-38.8745939203,2762,175,-188
-66.003715500674,-20.23455177481,2703,13,583
-65.554557858614,-38.829678156094,2766,193,-197
-69.237650523506,-28.049894746654,2571,125,273
-68.159672182562,-38.560183570858,2760,151,-158
-69.507145108742,-26.657506056268,2688,39,-308
-63.12910659149,-20.953204002106,2857,73,585
-68.429166767798,-32.36180811043,2768,29,-432
-68.788492881446,-33.125376101932,2755,101,-292
-70.225797336038,-23.1540764482,2832,5,-753
-68.06984065415,-20.863372473694,2682,16,-156
-65.37489480179,-35.999985011116,2771,125,-313
-66.857115020588,-31.059250948456,2790,28,-540
-64.296916460846,-18.168426621334,2823,96,200
-64.611326810288,-20.818456709488,2749,49,322
-70.674954978098,-34.3830174997,2708,68,2929
-65.105400216554,-21.537108936784,2714,46,1390
-71.393607205394,-34.517764792318,2775,9,1096
-66.991862313206,-37.75169981515,2759,150,-217
-65.509642094408,-25.534611951118,2810,30,-88
-69.731723929772,-36.808468766824,2719,173,31
-70.76478650651,-28.633799681332,2809,4,-316
-70.31562886445,-24.456633610174,2828,1,-666
-65.509642094408,-20.638793652664,2771,8,-516
-67.755430304708,-21.80660352202,2637,17,-43
-62.275707071576,-39.278835798154,2792,280,-136
-67.081693841618,-18.078595092922,2716,51,591
-62.769780477842,-20.324383303222,2867,91,8
-70.180881571832,-23.198992212406,2818,3,-742
-68.024924889944,-31.643155883134,2745,35,-370
-67.980009125738,-28.09481051086,2677,17,-581
-66.003715500674,-23.423571033436,2688,3,-210
-66.318125850116,-28.633799681332,2777,38,-47
-67.306272662648,-22.300676928286,2657,12,-388
-68.833408645652,-33.170291866138,2750,104,-273
-65.82405244385,-24.456633610174,2740,36,1707
-67.575767247884,-37.52712099412,2760,121,-265
-67.665598776296,-37.167794880472,2759,133,-246
-64.656242574494,-22.615087277728,2816,116,1766
-68.29441947518,-38.245773221416,2744,168,-154
-69.237650523506,-38.335604749828,2740,127,-85
-66.767283492176,-20.189636010604,2700,25,1331
-67.351188426854,-16.910785223566,2674,396,2498
-65.195231744966,-37.616952522532,2765,185,-259
-69.507145108742,-31.328745533692,2737,121,-449
-65.779136679644,-17.53960592245,2773,236,1910
-68.833408645652,-23.468486797642,2766,4,-663
-67.530851483678,-32.227060817812,2780,17,-507
-66.183378557498,-36.224563832146,2771,123,-329
-68.204587946768,-20.638793652664,2698,14,-582
-65.509642094408,-19.740478368544,2729,27,60
-66.946946549,-21.896435050432,2645,16,1346
-64.790989867112,-36.494058417382,2772,151,-255
-64.386747989258,-22.165929635668,2798,58,1520
-65.15031598076,-37.706784050944,2766,180,-252
-72.022427904278,-34.922006670172,2789,19,1527
-65.868968208056,-20.504046360046,2715,13,618
-69.64189240136,-37.167794880472,2729,152,-71
-69.596976637154,-34.427933263906,2580,334,1371
-65.59947362282,-28.588883917126,2740,67,-66
-69.1927347593,-29.127873087598,2572,76,-143
-66.767283492176,-38.335604749828,2763,176,-156
-67.036778077412,-19.381152254896,2692,20,581
-69.013071702476,-28.139726275066,2575,88,79
-67.216441134236,-19.965057189574,2685,12,-221
-65.554557858614,-24.456633610174,2717,133,3468
-69.102903230888,-36.494058417382,2694,277,-82
-68.114756418356,-24.366802081762,2634,24,-314
-67.216441134236,-19.650646840132,2687,21,312
-69.147818995094,-31.23891400528,2727,43,-455
-68.74357711724,-30.744840599014,2739,37,-459
-69.41731358033,-29.352451908628,2630,49,-195
-67.485935719472,-31.23891400528,2764,39,-308
-63.623179997756,-19.650646840132,2838,77,286
-69.731723929772,-28.723631209744,2558,187,903
-68.923240174064,-33.349954922962,2743,133,-214
-70.630039213892,-29.801609550688,2652,188,242
-67.036778077412,-21.35744587996,2666,7,90
-69.237650523506,-23.423571033436,2769,1,-781
-62.500285892606,-18.752331556012,2895,217,-29
-65.779136679644,-25.130370073264,2725,51,1242
-70.09105004342,-35.28133278382,2630,303,2879
-64.431663753464,-36.988131823648,2771,181,-200
-68.563914060416,-24.007475968114,2719,4,-559
-65.644389387026,-20.324383303222,2748,8,-686
-67.665598776296,-34.877090905966,2769,99,-354
-68.833408645652,-32.990628809314,2761,88,-325
-67.306272662648,-25.444780422706,2634,8,-396
-68.563914060416,-27.510905576182,2567,52,-196
-64.521495281876,-20.279467539016,2770,52,535
-67.800346068914,-23.962560203908,2678,22,-521
-64.92573715973,-17.898932036098,2800,126,629
-70.09105004342,-24.636296666998,2797,1,-795
-68.249503710974,-32.766049988284,2771,30,-408
-70.270713100244,-27.42107404777,2816,2,-405
-66.767283492176,-20.054888717986,2703,26,1727
-68.51899829621,-31.508408590516,2757,26,-392
-66.27321008591,-23.513402561848,2656,3,88
-65.734220915438,-26.118516885796,2712,58,639
-67.306272662648,-30.205851428542,2770,22,-460
-69.507145108742,-26.702421820474,2664,41,-355
-69.776639693978,-34.83217514176,2626,350,1319
-67.081693841618,-27.690568633006,2811,14,-511
-65.958799736468,-26.343095706826,2799,20,-310
-68.608829824622,-36.044900775322,2699,178,-283
-68.06984065415,-31.418577062104,2726,34,-561
-70.001218515008,-26.882084877298,2763,5,-465
-63.308769648314,-36.763553002618,2769,214,92
-71.124112620158,-34.338101735494,2771,19,1158
-62.051128250546,-39.278835798154,NA,NA,NA
-70.450376157068,-27.376158283564,2796,1,-539
-68.339335239386,-28.633799681332,2743,31,-559
-67.84526183312,-26.028685357384,2617,6,-570
-63.12910659149,-38.20085745721,2768,264,-181
-65.554557858614,-36.134732303734,2770,126,-327
-64.746074102906,-18.393005442364,2797,42,-10
-71.124112620158,-32.58638693146,2776,17,947
-66.632536199558,-37.392373701502,2767,150,-270
-69.64189240136,-27.106663698328,2707,35,-304
-67.261356898442,-31.732987411546,2775,15,-597
-66.228294321704,-22.165929635668,2651,7,1522
-69.237650523506,-29.082957323392,2599,51,-250
-68.429166767798,-30.071104135924,2754,31,-504
-67.39610419106,-31.777903175752,2777,15,-560
-70.719870742304,-36.898300295236,2691,194,2007
-68.114756418356,-35.191501255408,2759,121,-313
-66.991862313206,-27.331242519358,2776,21,-442
-63.533348469344,-36.763553002618,2770,215,73
-67.530851483678,-35.550827369056,2774,97,-320
-66.857115020588,-25.759190772148,2616,12,59
-66.04863126488,-36.988131823648,2769,158,-287
-66.452873142734,-17.359942865626,2749,103,1029
-65.689305151232,-20.414214831634,2757,8,-407
-69.596976637154,-29.21770461601,2553,100,374
-68.204587946768,-28.139726275066,2662,35,-408
-67.126609605824,-23.243907976612,2642,15,-558
-62.994359298872,-21.402361644166,2860,61,494
-64.970652923936,-38.111025928798,2762,191,-235
-69.776639693978,-27.780400161418,2670,102,124
-70.899533799128,-32.631302695666,2744,18,481
-63.174022355696,-37.437289465708,2767,225,-44
-65.734220915438,-18.527752734982,2754,35,422
-67.935093361532,-38.694930863476,2764,135,-147
-67.485935719472,-30.744840599014,2780,22,-373
-62.4553701284,-18.078595092922,2897,353,123
-71.169028384364,-34.3830174997,2773,16,1194
-65.689305151232,-26.208348414208,2681,70,826
-66.857115020588,-36.718637238412,2772,142,-279
-67.39610419106,-22.615087277728,2632,15,-515
-66.542704671146,-21.716771993608,2654,11,1629
-64.611326810288,-18.617584263394,2837,23,-1016
-61.916380957928,-39.233920033948,NA,NA,NA
-67.39610419106,-24.771043959616,2663,9,-495
-67.84526183312,-38.470352042446,2758,152,-155
-66.452873142734,-22.300676928286,2681,4,279
-68.608829824622,-33.844028329228,2738,102,-307
-66.04863126488,-27.016832169916,2704,100,2289
-70.719870742304,-32.406723874636,2756,37,461
-69.596976637154,-29.801609550688,2540,225,482
-71.4385229696,-33.349954922962,2791,7,1122
-70.001218515008,-25.085454309058,2770,1,-970
-65.958799736468,-36.044900775322,2769,118,-337
-67.62068301209,-36.359311124764,2759,136,-297
-65.240147509172,-24.411717845968,2807,65,661
-67.441019955266,-18.6625000276,2699,27,580
-64.7011583387,-17.854016271892,2796,201,1126
-67.261356898442,-29.801609550688,2792,29,-572
-64.25200069664,-22.48033998511,2817,52,958
-64.521495281876,-37.796615579356,2767,186,-242
-67.710514540502,-35.371164312232,2772,98,-352
-67.216441134236,-23.198992212406,2635,21,-495
-66.003715500674,-25.714275007942,2775,15,-764
-70.630039213892,-27.960063218242,2805,1,-418
-65.644389387026,-18.797247320218,2742,38,932
-66.902030784794,-28.54396815292,2787,15,-736
-66.72236772797,-36.673721474206,2773,149,-283
-66.04863126488,-28.903294266568,2802,35,-489
-66.812199256382,-20.099804482192,2710,24,1409
-65.779136679644,-26.792253348886,2680,129,2709
-67.036778077412,-36.763553002618,2771,135,-275
-62.859612006254,-21.177782823136,2868,64,93
-67.036778077412,-37.392373701502,2760,126,-383
-65.59947362282,-36.17964806794,2772,123,-299
-69.057987466682,-27.555821340388,2577,95,130
-67.17152537003,-21.537108936784,2654,7,-113
-65.779136679644,-28.31938933189,2787,61,-306
-62.90452777046,-20.369299067428,2862,88,85
-65.240147509172,-36.85338453103,2767,173,-280
-66.228294321704,-37.796615579356,2769,167,-240
-67.485935719472,-18.348089678158,2695,37,653
-66.587620435352,-30.34059872116,2793,26,-578
-65.958799736468,-36.538974181588,2770,146,-298
-62.994359298872,-38.20085745721,2767,263,-187
-70.76478650651,-32.092313525194,2738,40,266
-69.686808165566,-29.846525314894,2575,169,252
-66.587620435352,-38.066110164592,2764,166,-206
-69.462229344536,-37.931362871974,2724,142,-65
-69.552060872948,-24.995622780646,2733,3,-736
-67.441019955266,-25.130370073264,2688,4,-501
-62.769780477842,-39.413583090772,2772,236,-158
-66.902030784794,-38.829678156094,2760,174,-176
-70.495291921274,-27.915147454036,2805,2,-347
-62.814696242048,-37.07796335206,2771,211,-76
-70.719870742304,-33.754196800816,2764,18,999
-67.216441134236,-18.393005442364,2704,36,697
-70.405460392862,-31.643155883134,2578,305,2337
-67.890177597326,-29.621946493864,2770,19,-482
-71.169028384364,-29.172788851804,2803,15,-392
-65.329979037584,-37.347457937296,2769,168,-283
-66.991862313206,-18.797247320218,2743,25,887
-69.731723929772,-27.286326755152,2657,51,-160
-67.710514540502,-19.470983783308,2709,14,120
-68.339335239386,-23.288823740818,2755,4,-766
-67.890177597326,-20.638793652664,2691,10,-618
-69.237650523506,-32.36180811043,2683,120,-352
-64.25200069664,-22.345592692492,2792,67,1725
-70.809702270716,-29.21770461601,2798,29,-258
-66.677451963764,-28.229557803478,2790,10,-677
-68.114756418356,-30.250767192748,2766,21,-550
-69.372397816124,-28.184642039272,2576,98,246
-67.710514540502,-37.616952522532,2756,141,-189
-62.724864713636,-18.393005442364,2896,257,95
-66.767283492176,-21.986266578844,2665,11,891
-70.854618034922,-28.99312579498,2800,17,-288
-68.159672182562,-35.371164312232,2764,133,-324
-68.249503710974,-26.343095706826,2555,22,-303
-66.677451963764,-29.577030729658,2797,28,-474
-67.351188426854,-25.579527715324,2639,9,-540
-70.495291921274,-36.538974181588,2645,327,3461
-63.174022355696,-38.380520514034,2771,273,-169
-65.734220915438,-28.409220860302,2809,48,-640
-61.961296722134,-39.638161911802,NA,NA,NA
-63.847758818786,-19.740478368544,2828,105,426
-70.31562886445,-30.655009070602,2601,485,2005
-65.644389387026,-23.60323409026,2688,31,607
-65.509642094408,-26.97191640571,2807,217,2477
-65.195231744966,-36.134732303734,2771,133,-295
-67.485935719472,-23.333739505024,2601,30,-375
-71.618186026424,-30.655009070602,2807,3,-86
-65.554557858614,-38.784762391888,2768,185,-197
-69.731723929772,-29.262620380216,2569,129,513
-69.1927347593,-35.371164312232,2694,178,-132
-69.41731358033,-26.702421820474,2611,62,-215
-69.956302750802,-23.648149854466,2801,1,-713
-65.82405244385,-28.54396815292,2814,40,-644
-68.51899829621,-37.616952522532,2750,142,-168
-71.169028384364,-32.227060817812,2779,17,686
-66.812199256382,-24.95070701644,2670,9,-177
-67.485935719472,-21.896435050432,2629,16,177
-63.533348469344,-21.267614351548,2842,59,499
-68.878324409858,-26.612590292062,2569,68,-62
-69.686808165566,-31.643155883134,2678,119,-177
-67.351188426854,-35.640658897468,2773,102,-333
-64.880821395524,-37.07796335206,2769,178,-235
-66.228294321704,-28.184642039272,2820,28,-366
-70.046134279214,-35.95506924691,2661,133,517
-68.698661353034,-23.60323409026,2717,4,-694
-70.854618034922,-32.58638693146,2764,22,489
-68.204587946768,-29.621946493864,2765,19,-595
-64.207084932434,-37.661868286738,2766,207,-208
-66.138462793292,-25.265117365882,2756,34,330
-61.512139080074,-38.470352042446,2771,332,-69
-67.800346068914,-17.494690158244,2701,52,398
-67.62068301209,-17.359942865626,2710,66,208
-63.084190827284,-38.380520514034,2771,277,-174
-64.072337639816,-38.20085745721,2769,203,-195
-66.04863126488,-27.510905576182,2764,94,266
-70.944449563334,-30.295682956954,2795,37,216
-68.024924889944,-25.804106536354,2597,6,-484
-64.117253404022,-18.303173913952,2811,105,30
-64.746074102906,-37.97627863618,2767,173,-248
-70.31562886445,-31.732987411546,2611,250,1820
-67.216441134236,-38.066110164592,2759,152,-168
-62.67994894943,-37.392373701502,2764,222,-98
-71.079196855952,-30.520261777984,2800,22,393
-62.365538599988,-18.842163084424,2895,220,-86
-67.216441134236,-28.184642039272,2774,12,-537
-69.013071702476,-30.879587891632,2704,56,-400
-67.665598776296,-32.496555403048,2778,19,-500
-67.890177597326,-35.236417019614,2768,108,-342
-65.554557858614,-25.893938064766,2740,60,636
-63.398601176726,-38.021194400386,2769,238,-193
-66.991862313206,-24.321886317556,2696,9,-562
-68.653745588828,-23.60323409026,2733,4,-674
-69.327482051918,-36.359311124764,2671,372,92
-65.59947362282,-28.633799681332,2748,65,-68
-71.034281091746,-31.104166712662,2781,26,434
-70.674954978098,-28.723631209744,2804,12,-189
-64.207084932434,-20.863372473694,2820,63,161
-67.84526183312,-25.3998646585,2609,7,-401
-68.833408645652,-27.106663698328,2540,90,121
-68.29441947518,-26.118516885796,2571,16,-378
-63.488432705138,-18.527752734982,2850,232,856
-65.15031598076,-24.05239173232,2773,124,1659
-67.62068301209,-24.860875488028,2648,5,-535
-65.689305151232,-24.232054789144,2635,139,3014
-68.339335239386,-27.241410990946,2573,41,-303
-65.689305151232,-37.75169981515,2767,186,-240
-61.55705484428,-38.470352042446,2770,343,-61
-63.713011526168,-18.752331556012,2830,248,1543
-64.611326810288,-20.638793652664,2733,61,520
-67.890177597326,-29.532114965452,2774,24,-527
-68.788492881446,-24.097307496526,2696,2,-580
-65.644389387026,-21.626940465196,2731,7,326
-70.180881571832,-34.203354442876,2573,192,4508
-64.656242574494,-20.998119766312,2774,39,291
-65.868968208056,-24.995622780646,2683,43,1078
-65.015568688142,-37.706784050944,2765,181,-270
-70.001218515008,-32.58638693146,2531,304,2369
-66.587620435352,-23.243907976612,2666,4,-285
-63.892674582992,-37.796615579356,2769,204,-162
-64.656242574494,-37.347457937296,2767,178,-237
-67.306272662648,-24.95070701644,2668,7,-508
-65.913883972262,-25.040538544852,2667,49,1508
-66.49778890694,-38.111025928798,2765,171,-203
-66.49778890694,-22.794750334552,2652,5,796
-67.84526183312,-29.487199201246,2779,30,-474
-69.596976637154,-24.321886317556,2784,0,-802
-67.036778077412,-26.208348414208,2643,10,-541
-69.776639693978,-25.17528583747,2764,3,-747
-66.946946549,-21.35744587996,2674,8,103
-70.135965807626,-34.068607150258,2615,184,4112
-71.528354498012,-29.172788851804,NA,NA,NA
-71.258859912776,-29.8914410791,2828,8,-74
-65.419810565996,-22.884581862964,2712,19,983
-65.913883972262,-25.534611951118,2733,24,181
-70.360544628656,-26.07360112159,2787,2,-589
-64.341832225052,-17.854016271892,2786,296,1006
-65.958799736468,-35.820321954292,2769,116,-337
-71.169028384364,-33.349954922962,2766,15,1225
-68.249503710974,-27.780400161418,2622,43,-386
-64.566411046082,-37.931362871974,2765,200,-250
-67.261356898442,-30.924503655838,2792,31,-530
-68.788492881446,-25.669359243736,2585,38,-157
-68.384251003592,-25.983769593178,2601,15,-305
-70.046134279214,-23.648149854466,2794,2,-666
-70.225797336038,-23.693065618672,2819,11,-638
-68.563914060416,-36.538974181588,2731,160,-267
-70.225797336038,-32.451639638842,2581,369,2827
-68.204587946768,-35.011838198584,2747,117,-278
-68.74357711724,-32.81096575249,2767,75,-349
-66.49778890694,-19.291320726484,2677,27,1772
-68.923240174064,-32.271976582018,2729,70,-395
-65.37489480179,-20.279467539016,2765,19,271
-68.96815593827,-38.066110164592,2761,120,-147
-65.329979037584,-25.040538544852,2772,25,204
-63.713011526168,-21.58202470099,2831,67,692
-71.752933319042,-34.023691386052,2792,5,979
-70.180881571832,-25.714275007942,2793,0,-597
-67.530851483678,-23.109160683994,2600,38,-382
-65.329979037584,-37.07796335206,2769,158,-290
-66.318125850116,-26.74733758468,2743,9,-535
-69.372397816124,-33.26012339455,2666,175,-87
-69.731723929772,-36.583889945794,2706,175,-19
-67.890177597326,-16.237048760476,2822,614,2671
-66.093547029086,-24.771043959616,2693,25,1131
-69.237650523506,-27.106663698328,2555,95,61
-68.563914060416,-23.468486797642,2761,4,-821
-67.261356898442,-25.804106536354,2657,12,-490
-66.812199256382,-28.99312579498,2745,48,65
-66.228294321704,-26.028685357384,2690,26,942
-69.507145108742,-35.011838198584,2705,221,-45
-67.485935719472,-17.09044828039,2712,183,1734
-65.734220915438,-23.1540764482,2650,7,1093
-63.623179997756,-19.965057189574,2828,63,52
-65.285063273378,-23.288823740818,2730,65,1797
-63.174022355696,-18.6625000276,2886,155,255
-63.084190827284,-19.470983783308,2866,114,60
-67.755430304708,-19.920141425368,2697,11,-490
-67.216441134236,-21.896435050432,2634,17,642
-67.755430304708,-19.470983783308,2711,14,58
-65.060484452348,-20.68370941687,2737,39,968
-68.96815593827,-35.05675396279,2705,140,-219
-68.429166767798,-31.104166712662,2766,21,-672
-66.902030784794,-20.414214831634,2700,11,-50
-68.024924889944,-25.265117365882,2618,11,-389
-66.812199256382,-37.212710644678,2766,140,-264
-67.62068301209,-24.995622780646,2657,4,-513
-68.923240174064,-37.661868286738,2714,185,-152
-69.282566287712,-38.470352042446,2737,125,-66
-64.611326810288,-22.121013871462,2730,55,2100
-68.06984065415,-20.45913059584,2687,11,-696
-70.76478650651,-30.250767192748,2714,103,322
-66.228294321704,-29.44228343704,2798,26,-452
-65.913883972262,-24.905791252234,2682,42,1186
-69.147818995094,-26.837169113092,2580,66,-137
-67.84526183312,-32.81096575249,2770,25,-450
-70.360544628656,-35.640658897468,2590,301,4461
-62.590117421018,-18.572668499188,2895,236,49
-62.410454364194,-37.97627863618,2763,257,-149
-65.779136679644,-22.839666098758,2688,5,273
-70.001218515008,-31.283829769486,2578,168,1059
-67.62068301209,-36.538974181588,2760,141,-279
-68.339335239386,-25.489696186912,2577,19,-391
-68.114756418356,-20.504046360046,2693,11,-718
-68.74357711724,-34.113522914464,2720,131,-252
-67.980009125738,-17.045532516184,2694,75,613
-67.710514540502,-33.26012339455,2768,38,-422
-67.755430304708,-30.430430249572,2709,21,-496
-69.956302750802,-37.75169981515,2683,122,161
-69.102903230888,-35.460995840644,2704,162,-180
-65.958799736468,-23.1540764482,2688,3,-285
-67.485935719472,-18.482836970776,2694,33,838
-67.17152537003,-23.693065618672,2623,20,-521
-70.674954978098,-37.392373701502,2699,120,980
-65.868968208056,-18.572668499188,2738,41,844
-65.329979037584,-21.087951294724,2735,24,527
-64.880821395524,-20.45913059584,2731,55,831
-64.431663753464,-37.661868286738,2766,184,-254
-71.124112620158,-31.418577062104,2785,28,540
-70.585123449686,-32.1372292894,2676,110,1267
-70.585123449686,-29.21770461601,2717,71,-97
-67.62068301209,-24.411717845968,2630,8,-544
-70.854618034922,-31.957566232576,2754,29,309
-69.596976637154,-24.72612819541,2754,1,-738
-70.225797336038,-36.583889945794,2614,334,1785
-66.49778890694,-22.390508456698,2680,4,303
-65.958799736468,-18.123510857128,2744,46,961
-69.507145108742,-23.648149854466,2766,1,-803
-62.185875543164,-37.706784050944,2753,286,-33
-70.135965807626,-26.927000641504,2784,2,-488
-69.821555458184,-26.792253348886,2761,11,-505
-68.249503710974,-30.78975636322,2760,16,-554
-66.812199256382,-30.385514485366,2790,19,-514
-67.890177597326,-35.101669726996,2763,102,-339
-64.162169168228,-19.605731075926,2776,105,781
-64.880821395524,-36.763553002618,2768,176,-259
-67.575767247884,-29.846525314894,2703,22,-435
-70.495291921274,-36.494058417382,2652,254,2834
-66.452873142734,-24.860875488028,2643,15,690
-64.117253404022,-21.043035530518,2824,85,467
-70.270713100244,-31.777903175752,2628,190,1352
-69.372397816124,-27.600737104594,2606,155,215
-67.980009125738,-32.451639638842,2776,21,-449
-64.880821395524,-18.976910377042,2774,24,175
-70.180881571832,-36.269479596352,2649,252,1923
-70.674954978098,-35.595743133262,2672,191,3751
-66.902030784794,-31.104166712662,2792,25,-576
-66.677451963764,-31.059250948456,2760,34,-284
-67.62068301209,-38.021194400386,2758,142,-147
-62.4553701284,-39.458498854978,2774,247,-132
-67.62068301209,-21.312530115754,2650,13,50
-65.105400216554,-21.671856229402,2703,56,1564
-66.452873142734,-20.324383303222,2704,12,39
-66.407957378528,-27.42107404777,2694,40,211
-64.162169168228,-37.30254217309,2768,197,-221
-69.1927347593,-33.888944093434,2717,231,-220
-68.563914060416,-30.205851428542,2700,47,-416
-63.757927290374,-18.752331556012,2850,208,1191
-67.575767247884,-38.245773221416,2764,130,-300
-70.360544628656,-24.187139024938,2834,7,-616
-68.474082532004,-32.631302695666,2769,37,-434
-64.566411046082,-20.818456709488,2737,63,800
-65.285063273378,-24.05239173232,2794,158,1671
-69.372397816124,-36.898300295236,2717,153,-176
-70.54020768548,-23.872728675496,NA,NA,NA
-65.37489480179,-23.288823740818,2739,25,860
-69.821555458184,-26.253264178414,2789,1,-506
-64.611326810288,-39.278835798154,2763,209,-187
-71.21394414857,-28.678715445538,2806,3,-404
-69.1927347593,-25.669359243736,2670,40,-346
-69.86647122239,-34.248270207082,2581,241,3328
-71.21394414857,-35.146585491202,2774,54,2761
-67.081693841618,-30.610093306396,2776,27,-513
-70.225797336038,-27.780400161418,2789,5,-398
-65.59947362282,-21.177782823136,2721,11,395
-62.365538599988,-19.875225661162,2880,128,-150
-63.218938119902,-17.943847800304,2892,356,39
-62.949443534666,-39.638161911802,2771,224,-169
-65.419810565996,-23.288823740818,2712,23,908
-66.003715500674,-37.437289465708,2767,165,-272
-65.15031598076,-20.189636010604,2756,25,628
-67.710514540502,-19.381152254896,2705,13,3
-65.689305151232,-22.660003041934,2692,5,143
-67.261356898442,-16.776037930948,2741,411,1888
-67.306272662648,-25.085454309058,2653,6,-545
-63.623179997756,-38.784762391888,2768,244,-166
-69.1927347593,-29.082957323392,2578,65,-210
-65.779136679644,-18.033679328716,2813,28,-393
-71.169028384364,-29.307536144422,2817,17,-103
-68.96815593827,-36.85338453103,2722,180,-151
-64.341832225052,-18.393005442364,2771,61,75
-64.970652923936,-21.35744587996,2728,24,405
-69.372397816124,-25.220201601676,2714,14,-627
-70.360544628656,-31.732987411546,2583,314,2343
-71.618186026424,-32.766049988284,NA,NA,NA
-67.306272662648,-16.776037930948,2723,436,2109
-69.686808165566,-32.047397760988,2656,145,121
-71.169028384364,-28.09481051086,NA,NA,NA
-62.90452777046,-38.111025928798,2767,254,-172
-69.596976637154,-33.03554457352,2532,216,1045
-69.686808165566,-31.643155883134,2678,119,-177
-66.991862313206,-28.678715445538,2746,19,-440
-68.249503710974,-23.333739505024,2754,4,-764
-66.677451963764,-20.728625181076,2703,7,-249
-69.372397816124,-30.026188371718,2668,229,94
-70.585123449686,-23.109160683994,NA,NA,NA
-66.946946549,-26.29817994262,2642,8,-603
-69.956302750802,-25.220201601676,2777,2,-623
-66.632536199558,-25.714275007942,2625,23,1134
-68.384251003592,-27.690568633006,2593,36,-417
-67.935093361532,-20.144720246398,2671,8,-736
-63.398601176726,-38.20085745721,2769,262,-178
-68.204587946768,-36.538974181588,2743,134,-281
-71.573270262218,-30.610093306396,2804,2,-85
-69.013071702476,-26.882084877298,2593,66,-157
-68.06984065415,-33.080460337726,2764,40,-413
-64.92573715973,-21.222698587342,2725,24,140
-70.54020768548,-27.151579462534,2800,3,-404
-70.899533799128,-32.047397760988,2714,29,464
-70.674954978098,-37.347457937296,2708,109,827
-69.686808165566,-36.763553002618,2714,198,86
-67.216441134236,-25.220201601676,2666,5,-527
-69.057987466682,-37.122879116266,2724,185,-116
-69.776639693978,-34.60759632073,2604,291,1723
-69.237650523506,-38.111025928798,2739,139,-117
-70.360544628656,-27.780400161418,2776,3,-364
-71.169028384364,-32.945713045108,2770,19,1529
-70.495291921274,-37.437289465708,2645,164,1292
-70.001218515008,-28.76854697395,2655,186,627
-67.351188426854,-21.80660352202,2650,10,-198
-67.800346068914,-35.011838198584,2765,98,-348
-63.847758818786,-36.494058417382,2771,187,-101
-66.991862313206,-17.854016271892,2717,82,847
-66.902030784794,-29.756693786482,2789,29,-449
-63.174022355696,-38.066110164592,2768,245,-169
-64.611326810288,-19.426068019102,2779,54,847
-67.17152537003,-21.716771993608,2653,10,143
-64.47657951767,-22.300676928286,2811,53,1406
-64.746074102906,-18.88707884863,2802,30,-327
-66.991862313206,-25.579527715324,2641,11,-505
-65.509642094408,-27.825315925624,2803,88,233
-69.776639693978,-35.011838198584,2654,303,532
-64.296916460846,-20.638793652664,2809,82,921
-70.09105004342,-34.248270207082,2603,204,4245
-65.689305151232,-23.468486797642,2695,15,801
-67.351188426854,-31.328745533692,2768,30,-427
-69.282566287712,-32.36180811043,2677,124,-287
-67.216441134236,-23.60323409026,2628,19,-506
-66.812199256382,-25.714275007942,2635,12,177
-67.530851483678,-16.371796053094,2838,419,1172
-69.41731358033,-28.633799681332,2588,79,135
-72.022427904278,-34.697427849142,2799,14,1205
-67.485935719472,-33.888944093434,2771,69,-383
-67.351188426854,-35.775406190086,2771,105,-320
-69.282566287712,-31.508408590516,2683,138,-55
-63.039275063078,-20.099804482192,2859,95,90
-64.790989867112,-20.773540945282,2751,51,362
-67.441019955266,-19.066741905454,2690,21,515
-67.036778077412,-21.043035530518,2669,8,-73
-65.644389387026,-25.17528583747,2771,45,652
-70.225797336038,-34.248270207082,2632,126,3094
-63.713011526168,-19.740478368544,2815,95,637
-68.96815593827,-33.125376101932,2747,122,-266
-68.339335239386,-26.612590292062,2514,45,-179
-65.689305151232,-22.92949762717,2680,8,1143
-66.003715500674,-27.016832169916,2687,116,2207
-69.327482051918,-23.648149854466,2744,1,-798
-71.708017554836,-33.844028329228,2801,6,1099
-65.734220915438,-35.865237718498,2769,124,-336
-63.218938119902,-21.35744587996,2866,40,178
-67.261356898442,-22.390508456698,2647,14,-56
-70.76478650651,-30.610093306396,2713,100,456
-70.046134279214,-37.706784050944,2712,88,198
-68.563914060416,-35.236417019614,2721,127,-246
-69.372397816124,-38.111025928798,2720,145,-162
-70.495291921274,-32.316892346224,2664,128,1120
-66.138462793292,-23.513402561848,2684,2,-568
-71.034281091746,-34.787259377554,2775,43,2540
-67.575767247884,-37.661868286738,2757,142,-189
-63.713011526168,-22.076098107256,2824,71,962
-66.902030784794,-31.104166712662,2792,25,-576
-71.4385229696,-31.957566232576,2799,14,982
-69.327482051918,-31.867734704164,2712,104,-287
-69.596976637154,-29.532114965452,2594,73,77
-71.618186026424,-31.732987411546,NA,NA,NA
-63.982506111404,-38.515267806652,2770,219,-170
-65.509642094408,-25.534611951118,2810,30,-88
-66.318125850116,-25.265117365882,2721,42,524
-65.689305151232,-37.886447107768,2768,198,-217
-65.689305151232,-19.33623649069,2711,32,401
-65.285063273378,-37.033047587854,2768,169,-286
-65.060484452348,-38.155941693004,2762,193,-233
-65.060484452348,-23.37865526923,2725,95,2185
-66.27321008591,-18.348089678158,2706,45,446
-65.509642094408,-22.884581862964,2705,11,327
-68.249503710974,-24.007475968114,2702,9,-500
-65.59947362282,-38.470352042446,2767,212,-211
-67.081693841618,-20.099804482192,2696,11,-181
-71.573270262218,-32.945713045108,NA,NA,NA
-64.92573715973,-18.033679328716,2838,54,-611
-62.90452777046,-18.123510857128,2898,312,-57
-63.80284305458,-22.210845399874,2810,71,1329
-63.35368541252,-18.078595092922,2881,293,255
-64.341832225052,-22.25576116408,2790,62,1848
-67.485935719472,-17.449774394038,2711,69,375
-68.024924889944,-35.595743133262,2767,144,-328
-66.363041614322,-38.829678156094,2763,169,-193
-64.611326810288,-19.515899547514,2757,64,1205
-69.821555458184,-36.538974181588,2682,202,174
-64.92573715973,-20.144720246398,2729,49,1000
-71.752933319042,-34.472849028112,2777,9,1300
-69.911386986596,-35.101669726996,2626,375,1759
-69.64189240136,-36.314395360558,2718,149,-62
-70.854618034922,-28.31938933189,2806,2,-396
-69.41731358033,-25.040538544852,2724,8,-657
-70.225797336038,-23.468486797642,2822,8,-586
-66.27321008591,-17.404858629832,2786,79,182
-63.488432705138,-37.616952522532,2767,225,-74
-67.351188426854,-25.62444347953,2591,11,-380
-68.96815593827,-35.326248548026,2706,149,-204
-65.913883972262,-38.964425448712,2764,183,-196
-69.147818995094,-34.3830174997,2693,234,-215
-65.689305151232,-21.087951294724,2716,11,655
-70.899533799128,-32.36180811043,2753,31,836
-68.29441947518,-36.85338453103,2739,144,-251
-65.82405244385,-20.189636010604,2724,12,126
-65.734220915438,-27.106663698328,2766,237,2829
-69.147818995094,-29.487199201246,2675,65,-429
-66.946946549,-19.56081531172,2688,20,646
-68.74357711724,-32.182145053606,2768,80,-326
-71.842764847454,-33.754196800816,NA,NA,NA
-69.686808165566,-36.718637238412,2715,186,-1
-67.530851483678,-25.714275007942,2627,12,-474
-67.665598776296,-23.37865526923,2613,38,-140
-66.228294321704,-25.938853828972,2696,27,451
-63.084190827284,-18.707415791806,2890,149,99
-69.64189240136,-31.643155883134,2691,105,-287
-64.072337639816,-37.931362871974,2766,220,-199
-65.868968208056,-19.11165766966,2714,21,-126
-69.462229344536,-25.579527715324,2729,16,-557
-67.530851483678,-26.253264178414,2690,4,-717
-70.046134279214,-37.07796335206,2634,331,811
-68.788492881446,-29.352451908628,2721,32,-550
-70.225797336038,-30.11601990013,2562,406,1847
-70.944449563334,-33.978775621846,2729,20,1421
-70.180881571832,-32.227060817812,2599,240,1841
-66.812199256382,-38.42543627824,2765,154,-164
-67.485935719472,-24.321886317556,2621,10,-596
-68.653745588828,-27.465989811976,2603,33,-302
-63.892674582992,-39.278835798154,2766,227,-184
-66.228294321704,-18.572668499188,2715,33,462
-68.563914060416,-23.648149854466,2740,3,-834
-63.847758818786,-18.527752734982,2805,231,906
-69.86647122239,-23.198992212406,2803,0,-807
-70.54020768548,-28.364305096096,2800,13,-255
-63.757927290374,-21.447277408372,2836,60,329
-67.84526183312,-28.99312579498,2589,124,684
-71.258859912776,-34.023691386052,2772,18,1783
-66.183378557498,-27.42107404777,2690,68,277
-67.890177597326,-30.610093306396,2769,19,-489
-67.351188426854,-24.27697055335,2643,13,-560
-62.994359298872,-19.066741905454,2883,122,57
-69.282566287712,-23.288823740818,2792,1,-853
-63.80284305458,-17.809100507686,2883,294,226
-63.12910659149,-20.953204002106,2857,73,585
-62.769780477842,-18.303173913952,2896,277,70
-70.674954978098,-26.837169113092,2838,18,-436
-67.575767247884,-30.34059872116,2757,19,-381
-64.566411046082,-18.482836970776,2802,41,-60
-65.509642094408,-25.354948894294,2809,35,5
-69.552060872948,-33.619449508198,2566,369,908
-63.218938119902,-37.07796335206,2769,227,53
-68.204587946768,-33.619449508198,2766,83,-356
-65.195231744966,-36.089816539528,2771,132,-260
-68.96815593827,-32.496555403048,2711,74,-321
-65.734220915438,-38.605099335064,2766,189,-213
-69.911386986596,-33.125376101932,2560,256,2512
-68.474082532004,-24.995622780646,2598,16,-336
-61.646886372692,-38.739846627682,2777,313,-120
-66.003715500674,-36.40422688897,2771,132,-309
-64.92573715973,-22.839666098758,2801,170,2291
-67.216441134236,-29.172788851804,2697,78,344
-71.393607205394,-28.813462738156,2835,7,-477
-66.857115020588,-17.000616751978,2714,348,2410
-64.970652923936,-21.35744587996,2728,24,405
-71.528354498012,-33.125376101932,2806,7,1014
-66.452873142734,-26.163432650002,2647,16,778
-64.790989867112,-37.122879116266,2769,178,-259
-65.329979037584,-20.953204002106,2730,23,419
-67.980009125738,-28.454136624508,2748,21,-490
-69.147818995094,-32.58638693146,2628,158,-294
-69.776639693978,-26.837169113092,2734,16,-426
-61.691802136898,-38.515267806652,2773,335,-104
-64.072337639816,-38.470352042446,2769,237,-189
-68.204587946768,-25.354948894294,2588,16,-296
-69.013071702476,-30.834672127426,2690,59,-383
-67.710514540502,-21.177782823136,2665,11,-152
-67.575767247884,-38.066110164592,2759,139,-149
-68.249503710974,-35.236417019614,2752,134,-278
-68.024924889944,-32.631302695666,2773,24,-442
-69.596976637154,-27.061747934122,2677,44,-120
-69.507145108742,-33.844028329228,2591,297,603
-67.665598776296,-23.693065618672,2618,48,-112
-69.821555458184,-30.295682956954,2487,316,1177
-65.779136679644,-38.739846627682,2765,185,-209
-67.081693841618,-19.021826141248,2740,23,757
-66.27321008591,-27.465989811976,2751,64,221
-70.405460392862,-29.127873087598,2727,91,-113
-67.485935719472,-28.409220860302,2792,38,-636
-68.96815593827,-36.494058417382,2716,208,-184
-63.218938119902,-20.189636010604,2830,101,470
-66.04863126488,-35.820321954292,2770,116,-341
-66.318125850116,-18.572668499188,2705,38,837
-63.533348469344,-21.312530115754,2848,63,574
-69.507145108742,-25.62444347953,2739,14,-561
-66.318125850116,-37.482205229914,2769,156,-266
-70.450376157068,-30.655009070602,2621,440,1830
-68.788492881446,-28.858378502362,2665,59,-547
-62.769780477842,-19.291320726484,2884,131,-143
-65.509642094408,-37.482205229914,2769,167,-268
-63.892674582992,-18.88707884863,2841,131,431
-66.452873142734,-25.17528583747,2719,29,437
-64.296916460846,-22.076098107256,2813,51,870
-63.12910659149,-39.503414619184,2768,239,-161
-69.86647122239,-30.834672127426,2655,186,140
-67.485935719472,-33.799112565022,2771,64,-393
-66.138462793292,-27.061747934122,2737,54,954
-69.821555458184,-37.661868286738,2717,118,162
-70.180881571832,-33.080460337726,2572,262,3513
-63.443516940932,-18.88707884863,2862,151,851
-61.646886372692,-38.694930863476,2776,323,-120
-69.41731358033,-25.579527715324,2715,18,-593
-71.21394414857,-30.924503655838,2784,6,137
-70.719870742304,-30.430430249572,2743,113,257
-66.228294321704,-25.085454309058,2749,24,574
-66.946946549,-38.111025928798,2763,170,-165
-67.530851483678,-34.877090905966,2769,97,-361
-67.39610419106,-33.754196800816,2774,62,-406
-68.024924889944,-16.461627581506,2683,329,2166
-68.74357711724,-32.271976582018,2773,78,-356
-66.902030784794,-37.482205229914,2761,128,-255
-64.117253404022,-21.087951294724,2810,92,609
-62.90452777046,-37.347457937296,2767,231,-24
-67.935093361532,-17.270111337214,2713,63,340
-69.911386986596,-26.253264178414,2796,1,-499
-65.734220915438,-20.638793652664,2732,11,488
-66.27321008591,-21.851519286226,2685,6,1235
-66.27321008591,-35.73049042588,2771,115,-348
-68.96815593827,-33.664365272404,2735,153,-167
-69.596976637154,-27.241410990946,2705,43,-238
-69.686808165566,-35.416080076438,2689,314,287
-65.958799736468,-20.144720246398,2722,11,114
-66.857115020588,-37.796615579356,2763,156,-219
-65.15031598076,-23.1540764482,2707,106,2774
-68.563914060416,-29.936356843306,2719,45,-379
-67.62068301209,-37.572036758326,2760,128,-317
-67.39610419106,-20.054888717986,2675,8,-595
-66.138462793292,-18.482836970776,2714,41,409
-68.833408645652,-38.155941693004,2760,124,-108
-68.563914060416,-25.938853828972,2575,33,-294
-62.096044014752,-19.965057189574,2884,125,-431
-67.84526183312,-37.437289465708,2757,135,-207
-67.441019955266,-24.456633610174,2666,7,-591
-66.72236772797,-21.402361644166,2686,12,959
-70.270713100244,-36.718637238412,2620,391,2251
-66.72236772797,-20.189636010604,2686,23,1397
-62.90452777046,-20.728625181076,2864,82,168
-70.719870742304,-29.936356843306,2763,107,257
-67.441019955266,-26.792253348886,2668,7,-660
-63.668095761962,-36.538974181588,2771,198,39
-64.746074102906,-21.986266578844,2757,38,832
-68.024924889944,-29.577030729658,2773,20,-592
-69.776639693978,-30.699924834808,2602,238,383
-69.237650523506,-30.295682956954,2698,154,-267
-70.809702270716,-27.960063218242,2805,1,-447
-67.39610419106,-18.21334238554,2698,41,458
-67.665598776296,-24.187139024938,2665,12,-560
-64.7011583387,-22.345592692492,2775,108,2332
-63.084190827284,-17.854016271892,2895,414,245
-67.081693841618,-18.168426621334,2714,46,665
-68.608829824622,-31.328745533692,2739,26,-453
-70.54020768548,-33.394870687168,2763,33,1006
-67.306272662648,-38.694930863476,2757,157,-165
-70.495291921274,-29.801609550688,2747,167,119
-67.710514540502,-35.326248548026,2773,95,-357
-64.92573715973,-18.572668499188,2835,19,-561
-66.407957378528,-24.50154937438,2638,11,551
-71.079196855952,-32.451639638842,2797,20,796
-68.429166767798,-29.532114965452,2759,24,-523
-66.318125850116,-23.019329155582,2640,4,482
-64.431663753464,-18.033679328716,2845,90,-361
-66.27321008591,-19.021826141248,2671,33,1367
-65.464726330202,-24.681212431204,2784,75,2176
-68.159672182562,-29.172788851804,2794,18,-615
-64.656242574494,-38.605099335064,2766,229,-213
-67.575767247884,-30.385514485366,2762,19,-450
-67.306272662648,-37.886447107768,2757,141,-198
-63.892674582992,-21.222698587342,2842,71,203
-69.507145108742,-31.553324354722,2737,87,-363
-69.41731358033,-38.20085745721,2713,149,-69
-64.431663753464,-38.8745939203,2767,210,-184
-65.868968208056,-22.570171513522,2661,4,834
-69.776639693978,-37.52712099412,2681,165,132
-66.318125850116,-29.711778022276,2800,24,-509
-70.854618034922,-30.834672127426,2730,40,484
-66.587620435352,-35.999985011116,2772,119,-328
-68.474082532004,-30.34059872116,2736,40,-523
-65.689305151232,-19.381152254896,2705,31,282
-66.138462793292,-27.960063218242,2767,66,236
-65.419810565996,-24.321886317556,2798,131,2276
-69.731723929772,-32.496555403048,2532,255,1368
-70.270713100244,-35.910153482704,2648,206,1972
-69.013071702476,-35.460995840644,2711,153,-197
-62.90452777046,-19.11165766966,2885,125,75
-67.530851483678,-27.061747934122,2645,15,-352
-66.542704671146,-16.86586945936,2704,540,3778
-65.554557858614,-21.13286705893,2718,13,194
-63.57826423355,-20.324383303222,2809,99,970
-66.228294321704,-24.456633610174,2632,7,411
-70.98936532754,-34.966922434378,2765,73,2972
-66.452873142734,-25.938853828972,2688,19,1043
-66.542704671146,-28.049894746654,2791,17,-651
-66.04863126488,-19.470983783308,2682,15,621
-66.632536199558,-29.8914410791,2798,23,-518
-67.216441134236,-17.629437450862,2714,69,289
-63.084190827284,-20.279467539016,2852,93,100
-70.585123449686,-36.62880571,2676,217,2420
-68.339335239386,-35.865237718498,2734,152,-287
-68.878324409858,-25.983769593178,2583,57,-237
-67.216441134236,-24.815959723822,2657,9,-595
-68.429166767798,-29.352451908628,2674,42,-440
-68.29441947518,-28.813462738156,2755,18,-548
-66.04863126488,-25.893938064766,2740,23,-46
-67.710514540502,-18.527752734982,2693,32,1011
-62.67994894943,-39.054256977124,2774,266,-157
-68.698661353034,-32.990628809314,2768,76,-328
-63.263853884108,-38.560183570858,2773,245,-167
-69.731723929772,-32.855881516696,2619,145,661
-67.261356898442,-38.155941693004,2761,135,-134
-67.710514540502,-37.706784050944,2756,129,-202
-64.835905631318,-37.841531343562,2766,180,-255
-68.878324409858,-23.513402561848,2762,2,-712
-65.060484452348,-20.45913059584,2761,28,214
-67.216441134236,-36.718637238412,2768,150,-256
-68.51899829621,-26.612590292062,2593,39,-222
-68.698661353034,-30.34059872116,2749,31,-410
-68.249503710974,-29.621946493864,2765,20,-616
-67.575767247884,-25.669359243736,2659,9,-552
-67.575767247884,-36.673721474206,2762,137,-276
-69.41731358033,-28.499052388714,2601,71,105
-68.878324409858,-32.900797280902,2759,80,-302
-70.405460392862,-23.198992212406,2845,6,-800
-70.585123449686,-30.34059872116,2688,172,479
-68.788492881446,-29.352451908628,2721,32,-550
-67.216441134236,-17.404858629832,2692,147,975
-68.74357711724,-26.792253348886,2560,65,-86
-66.452873142734,-17.09044828039,2710,369,3612
-70.270713100244,-28.409220860302,2755,76,-115
-64.02742187561,-20.593877888458,2809,90,823
-68.788492881446,-31.328745533692,2730,40,-436
-65.82405244385,-25.534611951118,2741,28,149
-71.483438733806,-31.777903175752,2813,18,751
-68.204587946768,-37.257626408884,2748,145,-233
-65.734220915438,-21.267614351548,2717,8,62
-65.958799736468,-27.735484397212,2714,86,401
-67.800346068914,-21.177782823136,2644,15,187
-67.216441134236,-22.974413391376,2635,19,-475
-69.507145108742,-30.56517754219,2627,386,523
-70.180881571832,-36.583889945794,2630,323,1623
-64.92573715973,-22.92949762717,2758,175,2777
-71.618186026424,-31.193998241074,2831,18,395
-68.024924889944,-20.099804482192,2675,9,-776
-68.429166767798,-35.28133278382,2728,140,-270
-67.755430304708,-28.723631209744,2752,40,-625
-69.1927347593,-30.026188371718,2720,99,-506
-65.82405244385,-20.9082882379,2719,10,477
-70.854618034922,-29.936356843306,2769,73,174
-68.96815593827,-34.472849028112,2690,183,-223
-66.946946549,-25.759190772148,2627,10,-372
-66.946946549,-18.572668499188,2724,42,1471
-66.093547029086,-28.54396815292,2683,40,-110
-66.138462793292,-17.809100507686,2777,29,-237
-62.90452777046,-39.638161911802,2771,226,-167
-62.590117421018,-18.258258149746,2897,307,20
-67.306272662648,-36.134732303734,2769,131,-296
-64.521495281876,-20.638793652664,2722,72,994
-66.49778890694,-18.21334238554,2719,41,347
-67.755430304708,-23.693065618672,2653,47,-213
-66.946946549,-37.347457937296,2761,131,-233
-70.450376157068,-32.81096575249,2722,58,1034
-70.809702270716,-29.397367672834,2795,39,-50
-70.809702270716,-29.66686225807,2763,68,-78
-67.84526183312,-18.572668499188,2692,27,699
-67.755430304708,-28.903294266568,2696,82,-225
-70.450376157068,-32.81096575249,2722,58,1034
-69.41731358033,-33.70928103661,2569,408,418
-65.82405244385,-21.671856229402,2733,5,50
-62.635033185224,-38.111025928798,2767,262,-163
-67.216441134236,-31.46349282631,2783,16,-654
-68.114756418356,-30.610093306396,2760,14,-519
-67.485935719472,-31.23891400528,2764,39,-308
-68.653745588828,-26.97191640571,2538,66,-95
-65.59947362282,-36.17964806794,2772,123,-299
-70.001218515008,-36.85338453103,2655,251,423
-71.124112620158,-33.619449508198,2761,11,944
-64.296916460846,-19.650646840132,2783,66,85
-71.708017554836,-34.562680556524,2778,10,1371
-70.809702270716,-37.212710644678,2701,162,1655
-68.51899829621,-34.427933263906,2743,129,-265
-66.003715500674,-27.690568633006,2741,81,217
-67.935093361532,-25.669359243736,2579,10,-396
-68.788492881446,-26.657506056268,2596,55,-155
-68.29441947518,-27.465989811976,2566,43,-366
-71.752933319042,-34.517764792318,2770,10,1288
-63.443516940932,-21.716771993608,2852,47,321
-70.405460392862,-26.927000641504,2790,2,-442
-67.890177597326,-31.867734704164,2771,29,-484
-70.270713100244,-28.678715445538,2677,129,212
-68.249503710974,-38.515267806652,2759,144,-159
-69.102903230888,-29.801609550688,2704,80,-506
-67.665598776296,-27.376158283564,2749,9,-735
-64.566411046082,-21.761687757814,2772,20,635
-70.180881571832,-35.685574661674,2689,108,733
-69.731723929772,-34.3830174997,2652,190,1302
-65.689305151232,-36.988131823648,2767,173,-283
-71.21394414857,-30.744840599014,2785,7,242
-65.240147509172,-19.33623649069,2773,17,-647
-68.923240174064,-23.648149854466,2744,1,-573
-69.1927347593,-31.328745533692,2674,89,-504
-69.41731358033,-35.820321954292,2663,239,-74
-65.868968208056,-22.974413391376,2691,5,220
-63.623179997756,-39.503414619184,2766,238,-163
-64.296916460846,-37.122879116266,2767,201,-230
-66.677451963764,-25.714275007942,2634,18,766
-71.932596375866,-34.023691386052,2819,7,1021
-62.724864713636,-20.593877888458,2868,83,117
-70.630039213892,-24.771043959616,NA,NA,NA
-62.994359298872,-38.290688985622,2769,258,-197
-66.363041614322,-24.905791252234,2635,21,1281
-70.360544628656,-26.702421820474,2801,1,-406
-66.857115020588,-19.875225661162,2705,21,1065
-63.57826423355,-18.707415791806,2855,188,732
-62.814696242048,-39.54833038339,2771,231,-164
-69.686808165566,-38.155941693004,2725,142,185
-66.093547029086,-36.538974181588,2771,137,-307
-66.632536199558,-37.841531343562,2766,161,-221
-70.135965807626,-35.73049042588,2689,107,523
-65.958799736468,-37.033047587854,2768,169,-276
-62.590117421018,-18.6625000276,2895,220,-8
-65.554557858614,-28.09481051086,2796,88,237
-65.734220915438,-37.212710644678,2770,173,-274
-67.306272662648,-24.995622780646,2677,6,-532
-69.282566287712,-30.430430249572,2699,158,-201
-62.724864713636,-17.943847800304,2898,395,102
-69.057987466682,-31.418577062104,2723,57,-335
-71.573270262218,-34.966922434378,2772,23,1919
-67.485935719472,-26.07360112159,2689,4,-681
-70.225797336038,-25.354948894294,2777,6,-533
-68.204587946768,-34.427933263906,2757,130,-292
-69.013071702476,-31.149082476868,2698,59,-389
-67.980009125738,-29.621946493864,2770,19,-597
-69.507145108742,-30.34059872116,2642,344,573
-70.360544628656,-29.262620380216,2722,125,192
-70.54020768548,-29.577030729658,2657,196,405
-67.755430304708,-27.19649522674,2731,13,-666
-69.507145108742,-24.995622780646,2734,4,-702
-69.596976637154,-30.610093306396,2606,431,380
-69.64189240136,-29.577030729658,2563,107,356
-69.731723929772,-37.661868286738,2696,146,55
-62.635033185224,-20.728625181076,2870,79,128
-65.464726330202,-25.040538544852,2804,29,45
-66.857115020588,-36.808468766824,2771,141,-281
-67.441019955266,-17.000616751978,2673,256,1904
-70.360544628656,-27.286326755152,2806,2,-493
-65.913883972262,-24.411717845968,2729,11,332
-67.306272662648,-37.122879116266,2761,155,-243
-66.318125850116,-21.402361644166,2681,8,978
-66.228294321704,-23.198992212406,2669,3,-2
-71.348691441188,-29.8914410791,NA,NA,NA
-67.216441134236,-19.695562604338,2689,20,304
-69.731723929772,-36.359311124764,2657,255,315
-69.596976637154,-24.546465138586,2774,0,-807
-69.821555458184,-34.60759632073,2603,290,2191
-69.956302750802,-36.494058417382,2620,283,1011
-66.72236772797,-35.95506924691,2773,123,-322
-62.140959778958,-37.796615579356,2751,315,-16
-65.734220915438,-19.426068019102,2718,20,-143
-64.341832225052,-38.20085745721,2768,203,-200
-67.126609605824,-23.064244919788,2637,19,-311
-68.788492881446,-38.470352042446,2757,105,-253
-66.632536199558,-23.019329155582,2661,6,158
-69.327482051918,-28.409220860302,2608,57,-3
-64.117253404022,-18.078595092922,2854,134,-512
-66.72236772797,-24.097307496526,2678,10,-170
-67.485935719472,-35.146585491202,2771,94,-366
-62.500285892606,-20.638793652664,2872,81,62
-71.88768061166,-34.472849028112,2782,13,1808
-67.665598776296,-22.165929635668,2641,28,-120
-64.611326810288,-22.839666098758,2811,126,1872
-68.51899829621,-29.8914410791,2746,36,-405
-68.159672182562,-35.865237718498,2748,153,-293
-66.991862313206,-26.118516885796,2612,11,-455
-69.462229344536,-38.066110164592,2708,163,-53
-61.871465193722,-39.144088505536,NA,NA,NA
-69.911386986596,-27.286326755152,2765,17,-293
-67.935093361532,-30.655009070602,2765,17,-582
-66.452873142734,-36.808468766824,2771,149,-294
-69.86647122239,-36.224563832146,2685,150,238
-66.407957378528,-36.314395360558,2772,128,-320
-62.23079130737,-19.470983783308,2888,166,-361
-66.04863126488,-36.85338453103,2769,154,-294
-64.341832225052,-21.312530115754,2700,52,1241
-64.566411046082,-21.13286705893,2781,32,154
-66.228294321704,-18.797247320218,2695,27,832
-67.530851483678,-17.225195573008,2709,101,1088
-66.183378557498,-28.274473567684,2807,27,-196
-67.800346068914,-17.31502710142,2708,78,277
-70.046134279214,-24.860875488028,2791,1,-790
-65.195231744966,-37.347457937296,2767,177,-286
-67.710514540502,-38.42543627824,2755,177,-155
-64.566411046082,-37.212710644678,2766,199,-242
-71.348691441188,-29.577030729658,NA,NA,NA
-68.159672182562,-31.91265046837,2765,26,-459
-66.632536199558,-27.510905576182,2712,26,-536
-70.31562886445,-36.943216059442,2651,246,1368
-67.036778077412,-22.70491880614,2632,9,-95
-65.329979037584,-36.494058417382,2770,150,-269
-67.980009125738,-31.23891400528,2700,27,-461
-66.902030784794,-38.605099335064,2763,170,-177
-67.710514540502,-28.184642039272,2767,18,-507
-69.686808165566,-27.42107404777,2657,78,-30
-67.935093361532,-36.314395360558,2749,127,-283
-67.036778077412,-29.981272607512,2791,28,-463
-70.630039213892,-37.212710644678,2665,182,1873
-66.587620435352,-28.364305096096,2794,10,-771
-68.339335239386,-27.510905576182,2566,49,-337
-69.327482051918,-26.07360112159,2651,41,-262
-65.015568688142,-21.492193172578,2680,34,842
-66.767283492176,-37.437289465708,2766,141,-242
-66.183378557498,-21.087951294724,2681,7,582
-67.800346068914,-34.60759632073,2766,96,-343
-66.183378557498,-24.546465138586,2692,7,-185
-65.958799736468,-39.09917274133,2763,193,-183
-68.833408645652,-31.149082476868,2706,46,-376
-63.57826423355,-20.504046360046,2805,111,1199
-63.308769648314,-19.920141425368,2826,91,457
-66.902030784794,-29.44228343704,2795,34,-443
-67.126609605824,-36.224563832146,2773,122,-294
-68.29441947518,-33.125376101932,2763,49,-372
-67.485935719472,-21.35744587996,2669,8,-353
-69.686808165566,-37.167794880472,2725,180,-67
-63.713011526168,-19.965057189574,2815,87,562
-66.542704671146,-27.960063218242,2794,21,-712
-68.29441947518,-34.3830174997,2755,129,-292
-64.92573715973,-37.97627863618,2763,185,-239
-67.126609605824,-27.960063218242,2793,8,-521
-63.084190827284,-18.707415791806,2890,149,99
-68.204587946768,-30.879587891632,2767,14,-585
-65.060484452348,-36.269479596352,2771,142,-286
-68.024924889944,-36.62880571,2749,139,-262
-66.003715500674,-19.470983783308,2679,15,676
-64.072337639816,-22.210845399874,2817,49,786
-70.31562886445,-33.170291866138,2630,158,2202
-67.17152537003,-31.598240118928,2780,13,-628
-65.554557858614,-38.8745939203,2765,194,-198
-70.405460392862,-34.15843867867,2649,106,2778
-69.731723929772,-27.735484397212,2671,118,121
-66.452873142734,-28.364305096096,2798,8,-678
-66.72236772797,-20.504046360046,2698,14,282
-70.809702270716,-33.70928103661,2760,12,655
-70.585123449686,-28.723631209744,2777,20,-301
-63.35368541252,-18.527752734982,2877,165,201
-69.596976637154,-34.15843867867,2555,314,1517
-71.21394414857,-33.888944093434,2775,14,1763
-65.285063273378,-36.494058417382,2770,145,-278
-62.635033185224,-20.144720246398,2873,98,-91
-67.800346068914,-28.723631209744,2735,36,-584
-62.23079130737,-39.907656497038,NA,NA,NA
-66.452873142734,-36.988131823648,2770,157,-277
-68.429166767798,-36.62880571,2737,130,-265
-64.7011583387,-38.784762391888,2768,209,-201
-65.913883972262,-37.347457937296,2767,163,-280
-66.183378557498,-28.858378502362,2800,38,-471
-67.485935719472,-29.397367672834,2799,58,-522
-67.935093361532,-30.879587891632,2772,12,-493
-63.308769648314,-19.33623649069,2842,116,878
-71.124112620158,-31.193998241074,2777,23,556
-68.429166767798,-29.127873087598,2752,31,-492
-69.102903230888,-36.449142653176,2664,329,11
-62.769780477842,-39.189004269742,2772,246,-165
-70.450376157068,-36.40422688897,2626,312,3543
-65.285063273378,-21.177782823136,2763,19,-98
-65.913883972262,-21.671856229402,2699,5,204
-66.991862313206,-30.295682956954,2786,20,-479
-67.126609605824,-24.546465138586,2682,8,-561
-64.25200069664,-37.167794880472,2767,203,-210
-69.282566287712,-36.40422688897,2631,429,216
-67.126609605824,-24.681212431204,2682,7,-578
-69.911386986596,-38.021194400386,2718,120,155
-63.57826423355,-19.11165766966,2860,101,223
-71.842764847454,-34.966922434378,2780,17,1294
-66.902030784794,-35.910153482704,2773,117,-325
-62.994359298872,-20.369299067428,2858,90,106
-68.74357711724,-31.418577062104,2755,31,-393
-68.29441947518,-37.661868286738,2752,143,-157
-66.49778890694,-27.42107404777,2729,23,-446
-69.327482051918,-34.472849028112,2673,275,-136
-65.060484452348,-19.965057189574,2772,17,-250
-67.575767247884,-25.040538544852,2663,4,-529
-63.623179997756,-19.875225661162,2822,74,304
-68.833408645652,-36.988131823648,2708,169,-192
-65.689305151232,-20.144720246398,2738,12,-259
-63.12910659149,-18.931994612836,2883,120,106
-65.105400216554,-36.449142653176,2769,154,-285
-62.814696242048,-18.258258149746,2897,281,68
-62.590117421018,-19.426068019102,2885,139,-240
-66.003715500674,-24.591380902792,2687,17,715
-67.530851483678,-37.52712099412,2760,122,-286
-66.991862313206,-23.198992212406,2652,12,-444
-67.980009125738,-31.149082476868,2714,25,-504
-69.731723929772,-25.534611951118,2758,4,-649
-69.237650523506,-34.248270207082,2695,271,-219
-62.949443534666,-21.043035530518,2864,66,182
-67.62068301209,-19.605731075926,2688,18,771
-65.329979037584,-18.6625000276,2769,24,560
-66.587620435352,-28.99312579498,2804,26,-545
-67.890177597326,-32.316892346224,2778,18,-462
-64.386747989258,-20.593877888458,2759,87,1249
-66.72236772797,-26.702421820474,2700,14,-44
-68.653745588828,-25.804106536354,2624,23,-400
-66.902030784794,-24.815959723822,2667,9,-499
-70.899533799128,-34.338101735494,2765,29,1457
-66.542704671146,-29.981272607512,2800,23,-529
-70.09105004342,-23.288823740818,2806,1,-775
-65.868968208056,-22.345592692492,2664,6,561
-64.207084932434,-36.40422688897,2771,167,-120
-64.341832225052,-19.381152254896,2798,60,0
-67.081693841618,-38.335604749828,2764,150,-166
-69.596976637154,-31.91265046837,2697,84,-375
-67.575767247884,-38.739846627682,2756,153,-149
-66.452873142734,-30.34059872116,2779,34,-462
-70.76478650651,-33.754196800816,2765,15,842
-66.946946549,-24.411717845968,2688,12,-408
-63.218938119902,-37.392373701502,2768,226,-20
-65.779136679644,-18.21334238554,2774,37,198
-68.96815593827,-38.245773221416,2758,112,-133
-70.450376157068,-30.205851428542,2684,210,572
-67.800346068914,-33.439786451374,2767,49,-402
-65.644389387026,-36.449142653176,2770,146,-313
-62.140959778958,-38.335604749828,2769,316,-103
-71.88768061166,-33.978775621846,2816,6,889
-71.66310179063,-31.104166712662,NA,NA,NA
-64.656242574494,-37.616952522532,2764,197,-249
-66.363041614322,-17.943847800304,2719,46,832
-68.698661353034,-23.737981382878,2691,3,-646
-61.78163366531,-37.931362871974,2751,337,-1
-68.249503710974,-25.265117365882,2624,14,-436
-66.902030784794,-31.91265046837,2781,19,-493
-66.991862313206,-20.638793652664,2683,7,-425
-69.057987466682,-36.673721474206,2724,185,-183
-69.327482051918,-32.496555403048,2694,83,-334
-70.98936532754,-31.91265046837,2758,31,787
-65.554557858614,-36.494058417382,2769,154,-268
-66.812199256382,-17.225195573008,2741,160,715
-64.207084932434,-20.593877888458,2821,57,144
-64.386747989258,-18.931994612836,2767,59,155
-64.207084932434,-39.233920033948,2765,219,-192
-71.797849083248,-31.193998241074,NA,NA,NA
-67.126609605824,-22.839666098758,2639,15,-141
-65.554557858614,-20.593877888458,2766,8,-524
-67.62068301209,-30.34059872116,2762,18,-425
-66.991862313206,-30.071104135924,2792,25,-477
-67.036778077412,-30.295682956954,2783,21,-467
-64.25200069664,-22.48033998511,2817,52,958
-69.057987466682,-34.922006670172,2700,157,-208
-67.575767247884,-33.394870687168,2772,47,-417
-65.240147509172,-19.201489198072,2756,20,-160
-67.081693841618,-21.896435050432,2656,12,409
-64.386747989258,-36.85338453103,2769,186,-218
-63.668095761962,-38.515267806652,2770,237,-175
-70.360544628656,-37.75169981515,2689,131,756
-70.944449563334,-26.97191640571,NA,NA,NA
-70.31562886445,-30.655009070602,2601,485,2005
-69.596976637154,-24.72612819541,2754,1,-738
-68.429166767798,-37.52712099412,2753,117,-169
-66.632536199558,-37.347457937296,2769,143,-261
-68.653745588828,-31.508408590516,2756,26,-445
-67.39610419106,-17.76418474348,2709,42,194
-69.776639693978,-25.040538544852,2771,2,-825
-66.542704671146,-37.931362871974,2766,168,-217
-70.76478650651,-31.193998241074,2636,131,1811
-66.72236772797,-35.910153482704,2773,122,-325
-68.159672182562,-32.36180811043,2772,21,-437
-69.41731358033,-34.113522914464,2612,347,274
-65.644389387026,-28.858378502362,2743,65,-76
-64.431663753464,-20.414214831634,2779,46,222
-69.86647122239,-30.071104135924,2558,282,1187
-64.611326810288,-37.841531343562,2767,181,-264
-68.608829824622,-26.97191640571,2552,61,-134
-66.632536199558,-21.537108936784,2697,11,920
-69.057987466682,-30.520261777984,2652,110,-336
-70.31562886445,-29.846525314894,2669,273,777
-69.327482051918,-23.37865526923,2791,1,-798
-68.474082532004,-25.489696186912,2616,14,-371
-67.665598776296,-24.142223260732,2657,15,-533
-71.842764847454,-34.877090905966,2784,14,1212
-70.360544628656,-34.787259377554,2613,195,5137
-62.724864713636,-38.111025928798,2768,252,-171
-64.746074102906,-38.42543627824,2763,231,-225
-70.585123449686,-26.432927235238,2817,29,-416
-64.207084932434,-17.98876356451,2825,165,83
-66.452873142734,-26.702421820474,2716,11,136
-63.57826423355,-19.201489198072,2840,98,452
-66.542704671146,-20.593877888458,2714,11,98
-66.407957378528,-29.711778022276,2800,24,-520
-64.341832225052,-22.076098107256,2788,55,1237
-69.86647122239,-25.983769593178,2793,2,-602
-65.868968208056,-20.00997295378,2684,19,692
-65.913883972262,-24.366802081762,2720,10,446
-69.237650523506,-24.411717845968,2731,2,-661
-64.431663753464,-22.48033998511,2792,62,1257
-65.913883972262,-23.962560203908,2658,8,731
-70.54020768548,-24.50154937438,2885,18,-536
-69.686808165566,-28.903294266568,2564,146,675
-67.935093361532,-35.28133278382,2768,112,-338
-64.431663753464,-37.886447107768,2765,209,-229
-70.809702270716,-34.203354442876,2763,24,1168
-66.093547029086,-23.468486797642,2686,2,-551
-67.575767247884,-18.482836970776,2691,34,957
-65.644389387026,-38.605099335064,2765,202,-208
-68.653745588828,-33.349954922962,2753,71,-336
-63.308769648314,-36.62880571,2770,207,109
-64.47657951767,-37.30254217309,2767,184,-226
-70.31562886445,-28.903294266568,2664,97,225
-62.769780477842,-19.33623649069,2882,130,-126
-67.755430304708,-30.699924834808,2737,22,-430
-65.509642094408,-23.917644439702,2731,122,1697
-63.982506111404,-36.898300295236,2769,209,-94
-66.452873142734,-22.390508456698,2679,4,88
-68.923240174064,-33.754196800816,2731,186,-180
-64.341832225052,-19.33623649069,2793,63,77
-67.84526183312,-16.86586945936,2735,139,857
-67.800346068914,-19.56081531172,2713,13,14
-70.630039213892,-31.643155883134,2668,176,959
-71.66310179063,-30.295682956954,NA,NA,NA
-69.41731358033,-26.118516885796,2704,25,-393
-68.608829824622,-29.127873087598,2668,51,-368
-67.530851483678,-25.579527715324,2660,9,-568
-67.800346068914,-34.15843867867,2767,81,-360
-68.563914060416,-24.321886317556,2632,13,-343
-70.630039213892,-26.612590292062,2831,24,-568
-68.563914060416,-26.118516885796,2594,34,-239
-67.261356898442,-17.494690158244,2703,109,912
-67.39610419106,-25.444780422706,2634,10,-479
-64.880821395524,-22.794750334552,2811,187,2391
-64.566411046082,-18.078595092922,2853,57,-683
-68.249503710974,-38.605099335064,2763,129,-138
-66.228294321704,-38.245773221416,2769,183,-192
-68.429166767798,-30.744840599014,2757,21,-620
-67.216441134236,-23.198992212406,2635,21,-495
-67.485935719472,-21.626940465196,2655,9,-265
-69.462229344536,-30.071104135924,2642,257,212
-65.689305151232,-38.919509684506,2765,190,-190
-66.632536199558,-22.884581862964,2632,8,1020
-65.734220915438,-26.52275876365,2665,73,1688
-62.635033185224,-39.817824968626,2770,237,-155
-67.261356898442,-24.636296666998,2672,10,-582
-69.013071702476,-34.966922434378,2703,146,-222
-65.913883972262,-19.650646840132,2677,17,652
-62.67994894943,-19.56081531172,2879,131,-168
-68.878324409858,-30.11601990013,2678,48,-438
-69.821555458184,-32.721134224078,2622,186,1172
-63.084190827284,-38.245773221416,2769,264,-188
-69.596976637154,-27.915147454036,2617,172,342
-63.757927290374,-21.537108936784,2811,69,937
-68.339335239386,-34.023691386052,2757,115,-325
-67.351188426854,-20.548962124252,2668,7,-671
-70.405460392862,-25.130370073264,2832,29,-472
-70.225797336038,-27.690568633006,2814,4,-395
-69.64189240136,-38.20085745721,2717,153,213
-71.573270262218,-28.99312579498,NA,NA,NA
-69.731723929772,-24.366802081762,2799,0,-879
-69.821555458184,-26.388011471032,2798,2,-459
-64.296916460846,-39.32375156236,2764,213,-183
-67.306272662648,-17.898932036098,2707,45,345
-70.585123449686,-24.411717845968,NA,NA,NA
-69.372397816124,-35.73049042588,2670,230,-59
-70.270713100244,-25.714275007942,2793,0,-686
-71.034281091746,-33.170291866138,2753,22,1034
-68.339335239386,-23.737981382878,2729,4,-717
-69.1927347593,-27.061747934122,2581,76,-23
-67.800346068914,-38.20085745721,2758,151,-130
-65.509642094408,-19.920141425368,2730,24,-62
-66.857115020588,-36.449142653176,2773,140,-288
-68.29441947518,-37.257626408884,2744,144,-230
-66.27321008591,-23.513402561848,2656,3,88
-62.410454364194,-37.257626408884,2765,214,-81
-67.081693841618,-28.004978982448,2786,8,-574
-66.72236772797,-21.267614351548,2685,11,620
-67.216441134236,-17.584521686656,2713,79,351
-69.102903230888,-32.676218459872,2649,133,-311
-71.124112620158,-33.799112565022,2765,16,1687
-68.204587946768,-28.31938933189,2699,28,-546
-64.431663753464,-36.40422688897,2771,159,-230
-64.431663753464,-18.617584263394,2851,29,-766
-71.752933319042,-34.023691386052,2792,5,979
-70.76478650651,-35.460995840644,2718,188,4083
-67.441019955266,-35.236417019614,2772,93,-365
-66.363041614322,-24.815959723822,2661,13,829
-67.485935719472,-22.165929635668,2628,17,-180
-63.982506111404,-18.6625000276,2818,122,268
-67.665598776296,-32.676218459872,2774,21,-476
-68.29441947518,-35.101669726996,2736,134,-273
-62.814696242048,-19.740478368544,2872,118,-84
-64.25200069664,-19.740478368544,2772,102,853
-71.618186026424,-32.316892346224,NA,NA,NA
-65.554557858614,-24.142223260732,2716,174,3054
-68.608829824622,-33.170291866138,2764,64,-340
-68.114756418356,-29.44228343704,2771,20,-559
-67.84526183312,-37.661868286738,2756,123,-185
-70.405460392862,-34.922006670172,2625,201,4620
-69.596976637154,-25.354948894294,2765,6,-780
-70.674954978098,-28.588883917126,2807,8,-209
-67.84526183312,-25.669359243736,2595,9,-445
-65.734220915438,-20.998119766312,2731,10,379
-68.74357711724,-32.092313525194,2762,77,-270
-67.216441134236,-29.172788851804,2697,78,344
-67.575767247884,-34.203354442876,2770,78,-369
-71.483438733806,-30.520261777984,2805,2,-171
-65.59947362282,-19.426068019102,2696,32,214
-64.835905631318,-22.390508456698,2792,141,2190
-66.991862313206,-21.312530115754,2669,8,19
-69.102903230888,-34.472849028112,2690,219,-185
-68.878324409858,-26.028685357384,2573,63,-243
-69.86647122239,-25.714275007942,2776,2,-605
-70.270713100244,-24.007475968114,2835,5,-734
-70.405460392862,-34.472849028112,2679,85,3097
-69.731723929772,-24.815959723822,2768,1,-810
-68.024924889944,-29.621946493864,2767,19,-580
-70.495291921274,-27.331242519358,2799,1,-562
-65.285063273378,-37.52712099412,2767,180,-250
-66.138462793292,-24.27697055335,2675,4,-147
-67.216441134236,-21.222698587342,2664,6,-7
-62.949443534666,-39.054256977124,2771,249,-153
-67.126609605824,-21.222698587342,2666,7,18
-62.500285892606,-18.931994612836,2894,192,-20
-68.159672182562,-24.142223260732,2691,21,-267
-70.270713100244,-37.796615579356,2682,133,490
-65.868968208056,-17.76418474348,2773,72,1032
-67.17152537003,-30.205851428542,2779,25,-436
-64.207084932434,-22.03118234305,2809,66,1425
-67.62068301209,-25.714275007942,2672,7,-566
-65.105400216554,-19.426068019102,2759,19,-21
-66.49778890694,-35.73049042588,2772,113,-344
-67.485935719472,-33.978775621846,2771,71,-380
-67.665598776296,-28.184642039272,2787,19,-539
-68.204587946768,-24.995622780646,2624,10,-442
-71.169028384364,-30.879587891632,2781,8,98
-66.632536199558,-21.222698587342,2692,10,685
-68.06984065415,-26.702421820474,2535,28,-309
-69.372397816124,-24.72612819541,2705,3,-622
-70.630039213892,-33.574533743992,2758,22,1136
-68.74357711724,-36.85338453103,2724,152,-185
-62.635033185224,-18.303173913952,2896,292,-62
-69.64189240136,-26.29817994262,2749,7,-483
-67.935093361532,-29.936356843306,2747,14,-685
-66.902030784794,-17.53960592245,2693,150,1395
-66.49778890694,-30.295682956954,2782,32,-536
-65.868968208056,-37.167794880472,2768,169,-271
-68.698661353034,-32.721134224078,2767,71,-355
-64.431663753464,-37.931362871974,2765,210,-242
-70.495291921274,-27.6456528688,2800,2,-395
-68.249503710974,-33.125376101932,2763,48,-378
-71.124112620158,-31.104166712662,2784,14,182
-63.488432705138,-38.560183570858,2775,219,-330
-68.923240174064,-27.106663698328,2570,89,23
-65.240147509172,-18.123510857128,2796,47,323
-63.488432705138,-21.761687757814,2849,53,494
-69.237650523506,-29.21770461601,2584,67,-194
-65.644389387026,-25.714275007942,2734,31,-22
-70.31562886445,-23.198992212406,2837,6,-709
-65.913883972262,-26.657506056268,2770,36,888
-66.632536199558,-24.591380902792,2691,6,-538
-70.944449563334,-29.8914410791,2795,47,152
-65.240147509172,-24.905791252234,2778,29,556
-68.114756418356,-28.049894746654,2647,32,-127
-63.084190827284,-20.953204002106,2854,79,682
-64.656242574494,-36.898300295236,2769,189,-241
-69.237650523506,-23.513402561848,2757,1,-656
-66.587620435352,-37.392373701502,2768,148,-258
-70.54020768548,-33.439786451374,2764,31,1045
-67.306272662648,-30.11601990013,2765,24,-442
-71.483438733806,-32.631302695666,NA,NA,NA
-63.218938119902,-37.97627863618,2768,231,-188
-65.060484452348,-20.593877888458,2759,34,498
-66.677451963764,-29.577030729658,2797,28,-474
-63.398601176726,-20.054888717986,2846,67,-2
-65.240147509172,-38.066110164592,2765,184,-231
-67.351188426854,-22.92949762717,2624,22,-494
-69.057987466682,-26.163432650002,2631,42,-347
-67.530851483678,-36.673721474206,2763,135,-280
-62.410454364194,-39.683077676008,2772,238,-124
-66.857115020588,-30.205851428542,2794,21,-506
-63.263853884108,-36.988131823648,2768,225,68
-70.405460392862,-32.58638693146,2619,167,1832
-69.552060872948,-24.05239173232,2800,0,-773
-63.533348469344,-21.267614351548,2842,59,499
-68.384251003592,-36.449142653176,2737,140,-288
-65.419810565996,-19.381152254896,2730,33,383
-69.552060872948,-37.841531343562,2708,154,-55
-62.814696242048,-18.168426621334,2897,307,89
-66.318125850116,-36.808468766824,2771,153,-289
-64.117253404022,-20.638793652664,2827,59,134
-67.126609605824,-27.87023168983,2802,10,-489
-69.686808165566,-36.17964806794,2705,152,33
-64.7011583387,-18.707415791806,2775,34,-107
-67.441019955266,-36.62880571,2764,142,-276
-67.036778077412,-21.447277408372,2665,8,77
-69.41731358033,-31.328745533692,2763,98,-364
-66.946946549,-20.414214831634,2697,9,-221
-67.575767247884,-19.33623649069,2691,17,277
-65.015568688142,-20.548962124252,2750,35,340
-69.41731358033,-37.97627863618,2724,146,-135
-67.62068301209,-32.092313525194,2780,17,-532
-70.585123449686,-23.423571033436,2853,6,-634
-62.724864713636,-18.707415791806,2894,193,14
-66.27321008591,-18.033679328716,2716,48,887
-65.779136679644,-20.998119766312,2705,10,665
-68.563914060416,-24.50154937438,2650,20,-344
-70.405460392862,-25.310033130088,2827,22,-568
-69.86647122239,-28.588883917126,2643,212,678
-68.833408645652,-31.867734704164,2735,65,-418
-66.228294321704,-23.872728675496,2684,2,-332
-65.734220915438,-38.829678156094,2766,179,-202
-67.081693841618,-26.837169113092,2674,12,-151
-70.001218515008,-30.34059872116,2615,206,663
-67.036778077412,-27.465989811976,2789,23,-398
-67.216441134236,-21.312530115754,2661,6,99
-65.509642094408,-24.321886317556,2750,155,3154
-66.003715500674,-37.616952522532,2768,172,-258
-70.854618034922,-32.227060817812,2791,24,235
-67.980009125738,-34.922006670172,2753,111,-337
-69.686808165566,-37.07796335206,2725,149,-28
-62.90452777046,-37.52712099412,2765,232,-121
-64.072337639816,-37.841531343562,2767,209,-200
-66.677451963764,-22.210845399874,2618,10,1518
-69.956302750802,-37.706784050944,2708,104,76
-70.674954978098,-30.699924834808,2692,141,766
-67.665598776296,-37.347457937296,2759,133,-230
-63.12910659149,-19.426068019102,2866,111,124
-69.956302750802,-36.134732303734,2617,237,991
-70.719870742304,-34.787259377554,2749,96,2830
-69.507145108742,-26.612590292062,2661,42,-107
-65.554557858614,-21.402361644166,2712,17,975
-61.377391787456,-38.919509684506,2788,318,-141
-70.585123449686,-25.938853828972,2816,24,-477
-71.303775676982,-32.182145053606,2789,13,669
-68.339335239386,-32.900797280902,2766,37,-387
-67.575767247884,-19.246404962278,2687,19,546
-63.713011526168,-38.8745939203,2767,232,-176
-64.072337639816,-17.98876356451,2848,211,9
-69.102903230888,-26.118516885796,2625,46,-261
-63.039275063078,-38.515267806652,2774,261,-162
-67.17152537003,-26.792253348886,2685,7,-412
-67.216441134236,-36.17964806794,2773,122,-296
-63.937590347198,-38.65001509927,2769,218,-187
-67.036778077412,-18.842163084424,2744,25,853
-70.495291921274,-36.494058417382,2652,254,2834
-67.890177597326,-17.270111337214,2712,71,277
-63.757927290374,-21.896435050432,2832,62,811
-62.185875543164,-37.572036758326,2758,233,-63
-70.719870742304,-37.437289465708,2692,145,1215
-71.034281091746,-31.283829769486,2750,38,563
-66.183378557498,-18.393005442364,2698,58,1276
-70.180881571832,-30.250767192748,2593,344,1718
-65.285063273378,-38.335604749828,2763,223,-224
-66.72236772797,-23.872728675496,2666,7,-552
-67.935093361532,-19.021826141248,2682,16,189
-65.37489480179,-25.085454309058,2798,22,-318
-66.857115020588,-30.34059872116,2790,19,-523
-69.237650523506,-30.385514485366,2699,147,-295
-70.674954978098,-29.397367672834,2740,74,-51
-62.90452777046,-37.931362871974,2766,239,-229
-67.980009125738,-27.510905576182,2588,43,-115
-68.51899829621,-26.343095706826,2594,39,-256
-68.384251003592,-32.900797280902,2766,39,-380
-70.854618034922,-30.879587891632,2697,43,816
-69.013071702476,-27.960063218242,2574,103,174
-67.351188426854,-38.694930863476,2759,143,-162
-67.575767247884,-29.621946493864,2701,44,-513
-68.608829824622,-29.846525314894,2677,41,-296
-66.318125850116,-19.470983783308,2678,23,1346
-68.563914060416,-31.822818939958,2757,40,-473
-65.509642094408,-38.245773221416,2766,218,-225
-66.318125850116,-22.121013871462,2679,5,582
-64.566411046082,-20.414214831634,2824,45,-49
-67.665598776296,-21.58202470099,2647,15,273
-68.51899829621,-38.290688985622,2748,168,-113
-69.911386986596,-33.349954922962,2623,249,2512
-63.57826423355,-19.605731075926,2839,89,537
-70.225797336038,-31.643155883134,2608,249,1887
-62.545201656812,-38.65001509927,2777,297,-158
-68.74357711724,-34.83217514176,2701,149,-252
-62.90452777046,-18.258258149746,2898,268,-26
-67.710514540502,-35.28133278382,2772,92,-361
-66.991862313206,-17.180279808802,2694,239,1524
-70.046134279214,-25.040538544852,2783,1,-791
-63.12910659149,-19.695562604338,2860,112,64
-69.956302750802,-36.538974181588,2625,278,855
-66.093547029086,-21.087951294724,2691,7,515
-66.857115020588,-24.995622780646,2642,11,-19
-66.363041614322,-24.771043959616,2638,12,857
-68.29441947518,-23.872728675496,2713,5,-653
-67.306272662648,-17.09044828039,2673,290,1793
-66.902030784794,-37.167794880472,2764,144,-251
-65.644389387026,-23.243907976612,2673,7,556
-64.162169168228,-21.58202470099,2807,47,833
-67.710514540502,-16.731122166742,2787,204,282
-68.024924889944,-31.598240118928,2726,34,-396
-64.162169168228,-21.626940465196,2803,44,634
-63.57826423355,-36.494058417382,2771,198,73
-69.956302750802,-28.678715445538,2626,213,655
-63.12910659149,-20.818456709488,2851,86,622
-65.59947362282,-20.144720246398,2727,14,-297
-66.003715500674,-24.142223260732,2719,4,-324
-64.880821395524,-23.782897147084,2797,97,1355
-68.563914060416,-33.394870687168,2751,75,-354
-68.339335239386,-30.34059872116,2755,27,-528
-71.528354498012,-34.338101735494,2780,7,1102
-67.980009125738,-25.804106536354,2602,7,-514
-67.710514540502,-32.58638693146,2776,20,-476
-68.06984065415,-29.44228343704,2779,20,-592
-62.769780477842,-20.863372473694,2868,79,148
-65.285063273378,-22.345592692492,2702,63,1761
-64.386747989258,-18.617584263394,2864,36,-565
-62.590117421018,-39.278835798154,2774,252,-150
-68.788492881446,-28.454136624508,2594,86,-230
-65.59947362282,-18.527752734982,2801,20,-516
-69.86647122239,-28.499052388714,2604,247,916
-66.902030784794,-20.00997295378,2711,21,913
-70.270713100244,-28.31938933189,2783,44,-209
-68.563914060416,-32.541471167254,2769,49,-425
-63.084190827284,-19.78539413275,2860,108,46
-66.183378557498,-26.97191640571,2747,26,365
-68.474082532004,-30.295682956954,2738,38,-479
-68.51899829621,-31.777903175752,2757,32,-488
-69.057987466682,-33.754196800816,2733,181,-166
-62.365538599988,-37.437289465708,2761,209,-92
-68.159672182562,-26.343095706826,2575,15,-373
-67.485935719472,-37.97627863618,2757,146,-165
-69.596976637154,-36.044900775322,2662,280,282
-66.587620435352,-29.487199201246,2801,28,-481
-63.80284305458,-38.066110164592,2768,243,-181
-64.566411046082,-20.638793652664,2730,68,820
-70.719870742304,-29.756693786482,2758,99,168
-71.124112620158,-34.248270207082,2750,26,1385
-67.800346068914,-30.969419420044,2789,10,-663
-64.072337639816,-21.761687757814,2815,51,700
-65.82405244385,-24.72612819541,2673,44,1271
-64.611326810288,-20.504046360046,2795,47,-185
-65.958799736468,-23.423571033436,2694,3,-357
-65.419810565996,-24.815959723822,2804,33,341
-64.47657951767,-36.269479596352,2772,155,-222
-65.689305151232,-25.3998646585,2774,41,595
-66.228294321704,-21.312530115754,2686,7,900
-64.431663753464,-36.314395360558,2771,161,-208
-65.464726330202,-18.88707884863,2762,33,695
-68.51899829621,-26.837169113092,2592,49,-160
-63.892674582992,-36.673721474206,2771,200,-55
-66.49778890694,-17.225195573008,2754,161,1547
-64.746074102906,-21.043035530518,2786,34,-16
-62.90452777046,-38.380520514034,2771,267,-190
-70.495291921274,-26.028685357384,2796,13,-456
-70.899533799128,-33.125376101932,2773,15,385
-67.890177597326,-35.775406190086,2762,138,-322
-68.249503710974,-23.288823740818,2754,4,-756
-70.899533799128,-30.071104135924,2772,53,255
-66.407957378528,-28.09481051086,2800,17,-626
-69.821555458184,-34.023691386052,2560,274,3136
-66.812199256382,-27.600737104594,2788,22,-469
-66.003715500674,-37.572036758326,2768,170,-262
-66.093547029086,-18.168426621334,2760,39,435
-66.452873142734,-38.65001509927,2763,180,-176
-64.072337639816,-38.42543627824,2771,210,-194
-66.318125850116,-19.830309896956,2695,14,562
-63.668095761962,-20.324383303222,2816,83,472
-62.545201656812,-17.854016271892,2897,409,181
