"decimalLon","decimalLat","bio6","bio14","cmi_max"
-77.861477251058,-9.23018954434,2717,33,1539
-75.301278691316,-11.70055657567,2689,309,2221
-72.696164367368,-14.84466007009,2662,111,1823
-66.587620435352,-16.64129063833,2759,632,3254
-65.464726330202,-17.449774394038,2724,643,4014
-75.211447162904,-13.49718714391,2712,206,810
-71.21394414857,-15.51839653318,2690,57,631
-69.282566287712,-16.237048760476,2768,112,2011
-75.70552056917,-11.071735876786,2719,564,2260
-69.552060872948,-16.551459109918,2686,110,1696
-70.495291921274,-15.653143825798,2710,34,481
-77.322488080586,-8.870863430692,2764,97,1093
-70.899533799128,-15.428565004768,2680,79,1848
-68.608829824622,-17.809100507686,2697,45,1529
-74.088553057754,-14.575165484854,2704,86,1054
-68.788492881446,-14.889575834296,2732,1138,3144
-69.686808165566,-17.854016271892,2732,21,-247
-76.60383585329,-10.532746706314,2724,129,491
-74.986868341874,-12.778534916614,2728,214,567
-78.40046642153,-8.017463910778,2764,133,899
-74.537710699814,-14.350586663824,2700,102,831
-74.627542228226,-14.081092078588,2700,110,742
-68.159672182562,-16.596374874124,2710,104,1307
-75.166531398698,-13.317524087086,2696,229,1010
-69.686808165566,-17.045532516184,2690,44,127
-67.081693841618,-17.494690158244,2703,148,1208
-68.74357711724,-18.168426621334,2694,36,367
-69.013071702476,-16.012469939446,2777,113,1773
-69.1927347593,-17.719268979274,2685,45,1193
-78.580129478354,-7.164064390864,2775,199,2674
-74.537710699814,-14.081092078588,2709,91,440
-68.833408645652,-15.832806882622,2731,211,2384
-72.426669782132,-14.84466007009,2668,130,2532
-77.367403844792,-8.691200373868,2758,126,1415
-78.62504524256,-7.029317098246,2791,187,1903
-77.681814194234,-7.4335589761,2757,243,1384
-71.303775676982,-16.147217232064,2702,42,48
-65.419810565996,-17.404858629832,2774,705,4490
-75.9300993902,-12.059882689318,2698,121,858
-77.771645722646,-7.074232862452,2738,440,2581
-72.291922489514,-14.889575834296,2665,139,2697
-69.462229344536,-16.371796053094,2709,112,1526
-72.696164367368,-13.856513257558,2715,97,2607
-69.86647122239,-15.203986183738,2730,58,1556
-72.606332838956,-14.350586663824,2678,113,3288
-76.918246202732,-10.712409763138,2701,54,994
-66.003715500674,-17.449774394038,2771,274,2116
-74.043637293548,-14.754828541678,2712,101,1501
-65.464726330202,-17.629437450862,2770,267,2478
-68.788492881446,-17.135364044596,2701,52,1290
-71.708017554836,-15.96755417524,2703,61,545
-66.902030784794,-17.854016271892,2714,87,914
-74.672457992432,-12.868366445026,2738,181,1039
-74.223300350372,-14.081092078588,2704,78,977
-76.558920089084,-10.667493998932,2712,121,388
-68.608829824622,-17.494690158244,2692,39,1201
-67.935093361532,-17.584521686656,2701,45,676
-72.696164367368,-15.383649240562,2686,112,1332
-66.542704671146,-17.76418474348,2721,59,492
-67.980009125738,-17.854016271892,2694,39,1510
-73.01057471681,-15.203986183738,2743,72,1568
-69.102903230888,-18.43792120657,2634,47,1033
-74.492794935608,-13.542102908116,2699,145,1421
-72.33683825372,-15.922638411034,2757,38,-72
-76.514004324878,-10.397999413696,2712,176,795
-66.452873142734,-16.820953695154,2726,494,3189
-73.190237773634,-14.84466007009,2679,129,1827
-66.228294321704,-18.033679328716,2726,49,998
-70.719870742304,-16.820953695154,2747,26,330
-71.303775676982,-14.709912777472,2700,68,1500
-71.528354498012,-15.473480768974,2689,57,701
-76.60383585329,-10.57766247052,2691,140,878
-70.135965807626,-14.170923607,2691,420,2858
-68.788492881446,-18.348089678158,2675,51,1157
-67.755430304708,-17.674353215068,2703,44,622
-70.76478650651,-15.698059590004,2699,35,113
-68.788492881446,-16.731122166742,2708,111,2659
-76.648751617496,-10.038673300048,2740,139,206
-72.291922489514,-15.608228061592,2734,108,558
-72.202090961102,-15.06923889112,2673,110,1863
-70.719870742304,-16.686206402536,2768,28,698
-69.956302750802,-14.889575834296,2685,77,2410
-78.40046642153,-8.062379674984,2760,134,1043
-68.06984065415,-16.326880288888,2682,522,3289
-76.873330438526,-8.960694959104,2728,672,2990
-75.301278691316,-13.49718714391,2742,193,936
-73.953805765136,-14.081092078588,2731,88,1032
-74.717373756638,-12.419208802966,2741,294,1949
-76.244509739642,-10.308167885284,2723,122,983
-70.76478650651,-15.024323126914,2673,53,2771
-66.138462793292,-18.348089678158,2736,46,876
-68.74357711724,-15.473480768974,2790,418,1013
-71.88768061166,-14.485333956442,2705,50,947
-70.450376157068,-13.94634478597,2669,610,3442
-76.873330438526,-9.00561072331,2719,608,2851
-76.873330438526,-8.466621552838,2798,850,2967
-73.998721529342,-14.979407362708,2735,61,1132
-67.84526183312,-18.078595092922,2707,40,969
-77.636898430028,-8.421705788632,2766,102,1221
-70.98936532754,-13.542102908116,2684,1615,6580
-69.686808165566,-16.686206402536,2694,64,483
-71.4385229696,-15.74297535421,2679,65,847
-68.474082532004,-17.98876356451,2696,49,2174
-76.289425503848,-11.70055657567,2691,179,1555
-72.157175196896,-14.485333956442,2690,79,2108
-69.552060872948,-14.709912777472,2683,247,2392
-67.261356898442,-18.43792120657,2702,34,626
-69.372397816124,-18.168426621334,2696,38,505
-69.911386986596,-16.910785223566,2658,57,687
-69.013071702476,-17.225195573008,2683,65,1145
-69.731723929772,-14.485333956442,2688,294,1658
-72.291922489514,-15.114154655326,2679,95,1398
-67.62068301209,-18.21334238554,2700,42,1242
-70.809702270716,-14.215839371206,2661,164,2212
-69.057987466682,-18.078595092922,2667,52,1267
-68.653745588828,-16.686206402536,2696,106,3491
-67.081693841618,-17.898932036098,2719,56,394
-69.821555458184,-17.674353215068,2697,24,348
-72.965658952604,-13.542102908116,2763,119,1992
-74.80720528505,-13.137861030262,2686,219,1401
-71.66310179063,-15.338733476356,2673,70,1112
-77.771645722646,-6.939485569834,2742,363,2238
-70.674954978098,-14.530249720648,2697,70,1599
-72.202090961102,-13.94634478597,2727,64,1245
-76.693667381702,-11.071735876786,2699,133,1343
-68.96815593827,-16.910785223566,2704,73,1445
-76.783498910114,-10.12850482846,2701,171,1359
-69.86647122239,-16.506543345712,2650,79,1501
-76.963161966938,-10.083589064254,2688,136,1600
-74.13346882196,-12.778534916614,2728,187,1729
-77.008077731144,-9.320021072752,2778,154,348
-76.019930918612,-12.239545746142,2694,104,1291
-71.258859912776,-13.407355615498,2724,904,5074
-70.09105004342,-17.584521686656,2773,18,-327
-68.923240174064,-14.799744305884,2798,876,2540
-73.145322009428,-15.114154655326,2702,99,2141
-66.49778890694,-18.303173913952,2717,42,772
-78.310634893118,-8.062379674984,2729,152,1406
-75.436025983934,-11.386146226228,2708,470,2849
-69.282566287712,-15.248901947944,2705,153,1505
-75.615689040758,-11.386146226228,2741,323,1413
-76.109762447024,-10.936988584168,2715,205,764
-68.204587946768,-18.348089678158,2705,33,922
-71.752933319042,-15.96755417524,2724,55,432
-72.965658952604,-14.934491598502,2677,125,1966
-68.833408645652,-16.102301467858,2762,109,2294
-70.046134279214,-17.629437450862,2783,17,-293
-74.80720528505,-13.137861030262,2686,219,1401
-71.393607205394,-15.114154655326,2662,89,2417
-66.452873142734,-17.629437450862,2745,54,836
-75.166531398698,-13.676850200734,2705,192,1064
-69.462229344536,-14.575165484854,2678,502,2884
-71.348691441188,-15.74297535421,2690,44,123
-70.405460392862,-15.74297535421,2688,50,1764
-68.249503710974,-16.506543345712,2709,104,838
-70.54020768548,-15.787891118416,2677,47,1564
-70.809702270716,-14.440418192236,2682,79,1810
-74.941952577668,-11.520893518846,2732,1078,4522
-67.575767247884,-17.494690158244,2709,56,352
-71.034281091746,-16.237048760476,2696,37,-162
-69.41731358033,-14.709912777472,2695,312,2255
-77.367403844792,-9.499684129576,2702,70,2101
-73.639395415694,-14.754828541678,2689,126,1602
-74.852121049256,-11.880219632494,2704,766,3671
-73.324985066252,-14.081092078588,2726,123,1885
-76.693667381702,-10.757325527344,2680,126,1504
-69.596976637154,-18.258258149746,2761,17,157
-66.767283492176,-18.348089678158,2694,58,1739
-77.906393015264,-9.320021072752,2763,22,1195
-69.372397816124,-14.350586663824,2720,1096,3848
-68.204587946768,-16.506543345712,2706,122,1096
-77.906393015264,-8.511537317044,2755,79,1556
-69.776639693978,-15.51839653318,2776,63,1789
-75.795352097582,-10.981904348374,2767,405,963
-78.265719128912,-8.376790024426,2758,101,1061
-68.698661353034,-17.045532516184,2711,60,1616
-68.114756418356,-18.033679328716,2704,35,1599
-71.528354498012,-14.530249720648,2682,66,1877
-73.998721529342,-13.317524087086,2749,63,908
-68.114756418356,-18.303173913952,2706,32,836
-76.82841467432,-8.825947666486,2743,881,2936
-69.282566287712,-17.225195573008,2677,56,656
-70.54020768548,-15.383649240562,2687,57,2114
-72.247006725308,-15.608228061592,2769,72,157
-73.594479651488,-13.587018672322,2720,147,1917
-73.594479651488,-14.215839371206,2730,75,604
-70.135965807626,-17.180279808802,2679,47,129
-77.322488080586,-8.870863430692,2764,97,1093
-72.067343668484,-12.82345068082,2759,274,3027
-66.677451963764,-17.809100507686,2717,56,457
-74.58262646402,-14.350586663824,2710,91,719
-77.097909259556,-7.972548146572,2752,647,2663
-74.088553057754,-14.215839371206,2729,76,516
-76.199593975436,-11.610725047258,2676,198,1653
-69.147818995094,-15.922638411034,2785,111,1845
-72.830911659986,-15.383649240562,2670,117,2752
-72.247006725308,-13.27260832288,2766,147,1368
-68.96815593827,-16.506543345712,2758,90,1711
-70.809702270716,-13.94634478597,2642,505,3501
-75.121615634492,-12.37429303876,2764,150,68
-75.795352097582,-12.14971421773,2717,116,393
-69.686808165566,-17.53960592245,2669,36,363
-71.258859912776,-16.012469939446,2684,49,287
-69.552060872948,-15.698059590004,2794,84,2057
-74.537710699814,-13.003113737644,2730,194,1479
-68.563914060416,-16.955700987772,2707,78,2419
-74.717373756638,-14.170923607,2708,120,934
-74.897036813462,-14.170923607,2750,67,862
-76.289425503848,-10.892072819962,2712,146,462
-76.109762447024,-11.655640811464,2683,168,1278
-69.41731358033,-16.281964524682,2718,154,3091
-73.504648123076,-15.114154655326,2725,72,1093
-71.618186026424,-13.991260550176,2719,68,1532
-76.15467821123,-12.059882689318,2700,118,981
-71.932596375866,-13.27260832288,2767,174,1651
-74.941952577668,-12.329377274554,2734,288,1756
-68.698661353034,-15.922638411034,2748,196,2584
-74.717373756638,-13.811597493352,2692,138,1164
-68.249503710974,-18.078595092922,2712,30,1185
-75.301278691316,-13.137861030262,2702,222,726
-73.324985066252,-14.934491598502,2713,89,1015
-75.346194455522,-11.565809283052,2717,367,2235
-70.225797336038,-16.102301467858,2667,61,1852
-69.956302750802,-15.203986183738,2713,46,957
-67.980009125738,-17.943847800304,2705,32,826
-74.088553057754,-14.84466007009,2716,98,1642
-67.84526183312,-18.527752734982,2694,28,677
-70.585123449686,-14.889575834296,2712,32,830
-68.923240174064,-17.000616751978,2701,77,2002
-67.351188426854,-17.674353215068,2711,50,111
-67.890177597326,-17.629437450862,2702,43,614
-74.537710699814,-14.754828541678,2753,54,458
-72.11225943269,-15.922638411034,2731,40,204
-77.906393015264,-8.466621552838,2731,93,1815
-69.64189240136,-17.135364044596,2682,54,533
-70.31562886445,-13.94634478597,2684,718,4162
-73.23515353784,-15.024323126914,2680,128,2613
-74.178384586166,-12.643787623996,2731,273,1857
-75.975015154406,-11.745472339876,2703,140,884
-77.50215113741,-8.78103190228,2771,89,876
-73.23515353784,-13.901429021764,2732,110,1306
-70.76478650651,-16.371796053094,2713,44,405
-69.911386986596,-14.440418192236,2694,203,1652
-74.223300350372,-14.39550242803,2686,85,947
-71.348691441188,-14.170923607,2729,51,158
-76.019930918612,-12.014966925112,2693,140,1299
-77.72672995844,-9.23018954434,2780,34,484
-69.372397816124,-17.180279808802,2663,70,1427
-77.996224543676,-8.466621552838,2737,80,1727
-68.878324409858,-16.506543345712,2758,91,1966
-67.890177597326,-17.31502710142,2712,62,206
-67.755430304708,-18.21334238554,2703,38,886
-73.414816594664,-15.338733476356,2702,64,1315
-70.270713100244,-17.09044828039,2687,50,69
-71.034281091746,-15.203986183738,2667,80,2318
-70.630039213892,-14.081092078588,2663,308,2686
-69.102903230888,-16.910785223566,2698,75,1246
-71.124112620158,-15.698059590004,2669,66,1190
-70.135965807626,-16.461627581506,2666,51,462
-70.046134279214,-17.09044828039,2677,47,126
-71.573270262218,-16.102301467858,2702,57,450
-75.076699870286,-11.520893518846,2790,601,2540
-74.941952577668,-11.431061990434,2723,1188,4954
-65.464726330202,-17.76418474348,2773,153,1818
-70.854618034922,-16.686206402536,2768,24,382
-75.795352097582,-12.643787623996,2702,116,1395
-73.01057471681,-12.958197973438,2757,268,2483
-77.771645722646,-8.197126967602,2714,116,1479
-69.282566287712,-18.303173913952,2677,41,751
-77.142825023762,-9.6793471864,2719,81,597
-67.665598776296,-18.123510857128,2675,52,1785
-72.067343668484,-12.868366445026,2744,254,2863
-72.78599589578,-14.934491598502,2683,118,1877
-67.890177597326,-17.584521686656,2701,45,577
-76.064846682818,-11.745472339876,2674,154,1221
-76.648751617496,-9.499684129576,2717,395,1798
-72.11225943269,-12.464124567172,2758,474,4281
-72.426669782132,-12.958197973438,2771,321,3023
-69.372397816124,-16.551459109918,2695,89,858
-67.890177597326,-17.180279808802,2704,80,586
-72.696164367368,-13.72176596494,2710,147,3513
-78.355550657324,-7.388643211894,2752,99,1589
-68.51899829621,-16.19213299627,2742,157,2491
-69.686808165566,-14.575165484854,2686,256,1762
-67.306272662648,-18.123510857128,2702,42,334
-69.776639693978,-17.629437450862,2687,31,464
-68.878324409858,-15.29381771215,2711,867,2743
-71.483438733806,-13.991260550176,2737,56,283
-73.369900830458,-13.72176596494,2746,118,1538
-76.334341268054,-11.655640811464,2673,181,1690
-73.145322009428,-14.350586663824,2713,91,1597
-67.890177597326,-17.98876356451,2704,39,1061
-73.01057471681,-14.664997013266,2667,160,3253
-70.225797336038,-14.260755135412,2703,164,1010
-69.86647122239,-14.39550242803,2692,275,1292
-76.514004324878,-12.014966925112,2794,65,548
-74.313131878784,-14.350586663824,2691,97,962
-75.211447162904,-12.509040331378,2730,237,812
-76.558920089084,-11.116651640992,2701,141,1030
-67.17152537003,-17.719268979274,2716,56,241
-72.247006725308,-13.631934436528,2769,108,1390
-72.022427904278,-13.94634478597,2768,45,626
-72.830911659986,-14.126007842794,2693,126,3494
-72.247006725308,-15.922638411034,2757,37,40
-75.301278691316,-13.317524087086,2714,215,959
-70.76478650651,-14.305670899618,2674,113,1612
-67.62068301209,-18.123510857128,2703,45,1179
-67.980009125738,-17.98876356451,2702,34,1015
-70.046134279214,-16.596374874124,2641,65,1061
-78.62504524256,-7.164064390864,2775,176,2457
-66.72236772797,-17.943847800304,2695,58,923
-69.731723929772,-17.404858629832,2685,35,129
-67.351188426854,-17.045532516184,2676,278,1879
-75.9300993902,-10.35308364949,2753,484,1680
-76.693667381702,-9.6793471864,2745,211,465
-78.220803364706,-8.33187426022,2759,130,1211
-69.462229344536,-14.170923607,2732,1207,4078
-72.875827424192,-15.248901947944,2706,90,1681
-72.157175196896,-14.575165484854,2699,63,1081
-77.187740787968,-9.993757535842,2690,79,1853
-72.11225943269,-15.787891118416,2720,72,721
-72.247006725308,-14.84466007009,2668,118,2211
-73.190237773634,-14.260755135412,2706,111,2276
-71.573270262218,-15.06923889112,2675,57,1167
-75.615689040758,-10.57766247052,2770,963,3205
-66.946946549,-17.31502710142,2755,138,244
-69.41731358033,-15.338733476356,2730,82,1360
-71.303775676982,-13.901429021764,2676,171,2194
-75.121615634492,-13.856513257558,2743,116,737
-66.183378557498,-18.168426621334,2710,61,1422
-68.653745588828,-17.404858629832,2692,44,1192
-69.64189240136,-17.719268979274,2695,33,416
-76.109762447024,-10.80224129155,2703,245,1167
-73.280069302046,-14.979407362708,2693,103,1765
-71.528354498012,-15.203986183738,2679,60,990
-72.651248603162,-15.608228061592,2696,112,801
-71.842764847454,-15.74297535421,2649,95,1496
-66.632536199558,-17.449774394038,2724,100,500
-76.693667381702,-9.320021072752,2740,467,1937
-77.547066901616,-7.4335589761,2755,353,1815
-74.941952577668,-11.520893518846,2732,1078,4522
-68.204587946768,-17.98876356451,2701,32,1666
-70.180881571832,-14.709912777472,2691,60,1198
-71.303775676982,-16.102301467858,2698,42,51
-67.036778077412,-17.809100507686,2721,76,600
-76.738583145908,-9.724262950606,2739,194,586
-74.986868341874,-12.82345068082,2697,255,1175
-66.407957378528,-18.078595092922,2707,53,899
-78.355550657324,-7.703053561336,2767,69,846
-67.755430304708,-16.64129063833,2671,426,2719
-76.334341268054,-12.194629981936,2746,69,688
-68.563914060416,-17.09044828039,2712,66,1935
-75.436025983934,-13.092945266056,2695,267,965
-72.651248603162,-15.203986183738,2647,156,3242
-71.573270262218,-15.383649240562,2664,87,1995
-71.258859912776,-15.06923889112,2662,65,2046
-67.800346068914,-18.303173913952,2702,38,1040
-74.178384586166,-12.778534916614,2736,177,1604
-66.138462793292,-18.033679328716,2734,45,968
-70.405460392862,-15.024323126914,2716,32,1333
-66.72236772797,-17.584521686656,2708,101,1054
-75.166531398698,-12.464124567172,2736,214,678
-75.750436333376,-12.733619152408,2724,123,1264
-68.698661353034,-17.180279808802,2703,48,1215
-66.542704671146,-17.898932036098,2708,55,855
-74.35804764299,-14.799744305884,2715,72,648
-74.986868341874,-13.317524087086,2701,175,561
-75.840267861788,-11.610725047258,2729,138,189
-77.008077731144,-10.218336356872,2700,80,1074
-67.036778077412,-18.21334238554,2716,50,953
-73.324985066252,-13.49718714391,2774,86,904
-72.202090961102,-15.29381771215,2653,133,2462
-77.72672995844,-7.029317098246,2749,461,2533
-75.03178410608,-13.092945266056,2672,303,1751
-68.878324409858,-15.698059590004,2777,239,1568
-68.339335239386,-16.371796053094,2709,181,1927
-66.632536199558,-17.898932036098,2706,55,768
-70.854618034922,-14.485333956442,2666,96,2766
-74.58262646402,-12.419208802966,2766,315,2173
-74.447879171402,-11.9251353967,2765,1109,4583
-74.58262646402,-14.39550242803,2734,78,646
-77.457235373204,-9.993757535842,2717,28,1901
-68.833408645652,-15.96755417524,2764,109,1272
-76.289425503848,-11.655640811464,2678,204,1845
-74.492794935608,-13.811597493352,2718,94,676
-66.003715500674,-17.449774394038,2771,274,2116
-75.615689040758,-13.092945266056,2735,215,739
-71.483438733806,-13.407355615498,2716,500,3786
-69.911386986596,-14.081092078588,2707,1015,4121
-71.752933319042,-15.877722646828,2690,61,669
-75.840267861788,-11.880219632494,2688,157,1124
-70.585123449686,-14.036176314382,2682,261,1743
-74.402963407196,-12.014966925112,2779,898,3514
-68.249503710974,-17.135364044596,2693,68,1830
-65.419810565996,-17.629437450862,2773,288,2452
-74.178384586166,-14.799744305884,2742,76,313
-70.899533799128,-13.94634478597,2660,368,2446
-71.124112620158,-13.49718714391,2676,1323,5626
-69.41731358033,-15.653143825798,2783,74,1349
-71.079196855952,-16.012469939446,2665,53,670
-76.558920089084,-11.071735876786,2688,161,1343
-69.596976637154,-16.461627581506,2692,81,1017
-76.019930918612,-10.038673300048,2730,424,1745
-67.306272662648,-17.809100507686,2705,50,692
-69.057987466682,-15.877722646828,2771,125,1496
-69.013071702476,-15.698059590004,2727,207,1616
-67.485935719472,-17.404858629832,2708,79,453
-67.665598776296,-18.393005442364,2698,35,838
-70.630039213892,-16.731122166742,2699,34,989
-70.135965807626,-15.51839653318,2708,44,1364
-76.918246202732,-9.409852601164,2706,249,1667
-71.66310179063,-13.542102908116,2729,168,2200
-75.25636292711,-13.407355615498,2699,226,1088
-74.897036813462,-12.778534916614,2729,209,686
-74.58262646402,-12.958197973438,2734,198,1441
-68.878324409858,-16.281964524682,2778,91,1961
-78.310634893118,-8.421705788632,2771,78,749
-69.86647122239,-14.440418192236,2695,219,1375
-68.833408645652,-18.033679328716,2683,46,958
-72.426669782132,-13.94634478597,2719,103,2875
-76.289425503848,-10.308167885284,2725,99,512
-74.897036813462,-12.958197973438,2711,209,737
-76.60383585329,-10.80224129155,2682,144,1381
-70.001218515008,-16.326880288888,2673,58,1054
-76.15467821123,-10.892072819962,2714,180,584
-77.681814194234,-9.859010243224,2789,14,1589
-67.216441134236,-18.303173913952,2704,38,563
-75.436025983934,-13.27260832288,2711,264,1228
-68.249503710974,-16.64129063833,2709,62,838
-66.857115020588,-17.674353215068,2696,112,1339
-75.391110219728,-11.745472339876,2715,202,1089
-73.145322009428,-14.440418192236,2717,94,1756
-68.159672182562,-17.180279808802,2696,55,1168
-69.596976637154,-16.910785223566,2660,84,1581
-76.60383585329,-9.320021072752,2750,580,2129
-70.09105004342,-14.709912777472,2685,74,1674
-76.738583145908,-9.90392600743,2731,170,661
-73.280069302046,-14.979407362708,2693,103,1765
-75.25636292711,-11.9251353967,2755,152,608
-68.249503710974,-15.96755417524,2721,608,4332
-76.873330438526,-9.275105308546,2707,341,1956
-75.840267861788,-10.80224129155,2752,478,1568
-66.857115020588,-17.629437450862,2690,123,1348
-73.23515353784,-15.159070419532,2709,99,2243
-75.570773276552,-11.161567405198,2726,593,3026
-78.355550657324,-6.580159456186,2763,234,1253
-77.681814194234,-9.45476836537,2718,26,1605
-71.752933319042,-15.608228061592,2712,43,238
-69.1927347593,-14.709912777472,2669,904,3836
-74.762289520844,-13.407355615498,2692,198,1457
-68.29441947518,-17.584521686656,2697,34,1050
-76.199593975436,-10.308167885284,2765,120,585
-66.991862313206,-17.135364044596,2762,170,572
-70.001218515008,-16.731122166742,2647,74,1117
-68.249503710974,-17.809100507686,2703,27,631
-77.457235373204,-7.20898015507,2752,553,2404
-67.980009125738,-18.258258149746,2705,33,907
-76.244509739642,-9.724262950606,2746,548,1476
-69.911386986596,-14.305670899618,2678,456,2781
-75.840267861788,-11.9251353967,2681,162,1256
-69.86647122239,-17.180279808802,2661,48,484
-66.363041614322,-18.168426621334,2711,55,735
-73.594479651488,-15.338733476356,2759,43,492
-68.384251003592,-15.96755417524,2673,511,5269
-75.48094174814,-11.880219632494,2719,157,1268
-75.391110219728,-12.868366445026,2677,293,1218
-76.469088560672,-9.724262950606,2713,509,1820
-71.708017554836,-13.137861030262,2784,467,3334
-77.681814194234,-8.242042731808,2726,137,1368
-76.873330438526,-10.263252121078,2703,146,1743
-71.932596375866,-13.901429021764,2781,46,606
-75.750436333376,-12.059882689318,2681,159,1217
-76.558920089084,-11.790388104082,2747,73,1169
-78.714876770972,-6.849654041422,2781,293,2035
-71.977512140072,-15.383649240562,2683,69,615
-69.686808165566,-15.383649240562,2771,61,1387
-70.001218515008,-16.910785223566,2665,43,103
-72.516501310544,-13.137861030262,2787,238,1833
-68.384251003592,-16.326880288888,2719,175,1962
-73.863974236724,-14.126007842794,2729,76,938
-74.941952577668,-13.137861030262,2688,236,1293
-75.795352097582,-10.712409763138,2737,675,2365
-72.067343668484,-15.248901947944,2683,68,544
-66.632536199558,-17.584521686656,2739,80,851
-68.878324409858,-15.74297535421,2728,259,2300
-74.178384586166,-14.170923607,2708,73,660
-69.237650523506,-14.979407362708,2698,322,1921
-68.653745588828,-16.596374874124,2726,69,1741
-68.74357711724,-17.53960592245,2687,48,1147
-78.265719128912,-6.580159456186,2762,220,1300
-73.055490481016,-14.934491598502,2672,127,2219
-68.024924889944,-17.270111337214,2709,60,612
-68.339335239386,-18.393005442364,2699,33,841
-69.776639693978,-14.889575834296,2704,72,807
-69.731723929772,-16.281964524682,2693,71,1088
-72.33683825372,-15.922638411034,2757,38,-72
-73.504648123076,-14.215839371206,2730,79,660
-74.627542228226,-14.126007842794,2712,103,524
-65.913883972262,-18.482836970776,2761,40,404
-69.013071702476,-17.943847800304,2679,37,601
-73.01057471681,-13.003113737644,2734,318,2870
-74.762289520844,-13.04802950185,2723,177,943
-67.39610419106,-17.809100507686,2702,48,643
-73.774142708312,-14.215839371206,2701,111,1848
-71.483438733806,-14.215839371206,2705,53,1023
-67.800346068914,-18.123510857128,2704,41,1162
-76.648751617496,-9.724262950606,2758,219,404
-66.183378557498,-18.393005442364,2698,58,1276
-78.894539827796,-6.849654041422,2772,373,2556
-70.944449563334,-14.485333956442,2689,81,1750
-78.714876770972,-6.714906748804,2773,389,2101
-76.738583145908,-10.038673300048,2727,184,1038
-68.563914060416,-18.033679328716,2708,42,1072
-67.530851483678,-17.898932036098,2706,41,518
-75.660604804964,-10.981904348374,2745,631,2613
-70.046134279214,-16.371796053094,2663,69,1339
-74.852121049256,-12.329377274554,2745,281,1618
-72.696164367368,-13.676850200734,2716,150,3206
-68.608829824622,-16.057385703652,2751,157,2328
-72.291922489514,-15.383649240562,2679,125,1272
-66.138462793292,-18.033679328716,2734,45,968
-67.261356898442,-18.43792120657,2702,34,626
-69.327482051918,-18.393005442364,2694,34,493
-76.82841467432,-9.23018954434,2719,427,2173
-66.946946549,-17.225195573008,2722,212,1205
-73.324985066252,-14.575165484854,2690,116,1736
-71.079196855952,-13.49718714391,2683,1578,6368
-68.923240174064,-14.709912777472,2757,1076,3050
-76.558920089084,-9.724262950606,2714,369,1390
-78.490297949942,-6.894569805628,2757,210,1916
-66.812199256382,-18.393005442364,2697,62,2228
-69.41731358033,-18.21334238554,2690,43,732
-73.729226944106,-13.49718714391,2747,106,724
-66.003715500674,-17.225195573008,2712,648,3850
-73.324985066252,-13.49718714391,2774,86,904
-69.1927347593,-15.383649240562,2710,211,1481
-69.731723929772,-16.910785223566,2694,52,280
-67.441019955266,-17.98876356451,2704,43,450
-73.863974236724,-15.563312297386,2749,16,123
-76.064846682818,-10.847157055756,2699,272,1226
-71.258859912776,-13.856513257558,2669,230,2445
-75.391110219728,-11.341230462022,2747,515,3285
-66.991862313206,-18.482836970776,2708,47,1725
-77.008077731144,-9.140358015928,2753,255,1590
-77.457235373204,-10.263252121078,2784,11,1265
-76.424172796466,-9.769178714812,2724,484,1646
-68.96815593827,-16.596374874124,2728,122,3108
-71.483438733806,-15.832806882622,2691,57,470
-66.228294321704,-18.43792120657,2740,33,56
-75.885183625994,-11.431061990434,2700,246,1205
-68.384251003592,-16.686206402536,2708,52,1239
-75.436025983934,-13.003113737644,2700,261,859
-68.833408645652,-18.43792120657,2691,33,215
-67.935093361532,-16.506543345712,2688,373,2581
-67.306272662648,-17.809100507686,2705,50,692
-75.121615634492,-11.745472339876,2733,376,2172
-69.013071702476,-18.258258149746,2670,48,703
-73.953805765136,-13.991260550176,2731,78,875
-67.17152537003,-17.943847800304,2711,45,242
-73.324985066252,-14.62008124906,2683,134,2181
-70.001218515008,-14.260755135412,2681,418,2886
-70.360544628656,-16.686206402536,2683,35,-59
-68.06984065415,-16.461627581506,2709,267,1594
-70.719870742304,-16.776037930948,2780,21,-135
-77.322488080586,-8.870863430692,2764,97,1093
-75.121615634492,-12.104798453524,2736,176,922
-75.301278691316,-12.14971421773,2709,190,1670
-69.147818995094,-17.225195573008,2664,75,1592
-74.672457992432,-14.036176314382,2710,102,348
-68.653745588828,-18.348089678158,2696,33,282
-69.507145108742,-15.383649240562,2749,73,1458
-76.60383585329,-10.083589064254,2716,169,691
-72.696164367368,-14.170923607,2707,77,1764
-74.762289520844,-13.452271379704,2688,181,1265
-67.39610419106,-17.629437450862,2710,55,205
-70.09105004342,-15.473480768974,2712,40,1019
-67.17152537003,-18.258258149746,2706,39,540
-73.324985066252,-14.979407362708,2746,71,446
-69.1927347593,-17.98876356451,2686,44,1019
-69.102903230888,-14.664997013266,2718,832,3218
-69.731723929772,-17.584521686656,2697,31,156
-76.289425503848,-10.12850482846,2772,99,506
-71.258859912776,-15.832806882622,2688,44,140
-73.998721529342,-14.934491598502,2727,75,1356
-76.648751617496,-9.859010243224,2732,244,1041
-74.627542228226,-13.04802950185,2707,197,1305
-77.05299349535,-9.095442251722,2719,259,2066
-76.873330438526,-10.083589064254,2696,154,1374
-70.450376157068,-13.811597493352,2730,710,3642
-74.088553057754,-14.39550242803,2696,86,1013
-72.381754017926,-13.72176596494,2755,100,1972
-69.956302750802,-16.102301467858,2703,58,1097
-69.057987466682,-15.06923889112,2701,662,2268
-72.33683825372,-14.081092078588,2701,90,2632
-69.507145108742,-17.629437450862,2688,29,-38
-75.436025983934,-11.655640811464,2689,266,1644
-70.270713100244,-16.776037930948,2661,52,689
-68.114756418356,-17.449774394038,2701,46,427
-74.13346882196,-12.688703388202,2722,231,1703
-71.483438733806,-15.698059590004,2658,85,1652
-77.50215113741,-9.814094479018,2717,29,1948
-68.29441947518,-16.506543345712,2712,92,851
-67.39610419106,-18.078595092922,2701,43,439
-70.046134279214,-17.000616751978,2665,55,335
-76.82841467432,-9.90392600743,2727,170,939
-68.833408645652,-18.43792120657,2691,33,215
-71.483438733806,-15.338733476356,2698,49,252
-76.693667381702,-9.90392600743,2728,202,1054
-76.199593975436,-11.610725047258,2676,198,1653
-73.01057471681,-13.27260832288,2759,255,2321
-69.552060872948,-14.979407362708,2688,121,2442
-73.369900830458,-14.170923607,2718,130,2188
-72.426669782132,-14.350586663824,2687,83,2049
-70.630039213892,-16.102301467858,2690,35,434
-69.057987466682,-14.979407362708,2653,901,3406
-73.23515353784,-14.350586663824,2693,99,1931
-70.674954978098,-16.371796053094,2689,52,851
-67.935093361532,-16.551459109918,2712,289,1818
-77.547066901616,-7.478474740306,2747,306,1695
-72.022427904278,-14.260755135412,2739,53,981
-73.953805765136,-13.27260832288,2730,66,855
-70.809702270716,-13.49718714391,2693,2200,7901
-72.291922489514,-14.036176314382,2712,75,1942
-69.147818995094,-18.527752734982,2688,31,226
-73.01057471681,-14.934491598502,2669,139,2477
-70.001218515008,-14.39550242803,2700,171,1340
-77.097909259556,-10.712409763138,2693,30,877
-68.698661353034,-15.114154655326,2729,1114,2886
-70.270713100244,-14.979407362708,2692,47,2282
-74.088553057754,-14.799744305884,2727,96,1428
-75.9300993902,-11.02682011258,2699,403,1726
-70.450376157068,-15.74297535421,2686,44,1505
-70.135965807626,-15.74297535421,2710,49,1458
-67.755430304708,-18.303173913952,2698,39,1221
-70.135965807626,-14.889575834296,2703,42,806
-72.11225943269,-13.227692558674,2730,228,2912
-76.334341268054,-10.981904348374,2705,160,776
-68.024924889944,-18.21334238554,2705,35,1006
-68.339335239386,-16.686206402536,2707,52,1010
-70.270713100244,-15.698059590004,2711,39,896
-73.953805765136,-13.362439851292,2724,75,1307
-76.60383585329,-11.116651640992,2694,129,898
-68.384251003592,-16.371796053094,2720,145,1691
-69.102903230888,-17.270111337214,2675,77,1622
-68.923240174064,-16.86586945936,2705,79,1645
-68.563914060416,-17.629437450862,2697,37,1099
-76.873330438526,-9.364936836958,2711,307,1828
-76.019930918612,-11.431061990434,2713,152,426
-73.774142708312,-13.587018672322,2767,69,343
-72.56141707475,-14.709912777472,2674,123,2733
-75.03178410608,-13.856513257558,2718,119,793
-67.306272662648,-17.180279808802,2686,234,1491
-74.537710699814,-14.350586663824,2700,102,831
-66.363041614322,-17.98876356451,2720,46,794
-67.710514540502,-17.31502710142,2697,78,437
-71.66310179063,-13.901429021764,2741,62,696
-76.918246202732,-8.960694959104,2731,508,2485
-69.462229344536,-15.51839653318,2772,68,1194
-68.698661353034,-17.898932036098,2699,42,964
-75.211447162904,-13.003113737644,2675,269,1151
-71.752933319042,-14.934491598502,2684,50,1026
-67.126609605824,-17.629437450862,2716,94,550
-73.055490481016,-14.709912777472,2675,135,2332
-68.698661353034,-17.98876356451,2698,40,950
-74.941952577668,-13.27260832288,2685,203,1119
-75.166531398698,-12.104798453524,2759,142,442
-68.249503710974,-18.393005442364,2700,34,935
-70.270713100244,-14.215839371206,2690,250,2210
-74.897036813462,-11.9251353967,2757,451,1812
-71.618186026424,-15.653143825798,2730,36,-165
-69.596976637154,-17.135364044596,2679,53,559
-69.41731358033,-16.910785223566,2687,64,838
-76.064846682818,-11.745472339876,2674,154,1221
-71.079196855952,-14.215839371206,2685,114,1837
-76.424172796466,-9.499684129576,2729,664,1976
-68.384251003592,-17.629437450862,2695,34,1225
-65.689305151232,-17.898932036098,2766,56,1010
-77.05299349535,-10.532746706314,2713,49,1307
-76.918246202732,-9.140358015928,2788,223,628
-69.507145108742,-15.29381771215,2719,90,2144
-74.492794935608,-13.182776794468,2702,180,1552
-70.944449563334,-14.440418192236,2666,118,3321
-69.013071702476,-17.180279808802,2685,65,1176
-66.318125850116,-18.078595092922,2725,46,704
-72.157175196896,-13.137861030262,2712,243,3142
-70.809702270716,-14.799744305884,2707,36,728
-77.771645722646,-6.939485569834,2742,363,2238
-67.441019955266,-17.31502710142,2696,123,1483
-67.890177597326,-17.045532516184,2686,99,974
-71.4385229696,-14.440418192236,2714,45,315
-71.258859912776,-14.440418192236,2714,56,920
-69.013071702476,-16.461627581506,2762,94,1699
-72.291922489514,-14.305670899618,2703,75,1932
-66.093547029086,-17.045532516184,2746,612,4005
-76.918246202732,-8.376790024426,2761,760,2933
-70.450376157068,-16.86586945936,2669,40,548
-76.334341268054,-10.892072819962,2708,150,585
-66.183378557498,-18.348089678158,2712,59,1300
-67.306272662648,-17.719268979274,2710,48,173
-76.82841467432,-10.308167885284,2699,132,1261
-68.159672182562,-17.135364044596,2702,53,1081
-69.507145108742,-16.820953695154,2672,87,1604
-69.507145108742,-14.754828541678,2678,246,2655
-73.594479651488,-15.203986183738,2738,73,1382
-69.552060872948,-16.4167118173,2692,101,1491
-68.698661353034,-17.629437450862,2690,48,1409
-71.079196855952,-15.832806882622,2681,48,344
-77.05299349535,-8.376790024426,2752,633,2804
-70.98936532754,-15.51839653318,2691,54,434
-77.816561486852,-6.849654041422,2755,306,2072
-67.216441134236,-18.393005442364,2704,36,697
-73.45973235887,-13.587018672322,2778,89,698
-76.693667381702,-11.610725047258,2803,72,899
-70.854618034922,-13.542102908116,2758,1436,4898
-75.570773276552,-12.014966925112,2727,113,364
-77.097909259556,-9.45476836537,2703,160,1571
-70.54020768548,-13.856513257558,2706,630,3349
-73.369900830458,-14.215839371206,2724,118,1980
-68.249503710974,-18.348089678158,2704,35,1057
-72.471585546338,-13.407355615498,2740,262,3192
-75.885183625994,-11.02682011258,2703,455,1734
-74.088553057754,-15.06923889112,2758,38,825
-67.036778077412,-18.348089678158,2715,48,1356
-67.441019955266,-17.270111337214,2703,139,1617
-76.558920089084,-10.397999413696,2700,177,914
-72.78599589578,-15.338733476356,2672,113,2294
-74.402963407196,-13.407355615498,2736,108,929
-69.64189240136,-17.000616751978,2693,43,-68
-75.840267861788,-11.071735876786,2709,470,1697
-67.84526183312,-18.258258149746,2705,36,872
-71.393607205394,-15.922638411034,2678,56,474
-72.920743188398,-13.542102908116,2700,162,3040
-69.237650523506,-17.584521686656,2679,40,948
-70.405460392862,-16.147217232064,2698,39,441
-71.977512140072,-12.913282209232,2747,376,3697
-71.348691441188,-14.889575834296,2681,51,1302
-78.40046642153,-7.927632382366,2740,145,1141
-67.081693841618,-18.21334238554,2714,45,764
-70.31562886445,-14.305670899618,2697,133,1334
-76.963161966938,-10.173420592666,2699,104,1288
-68.833408645652,-18.527752734982,2695,26,-18
-74.58262646402,-13.137861030262,2693,196,1420
-76.469088560672,-9.724262950606,2713,509,1820
-73.324985066252,-14.305670899618,2698,108,2097
-71.842764847454,-14.979407362708,2677,69,1488
-75.975015154406,-12.104798453524,2694,123,1090
-68.06984065415,-18.258258149746,2706,34,976
-74.088553057754,-13.04802950185,2723,75,1101
-70.674954978098,-17.180279808802,2768,21,-215
-69.86647122239,-14.215839371206,2688,622,3058
-72.741080131574,-15.159070419532,2723,80,923
-76.37925703226,-10.847157055756,2701,146,617
-70.31562886445,-16.776037930948,2652,51,841
-67.710514540502,-17.09044828039,2723,98,738
-77.008077731144,-8.466621552838,2764,654,2752
-69.057987466682,-15.024323126914,2685,742,2512
-70.225797336038,-17.09044828039,2661,54,271
-72.022427904278,-14.664997013266,2705,47,353
-75.301278691316,-12.913282209232,2667,326,1443
-68.563914060416,-17.719268979274,2697,40,1495
-72.516501310544,-13.317524087086,2718,284,3315
-70.98936532754,-15.653143825798,2681,55,871
-73.549563887282,-13.27260832288,2704,162,1307
-77.187740787968,-9.23018954434,2728,159,1528
-69.1927347593,-14.799744305884,2690,703,2949
-76.334341268054,-10.487830942108,2709,159,860
-66.72236772797,-17.719268979274,2712,81,701
-71.124112620158,-14.889575834296,2697,46,970
-69.147818995094,-18.078595092922,2671,51,1115
-66.72236772797,-16.86586945936,2733,496,3671
-74.492794935608,-13.901429021764,2700,110,1177
-75.076699870286,-13.362439851292,2683,244,1313
-76.918246202732,-11.161567405198,2779,41,721
-76.109762447024,-12.329377274554,2755,62,976
-72.830911659986,-13.092945266056,2788,268,1839
-77.142825023762,-8.646284609662,2739,386,2952
-68.608829824622,-18.482836970776,2692,28,381
-69.102903230888,-18.303173913952,2668,51,1007
-71.4385229696,-14.485333956442,2713,44,250
-68.114756418356,-17.943847800304,2704,31,1321
-70.944449563334,-14.530249720648,2691,75,1893
-70.630039213892,-14.754828541678,2700,55,1997
-69.64189240136,-17.584521686656,2695,31,92
-76.244509739642,-11.745472339876,2712,132,859
-69.1927347593,-18.21334238554,2681,46,799
-77.591982665822,-7.164064390864,2738,567,2662
-75.795352097582,-11.745472339876,2700,171,1048
-70.630039213892,-16.820953695154,2708,30,737
-69.102903230888,-17.225195573008,2678,76,1479
-74.852121049256,-13.49718714391,2727,143,490
-70.270713100244,-16.686206402536,2671,41,135
-73.369900830458,-14.84466007009,2726,91,870
-68.204587946768,-16.012469939446,2737,677,4173
-69.41731358033,-16.776037930948,2673,94,1612
-71.21394414857,-16.4167118173,2691,48,169
-67.261356898442,-17.09044828039,2675,323,1860
-74.852121049256,-14.036176314382,2724,100,851
-74.492794935608,-14.709912777472,2732,68,701
-71.618186026424,-14.709912777472,2695,50,790
-66.363041614322,-17.943847800304,2719,46,832
-75.391110219728,-13.49718714391,2741,169,1047
-73.639395415694,-15.338733476356,2762,38,328
-75.570773276552,-12.868366445026,2700,234,964
-74.80720528505,-11.610725047258,2743,1095,3952
-70.31562886445,-15.024323126914,2709,36,1161
-68.608829824622,-18.43792120657,2694,30,315
-73.45973235887,-15.024323126914,2699,100,1690
-65.913883972262,-17.270111337214,2750,650,3715
-68.384251003592,-15.74297535421,2805,397,3026
-70.944449563334,-13.991260550176,2667,242,1797
-72.516501310544,-13.407355615498,2738,276,3399
-72.202090961102,-15.608228061592,2691,98,911
-72.830911659986,-14.709912777472,2662,164,3548
-73.639395415694,-13.676850200734,2749,100,886
-71.4385229696,-13.362439851292,2728,696,4731
-70.001218515008,-15.877722646828,2717,60,1874
-66.677451963764,-16.910785223566,2727,493,3925
-77.27757231638,-9.409852601164,2703,122,2179
-69.1927347593,-15.608228061592,2738,129,1132
-76.873330438526,-11.02682011258,2715,53,1080
-68.024924889944,-16.237048760476,2707,729,3891
-76.60383585329,-9.364936836958,2743,554,2095
-67.39610419106,-17.898932036098,2706,42,222
-73.863974236724,-14.979407362708,2727,83,1251
-70.046134279214,-14.215839371206,2696,444,2948
-67.306272662648,-18.123510857128,2702,42,334
-68.608829824622,-16.506543345712,2723,85,2608
-70.809702270716,-15.473480768974,2669,78,2214
-68.51899829621,-15.877722646828,2677,431,5175
-77.457235373204,-9.544599893782,2724,34,1200
-74.897036813462,-12.104798453524,2763,385,2183
-77.50215113741,-8.062379674984,2737,315,2129
-72.965658952604,-14.036176314382,2711,136,3501
-73.549563887282,-15.29381771215,2755,50,628
-66.27321008591,-18.123510857128,2716,49,859
-72.651248603162,-14.485333956442,2669,125,3756
-67.935093361532,-18.21334238554,2707,33,755
-71.303775676982,-15.024323126914,2688,47,1095
-68.474082532004,-17.225195573008,2704,58,1793
-67.485935719472,-18.168426621334,2699,41,551
-73.639395415694,-15.51839653318,2768,31,367
-69.327482051918,-16.820953695154,2683,75,932
-74.717373756638,-14.305670899618,2728,85,815
-67.665598776296,-18.303173913952,2694,40,1120
-72.067343668484,-15.832806882622,2717,54,561
-73.549563887282,-14.39550242803,2686,114,2003
-75.840267861788,-12.643787623996,2725,94,1411
-66.27321008591,-17.76418474348,2762,36,24
-66.812199256382,-18.482836970776,2687,60,2392
-70.76478650651,-15.159070419532,2691,48,1488
-71.4385229696,-16.147217232064,2705,45,-123
-76.334341268054,-9.769178714812,2754,470,1313
-68.51899829621,-16.64129063833,2710,61,1744
-75.795352097582,-11.206483169404,2705,452,1669
-70.405460392862,-14.799744305884,2704,40,1199
-71.797849083248,-13.631934436528,2731,112,1818
-74.447879171402,-13.901429021764,2707,98,1078
-74.897036813462,-13.362439851292,2683,191,1104
-72.920743188398,-13.003113737644,2718,330,2584
-75.570773276552,-12.913282209232,2711,234,753
-68.024924889944,-16.4167118173,2696,399,2534
-68.51899829621,-17.225195573008,2704,54,1764
-69.237650523506,-17.135364044596,2686,62,865
-71.4385229696,-13.766681729146,2687,184,2501
-76.109762447024,-11.431061990434,2701,169,928
-71.303775676982,-15.787891118416,2690,42,68
-75.70552056917,-11.341230462022,2725,343,1252
-75.840267861788,-10.487830942108,2722,702,2320
-75.840267861788,-12.059882689318,2684,141,994
-72.830911659986,-14.036176314382,2695,105,2981
-71.169028384364,-13.49718714391,2663,1156,5397
-76.783498910114,-9.320021072752,2720,384,1867
-74.897036813462,-14.260755135412,2769,56,649
-69.372397816124,-17.225195573008,2655,73,1571
-68.474082532004,-17.943847800304,2700,44,1949
-68.698661353034,-18.348089678158,2695,33,274
-73.90889000093,-15.473480768974,2747,19,440
-72.920743188398,-15.024323126914,2667,104,1729
-73.45973235887,-14.440418192236,2682,106,1840
-70.674954978098,-14.260755135412,2671,145,1859
-71.528354498012,-13.72176596494,2705,127,1602
-68.024924889944,-18.527752734982,2692,29,708
-71.303775676982,-13.856513257558,2657,216,2731
-68.024924889944,-17.629437450862,2699,39,755
-72.78599589578,-14.664997013266,2664,160,3812
-69.013071702476,-18.123510857128,2680,38,305
-67.081693841618,-18.303173913952,2713,44,968
-69.282566287712,-17.135364044596,2675,66,1076
-67.755430304708,-18.43792120657,2697,33,924
-71.88768061166,-14.081092078588,2712,62,2017
-74.627542228226,-12.868366445026,2748,172,972
-71.079196855952,-16.281964524682,2695,38,4
-72.56141707475,-13.811597493352,2781,64,672
-73.774142708312,-13.72176596494,2756,85,852
-78.714876770972,-6.894569805628,2780,279,2197
-75.391110219728,-12.688703388202,2695,227,825
-67.351188426854,-17.180279808802,2694,191,1048
-70.360544628656,-14.979407362708,2712,34,988
-68.51899829621,-17.404858629832,2696,37,889
-75.795352097582,-11.565809283052,2698,220,1115
-71.483438733806,-15.159070419532,2684,56,808
-78.535213714148,-6.98440133404,2760,194,2047
-71.348691441188,-15.159070419532,2677,80,1815
-72.067343668484,-14.709912777472,2686,63,1066
-72.516501310544,-15.428565004768,2676,113,1102
-74.897036813462,-14.260755135412,2769,56,649
-71.124112620158,-15.29381771215,2670,94,2353
-74.941952577668,-11.565809283052,2706,1046,4380
-70.854618034922,-14.62008124906,2699,53,1036
-75.436025983934,-11.790388104082,2744,137,318
-75.660604804964,-12.868366445026,2711,217,1300
-75.750436333376,-10.892072819962,2724,698,2544
-70.98936532754,-14.709912777472,2680,60,1833
-76.558920089084,-9.634431422194,2702,460,1882
-69.237650523506,-16.4167118173,2736,103,1530
-75.03178410608,-12.104798453524,2711,288,2004
-71.258859912776,-14.485333956442,2703,67,1563
-69.776639693978,-16.19213299627,2701,72,1077
-69.41731358033,-17.270111337214,2653,68,1459
-71.932596375866,-14.036176314382,2719,66,2169
-67.036778077412,-18.527752734982,2718,38,1291
-76.469088560672,-10.757325527344,2694,138,717
-71.797849083248,-15.159070419532,2676,82,1511
-71.932596375866,-12.688703388202,2756,566,4435
-69.86647122239,-15.922638411034,2734,80,2109
-74.986868341874,-12.913282209232,2690,265,1203
-77.816561486852,-8.33187426022,2737,99,1342
-75.391110219728,-12.104798453524,2699,170,1441
-70.225797336038,-15.383649240562,2712,45,1411
-70.809702270716,-16.19213299627,2701,35,1
-77.681814194234,-8.646284609662,2741,93,1663
-71.169028384364,-14.62008124906,2678,90,2951
-68.429166767798,-18.258258149746,2695,43,1445
-67.216441134236,-18.258258149746,2704,39,491
-68.653745588828,-17.629437450862,2686,47,1576
-68.563914060416,-16.686206402536,2679,94,3254
-68.474082532004,-17.31502710142,2701,48,1519
-66.902030784794,-18.303173913952,2691,69,2274
-71.483438733806,-16.102301467858,2701,54,101
-71.932596375866,-14.530249720648,2694,59,1765
-72.696164367368,-14.260755135412,2700,111,2970
-70.630039213892,-15.248901947944,2712,38,756
-66.812199256382,-17.53960592245,2722,102,760
-69.596976637154,-18.21334238554,2757,20,230
-72.651248603162,-14.530249720648,2668,131,3851
-73.819058472518,-14.350586663824,2694,85,1341
-73.23515353784,-14.799744305884,2694,113,1485
-74.447879171402,-14.530249720648,2701,74,610
-75.211447162904,-11.565809283052,2731,473,2730
-66.318125850116,-18.527752734982,2705,37,601
-74.58262646402,-12.913282209232,2783,151,772
-69.013071702476,-15.383649240562,2722,438,1345
-70.09105004342,-17.135364044596,2660,51,351
-71.169028384364,-13.407355615498,2699,1326,6540
-73.594479651488,-15.203986183738,2738,73,1382
-69.147818995094,-18.078595092922,2671,51,1115
-77.232656552174,-9.769178714812,2670,90,2247
-75.25636292711,-12.14971421773,2764,147,823
-73.819058472518,-14.84466007009,2695,108,1557
-77.05299349535,-9.948841771636,2704,110,1246
-77.412319608998,-9.23018954434,2680,107,2351
-72.471585546338,-13.227692558674,2727,239,2427
-69.1927347593,-15.338733476356,2701,232,1585
-67.306272662648,-17.854016271892,2694,57,958
-73.23515353784,-15.653143825798,2766,20,568
-72.202090961102,-15.608228061592,2691,98,911
-75.660604804964,-12.778534916614,2711,164,1104
-73.953805765136,-13.182776794468,2718,79,1187
-78.40046642153,-6.939485569834,2744,184,1933
-71.618186026424,-15.877722646828,2696,64,735
-73.549563887282,-13.27260832288,2704,162,1307
-74.447879171402,-14.799744305884,2734,66,655
-76.693667381702,-10.847157055756,2703,92,881
-73.23515353784,-14.979407362708,2677,130,2532
-75.25636292711,-12.733619152408,2694,253,938
-71.034281091746,-16.19213299627,2700,33,-282
-68.474082532004,-16.64129063833,2706,59,1737
-67.890177597326,-16.461627581506,2687,475,3147
-73.639395415694,-13.676850200734,2749,100,886
-68.833408645652,-17.494690158244,2684,50,1139
-72.022427904278,-12.553956095584,2761,537,4518
-71.124112620158,-13.94634478597,2664,245,2373
-66.49778890694,-18.43792120657,2709,39,762
-76.064846682818,-10.173420592666,2709,252,1479
-68.653745588828,-16.910785223566,2707,80,2334
-70.001218515008,-16.19213299627,2684,54,1043
-69.013071702476,-18.123510857128,2680,38,305
-69.327482051918,-16.371796053094,2729,132,2511
-69.237650523506,-15.96755417524,2794,111,2208
-68.06984065415,-17.135364044596,2704,57,785
-77.50215113741,-9.320021072752,2717,66,1975
-66.767283492176,-18.258258149746,2689,62,1550
-74.178384586166,-12.643787623996,2731,273,1857
-71.303775676982,-16.371796053094,2712,32,65
-71.483438733806,-16.281964524682,2752,30,-37
-74.58262646402,-12.778534916614,2735,223,1680
-70.944449563334,-16.4167118173,2688,47,262
-72.247006725308,-15.203986183738,2687,89,1130
-75.48094174814,-11.70055657567,2740,167,404
-68.29441947518,-16.64129063833,2710,55,820
-69.956302750802,-16.19213299627,2695,54,930
-67.351188426854,-17.494690158244,2704,93,774
-77.50215113741,-8.197126967602,2758,175,1025
-70.180881571832,-15.563312297386,2711,39,955
-68.74357711724,-17.76418474348,2698,43,914
-74.447879171402,-14.530249720648,2701,74,610
-70.046134279214,-17.045532516184,2670,53,287
-65.644389387026,-17.270111337214,2722,965,5294
-69.86647122239,-17.674353215068,2734,20,174
-77.996224543676,-7.927632382366,2724,119,1523
-76.289425503848,-11.610725047258,2674,219,1995
-71.258859912776,-14.664997013266,2704,66,1520
-74.762289520844,-13.991260550176,2702,115,897
-72.202090961102,-14.709912777472,2679,82,1495
-73.504648123076,-14.664997013266,2689,129,1827
-72.741080131574,-13.94634478597,2700,113,3447
-70.98936532754,-15.338733476356,2671,86,2213
-70.54020768548,-16.506543345712,2676,52,898
-68.96815593827,-17.53960592245,2686,51,1104
-72.067343668484,-14.575165484854,2683,68,1828
-68.06984065415,-18.482836970776,2693,32,835
-75.391110219728,-12.239545746142,2722,162,863
-69.507145108742,-14.889575834296,2695,134,1750
-65.734220915438,-17.404858629832,2759,443,2908
-73.145322009428,-14.62008124906,2676,128,2351
-68.96815593827,-16.461627581506,2764,93,1834
-69.596976637154,-14.170923607,2759,1100,3863
-75.525857512346,-11.386146226228,2764,293,1143
-70.270713100244,-14.440418192236,2681,126,2444
-71.618186026424,-13.542102908116,2725,214,2652
-69.147818995094,-18.303173913952,2669,52,1066
-75.9300993902,-9.90392600743,2757,823,2220
-69.013071702476,-17.809100507686,2690,42,960
-69.64189240136,-14.126007842794,2718,1223,4567
-70.001218515008,-14.709912777472,2691,82,1515
-73.414816594664,-13.631934436528,2757,84,630
-68.204587946768,-18.033679328716,2701,34,1750
-72.606332838956,-13.676850200734,2751,105,1841
-69.956302750802,-14.754828541678,2699,67,864
-69.821555458184,-16.19213299627,2699,62,730
-70.495291921274,-15.29381771215,2714,38,1018
-71.573270262218,-14.305670899618,2707,56,1154
-66.946946549,-17.31502710142,2755,138,244
-75.885183625994,-10.622578234726,2728,460,1228
-74.852121049256,-12.14971421773,2753,401,2308
-75.615689040758,-12.419208802966,2682,186,1107
-70.54020768548,-13.631934436528,2715,1321,6259
-77.72672995844,-7.119148626658,2734,490,2702
-72.11225943269,-13.27260832288,2761,151,1327
-73.504648123076,-13.676850200734,2736,122,1608
-67.800346068914,-17.31502710142,2708,78,277
-71.842764847454,-15.608228061592,2736,40,-224
-72.78599589578,-15.338733476356,2672,113,2294
-68.249503710974,-18.303173913952,2708,35,1055
-71.169028384364,-14.126007842794,2694,106,1201
-70.719870742304,-16.955700987772,2727,25,467
-67.710514540502,-17.674353215068,2703,45,668
-71.708017554836,-14.126007842794,2741,48,583
-76.334341268054,-10.442915177902,2718,149,801
-67.84526183312,-18.303173913952,2703,35,869
-69.147818995094,-16.596374874124,2707,117,2257
-70.809702270716,-13.811597493352,2655,890,4532
-68.74357711724,-18.21334238554,2693,35,404
-70.360544628656,-15.563312297386,2711,39,1089
-68.384251003592,-17.045532516184,2683,77,2642
-70.899533799128,-13.72176596494,2640,896,4130
-70.225797336038,-15.51839653318,2710,39,938
-70.809702270716,-15.96755417524,2673,52,1117
-76.424172796466,-9.589515657988,2765,581,1619
-71.66310179063,-14.305670899618,2727,39,140
-76.963161966938,-8.915779194898,2719,480,2656
-73.23515353784,-14.979407362708,2677,130,2532
-72.33683825372,-14.979407362708,2663,134,2495
-70.98936532754,-15.787891118416,2678,52,730
-77.547066901616,-9.859010243224,2720,27,2017
-73.504648123076,-13.991260550176,2726,128,1936
-77.457235373204,-10.218336356872,2776,13,1395
-71.66310179063,-14.889575834296,2679,52,1484
-73.549563887282,-15.383649240562,2751,50,807
-68.878324409858,-17.135364044596,2696,57,1297
-76.514004324878,-10.173420592666,2710,197,1017
-73.190237773634,-13.856513257558,2705,148,2777
-77.412319608998,-9.23018954434,2680,107,2351
-69.956302750802,-15.383649240562,2720,57,1914
-73.639395415694,-15.428565004768,2746,44,867
-75.301278691316,-13.317524087086,2714,215,959
-75.121615634492,-12.194629981936,2756,165,602
-74.178384586166,-12.643787623996,2731,273,1857
-71.483438733806,-14.485333956442,2708,46,435
-72.78599589578,-14.754828541678,2656,150,3127
-71.21394414857,-14.170923607,2696,93,1303
-71.348691441188,-15.338733476356,2687,74,1015
-68.339335239386,-18.482836970776,2694,31,627
-72.291922489514,-13.27260832288,2753,169,1923
-73.45973235887,-13.317524087086,2716,163,1440
-77.816561486852,-9.185273780134,2752,39,1219
-69.282566287712,-16.147217232064,2781,116,2168
-71.708017554836,-15.51839653318,2650,94,2037
-70.31562886445,-15.832806882622,2702,41,1187
-77.05299349535,-10.532746706314,2713,49,1307
-71.303775676982,-14.305670899618,2710,51,758
-68.608829824622,-16.731122166742,2687,104,3295
-69.86647122239,-15.787891118416,2749,62,1390
-71.393607205394,-13.766681729146,2698,204,2361
-71.169028384364,-14.081092078588,2686,124,1445
-70.225797336038,-14.440418192236,2686,113,1846
-71.303775676982,-15.787891118416,2690,42,68
-71.393607205394,-15.563312297386,2706,40,-145
-68.96815593827,-18.258258149746,2680,39,267
-66.003715500674,-17.270111337214,2702,576,3683
-77.591982665822,-7.388643211894,2743,402,2127
-69.507145108742,-16.551459109918,2674,117,1960
-69.596976637154,-14.485333956442,2683,529,2767
-74.492794935608,-14.036176314382,2719,79,415
-72.920743188398,-15.248901947944,2742,75,1212
-69.102903230888,-15.653143825798,2741,156,1022
-70.270713100244,-15.563312297386,2710,37,842
-73.863974236724,-13.587018672322,2742,79,1147
-68.384251003592,-17.943847800304,2704,33,1603
-70.54020768548,-13.72176596494,2697,1065,5666
-70.001218515008,-14.530249720648,2676,138,2048
-77.322488080586,-9.409852601164,2667,119,2874
-76.15467821123,-11.520893518846,2684,177,1173
-72.516501310544,-14.081092078588,2723,84,2162
-68.878324409858,-16.910785223566,2705,73,1664
-68.474082532004,-15.922638411034,2687,404,4637
-73.01057471681,-14.664997013266,2667,160,3253
-76.648751617496,-8.736116138074,2754,1083,3200
-69.327482051918,-15.248901947944,2702,129,1666
-73.01057471681,-14.934491598502,2669,139,2477
-72.381754017926,-13.317524087086,2694,242,3068
-71.21394414857,-15.563312297386,2674,73,1474
-67.84526183312,-16.596374874124,2682,333,2037
-77.412319608998,-7.972548146572,2738,451,2431
-66.812199256382,-17.719268979274,2702,95,1125
-67.575767247884,-17.270111337214,2710,89,962
-68.788492881446,-17.359942865626,2690,51,1117
-68.159672182562,-17.98876356451,2700,32,1551
-73.953805765136,-13.49718714391,2729,71,1447
-74.717373756638,-13.452271379704,2689,199,1528
-70.360544628656,-16.237048760476,2656,63,1727
-76.469088560672,-11.610725047258,2718,117,1100
-67.485935719472,-17.674353215068,2709,46,289
-75.70552056917,-10.57766247052,2759,891,2925
-74.043637293548,-12.913282209232,2751,135,1487
-74.447879171402,-14.62008124906,2714,72,643
-69.507145108742,-18.258258149746,2701,29,590
-72.741080131574,-14.530249720648,2697,80,1755
-71.708017554836,-13.317524087086,2740,298,2656
-71.708017554836,-13.317524087086,2740,298,2656
-74.717373756638,-14.260755135412,2717,96,813
-71.88768061166,-14.081092078588,2712,62,2017
-69.686808165566,-14.530249720648,2687,289,1727
-68.788492881446,-18.393005442364,2682,44,835
-74.088553057754,-14.39550242803,2696,86,1013
-66.587620435352,-18.078595092922,2701,48,764
-67.530851483678,-18.348089678158,2696,37,714
-71.21394414857,-15.96755417524,2683,49,314
-69.102903230888,-18.123510857128,2639,60,1623
-68.249503710974,-18.348089678158,2704,35,1057
-70.405460392862,-15.024323126914,2716,32,1333
-76.693667381702,-10.80224129155,2689,116,1364
-70.854618034922,-15.29381771215,2684,60,1398
-70.630039213892,-17.045532516184,2718,29,280
-76.82841467432,-9.769178714812,2746,174,825
-75.346194455522,-12.82345068082,2671,281,1187
-73.145322009428,-13.901429021764,2773,98,993
-76.15467821123,-11.431061990434,2685,179,1120
-71.348691441188,-15.473480768974,2675,78,1515
-68.339335239386,-17.674353215068,2693,35,1373
-71.348691441188,-16.012469939446,2705,41,-28
-70.809702270716,-15.248901947944,2672,76,2549
-69.552060872948,-14.305670899618,2714,960,3516
-74.537710699814,-12.464124567172,2771,307,2077
-70.76478650651,-15.877722646828,2685,35,349
-70.899533799128,-14.530249720648,2708,55,878
-69.057987466682,-17.045532516184,2697,64,983
-73.280069302046,-14.081092078588,2781,78,497
-73.280069302046,-14.575165484854,2686,112,1676
-71.303775676982,-14.170923607,2706,68,924
-70.899533799128,-14.62008124906,2702,62,1516
-78.310634893118,-7.4335589761,2749,85,1356
-69.507145108742,-15.51839653318,2776,68,1386
-75.750436333376,-12.509040331378,2702,145,1105
-74.223300350372,-14.530249720648,2685,73,696
-73.414816594664,-13.991260550176,2723,141,2315
-71.797849083248,-13.94634478597,2731,56,1055
-70.54020768548,-17.225195573008,2739,29,-167
-74.986868341874,-11.9251353967,2717,442,2595
-71.573270262218,-14.934491598502,2696,42,681
-75.301278691316,-12.284461510348,2729,149,433
-66.72236772797,-17.943847800304,2695,58,923
-69.64189240136,-16.461627581506,2691,71,791
-75.9300993902,-11.835303868288,2689,144,971
-74.986868341874,-13.587018672322,2692,193,1055
-77.008077731144,-8.870863430692,2731,469,2981
-76.783498910114,-9.814094479018,2729,167,635
-76.648751617496,-11.206483169404,2771,104,380
-72.067343668484,-14.62008124906,2700,59,1094
-70.54020768548,-15.96755417524,2701,36,432
-68.653745588828,-16.506543345712,2729,91,2860
-71.88768061166,-15.29381771215,2663,103,1900
-67.126609605824,-17.225195573008,2710,236,1452
-72.741080131574,-14.126007842794,2727,77,1271
-68.249503710974,-16.686206402536,2708,55,789
-71.977512140072,-14.260755135412,2714,67,1838
-70.854618034922,-14.485333956442,2666,96,2766
-70.180881571832,-14.575165484854,2664,107,2761
-75.795352097582,-10.847157055756,2723,627,2301
-71.528354498012,-15.159070419532,2683,55,739
-74.088553057754,-13.587018672322,2742,52,883
-74.897036813462,-11.70055657567,2731,859,3868
-70.674954978098,-16.731122166742,2745,28,653
-76.738583145908,-9.23018954434,2775,419,1478
-66.632536199558,-18.258258149746,2690,51,1238
-76.514004324878,-10.35308364949,2704,185,948
-71.528354498012,-16.057385703652,2706,57,418
-74.941952577668,-14.170923607,2762,57,767
-67.485935719472,-16.820953695154,2684,447,2840
-68.923240174064,-18.078595092922,2658,51,1277
-69.507145108742,-14.575165484854,2679,459,2745
-69.102903230888,-14.934491598502,2679,814,3172
-69.686808165566,-16.955700987772,2696,43,-34
-69.64189240136,-17.584521686656,2695,31,92
-78.40046642153,-7.119148626658,2783,114,1212
-71.21394414857,-14.709912777472,2699,71,1794
-66.767283492176,-18.21334238554,2681,66,1561
-74.941952577668,-13.49718714391,2704,189,923
-67.17152537003,-18.43792120657,2707,35,801
-68.923240174064,-18.482836970776,2689,32,247
-71.618186026424,-16.012469939446,2730,57,325
-66.003715500674,-17.270111337214,2702,576,3683
-68.878324409858,-15.473480768974,2772,360,554
-71.708017554836,-13.182776794468,2751,460,3512
-73.774142708312,-15.428565004768,2757,29,565
-76.064846682818,-11.47597775464,2690,174,1054
-74.088553057754,-14.84466007009,2716,98,1642
-67.036778077412,-17.854016271892,2721,69,564
-72.471585546338,-12.958197973438,2744,352,3034
-70.54020768548,-14.39550242803,2685,104,1721
-67.84526183312,-17.449774394038,2703,54,298
-77.681814194234,-8.601368845456,2732,94,1740
-70.270713100244,-16.012469939446,2681,54,1526
-70.09105004342,-15.06923889112,2692,54,2090
-76.109762447024,-11.610725047258,2682,174,1309
-69.821555458184,-17.943847800304,2742,15,77
-70.944449563334,-13.72176596494,2674,788,3466
-73.190237773634,-13.94634478597,2761,80,516
-72.426669782132,-15.024323126914,2664,118,2096
-67.575767247884,-17.270111337214,2710,89,962
-78.445382185736,-7.029317098246,2772,156,1587
-66.991862313206,-17.584521686656,2699,138,1271
-78.310634893118,-7.703053561336,2734,77,1079
-71.348691441188,-15.024323126914,2684,55,1519
-74.13346882196,-14.036176314382,2699,86,1513
-69.147818995094,-18.078595092922,2671,51,1115
-76.783498910114,-9.00561072331,2747,799,2903
-67.665598776296,-18.303173913952,2694,40,1120
-73.369900830458,-14.62008124906,2684,133,2154
-71.618186026424,-15.51839653318,2675,77,1541
-75.301278691316,-13.452271379704,2714,223,1128
-76.558920089084,-8.78103190228,2735,1004,3304
-66.183378557498,-18.033679328716,2719,49,1191
-67.665598776296,-17.898932036098,2710,36,528
-74.717373756638,-13.587018672322,2738,94,-7
-75.211447162904,-13.676850200734,2709,179,1051
-68.204587946768,-18.348089678158,2705,33,922
-74.043637293548,-13.901429021764,2721,77,1385
-75.70552056917,-12.284461510348,2703,162,1020
-73.863974236724,-14.575165484854,2688,104,1665
-76.693667381702,-11.70055657567,2808,53,452
-70.225797336038,-17.584521686656,2772,20,-584
-77.861477251058,-9.275105308546,2737,28,1477
-66.318125850116,-17.98876356451,2724,41,492
-74.717373756638,-13.182776794468,2691,198,1316
-74.268216114578,-13.227692558674,2738,66,868
-69.64189240136,-17.359942865626,2685,39,167
-73.819058472518,-14.62008124906,2687,115,1713
-69.102903230888,-14.754828541678,2697,891,3142
-72.696164367368,-14.664997013266,2665,138,3385
-71.393607205394,-15.159070419532,2678,76,1573
-76.424172796466,-10.80224129155,2696,142,666
-75.885183625994,-12.733619152408,2822,67,997
-75.525857512346,-11.70055657567,2735,163,373
-72.067343668484,-15.51839653318,2669,82,1066
-76.873330438526,-8.286958496014,2794,766,3335
-68.249503710974,-16.86586945936,2710,45,543
-77.591982665822,-7.298811683482,2753,500,2341
-71.348691441188,-15.383649240562,2670,93,1916
-74.717373756638,-13.407355615498,2677,224,1927
-75.121615634492,-12.82345068082,2689,286,1037
-74.313131878784,-12.778534916614,2771,151,923
-70.76478650651,-14.126007842794,2665,242,2583
-68.429166767798,-16.461627581506,2719,75,1242
-74.13346882196,-12.958197973438,2724,107,1495
-71.034281091746,-15.428565004768,2677,77,1575
-70.31562886445,-15.922638411034,2686,49,1489
-69.686808165566,-14.979407362708,2709,79,1259
-67.081693841618,-18.43792120657,2713,40,1214
-68.698661353034,-17.180279808802,2703,48,1215
-69.731723929772,-14.530249720648,2683,272,1838
-67.710514540502,-17.180279808802,2689,101,1137
-75.346194455522,-11.655640811464,2691,318,2212
-72.157175196896,-14.170923607,2702,67,1843
-68.878324409858,-18.168426621334,2663,56,1188
-71.618186026424,-14.215839371206,2706,57,1380
-66.138462793292,-18.482836970776,2714,41,409
-76.60383585329,-9.859010243224,2748,209,373
-67.890177597326,-17.584521686656,2701,45,577
-70.001218515008,-14.575165484854,2667,132,2393
-73.504648123076,-14.305670899618,2717,82,1131
-70.719870742304,-15.114154655326,2676,55,2477
-72.965658952604,-14.036176314382,2711,136,3501
-73.190237773634,-15.338733476356,2711,73,2297
-68.563914060416,-15.787891118416,2697,361,3731
-72.651248603162,-14.440418192236,2676,120,3588
-66.946946549,-17.359942865626,2738,138,856
-70.54020768548,-17.225195573008,2739,29,-167
-73.504648123076,-14.530249720648,2686,121,1979
-69.686808165566,-15.877722646828,2768,84,1816
-69.327482051918,-14.799744305884,2699,329,1995
-73.01057471681,-15.383649240562,2719,78,2805
-67.036778077412,-18.123510857128,2718,55,811
-74.35804764299,-14.754828541678,2712,76,709
-70.180881571832,-15.159070419532,2703,44,1290
-69.1927347593,-15.608228061592,2738,129,1132
-68.024924889944,-17.898932036098,2704,30,885
-74.762289520844,-13.092945266056,2695,206,1384
-68.339335239386,-17.629437450862,2695,35,1325
-73.504648123076,-14.350586663824,2712,88,1298
-69.507145108742,-16.19213299627,2738,109,1741
-69.821555458184,-14.575165484854,2674,209,2314
-76.019930918612,-11.296314697816,2695,241,1371
-71.977512140072,-12.688703388202,2759,436,3676
-75.211447162904,-13.631934436528,2725,194,934
-69.86647122239,-14.036176314382,2693,1447,5579
-67.935093361532,-17.359942865626,2709,57,457
-78.220803364706,-8.062379674984,2745,150,1130
-69.327482051918,-17.270111337214,2672,57,922
-67.081693841618,-18.258258149746,2714,44,856
-69.102903230888,-17.31502710142,2667,78,1875
-70.135965807626,-17.045532516184,2649,61,553
-73.639395415694,-13.631934436528,2727,120,1492
-77.187740787968,-8.33187426022,2750,489,2717
-73.774142708312,-14.84466007009,2683,119,1779
-73.6843111799,-13.317524087086,2782,115,801
-73.100406245222,-13.227692558674,2675,296,3548
-69.86647122239,-15.74297535421,2752,61,1500
-75.346194455522,-13.49718714391,2726,192,1142
-73.549563887282,-14.305670899618,2717,83,1139
-68.878324409858,-15.96755417524,2766,113,1420
-73.90889000093,-14.979407362708,2709,75,1364
-70.09105004342,-15.832806882622,2704,58,2040
-77.008077731144,-8.960694959104,2745,283,1512
-75.885183625994,-10.936988584168,2688,480,1782
-70.854618034922,-15.922638411034,2663,60,1431
-70.360544628656,-14.530249720648,2694,76,1486
-75.885183625994,-10.80224129155,2723,474,1587
-75.346194455522,-12.239545746142,2722,150,600
-71.348691441188,-16.147217232064,2703,41,14
-68.29441947518,-15.74297535421,2713,577,3940
-72.920743188398,-13.452271379704,2730,187,2605
-75.795352097582,-11.386146226228,2715,291,1086
-68.698661353034,-15.338733476356,2749,856,2337
-75.795352097582,-10.667493998932,2738,656,2268
-68.51899829621,-18.033679328716,2703,48,1572
-67.216441134236,-17.270111337214,2685,227,1512
-73.145322009428,-14.39550242803,2719,81,1344
-70.54020768548,-15.383649240562,2687,57,2114
-68.878324409858,-16.102301467858,2771,100,1854
-77.097909259556,-10.532746706314,2736,36,1208
-66.946946549,-17.943847800304,2705,91,1770
-72.022427904278,-13.811597493352,2718,64,1792
-75.885183625994,-12.014966925112,2688,152,1262
-75.660604804964,-12.733619152408,2687,179,1273
-76.693667381702,-10.35308364949,2707,145,728
-70.180881571832,-15.383649240562,2702,50,1836
-70.225797336038,-14.530249720648,2664,109,2529
-68.384251003592,-18.348089678158,2702,35,912
-77.72672995844,-8.55645308125,2732,84,1631
-72.157175196896,-13.003113737644,2738,252,3134
-71.842764847454,-14.709912777472,2672,73,2108
-71.618186026424,-13.587018672322,2710,181,2478
-69.911386986596,-15.428565004768,2737,54,1655
-70.719870742304,-14.081092078588,2652,315,3080
-74.58262646402,-14.485333956442,2748,63,490
-75.25636292711,-12.464124567172,2715,243,1116
-73.414816594664,-15.248901947944,2773,48,270
-78.265719128912,-7.20898015507,2797,83,708
-71.618186026424,-14.170923607,2716,47,757
-68.51899829621,-16.64129063833,2710,61,1744
-70.180881571832,-16.102301467858,2688,51,1364
-69.462229344536,-17.898932036098,2684,42,740
-70.450376157068,-15.338733476356,2718,37,1070
-72.247006725308,-16.012469939446,2773,16,-303
-73.819058472518,-13.003113737644,2715,128,1281
-71.797849083248,-14.126007842794,2719,54,1508
-68.74357711724,-15.96755417524,2760,125,1486
-69.057987466682,-16.596374874124,2729,116,2369
-67.980009125738,-16.461627581506,2689,368,2456
-77.95130877947,-9.364936836958,2799,19,703
-68.878324409858,-16.102301467858,2771,100,1854
-68.51899829621,-16.64129063833,2710,61,1744
-67.306272662648,-17.135364044596,2676,262,1640
-70.809702270716,-16.237048760476,2689,43,384
-67.890177597326,-18.033679328716,2708,38,964
-68.96815593827,-17.943847800304,2673,39,841
-69.102903230888,-18.168426621334,2663,58,1327
-73.729226944106,-13.092945266056,2725,127,1129
-77.142825023762,-10.80224129155,2723,16,405
-67.081693841618,-18.21334238554,2714,45,764
-77.591982665822,-8.960694959104,2718,109,2553
-76.783498910114,-9.544599893782,2761,193,502
-69.596976637154,-15.383649240562,2762,66,1483
-71.21394414857,-13.901429021764,2666,204,2089
-77.322488080586,-10.35308364949,2708,19,1417
-75.436025983934,-12.643787623996,2677,242,1113
-72.471585546338,-14.889575834296,2659,141,2933
-72.11225943269,-15.248901947944,2680,82,1030
-76.109762447024,-11.25139893361,2701,186,823
-68.159672182562,-16.371796053094,2682,341,2503
-72.426669782132,-14.036176314382,2705,119,3674
-76.82841467432,-8.960694959104,2742,804,3136
-75.48094174814,-12.553956095584,2686,212,922
-71.88768061166,-15.698059590004,2651,91,1404
-74.447879171402,-13.137861030262,2731,149,1207
-77.412319608998,-9.45476836537,2685,71,2385
-76.60383585329,-9.409852601164,2717,547,2192
-76.334341268054,-12.14971421773,2749,82,894
-71.528354498012,-13.94634478597,2700,84,1543
-70.180881571832,-13.766681729146,2738,1166,5926
-76.783498910114,-9.364936836958,2754,291,1130
-72.696164367368,-13.94634478597,2698,107,3220
-67.935093361532,-16.910785223566,2729,81,231
-75.885183625994,-10.80224129155,2723,474,1587
-72.022427904278,-14.305670899618,2737,53,1011
-69.86647122239,-16.820953695154,2673,60,734
-72.830911659986,-14.126007842794,2693,126,3494
-71.573270262218,-13.407355615498,2735,344,2868
-68.96815593827,-14.979407362708,2673,976,3000
-70.854618034922,-14.170923607,2661,196,2761
-72.11225943269,-14.39550242803,2727,50,757
-66.04863126488,-18.572668499188,2717,43,932
-69.64189240136,-16.506543345712,2689,75,856
-74.717373756638,-13.227692558674,2692,197,1329
-78.265719128912,-7.88271661816,2735,112,1032
-71.66310179063,-13.542102908116,2729,168,2200
-66.72236772797,-18.482836970776,2679,51,1811
-70.046134279214,-15.922638411034,2707,57,1717
-74.717373756638,-13.092945266056,2696,214,1463
-77.457235373204,-8.960694959104,2746,98,1548
-68.653745588828,-16.820953695154,2709,74,1503
-69.282566287712,-15.922638411034,2793,107,2157
-75.121615634492,-11.431061990434,2765,666,3246
-68.698661353034,-17.53960592245,2685,49,1530
-77.996224543676,-6.445412163568,2767,223,1537
-73.190237773634,-14.664997013266,2674,131,2194
-77.008077731144,-9.050526487516,2797,209,726
-77.27757231638,-8.33187426022,2741,392,2650
-75.660604804964,-10.57766247052,2754,942,3124
-68.653745588828,-18.303173913952,2697,33,276
-70.31562886445,-16.102301467858,2667,54,1384
-74.043637293548,-14.934491598502,2724,80,1564
-68.653745588828,-16.371796053094,2751,77,2169
-69.372397816124,-14.350586663824,2720,1096,3848
-75.525857512346,-12.868366445026,2693,236,896
-77.008077731144,-10.57766247052,2699,51,1185
-77.771645722646,-8.062379674984,2724,137,1509
-69.552060872948,-16.64129063833,2682,111,1540
-76.648751617496,-10.847157055756,2686,109,1061
-76.648751617496,-9.948841771636,2756,161,294
-78.041140307882,-7.119148626658,2814,132,829
-67.84526183312,-17.53960592245,2701,50,514
-71.079196855952,-16.551459109918,2700,32,95
-69.462229344536,-16.820953695154,2682,73,941
-73.280069302046,-12.958197973438,2728,234,2394
-72.426669782132,-14.260755135412,2671,124,3600
-71.977512140072,-13.72176596494,2762,54,649
-75.48094174814,-13.182776794468,2708,252,1158
-74.852121049256,-13.94634478597,2705,108,909
-66.542704671146,-18.21334238554,2715,43,702
-77.996224543676,-9.00561072331,2726,38,1107
-70.180881571832,-16.102301467858,2688,51,1364
-74.043637293548,-13.04802950185,2722,96,1543
-66.587620435352,-16.776037930948,2742,652,4066
-69.41731358033,-15.203986183738,2704,104,1911
-77.771645722646,-7.074232862452,2738,440,2581
-72.965658952604,-14.485333956442,2693,105,2282
-73.998721529342,-12.733619152408,2772,175,1251
-66.452873142734,-17.449774394038,2745,95,1246
-69.64189240136,-16.281964524682,2699,85,1236
-70.360544628656,-15.428565004768,2717,34,450
-71.348691441188,-14.575165484854,2704,58,1138
-77.996224543676,-8.78103190228,2726,46,982
-70.674954978098,-17.225195573008,2770,19,-335
-70.76478650651,-16.057385703652,2673,46,928
-69.821555458184,-16.955700987772,2689,45,81
-67.485935719472,-17.854016271892,2707,42,406
-71.393607205394,-13.94634478597,2694,111,1647
-78.535213714148,-8.062379674984,2758,117,497
-69.596976637154,-15.473480768974,2776,66,1541
-76.469088560672,-9.45476836537,2760,659,2080
-73.414816594664,-15.203986183738,2719,74,1259
-68.878324409858,-16.147217232064,2777,86,1365
-75.346194455522,-12.104798453524,2713,179,1671
-74.762289520844,-13.94634478597,2695,120,1003
-76.244509739642,-10.57766247052,2714,175,847
-66.857115020588,-18.527752734982,2688,55,2255
-76.199593975436,-10.757325527344,2696,209,1233
-74.13346882196,-13.227692558674,2765,51,731
-70.180881571832,-15.159070419532,2703,44,1290
-74.043637293548,-14.709912777472,2719,93,1295
-72.381754017926,-15.473480768974,2725,96,270
-71.483438733806,-15.51839653318,2708,42,-54
-71.528354498012,-15.877722646828,2671,74,1032
-72.381754017926,-14.754828541678,2661,138,2997
-69.911386986596,-16.237048760476,2689,56,924
-74.717373756638,-12.868366445026,2732,195,1192
-76.199593975436,-10.57766247052,2721,180,678
-69.102903230888,-16.596374874124,2723,124,2568
-76.199593975436,-11.431061990434,2687,181,1136
-74.941952577668,-11.70055657567,2719,779,3686
-70.001218515008,-17.494690158244,2748,20,-16
-70.495291921274,-14.215839371206,2664,215,2622
-77.906393015264,-9.140358015928,2720,40,1500
-77.591982665822,-9.185273780134,2737,67,1958
-73.6843111799,-13.04802950185,2755,132,1168
-74.627542228226,-11.70055657567,2760,1236,4210
-76.738583145908,-10.442915177902,2690,139,1293
-68.159672182562,-17.854016271892,2701,28,832
-70.360544628656,-16.731122166742,2677,38,252
-67.890177597326,-18.078595092922,2709,38,958
-72.606332838956,-15.473480768974,2674,125,1414
-75.975015154406,-11.206483169404,2713,238,703
-71.88768061166,-15.653143825798,2686,70,683
-69.731723929772,-16.955700987772,2688,48,242
-71.708017554836,-13.856513257558,2720,79,1602
-74.717373756638,-13.811597493352,2692,138,1164
-73.6843111799,-15.29381771215,2762,35,181
-74.717373756638,-13.811597493352,2692,138,1164
-72.78599589578,-15.29381771215,2665,131,2870
-66.72236772797,-18.21334238554,2681,64,1444
-75.750436333376,-12.59887185979,2688,155,1501
-75.525857512346,-11.47597775464,2734,279,1263
-76.334341268054,-10.667493998932,2705,150,535
-76.469088560672,-10.532746706314,2711,159,776
-72.157175196896,-14.934491598502,2676,103,1877
-71.034281091746,-14.440418192236,2673,100,2642
-73.594479651488,-14.215839371206,2730,75,604
-70.405460392862,-16.371796053094,2686,38,155
-77.636898430028,-9.6793471864,2736,20,1639
-75.03178410608,-12.509040331378,2727,273,1269
-66.228294321704,-18.21334238554,2712,56,1094
-68.96815593827,-15.203986183738,2704,631,2113
-74.13346882196,-12.778534916614,2728,187,1729
-70.09105004342,-17.404858629832,2756,24,-64
-77.681814194234,-7.20898015507,2747,541,2709
-78.40046642153,-6.75982251301,2749,166,1285
-73.100406245222,-13.811597493352,2728,130,2326
-72.381754017926,-14.39550242803,2677,81,2241
-76.334341268054,-10.442915177902,2718,149,801
-70.495291921274,-16.147217232064,2701,33,84
-73.100406245222,-14.39550242803,2730,80,1196
-70.360544628656,-15.74297535421,2707,40,1089
-69.102903230888,-15.114154655326,2692,503,2137
-76.469088560672,-11.161567405198,2685,200,1640
-71.618186026424,-15.203986183738,2685,55,520
-66.991862313206,-18.21334238554,2709,59,1309
-69.86647122239,-18.033679328716,2760,14,-205
-70.09105004342,-15.922638411034,2704,53,1646
-73.819058472518,-14.036176314382,2735,81,1120
-77.27757231638,-8.601368845456,2810,127,589
-74.717373756638,-11.565809283052,2756,1140,3928
-67.261356898442,-17.045532516184,2676,343,2163
-69.102903230888,-18.43792120657,2634,47,1033
-74.897036813462,-13.766681729146,2698,140,811
-75.211447162904,-13.182776794468,2676,300,1514
-76.963161966938,-9.45476836537,2717,187,1114
-69.686808165566,-15.563312297386,2786,70,1902
-66.587620435352,-16.86586945936,2722,569,4121
-66.677451963764,-17.854016271892,2698,61,888
-68.923240174064,-18.21334238554,2681,38,190
-74.897036813462,-12.419208802966,2762,243,1206
-67.081693841618,-17.629437450862,2716,107,659
-74.897036813462,-13.04802950185,2690,228,1253
-71.348691441188,-14.305670899618,2702,57,1132
-76.289425503848,-11.47597775464,2688,181,1242
-74.178384586166,-14.305670899618,2686,94,1224
-74.35804764299,-13.137861030262,2748,85,621
-70.944449563334,-14.62008124906,2687,74,2203
-68.96815593827,-14.934491598502,2695,907,2991
-67.575767247884,-18.258258149746,2699,35,781
-69.237650523506,-17.76418474348,2692,35,610
-68.51899829621,-16.686206402536,2699,79,2629
-72.920743188398,-14.036176314382,2737,96,2107
-68.474082532004,-17.674353215068,2699,32,878
-72.651248603162,-15.338733476356,2683,112,1289
-74.537710699814,-14.081092078588,2709,91,440
-69.462229344536,-16.820953695154,2682,73,941
-68.788492881446,-18.303173913952,2669,54,1376
-77.27757231638,-10.173420592666,2713,36,1410
-72.067343668484,-14.305670899618,2738,51,857
-77.547066901616,-9.6793471864,2724,27,1872
-71.034281091746,-14.485333956442,2697,81,2049
-74.672457992432,-12.778534916614,2746,195,1042
-68.024924889944,-16.237048760476,2707,729,3891
-76.82841467432,-11.02682011258,2701,75,1232
-68.29441947518,-16.910785223566,2705,60,1504
-77.097909259556,-9.90392600743,2686,106,1432
-72.741080131574,-13.317524087086,2736,334,3095
-75.660604804964,-11.835303868288,2711,146,819
-69.86647122239,-14.036176314382,2693,1447,5579
-77.142825023762,-9.859010243224,2694,104,1715
-66.587620435352,-17.898932036098,2706,53,763
-75.525857512346,-12.643787623996,2682,217,1071
-75.03178410608,-11.47597775464,2729,950,4413
-71.618186026424,-14.350586663824,2720,41,384
-76.558920089084,-10.80224129155,2683,136,1005
-78.1758876005,-6.939485569834,2788,123,1102
-67.351188426854,-17.629437450862,2706,64,577
-72.381754017926,-14.215839371206,2699,86,2242
-70.180881571832,-15.787891118416,2710,46,1130
-66.138462793292,-18.527752734982,2737,33,191
-75.166531398698,-13.901429021764,2747,117,935
-68.429166767798,-17.98876356451,2696,45,2192
-72.33683825372,-15.473480768974,2734,83,31
-71.079196855952,-14.39550242803,2674,88,2199
-78.445382185736,-7.343727447688,2766,113,1726
-76.82841467432,-10.308167885284,2699,132,1261
-77.771645722646,-6.98440133404,2748,381,2316
-67.530851483678,-17.898932036098,2706,41,518
-69.911386986596,-16.19213299627,2691,61,1184
-77.50215113741,-9.859010243224,2725,30,1949
-66.183378557498,-18.078595092922,2722,49,1082
-70.135965807626,-16.910785223566,2654,58,539
-71.4385229696,-13.991260550176,2734,61,270
-70.76478650651,-13.811597493352,2672,705,3308
-71.079196855952,-15.024323126914,2695,41,693
-71.258859912776,-15.74297535421,2679,55,546
-76.60383585329,-11.520893518846,2755,105,1000
-70.270713100244,-16.371796053094,2678,49,654
-69.462229344536,-15.203986183738,2713,88,1613
-69.596976637154,-15.74297535421,2793,86,2160
-78.535213714148,-7.20898015507,2775,171,2526
-69.372397816124,-15.383649240562,2726,96,1710
-77.95130877947,-8.017463910778,2718,138,1879
-70.001218515008,-14.126007842794,2712,597,2850
-70.270713100244,-16.102301467858,2667,64,1893
-75.660604804964,-12.14971421773,2683,168,1261
-70.630039213892,-14.934491598502,2712,31,1068
-71.21394414857,-13.72176596494,2671,449,3129
-75.121615634492,-13.452271379704,2687,215,1022
-70.719870742304,-17.180279808802,2763,17,-276
-77.771645722646,-6.939485569834,2742,363,2238
-66.677451963764,-18.033679328716,2698,53,814
-76.918246202732,-10.487830942108,2681,78,1287
-69.86647122239,-18.033679328716,2760,14,-205
-72.516501310544,-14.126007842794,2704,109,3300
-70.001218515008,-15.51839653318,2721,46,1356
-68.698661353034,-16.19213299627,2758,92,1963
-74.447879171402,-12.778534916614,2797,112,219
-72.875827424192,-14.081092078588,2694,126,3607
-73.594479651488,-14.575165484854,2681,121,1910
-77.95130877947,-8.152211203396,2757,96,1109
-73.504648123076,-15.338733476356,2732,59,1028
-70.360544628656,-17.225195573008,2742,33,-218
-75.9300993902,-10.397999413696,2741,505,1802
-68.608829824622,-15.608228061592,2737,491,3295
-67.261356898442,-17.854016271892,2709,46,343
-78.355550657324,-8.152211203396,2741,134,1296
-69.64189240136,-18.393005442364,2763,14,245
-76.15467821123,-11.520893518846,2684,177,1173
-74.178384586166,-14.530249720648,2684,90,1156
-68.653745588828,-16.86586945936,2706,80,2163
-65.59947362282,-17.76418474348,2769,96,1119
-68.923240174064,-17.76418474348,2694,42,876
-71.977512140072,-13.542102908116,2768,70,801
-72.022427904278,-14.84466007009,2692,54,433
-70.76478650651,-16.955700987772,2742,22,320
-77.232656552174,-8.33187426022,2751,457,2781
-72.426669782132,-14.440418192236,2678,78,2123
-71.977512140072,-14.215839371206,2720,71,1987
-77.322488080586,-9.544599893782,2673,92,2713
-72.381754017926,-15.74297535421,2734,85,201
-69.462229344536,-17.09044828039,2670,70,1199
-76.783498910114,-10.981904348374,2729,85,895
-74.80720528505,-13.542102908116,2738,112,143
-77.142825023762,-9.90392600743,2679,106,1876
-71.348691441188,-14.664997013266,2703,57,1068
-75.211447162904,-13.362439851292,2695,233,1072
-70.674954978098,-16.281964524682,2688,46,704
-75.03178410608,-12.778534916614,2724,230,708
-72.830911659986,-13.901429021764,2710,118,3357
-76.82841467432,-9.00561072331,2729,747,3099
-75.750436333376,-12.733619152408,2724,123,1264
-66.363041614322,-18.21334238554,2716,55,712
-69.86647122239,-15.653143825798,2755,60,1642
-77.547066901616,-7.298811683482,2746,502,2180
-76.244509739642,-9.45476836537,2772,707,1903
-74.717373756638,-13.317524087086,2684,220,1699
-70.09105004342,-16.64129063833,2642,76,1413
-68.429166767798,-17.854016271892,2709,30,1093
-77.05299349535,-9.724262950606,2692,127,1296
-67.710514540502,-18.527752734982,2693,32,1011
-70.225797336038,-16.012469939446,2671,57,1844
-67.441019955266,-18.348089678158,2696,37,595
-69.41731358033,-16.731122166742,2669,93,1772
-75.70552056917,-10.622578234726,2739,888,2794
-76.873330438526,-9.364936836958,2711,307,1828
-71.977512140072,-15.74297535421,2685,75,1119
-74.35804764299,-13.766681729146,2727,75,887
-68.384251003592,-17.53960592245,2694,36,1196
-72.157175196896,-15.787891118416,2739,64,727
-71.66310179063,-13.49718714391,2744,189,2144
-70.001218515008,-14.754828541678,2691,69,1281
-68.384251003592,-17.225195573008,2697,64,1750
-77.27757231638,-9.948841771636,2680,49,1624
-70.31562886445,-14.530249720648,2677,91,2106
-73.819058472518,-14.754828541678,2688,119,1726
-73.863974236724,-14.305670899618,2702,89,1315
-74.492794935608,-13.991260550176,2704,98,957
-68.29441947518,-18.21334238554,2705,43,1707
-71.842764847454,-13.991260550176,2755,39,223
-74.672457992432,-12.688703388202,2726,260,1932
-66.49778890694,-17.359942865626,2718,141,1945
-74.313131878784,-14.575165484854,2711,79,214
-76.019930918612,-11.565809283052,2692,173,1187
-70.225797336038,-15.428565004768,2710,41,911
-72.875827424192,-14.036176314382,2707,103,2697
-75.9300993902,-11.116651640992,2694,355,1485
-72.247006725308,-14.170923607,2702,74,2135
-70.719870742304,-15.922638411034,2694,32,181
-71.797849083248,-13.542102908116,2740,119,1585
-69.552060872948,-14.575165484854,2685,392,2443
-69.911386986596,-15.74297535421,2742,55,1380
-70.180881571832,-14.84466007009,2699,42,906
-76.738583145908,-10.487830942108,2678,129,1361
-66.946946549,-18.303173913952,2700,63,1789
-70.630039213892,-13.811597493352,2656,889,4468
-75.211447162904,-12.913282209232,2679,285,1145
-68.96815593827,-18.123510857128,2679,38,393
-73.055490481016,-14.081092078588,2699,160,4192
-77.232656552174,-9.140358015928,2720,151,2028
-69.372397816124,-18.43792120657,2691,37,764
-70.31562886445,-13.991260550176,2683,608,3696
-73.504648123076,-13.227692558674,2719,200,1883
-77.547066901616,-9.499684129576,2772,24,382
-69.41731358033,-16.910785223566,2687,64,838
-73.504648123076,-13.27260832288,2716,180,1702
-76.109762447024,-10.936988584168,2715,205,764
-66.228294321704,-17.045532516184,2697,600,3739
-71.258859912776,-13.766681729146,2672,348,3120
-69.64189240136,-15.428565004768,2774,63,1475
-77.142825023762,-7.972548146572,2768,607,2352
-65.644389387026,-17.449774394038,2742,487,3751
-72.11225943269,-13.407355615498,2762,121,1609
-75.660604804964,-12.284461510348,2691,159,965
-74.043637293548,-13.003113737644,2716,116,1765
-71.618186026424,-15.608228061592,2702,48,509
-77.72672995844,-8.870863430692,2690,102,2876
-70.001218515008,-15.203986183738,2708,43,870
-71.258859912776,-13.72176596494,2683,361,2765
-67.890177597326,-17.359942865626,2709,59,296
-67.800346068914,-17.898932036098,2711,33,809
-69.64189240136,-17.898932036098,2730,23,-244
-75.750436333376,-12.59887185979,2688,155,1501
-66.812199256382,-17.494690158244,2731,94,250
-76.82841467432,-9.00561072331,2729,747,3099
-69.1927347593,-17.31502710142,2669,64,1299
-77.412319608998,-8.691200373868,2783,100,964
-76.334341268054,-11.880219632494,2703,140,1274
-71.932596375866,-14.84466007009,2672,94,2369
-74.717373756638,-13.991260550176,2713,103,492
-71.483438733806,-13.94634478597,2713,76,1024
-77.008077731144,-8.511537317044,2782,604,2482
-70.046134279214,-17.449774394038,2775,20,-181
-70.495291921274,-17.270111337214,2766,26,-312
-76.469088560672,-11.565809283052,2695,132,1220
-69.41731358033,-17.449774394038,2680,39,334
-71.797849083248,-13.94634478597,2731,56,1055
-68.698661353034,-18.168426621334,2698,34,198
-67.800346068914,-16.820953695154,2750,184,1167
-66.587620435352,-18.527752734982,2706,43,1236
-70.180881571832,-16.820953695154,2637,57,754
-75.840267861788,-10.622578234726,2734,572,1623
-77.771645722646,-8.646284609662,2713,100,2411
-70.674954978098,-16.19213299627,2724,30,-32
-69.956302750802,-16.147217232064,2700,56,947
-75.750436333376,-12.284461510348,2689,139,899
-69.282566287712,-17.674353215068,2692,32,421
-77.008077731144,-9.185273780134,2744,269,1797
-76.783498910114,-10.667493998932,2741,62,203
-71.842764847454,-13.317524087086,2724,195,2416
-74.672457992432,-13.49718714391,2686,189,1521
-73.953805765136,-13.676850200734,2750,49,412
-66.991862313206,-17.898932036098,2712,84,1265
-77.27757231638,-8.017463910778,2754,562,2342
-71.169028384364,-13.631934436528,2684,702,3317
-74.986868341874,-13.766681729146,2692,170,1061
-74.537710699814,-14.39550242803,2706,89,729
-77.187740787968,-8.736116138074,2772,169,1186
-68.74357711724,-17.270111337214,2694,49,1314
-68.429166767798,-17.404858629832,2697,41,1154
-75.660604804964,-11.745472339876,2694,192,1236
-69.057987466682,-17.045532516184,2697,64,983
-76.019930918612,-12.194629981936,2699,117,1309
-76.019930918612,-10.757325527344,2703,324,1396
-78.984371356208,-6.939485569834,2812,290,2185
-66.452873142734,-17.135364044596,2706,339,3671
-74.13346882196,-12.509040331378,2789,346,1896
-74.717373756638,-13.542102908116,2704,134,703
-72.875827424192,-14.305670899618,2693,113,2956
-72.696164367368,-13.227692558674,2738,304,2604
-69.41731358033,-18.033679328716,2692,41,609
-76.424172796466,-11.655640811464,2697,124,1181
-70.046134279214,-16.910785223566,2661,44,116
-77.636898430028,-9.859010243224,2718,17,1940
-70.046134279214,-16.012469939446,2703,53,1275
-70.09105004342,-15.832806882622,2704,58,2040
-77.322488080586,-9.589515657988,2676,80,2560
-74.402963407196,-13.94634478597,2711,88,1034
-72.830911659986,-14.126007842794,2693,126,3494
-73.145322009428,-15.114154655326,2702,99,2141
-76.199593975436,-11.655640811464,2668,183,1588
-77.367403844792,-10.35308364949,2752,15,1308
-75.885183625994,-9.948841771636,2735,979,2678
-75.70552056917,-11.206483169404,2754,412,1260
-69.507145108742,-15.248901947944,2723,72,1119
-71.528354498012,-15.877722646828,2671,74,1032
-65.689305151232,-17.359942865626,2713,605,3851
-71.573270262218,-14.350586663824,2703,51,1070
-68.249503710974,-18.168426621334,2694,46,2361
-70.899533799128,-14.575165484854,2707,60,1222
-75.48094174814,-11.745472339876,2748,140,227
-75.9300993902,-11.835303868288,2689,144,971
-67.935093361532,-17.53960592245,2701,47,561
-72.651248603162,-14.530249720648,2668,131,3851
-75.525857512346,-13.137861030262,2757,217,821
-78.041140307882,-8.197126967602,2776,100,1050
-71.708017554836,-15.29381771215,2671,74,1353
-78.355550657324,-8.197126967602,2756,125,1252
-69.102903230888,-15.024323126914,2681,637,2553
-75.750436333376,-12.958197973438,2760,174,703
-68.698661353034,-17.31502710142,2694,48,1332
-68.878324409858,-15.877722646828,2752,144,1476
-74.402963407196,-13.901429021764,2717,82,866
-69.552060872948,-15.473480768974,2773,68,1480
-66.991862313206,-18.168426621334,2716,60,1088
-70.135965807626,-15.563312297386,2712,41,1121
-68.384251003592,-17.898932036098,2706,30,1347
-70.046134279214,-14.215839371206,2696,444,2948
-68.788492881446,-17.449774394038,2693,45,673
-71.618186026424,-15.96755417524,2727,55,270
-77.816561486852,-8.242042731808,2729,94,1199
-76.15467821123,-11.835303868288,2698,152,1111
-69.372397816124,-17.404858629832,2670,54,928
-69.462229344536,-17.494690158244,2681,36,242
-68.474082532004,-18.348089678158,2702,33,577
-73.639395415694,-13.27260832288,2794,103,175
-68.51899829621,-18.527752734982,2690,25,476
-77.097909259556,-9.90392600743,2686,106,1432
-68.923240174064,-15.024323126914,2697,1100,3121
-74.80720528505,-14.305670899618,2764,69,750
-75.076699870286,-13.092945266056,2679,278,1419
-69.776639693978,-16.551459109918,2677,61,436
-72.875827424192,-15.653143825798,2737,52,1303
-71.393607205394,-13.587018672322,2723,271,1751
-76.289425503848,-11.296314697816,2688,184,1169
-72.875827424192,-14.170923607,2697,143,4089
-66.228294321704,-18.21334238554,2712,56,1094
-73.998721529342,-15.383649240562,2781,15,383
-69.507145108742,-17.31502710142,2678,48,513
-73.324985066252,-14.84466007009,2710,103,1361
-70.405460392862,-14.934491598502,2714,32,843
-69.013071702476,-17.000616751978,2697,73,1611
-67.575767247884,-17.98876356451,2707,37,572
-73.369900830458,-14.709912777472,2680,140,2213
-74.537710699814,-12.194629981936,2787,646,3664
-70.495291921274,-15.114154655326,2700,41,2282
-66.767283492176,-18.303173913952,2687,60,1651
-70.630039213892,-14.530249720648,2703,57,994
-72.11225943269,-15.159070419532,2678,88,1319
-70.76478650651,-14.934491598502,2708,30,785
-68.74357711724,-17.359942865626,2691,49,1180
-77.50215113741,-8.915779194898,2732,114,2014
-74.627542228226,-13.856513257558,2692,121,1075
-75.660604804964,-11.25139893361,2762,387,1370
-69.686808165566,-14.350586663824,2696,713,2926
-72.426669782132,-14.305670899618,2685,105,2847
-70.09105004342,-15.922638411034,2704,53,1646
-66.49778890694,-18.123510857128,2720,40,318
-70.046134279214,-17.09044828039,2677,47,126
-72.830911659986,-13.542102908116,2754,145,2307
-70.944449563334,-15.06923889112,2682,50,1716
-75.840267861788,-11.341230462022,2711,314,1263
-67.890177597326,-18.303173913952,2703,34,816
-70.225797336038,-15.06923889112,2700,44,1673
-69.372397816124,-14.889575834296,2704,181,1424
-68.74357711724,-17.359942865626,2691,49,1180
-72.875827424192,-15.74297535421,2786,34,539
-72.381754017926,-15.383649240562,2719,73,165
-70.899533799128,-15.698059590004,2679,54,1048
-71.708017554836,-15.608228061592,2708,46,397
-72.830911659986,-13.137861030262,2725,339,2719
-72.56141707475,-14.350586663824,2692,85,2094
-72.33683825372,-15.608228061592,2724,138,1035
-70.54020768548,-17.180279808802,2728,31,-67
-70.585123449686,-14.709912777472,2688,62,2578
-69.731723929772,-14.979407362708,2700,85,1831
-74.897036813462,-11.655640811464,2730,962,4138
-77.861477251058,-8.197126967602,2722,102,1350
-68.698661353034,-17.180279808802,2703,48,1215
-71.21394414857,-14.036176314382,2666,146,2226
-67.351188426854,-18.21334238554,2699,42,444
-71.348691441188,-16.461627581506,2755,21,-202
-76.244509739642,-12.104798453524,2757,97,500
-73.504648123076,-13.631934436528,2736,125,1483
-76.424172796466,-10.981904348374,2690,151,881
-72.381754017926,-15.428565004768,2724,81,183
-73.729226944106,-14.126007842794,2720,85,1008
-69.372397816124,-14.39550242803,2755,896,3233
-77.412319608998,-9.00561072331,2781,79,736
-70.180881571832,-14.350586663824,2694,137,1489
-74.672457992432,-13.587018672322,2725,118,577
-71.348691441188,-16.64129063833,2773,14,-602
-72.381754017926,-15.51839653318,2712,129,779
-74.447879171402,-14.081092078588,2695,103,1079
-69.462229344536,-15.653143825798,2789,78,1613
-70.54020768548,-17.270111337214,2765,24,-342
-70.360544628656,-14.260755135412,2689,157,1294
-77.322488080586,-9.185273780134,2718,112,1606
-66.902030784794,-17.53960592245,2693,150,1395
-72.33683825372,-15.563312297386,2708,137,1037
-75.795352097582,-12.509040331378,2684,141,1509
-73.998721529342,-13.587018672322,2767,46,412
-67.261356898442,-17.53960592245,2707,89,544
-74.941952577668,-13.227692558674,2686,212,1175
-65.689305151232,-17.225195573008,2764,1027,5159
-73.45973235887,-13.631934436528,2772,86,553
-67.710514540502,-17.629437450862,2702,46,607
-73.998721529342,-14.84466007009,2714,101,1586
-77.816561486852,-8.197126967602,2709,110,1504
-66.632536199558,-18.21334238554,2694,55,1175
-75.03178410608,-12.059882689318,2718,303,2135
-75.70552056917,-12.82345068082,2766,131,811
-72.067343668484,-14.664997013266,2695,61,1006
-66.857115020588,-17.000616751978,2714,348,2410
-75.48094174814,-11.655640811464,2712,224,1034
-66.452873142734,-17.135364044596,2706,339,3671
-68.384251003592,-15.877722646828,2710,413,3917
-67.261356898442,-17.719268979274,2709,54,409
-77.72672995844,-6.939485569834,2745,377,2151
-72.33683825372,-13.49718714391,2740,172,2709
-68.159672182562,-17.225195573008,2702,59,1300
-76.424172796466,-10.847157055756,2695,138,611
-69.327482051918,-16.012469939446,2791,112,2240
-74.313131878784,-13.27260832288,2742,63,385
-75.795352097582,-13.04802950185,2736,193,665
-68.833408645652,-16.551459109918,2748,94,2119
-70.270713100244,-14.709912777472,2690,59,1518
-72.920743188398,-13.137861030262,2756,260,2099
-70.76478650651,-17.045532516184,2765,18,17
-72.247006725308,-13.003113737644,2703,298,3652
-78.220803364706,-7.747969325542,2750,77,932
-68.698661353034,-17.225195573008,2699,49,1329
-68.474082532004,-17.854016271892,2704,33,1277
-72.965658952604,-14.39550242803,2725,75,1183
-67.485935719472,-17.31502710142,2698,97,1002
-67.575767247884,-17.854016271892,2707,41,519
-72.11225943269,-15.922638411034,2731,40,204
-67.216441134236,-17.135364044596,2711,232,1111
-71.393607205394,-14.84466007009,2697,45,701
-76.109762447024,-10.308167885284,2751,147,457
-70.001218515008,-16.910785223566,2665,43,103
-74.043637293548,-13.676850200734,2785,35,-53
-73.863974236724,-14.440418192236,2683,100,1784
-72.157175196896,-15.563312297386,2725,91,868
-69.327482051918,-16.86586945936,2691,64,584
-71.932596375866,-14.664997013266,2684,61,1331
-76.469088560672,-10.308167885284,2717,181,920
-76.693667381702,-10.981904348374,2691,95,703
-71.528354498012,-15.922638411034,2667,72,903
-76.514004324878,-11.296314697816,2702,172,1282
-70.405460392862,-14.530249720648,2697,80,1664
-73.863974236724,-13.04802950185,2738,88,542
-74.986868341874,-13.587018672322,2692,193,1055
-66.363041614322,-17.09044828039,2708,342,3056
-70.944449563334,-13.631934436528,2707,1051,4364
-70.899533799128,-13.676850200734,2702,875,3579
-68.923240174064,-14.709912777472,2757,1076,3050
-70.809702270716,-14.709912777472,2698,53,1555
-75.211447162904,-12.59887185979,2739,205,211
-73.549563887282,-15.29381771215,2755,50,628
-72.11225943269,-13.587018672322,2733,125,2940
-70.270713100244,-14.39550242803,2701,116,1667
-76.064846682818,-10.532746706314,2701,262,997
-68.249503710974,-17.76418474348,2698,31,1020
-68.114756418356,-17.31502710142,2699,70,1252
-75.121615634492,-12.14971421773,2744,159,610
-68.51899829621,-16.371796053094,2734,82,1705
-77.008077731144,-10.622578234726,2745,37,304
-69.282566287712,-15.787891118416,2781,91,1515
-71.752933319042,-14.754828541678,2687,49,824
-76.019930918612,-10.308167885284,2712,343,1746
-71.079196855952,-15.608228061592,2677,55,788
-73.639395415694,-13.676850200734,2749,100,886
-73.01057471681,-14.530249720648,2674,123,2774
-71.618186026424,-16.147217232064,2746,46,165
-71.034281091746,-13.676850200734,2684,861,3845
-77.636898430028,-7.298811683482,2743,461,2389
-74.223300350372,-13.317524087086,2726,69,1351
-70.225797336038,-14.170923607,2681,319,2374
-75.25636292711,-13.092945266056,2689,248,932
-68.204587946768,-17.180279808802,2701,55,1303
-77.95130877947,-8.10729543919,2726,115,1516
-72.78599589578,-15.024323126914,2659,144,2898
-66.72236772797,-17.674353215068,2695,102,1140
-68.608829824622,-16.64129063833,2700,82,2727
-75.03178410608,-12.778534916614,2724,230,708
-66.767283492176,-18.078595092922,2687,67,1392
-71.752933319042,-15.06923889112,2664,88,2385
-76.783498910114,-10.038673300048,2721,178,1151
-75.166531398698,-11.970051160906,2717,200,1156
-68.833408645652,-17.584521686656,2689,47,1054
-72.78599589578,-14.979407362708,2663,140,2658
-76.064846682818,-10.892072819962,2707,248,1016
-76.289425503848,-9.6793471864,2732,633,1708
-72.516501310544,-14.979407362708,2659,126,2154
-68.384251003592,-15.787891118416,2751,435,3915
-72.471585546338,-14.979407362708,2680,104,1659
-69.821555458184,-15.428565004768,2762,55,1463
-72.291922489514,-14.530249720648,2683,83,2002
-77.771645722646,-8.376790024426,2718,100,1553
-66.677451963764,-17.494690158244,2738,82,295
-66.946946549,-18.21334238554,2712,65,1383
-77.547066901616,-8.33187426022,2806,109,641
-66.677451963764,-18.482836970776,2679,50,1752
-71.124112620158,-15.51839653318,2679,63,1026
-69.821555458184,-16.820953695154,2697,46,143
-65.644389387026,-17.359942865626,2736,702,4464
-72.516501310544,-13.991260550176,2728,86,2359
-71.528354498012,-16.19213299627,2631,53,397
-77.097909259556,-7.927632382366,2793,618,2477
-76.019930918612,-12.553956095584,2762,48,534
-78.894539827796,-6.894569805628,2780,337,2462
-67.755430304708,-16.86586945936,2778,162,725
-73.6843111799,-14.709912777472,2679,136,1970
-66.542704671146,-18.123510857128,2701,49,910
-71.348691441188,-14.485333956442,2710,58,1062
-71.169028384364,-15.51839653318,2682,55,587
-66.812199256382,-18.393005442364,2697,62,2228
-78.086056072088,-8.825947666486,2767,40,786
-70.31562886445,-15.51839653318,2712,34,678
-71.348691441188,-14.126007842794,2700,75,1162
-77.906393015264,-8.511537317044,2755,79,1556
-73.280069302046,-14.709912777472,2678,144,2394
-68.788492881446,-16.057385703652,2751,128,2605
-77.816561486852,-7.88271661816,2766,90,634
-66.72236772797,-17.76418474348,2712,70,597
-70.944449563334,-13.766681729146,2661,851,4235
-76.82841467432,-8.870863430692,2741,854,2945
-71.303775676982,-14.170923607,2706,68,924
-67.755430304708,-17.270111337214,2696,88,552
-72.56141707475,-12.913282209232,2725,375,3001
-70.630039213892,-14.709912777472,2683,68,2793
-68.878324409858,-16.326880288888,2776,88,1908
-74.537710699814,-13.003113737644,2730,194,1479
-69.282566287712,-17.359942865626,2674,61,1164
-68.114756418356,-16.506543345712,2731,145,788
-70.225797336038,-14.889575834296,2703,39,1296
-67.62068301209,-17.53960592245,2706,49,330
-75.03178410608,-12.194629981936,2730,245,1476
-75.436025983934,-13.27260832288,2711,264,1228
-73.6843111799,-15.563312297386,2774,24,149
-72.516501310544,-14.62008124906,2657,131,3505
-76.918246202732,-10.712409763138,2701,54,994
-66.318125850116,-18.482836970776,2709,45,886
-69.731723929772,-14.305670899618,2665,772,3371
-73.504648123076,-14.126007842794,2726,121,1868
-71.573270262218,-15.203986183738,2684,58,870
-77.008077731144,-9.90392600743,2698,138,1328
-68.339335239386,-17.045532516184,2692,73,2337
-71.258859912776,-14.081092078588,2681,116,1991
-67.441019955266,-17.135364044596,2707,169,1212
-70.719870742304,-15.74297535421,2698,36,271
-66.767283492176,-18.43792120657,2684,56,1992
-72.471585546338,-13.182776794468,2804,184,1215
-75.885183625994,-9.948841771636,2735,979,2678
-65.913883972262,-17.404858629832,2756,344,2347
-73.639395415694,-14.170923607,2718,84,933
-73.23515353784,-15.698059590004,2779,17,333
-75.48094174814,-11.296314697816,2722,500,2934
-74.088553057754,-13.587018672322,2742,52,883
-68.878324409858,-17.225195573008,2689,55,1165
-69.462229344536,-16.551459109918,2689,116,1834
-73.774142708312,-14.350586663824,2687,100,1862
-75.660604804964,-10.57766247052,2754,942,3124
-76.558920089084,-10.57766247052,2702,142,673
-77.232656552174,-9.859010243224,2683,81,2193
-71.842764847454,-15.653143825798,2703,57,257
-72.78599589578,-13.94634478597,2704,125,3836
-69.057987466682,-17.359942865626,2678,67,1412
-71.393607205394,-15.922638411034,2678,56,474
-74.402963407196,-13.27260832288,2727,117,1077
-75.25636292711,-13.182776794468,2687,268,1240
-69.64189240136,-16.910785223566,2659,74,1251
-74.627542228226,-14.036176314382,2711,93,335
-72.56141707475,-13.452271379704,2738,237,2753
-78.714876770972,-7.792885089748,2713,51,554
-75.885183625994,-10.442915177902,2714,624,2165
-68.29441947518,-15.877722646828,2728,537,4037
-73.145322009428,-14.260755135412,2706,120,2822
-76.019930918612,-11.610725047258,2708,143,754
-76.334341268054,-12.14971421773,2749,82,894
-72.022427904278,-13.317524087086,2790,108,768
-75.166531398698,-12.509040331378,2722,233,735
-70.630039213892,-16.86586945936,2695,32,677
-68.74357711724,-17.270111337214,2694,49,1314
-75.121615634492,-11.47597775464,2792,553,2449
-73.998721529342,-14.664997013266,2700,95,1461
-68.204587946768,-16.147217232064,2694,592,3829
-69.686808165566,-17.449774394038,2655,42,624
-71.348691441188,-16.461627581506,2755,21,-202
-71.393607205394,-15.383649240562,2677,80,1507
-69.41731358033,-15.06923889112,2698,120,1967
-68.653745588828,-17.225195573008,2703,46,1226
-76.558920089084,-11.745472339876,2727,81,1288
-70.674954978098,-15.06923889112,2683,46,2342
-67.665598776296,-17.494690158244,2705,51,324
-74.627542228226,-12.733619152408,2734,240,1788
-76.469088560672,-9.859010243224,2744,290,892
-74.223300350372,-14.575165484854,2697,68,504
-66.632536199558,-17.629437450862,2703,98,1297
-65.689305151232,-17.674353215068,2740,198,2988
-74.80720528505,-12.464124567172,2787,198,544
-73.953805765136,-14.305670899618,2743,64,184
-74.717373756638,-14.440418192236,2792,54,423
-70.809702270716,-16.686206402536,2784,26,436
-68.114756418356,-16.4167118173,2694,319,2255
-71.977512140072,-15.383649240562,2683,69,615
-75.615689040758,-12.239545746142,2685,175,1204
-68.474082532004,-17.359942865626,2699,42,1173
-75.840267861788,-11.431061990434,2709,259,1129
-65.59947362282,-17.629437450862,2757,218,2520
-68.339335239386,-17.449774394038,2699,38,732
-72.78599589578,-14.350586663824,2707,107,2848
-77.547066901616,-9.634431422194,2734,28,1498
-70.135965807626,-16.19213299627,2692,48,864
-70.809702270716,-15.922638411034,2680,47,848
-69.327482051918,-15.608228061592,2765,75,868
-73.145322009428,-14.530249720648,2676,148,3217
-70.31562886445,-13.94634478597,2684,718,4162
-68.698661353034,-16.551459109918,2739,73,1620
-73.190237773634,-13.542102908116,2773,69,709
-72.651248603162,-14.350586663824,2677,128,3841
-78.490297949942,-8.017463910778,2788,114,241
-69.821555458184,-15.922638411034,2741,75,1614
-70.360544628656,-13.94634478597,2652,789,4702
-76.60383585329,-11.565809283052,2737,100,1211
-72.022427904278,-14.799744305884,2690,56,696
-69.282566287712,-14.485333956442,2764,732,3043
-67.441019955266,-17.404858629832,2706,91,635
-72.965658952604,-15.024323126914,2672,128,2369
-65.779136679644,-17.404858629832,2767,426,2829
-77.547066901616,-9.050526487516,2707,106,2469
-69.776639693978,-15.608228061592,2777,66,1913
-68.249503710974,-16.910785223566,2710,48,826
-74.313131878784,-14.709912777472,2696,91,904
-78.580129478354,-7.074232862452,2786,184,1993
-71.932596375866,-13.04802950185,2758,308,2921
-76.109762447024,-11.296314697816,2703,164,474
-75.570773276552,-13.092945266056,2726,253,958
-72.33683825372,-14.889575834296,2665,135,2459
-68.339335239386,-15.922638411034,2686,497,4365
-76.15467821123,-12.284461510348,2779,64,937
-74.672457992432,-13.72176596494,2687,150,1316
-77.816561486852,-9.45476836537,2776,15,1319
-68.51899829621,-18.482836970776,2692,26,348
-72.11225943269,-13.542102908116,2734,123,2586
-75.391110219728,-13.362439851292,2716,207,1082
-69.1927347593,-16.057385703652,2792,117,2286
-73.280069302046,-14.575165484854,2686,112,1676
-70.270713100244,-15.06923889112,2713,37,1040
-75.391110219728,-12.958197973438,2692,246,784
-71.348691441188,-15.203986183738,2676,83,1645
-76.469088560672,-11.341230462022,2684,182,1558
-66.767283492176,-18.43792120657,2684,56,1992
-73.998721529342,-13.856513257558,2711,73,1360
-74.941952577668,-13.407355615498,2709,189,822
-66.587620435352,-16.820953695154,2724,631,4287
-74.58262646402,-11.835303868288,2759,1177,4663
-69.462229344536,-16.012469939446,2775,114,2187
-71.034281091746,-16.147217232064,2700,31,-313
-68.51899829621,-17.98876356451,2701,47,1711
-74.58262646402,-12.733619152408,2746,232,1737
-72.022427904278,-14.889575834296,2691,54,298
-70.809702270716,-13.901429021764,2627,636,4190
-68.384251003592,-17.629437450862,2695,34,1225
-75.885183625994,-11.565809283052,2724,147,317
-69.821555458184,-16.371796053094,2671,65,1210
-66.542704671146,-16.910785223566,2705,499,3712
-77.142825023762,-10.892072819962,2781,11,100
-70.225797336038,-16.371796053094,2674,50,662
-71.079196855952,-13.452271379704,2698,1674,7079
-72.022427904278,-14.485333956442,2683,68,2157
-66.587620435352,-18.033679328716,2702,50,752
-72.56141707475,-14.664997013266,2679,107,2325
-77.636898430028,-7.074232862452,2738,511,2511
-70.54020768548,-16.237048760476,2672,56,1411
-78.310634893118,-8.466621552838,2770,68,640
-68.29441947518,-17.270111337214,2688,69,1959
-76.648751617496,-11.745472339876,2776,55,606
-69.507145108742,-16.102301467858,2755,118,2100
-67.485935719472,-17.98876356451,2705,42,522
-72.965658952604,-12.958197973438,2758,268,2338
-70.001218515008,-14.799744305884,2695,58,1043
-77.232656552174,-9.499684129576,2697,115,1829
-73.863974236724,-15.473480768974,2738,22,478
-71.842764847454,-15.787891118416,2637,90,1388
-68.74357711724,-15.473480768974,2790,418,1013
-75.301278691316,-12.37429303876,2734,178,601
-73.998721529342,-13.317524087086,2749,63,908
-75.660604804964,-12.464124567172,2683,171,1054
-77.05299349535,-7.972548146572,2783,656,2717
-67.351188426854,-18.348089678158,2698,38,547
-72.426669782132,-14.754828541678,2675,130,2768
-67.800346068914,-17.719268979274,2704,40,646
-71.348691441188,-14.126007842794,2700,75,1162
-75.48094174814,-11.9251353967,2717,152,1159
-71.169028384364,-14.170923607,2699,92,1047
-77.457235373204,-7.747969325542,2754,378,1960
-71.21394414857,-14.170923607,2696,93,1303
-71.124112620158,-13.856513257558,2643,373,3016
-77.142825023762,-10.487830942108,2805,22,326
-71.303775676982,-13.317524087086,2718,984,5866
-70.854618034922,-16.102301467858,2674,51,928
-70.585123449686,-17.09044828039,2721,31,185
-75.391110219728,-12.059882689318,2708,167,1635
-73.998721529342,-14.126007842794,2724,81,837
-68.51899829621,-17.898932036098,2701,38,1512
-66.767283492176,-18.078595092922,2687,67,1392
-77.681814194234,-8.825947666486,2697,111,2744
-71.797849083248,-14.126007842794,2719,54,1508
-74.58262646402,-12.59887185979,2728,248,1819
-69.507145108742,-15.203986183738,2719,75,1263
-67.036778077412,-17.53960592245,2698,147,1332
-68.788492881446,-14.889575834296,2732,1138,3144
-70.899533799128,-14.305670899618,2672,107,2075
-69.731723929772,-16.86586945936,2701,49,181
-68.74357711724,-17.98876356451,2689,45,1266
-68.06984065415,-17.854016271892,2701,30,1043
-70.270713100244,-17.270111337214,2729,37,-140
-76.15467821123,-10.981904348374,2715,180,733
-68.74357711724,-17.629437450862,2688,48,1236
-72.741080131574,-15.159070419532,2723,80,923
-68.06984065415,-17.09044828039,2704,53,457
-69.776639693978,-16.64129063833,2680,70,1004
-69.821555458184,-16.4167118173,2662,67,1278
-74.672457992432,-13.317524087086,2679,212,1630
-68.024924889944,-17.404858629832,2703,59,763
-72.291922489514,-15.114154655326,2679,95,1398
-71.4385229696,-14.62008124906,2699,53,998
-76.019930918612,-11.116651640992,2716,224,753
-69.102903230888,-15.653143825798,2741,156,1022
-73.145322009428,-14.709912777472,2675,135,2321
-72.022427904278,-14.170923607,2708,67,2000
-70.31562886445,-14.260755135412,2693,168,1358
-74.35804764299,-12.37429303876,2745,592,2749
-71.573270262218,-13.587018672322,2734,186,2081
-73.774142708312,-13.49718714391,2795,66,-80
-75.346194455522,-13.452271379704,2710,208,1176
-69.462229344536,-14.575165484854,2678,502,2884
-69.102903230888,-17.180279808802,2684,66,1020
-76.738583145908,-11.206483169404,2720,106,1063
-74.762289520844,-14.440418192236,2760,51,475
-69.147818995094,-18.21334238554,2673,47,743
-77.27757231638,-7.703053561336,2767,436,1950
-66.587620435352,-18.393005442364,2704,42,991
-75.076699870286,-13.991260550176,2771,67,461
-70.450376157068,-17.135364044596,2691,38,33
-68.474082532004,-18.168426621334,2680,49,2196
-75.301278691316,-13.72176596494,2791,116,771
-67.17152537003,-18.303173913952,2706,38,591
-74.492794935608,-14.530249720648,2707,70,641
-73.729226944106,-15.248901947944,2759,40,468
-72.471585546338,-13.766681729146,2754,75,954
-68.339335239386,-17.180279808802,2694,72,1991
-68.698661353034,-16.012469939446,2759,133,1966
-77.906393015264,-6.804738277216,2784,179,1587
-74.402963407196,-13.542102908116,2716,111,1260
-77.771645722646,-8.466621552838,2734,86,1522
-67.935093361532,-17.225195573008,2712,68,439
-70.809702270716,-14.664997013266,2698,52,1329
-76.064846682818,-11.47597775464,2690,174,1054
-73.729226944106,-14.84466007009,2689,128,1813
-68.249503710974,-18.21334238554,2703,42,1736
-71.034281091746,-13.452271379704,2737,1665,6960
-67.126609605824,-17.584521686656,2712,111,647
-68.698661353034,-15.922638411034,2748,196,2584
-72.291922489514,-13.362439851292,2729,224,3032
-71.842764847454,-14.799744305884,2669,68,1800
-68.923240174064,-15.06923889112,2702,976,2769
-69.911386986596,-15.96755417524,2710,83,2175
-69.86647122239,-17.404858629832,2668,42,673
-68.384251003592,-18.393005442364,2698,34,829
-77.05299349535,-9.589515657988,2698,159,1572
-69.731723929772,-14.799744305884,2686,126,1995
-77.187740787968,-9.993757535842,2690,79,1853
-71.258859912776,-13.362439851292,2754,974,5446
-70.944449563334,-16.012469939446,2674,52,829
-69.507145108742,-16.910785223566,2672,83,1473
-74.268216114578,-12.82345068082,2757,119,667
-70.98936532754,-14.485333956442,2692,87,2202
-70.495291921274,-13.811597493352,2756,631,3194
-69.1927347593,-15.203986183738,2688,288,2128
-73.414816594664,-15.114154655326,2697,94,1720
-68.923240174064,-17.629437450862,2689,48,1120
-74.717373756638,-13.901429021764,2700,118,901
-77.142825023762,-8.286958496014,2764,535,2463
-70.54020768548,-16.237048760476,2672,56,1411
-72.875827424192,-15.338733476356,2675,121,3036
-71.752933319042,-13.631934436528,2761,87,706
-73.055490481016,-15.159070419532,2674,110,2517
-77.05299349535,-8.511537317044,2764,569,2796
-68.114756418356,-17.629437450862,2698,36,900
-69.911386986596,-16.461627581506,2645,72,1309
-67.17152537003,-17.270111337214,2692,240,1576
-69.686808165566,-18.078595092922,2740,21,34
-71.573270262218,-15.338733476356,2661,84,1828
-72.11225943269,-14.664997013266,2673,72,1491
-78.310634893118,-6.669990984598,2777,165,834
-73.6843111799,-13.94634478597,2730,107,1476
-70.944449563334,-14.440418192236,2666,118,3321
-72.157175196896,-13.587018672322,2734,146,3249
-71.258859912776,-14.036176314382,2665,140,2391
-74.627542228226,-12.194629981936,2740,520,3035
-68.024924889944,-17.31502710142,2707,61,786
-73.01057471681,-14.889575834296,2672,137,2346
-68.923240174064,-16.910785223566,2704,73,1578
-68.653745588828,-17.31502710142,2697,45,1194
-76.109762447024,-12.733619152408,2799,25,102
-71.21394414857,-13.49718714391,2664,1028,5331
-71.393607205394,-15.383649240562,2677,80,1507
-78.40046642153,-7.029317098246,2782,135,1199
-69.731723929772,-16.326880288888,2685,72,1209
-76.019930918612,-12.37429303876,2720,66,921
-72.426669782132,-14.170923607,2692,102,2954
-76.918246202732,-10.173420592666,2699,120,1323
-72.830911659986,-15.51839653318,2734,82,1540
-69.327482051918,-14.664997013266,2692,504,2818
-72.471585546338,-13.542102908116,2765,127,1650
-67.755430304708,-18.033679328716,2688,48,1821
-71.169028384364,-13.72176596494,2647,621,4111
-75.436025983934,-11.835303868288,2749,133,594
-75.25636292711,-13.542102908116,2710,201,999
-72.291922489514,-14.260755135412,2687,79,2279
-75.795352097582,-12.509040331378,2684,141,1509
-66.72236772797,-17.809100507686,2706,70,841
-70.225797336038,-14.889575834296,2703,39,1296
-72.426669782132,-13.137861030262,2723,312,3344
-65.689305151232,-17.225195573008,2764,1027,5159
-71.932596375866,-13.587018672322,2750,87,1623
-66.677451963764,-17.270111337214,2715,183,1945
-77.72672995844,-9.499684129576,2733,19,1530
-68.923240174064,-17.449774394038,2684,55,1049
-69.1927347593,-18.168426621334,2677,49,913
-66.542704671146,-18.572668499188,2701,38,1006
-70.405460392862,-14.530249720648,2697,80,1664
-76.469088560672,-9.6793471864,2715,541,1860
-69.956302750802,-16.19213299627,2695,54,930
-74.627542228226,-14.62008124906,2756,48,423
-65.644389387026,-17.76418474348,2766,105,1508
-76.738583145908,-10.892072819962,2719,71,753
-66.542704671146,-17.809100507686,2722,48,270
-66.677451963764,-17.76418474348,2715,59,295
-77.367403844792,-8.601368845456,2769,129,1382
-66.902030784794,-17.449774394038,2720,143,1153
-71.4385229696,-15.473480768974,2686,58,586
-69.013071702476,-16.237048760476,2783,109,2268
-70.450376157068,-13.991260550176,2691,384,1992
-76.558920089084,-11.565809283052,2714,111,1144
-66.318125850116,-17.31502710142,2755,164,1317
-69.282566287712,-15.248901947944,2705,153,1505
-76.019930918612,-10.532746706314,2691,332,1380
-73.90889000093,-13.362439851292,2762,73,854
-67.62068301209,-18.21334238554,2700,42,1242
-69.507145108742,-14.754828541678,2678,246,2655
-70.405460392862,-17.135364044596,2702,41,-15
-69.956302750802,-16.371796053094,2671,58,889
-72.291922489514,-15.024323126914,2677,109,1803
-75.391110219728,-11.47597775464,2742,399,2380
-72.11225943269,-13.991260550176,2737,57,1433
-68.878324409858,-16.955700987772,2706,67,1568
-76.558920089084,-10.981904348374,2686,167,1420
-71.393607205394,-14.664997013266,2699,52,938
-69.372397816124,-17.225195573008,2655,73,1571
-66.677451963764,-17.270111337214,2715,183,1945
-69.911386986596,-14.39550242803,2701,214,980
-67.216441134236,-17.98876356451,2708,42,205
-69.776639693978,-17.225195573008,2690,44,178
-73.953805765136,-13.27260832288,2730,66,855
-67.890177597326,-18.482836970776,2695,32,825
-74.35804764299,-14.260755135412,2696,89,745
-77.008077731144,-9.634431422194,2698,166,1463
-69.372397816124,-15.832806882622,2791,100,2165
-70.405460392862,-14.754828541678,2702,39,826
-75.525857512346,-12.59887185979,2681,218,1072
-70.360544628656,-13.631934436528,2741,1356,6837
-71.169028384364,-15.29381771215,2667,102,2598
-68.114756418356,-18.482836970776,2694,31,718
-70.76478650651,-13.991260550176,2657,363,2530
-70.450376157068,-14.170923607,2677,224,2292
-73.90889000093,-14.799744305884,2697,106,1542
-70.09105004342,-16.776037930948,2660,51,417
-67.39610419106,-17.809100507686,2702,48,643
-70.630039213892,-15.473480768974,2695,48,963
-75.975015154406,-10.892072819962,2698,381,1641
-72.157175196896,-14.530249720648,2710,59,893
-74.537710699814,-14.126007842794,2709,92,407
-70.31562886445,-16.551459109918,2682,41,115
-69.86647122239,-17.09044828039,2661,55,629
-69.147818995094,-18.078595092922,2671,51,1115
-74.043637293548,-14.170923607,2705,82,924
-70.585123449686,-16.731122166742,2661,41,1107
-76.963161966938,-9.769178714812,2703,161,1181
-70.809702270716,-14.575165484854,2684,75,2201
-66.228294321704,-18.258258149746,2697,63,1307
-75.660604804964,-11.835303868288,2711,146,819
-66.452873142734,-18.258258149746,2726,36,106
-77.681814194234,-9.320021072752,2750,37,928
-71.797849083248,-14.215839371206,2715,60,1640
-70.495291921274,-14.575165484854,2697,53,947
-68.429166767798,-17.135364044596,2705,68,1873
-77.322488080586,-10.35308364949,2708,19,1417
-74.223300350372,-14.260755135412,2693,94,1148
-71.21394414857,-14.126007842794,2671,117,1983
-68.833408645652,-17.045532516184,2706,58,1321
-77.187740787968,-9.90392600743,2668,99,2252
-73.504648123076,-14.036176314382,2732,120,1688
-75.436025983934,-12.553956095584,2690,223,917
-76.019930918612,-10.981904348374,2708,267,1133
-72.78599589578,-14.575165484854,2668,131,3291
-73.549563887282,-15.248901947944,2764,50,450
-65.868968208056,-17.449774394038,2735,328,2699
-77.142825023762,-8.197126967602,2808,514,1996
-77.27757231638,-10.263252121078,2697,35,1706
-69.552060872948,-17.809100507686,2682,36,507
-76.648751617496,-10.173420592666,2719,179,779
-69.507145108742,-18.393005442364,2715,25,708
-73.729226944106,-14.350586663824,2684,107,1968
-74.088553057754,-12.688703388202,2727,218,1577
-68.833408645652,-18.21334238554,2681,46,779
-69.327482051918,-15.024323126914,2703,165,1688
-69.147818995094,-17.674353215068,2689,42,1023
-69.057987466682,-18.482836970776,2665,42,733
-69.102903230888,-16.281964524682,2775,126,2730
-71.66310179063,-16.102301467858,2764,49,122
-77.861477251058,-6.804738277216,2768,245,1932
-76.469088560672,-10.757325527344,2694,138,717
-77.591982665822,-9.769178714812,2759,18,1671
-66.677451963764,-18.21334238554,2686,62,1388
-70.944449563334,-15.608228061592,2685,51,581
-69.686808165566,-14.350586663824,2696,713,2926
-69.911386986596,-15.06923889112,2697,64,1768
-70.585123449686,-16.147217232064,2716,34,35
-69.462229344536,-18.078595092922,2665,47,1020
-69.64189240136,-17.494690158244,2672,43,477
-69.552060872948,-17.584521686656,2687,35,248
-71.528354498012,-14.62008124906,2692,64,1371
-69.237650523506,-14.754828541678,2706,615,2755
-68.833408645652,-18.348089678158,2669,47,810
-76.873330438526,-8.376790024426,2754,873,3412
-67.62068301209,-17.809100507686,2707,41,541
-70.719870742304,-14.485333956442,2696,71,1536
-70.809702270716,-15.29381771215,2674,70,2146
-76.60383585329,-10.847157055756,2693,130,1214
-73.100406245222,-14.979407362708,2680,117,2061
-70.809702270716,-15.922638411034,2680,47,848
-71.708017554836,-13.901429021764,2739,64,727
-74.13346882196,-13.003113737644,2739,80,909
-68.429166767798,-18.168426621334,2686,45,2115
-76.244509739642,-12.104798453524,2757,97,500
-71.977512140072,-12.59887185979,2781,530,4131
-67.485935719472,-17.898932036098,2706,42,439
-75.48094174814,-12.419208802966,2687,197,931
-69.237650523506,-16.012469939446,2795,114,2303
-77.72672995844,-9.589515657988,2748,15,1357
-68.608829824622,-16.506543345712,2723,85,2608
-75.03178410608,-12.059882689318,2718,303,2135
-77.457235373204,-9.993757535842,2717,28,1901
-71.393607205394,-14.215839371206,2717,49,581
-70.54020768548,-17.225195573008,2739,29,-167
-77.72672995844,-8.736116138074,2728,100,2369
-77.816561486852,-8.10729543919,2730,121,1473
-69.686808165566,-14.081092078588,2797,955,3204
-75.25636292711,-12.329377274554,2747,140,86
-71.708017554836,-15.563312297386,2678,67,1098
-72.920743188398,-14.170923607,2696,144,4090
-68.833408645652,-17.135364044596,2700,52,1174
-68.339335239386,-16.955700987772,2696,63,1802
-72.247006725308,-14.215839371206,2693,76,2151
-78.220803364706,-8.286958496014,2748,145,1366
-70.225797336038,-15.653143825798,2712,40,955
-74.986868341874,-11.431061990434,2709,1165,5149
-74.80720528505,-14.036176314382,2710,105,872
-77.187740787968,-10.35308364949,2772,30,357
-76.15467821123,-11.341230462022,2708,162,490
-73.90889000093,-12.82345068082,2727,156,1284
-69.596976637154,-18.078595092922,2717,27,377
-69.462229344536,-16.596374874124,2677,128,2220
-70.270713100244,-13.72176596494,2737,1138,5998
-77.142825023762,-10.712409763138,2724,21,669
-70.001218515008,-16.686206402536,2639,83,1494
-77.72672995844,-9.769178714812,2759,13,1474
-70.854618034922,-15.563312297386,2675,63,1398
-71.797849083248,-15.922638411034,2684,58,685
-70.944449563334,-14.934491598502,2691,44,1219
-71.034281091746,-15.877722646828,2679,45,412
-77.232656552174,-7.972548146572,2765,574,2237
-74.313131878784,-13.811597493352,2723,58,468
-77.367403844792,-8.78103190228,2730,137,2168
-68.698661353034,-16.237048760476,2764,73,1400
-76.199593975436,-12.104798453524,2734,92,577
-75.840267861788,-12.509040331378,2716,104,1231
-68.29441947518,-17.98876356451,2706,32,1484
-68.384251003592,-16.19213299627,2711,290,2913
-68.608829824622,-15.877722646828,2758,256,2889
-71.4385229696,-14.170923607,2710,55,822
-70.899533799128,-15.024323126914,2700,33,612
-71.88768061166,-14.709912777472,2667,73,2022
-69.237650523506,-14.799744305884,2685,553,2695
-70.76478650651,-15.96755417524,2675,42,773
-70.719870742304,-14.754828541678,2706,42,1050
-69.776639693978,-14.530249720648,2674,257,2099
-68.159672182562,-18.033679328716,2693,38,1951
-70.630039213892,-14.709912777472,2683,68,2793
-72.11225943269,-12.37429303876,2807,399,3022
-74.672457992432,-12.509040331378,2775,208,944
-67.126609605824,-17.898932036098,2715,50,259
-68.474082532004,-18.123510857128,2679,52,2474
-75.975015154406,-10.757325527344,2714,360,1317
-71.977512140072,-14.215839371206,2720,71,1987
-76.289425503848,-9.45476836537,2745,687,1818
-76.918246202732,-9.90392600743,2718,151,909
-70.674954978098,-16.237048760476,2693,41,490
-69.057987466682,-15.338733476356,2703,465,1937
-73.6843111799,-15.563312297386,2774,24,149
-70.046134279214,-14.979407362708,2683,58,1927
-69.147818995094,-14.530249720648,2730,824,3308
-69.86647122239,-17.943847800304,2762,15,-100
-71.66310179063,-14.350586663824,2721,43,545
-74.35804764299,-13.137861030262,2748,85,621
-72.920743188398,-13.452271379704,2730,187,2605
-73.01057471681,-15.51839653318,2777,49,1980
-70.360544628656,-16.64129063833,2683,36,-21
-75.25636292711,-13.003113737644,2700,253,774
-74.627542228226,-14.62008124906,2756,48,423
-69.102903230888,-18.078595092922,2662,57,1484
-69.821555458184,-15.877722646828,2748,70,1473
-72.696164367368,-15.203986183738,2662,137,2848
-72.247006725308,-13.04802950185,2748,237,2662
-70.585123449686,-15.159070419532,2690,46,2134
-71.797849083248,-15.114154655326,2674,91,2071
-71.258859912776,-13.587018672322,2678,624,3607
-69.86647122239,-16.506543345712,2650,79,1501
-67.036778077412,-18.303173913952,2716,48,1227
-73.324985066252,-15.473480768974,2789,36,605
-66.72236772797,-18.168426621334,2673,69,1708
-75.975015154406,-12.37429303876,2702,79,1036
-74.897036813462,-13.72176596494,2703,149,764
-78.265719128912,-7.074232862452,2766,125,1369
-69.911386986596,-14.305670899618,2678,456,2781
-70.225797336038,-15.159070419532,2712,41,1126
-66.407957378528,-18.168426621334,2721,46,329
-70.046134279214,-13.94634478597,2731,902,4009
-77.322488080586,-9.095442251722,2773,78,525
-77.322488080586,-8.33187426022,2771,277,1889
-77.457235373204,-8.915779194898,2759,105,1561
-76.82841467432,-10.263252121078,2692,142,1348
-69.86647122239,-15.51839653318,2754,65,2268
-67.530851483678,-17.809100507686,2707,42,473
-70.854618034922,-15.203986183738,2680,54,1459
-75.750436333376,-12.509040331378,2702,145,1105
-69.64189240136,-14.62008124906,2688,244,1809
-74.852121049256,-11.431061990434,2761,1138,4749
-72.202090961102,-12.643787623996,2780,307,3413
-68.384251003592,-15.96755417524,2673,511,5269
-69.64189240136,-15.96755417524,2759,98,2082
-72.741080131574,-15.203986183738,2652,130,2630
-70.585123449686,-13.72176596494,2703,1027,5122
-73.145322009428,-14.39550242803,2719,81,1344
-76.558920089084,-11.161567405198,2686,148,1161
-67.351188426854,-16.955700987772,2642,382,2585
-72.965658952604,-13.72176596494,2759,78,1008
-77.50215113741,-9.45476836537,2721,38,1122
-76.15467821123,-12.509040331378,2752,40,584
-75.975015154406,-12.284461510348,2695,96,1191
-66.72236772797,-18.033679328716,2697,57,979
-72.965658952604,-14.39550242803,2725,75,1183
-69.552060872948,-16.461627581506,2694,99,1314
-66.632536199558,-17.449774394038,2724,100,500
-68.878324409858,-17.76418474348,2695,42,945
-67.890177597326,-16.596374874124,2703,276,1601
-74.088553057754,-14.799744305884,2727,96,1428
-73.549563887282,-15.428565004768,2755,48,778
-67.84526183312,-18.482836970776,2695,31,770
-69.147818995094,-17.809100507686,2660,49,1651
-71.932596375866,-14.530249720648,2694,59,1765
-66.946946549,-17.719268979274,2710,113,999
-72.11225943269,-16.012469939446,2756,24,-130
-71.528354498012,-13.317524087086,2717,539,3962
-71.842764847454,-14.934491598502,2686,53,764
-67.306272662648,-17.09044828039,2673,290,1793
-74.941952577668,-13.182776794468,2674,246,1511
-69.911386986596,-16.371796053094,2671,59,918
-69.686808165566,-14.84466007009,2692,113,1644
-76.783498910114,-9.859010243224,2745,133,109
-73.369900830458,-13.766681729146,2746,105,1342
-76.963161966938,-9.6793471864,2703,176,1313
-69.102903230888,-17.270111337214,2675,77,1622
-75.48094174814,-12.14971421773,2693,173,1394
-77.636898430028,-7.478474740306,2738,246,1525
-72.33683825372,-14.260755135412,2691,89,2570
-74.447879171402,-13.631934436528,2724,103,874
-77.187740787968,-7.927632382366,2804,581,2027
-75.795352097582,-12.37429303876,2687,116,767
-76.469088560672,-11.296314697816,2665,199,1770
-68.51899829621,-16.4167118173,2729,70,1406
-72.56141707475,-14.575165484854,2682,87,2023
-70.809702270716,-13.856513257558,2655,741,4200
-74.35804764299,-14.62008124906,2693,89,742
-69.327482051918,-15.877722646828,2791,105,2194
-74.941952577668,-13.901429021764,2728,135,904
-70.270713100244,-15.248901947944,2714,42,1261
-69.282566287712,-17.76418474348,2694,30,256
-71.393607205394,-14.440418192236,2695,61,1288
-75.840267861788,-10.892072819962,2701,552,2008
-69.956302750802,-14.934491598502,2668,83,2813
-73.90889000093,-14.530249720648,2689,89,1355
-75.525857512346,-11.610725047258,2709,235,1075
-70.270713100244,-16.012469939446,2681,54,1526
-70.944449563334,-16.147217232064,2681,43,447
-76.424172796466,-11.47597775464,2683,198,1890
-73.594479651488,-14.979407362708,2719,100,1423
-76.469088560672,-10.397999413696,2730,160,612
-71.079196855952,-16.281964524682,2695,38,4
-69.776639693978,-15.74297535421,2772,73,1967
-67.351188426854,-17.225195573008,2698,165,941
-74.762289520844,-14.440418192236,2760,51,475
-70.76478650651,-16.102301467858,2672,45,894
-73.6843111799,-13.092945266056,2735,139,1222
-72.157175196896,-15.338733476356,2658,122,2084
-70.180881571832,-14.84466007009,2699,42,906
-76.15467821123,-12.643787623996,2779,26,253
-70.001218515008,-14.39550242803,2700,171,1340
-68.74357711724,-16.64129063833,2700,120,3856
-66.812199256382,-18.123510857128,2678,77,1746
-73.6843111799,-15.383649240562,2755,38,570
-69.507145108742,-16.86586945936,2661,89,1724
-75.750436333376,-11.071735876786,2722,528,1938
-71.842764847454,-13.003113737644,2782,392,3175
-65.958799736468,-17.359942865626,2733,422,2870
-73.190237773634,-13.542102908116,2773,69,709
-68.878324409858,-16.326880288888,2776,88,1908
-75.885183625994,-11.296314697816,2712,295,1167
-68.339335239386,-17.359942865626,2697,53,1301
-72.202090961102,-14.934491598502,2673,114,2128
-77.906393015264,-8.915779194898,2721,57,1161
-73.45973235887,-14.575165484854,2685,127,1962
-75.660604804964,-12.868366445026,2711,217,1300
-77.547066901616,-9.859010243224,2720,27,2017
-75.436025983934,-12.329377274554,2696,198,1164
-68.429166767798,-18.303173913952,2705,38,987
-76.783498910114,-10.80224129155,2690,71,1012
-71.169028384364,-16.326880288888,2689,45,178
-69.462229344536,-15.473480768974,2765,67,1104
-68.384251003592,-15.922638411034,2689,474,4658
-71.618186026424,-14.350586663824,2720,41,384
-77.50215113741,-8.466621552838,2727,137,1774
-67.485935719472,-17.31502710142,2698,97,1002
-71.708017554836,-15.248901947944,2661,85,1733
-75.795352097582,-10.173420592666,2746,1023,2891
-74.537710699814,-13.362439851292,2690,196,1736
-68.608829824622,-16.057385703652,2751,157,2328
-70.180881571832,-16.461627581506,2667,56,731
-70.31562886445,-15.74297535421,2711,38,842
-69.731723929772,-18.348089678158,2759,11,102
-71.932596375866,-13.72176596494,2744,70,1338
-73.639395415694,-14.575165484854,2686,107,1603
-69.282566287712,-15.74297535421,2777,84,1199
-73.953805765136,-13.901429021764,2730,74,1064
-70.98936532754,-13.49718714391,2736,1594,6529
-72.606332838956,-14.530249720648,2677,96,2511
-67.306272662648,-18.078595092922,2703,43,338
-74.402963407196,-14.754828541678,2717,73,725
-72.606332838956,-15.74297535421,2741,85,290
-76.963161966938,-9.499684129576,2706,194,1335
-68.563914060416,-16.686206402536,2679,94,3254
-78.535213714148,-6.894569805628,2769,240,2155
-69.821555458184,-16.057385703652,2713,88,2033
-74.178384586166,-13.27260832288,2747,55,948
-71.303775676982,-15.024323126914,2688,47,1095
-66.138462793292,-18.393005442364,2715,57,1302
-77.681814194234,-7.298811683482,2775,373,1935
-71.618186026424,-14.39550242803,2701,49,1054
-66.857115020588,-18.393005442364,2684,62,2229
-67.755430304708,-18.078595092922,2691,45,1393
-70.046134279214,-17.045532516184,2670,53,287
-78.355550657324,-6.580159456186,2763,234,1253
-70.450376157068,-13.766681729146,2745,823,4219
-66.542704671146,-18.21334238554,2715,43,702
-69.057987466682,-17.225195573008,2682,64,1058
-69.596976637154,-17.359942865626,2685,36,32
-71.034281091746,-16.237048760476,2696,37,-162
-74.447879171402,-14.126007842794,2703,105,891
-68.339335239386,-17.449774394038,2699,38,732
-73.414816594664,-14.485333956442,2697,106,1569
-66.632536199558,-17.854016271892,2717,53,574
-67.036778077412,-17.76418474348,2721,85,662
-76.693667381702,-11.745472339876,2775,45,355
-69.821555458184,-17.98876356451,2747,14,35
-68.923240174064,-17.674353215068,2689,46,1141
-74.627542228226,-13.407355615498,2688,218,1907
-69.956302750802,-17.449774394038,2724,26,234
-66.452873142734,-16.820953695154,2726,494,3189
-69.596976637154,-14.081092078588,2742,1280,4935
-74.492794935608,-12.643787623996,2726,263,2067
-73.819058472518,-14.440418192236,2694,95,1377
-66.228294321704,-17.943847800304,2719,51,1039
-70.854618034922,-16.281964524682,2686,45,528
-72.157175196896,-14.799744305884,2672,97,1852
-69.776639693978,-16.955700987772,2690,45,114
-68.024924889944,-18.303173913952,2695,38,1382
-70.135965807626,-14.754828541678,2692,57,1297
-77.27757231638,-8.197126967602,2754,384,1927
-74.627542228226,-11.745472339876,2758,1201,4285
-69.102903230888,-14.799744305884,2712,830,2887
-67.800346068914,-17.943847800304,2703,42,1444
-72.696164367368,-14.305670899618,2684,130,3825
-69.956302750802,-16.731122166742,2659,69,866
-72.33683825372,-14.799744305884,2654,146,3079
-69.507145108742,-15.51839653318,2776,68,1386
-72.11225943269,-14.485333956442,2722,53,906
-70.944449563334,-14.215839371206,2677,138,1960
-69.372397816124,-18.258258149746,2695,41,624
-69.147818995094,-15.024323126914,2674,517,2393
-68.51899829621,-15.922638411034,2708,350,4151
-74.762289520844,-13.856513257558,2690,131,1090
-68.204587946768,-18.258258149746,2711,32,926
-70.54020768548,-15.338733476356,2689,46,1777
-70.09105004342,-15.114154655326,2689,57,2115
-71.393607205394,-14.485333956442,2711,47,493
-68.429166767798,-15.96755417524,2673,433,4810
-71.034281091746,-15.653143825798,2682,51,600
-70.98936532754,-13.901429021764,2661,340,1930
-70.225797336038,-14.260755135412,2703,164,1010
-66.767283492176,-18.348089678158,2694,58,1739
-76.109762447024,-10.487830942108,2714,189,574
-70.450376157068,-13.676850200734,2753,1073,5212
-72.11225943269,-14.709912777472,2680,68,1284
-71.393607205394,-15.114154655326,2662,89,2417
-70.360544628656,-14.889575834296,2704,39,1379
-69.86647122239,-15.96755417524,2713,95,2726
-70.450376157068,-15.473480768974,2698,46,1600
-68.698661353034,-18.078595092922,2696,37,511
-74.178384586166,-12.643787623996,2731,273,1857
-66.49778890694,-16.776037930948,2712,526,3304
-67.935093361532,-18.168426621334,2707,34,813
-66.857115020588,-17.943847800304,2706,78,1339
-78.62504524256,-7.074232862452,2776,208,2413
-67.216441134236,-18.078595092922,2706,41,277
-72.291922489514,-15.563312297386,2768,80,61
-71.977512140072,-13.631934436528,2743,77,1571
-77.232656552174,-8.33187426022,2751,457,2781
-71.079196855952,-15.608228061592,2677,55,788
-69.507145108742,-16.237048760476,2729,113,1909
-68.06984065415,-16.506543345712,2730,167,692
-69.102903230888,-18.21334238554,2669,51,994
-69.956302750802,-14.081092078588,2705,872,3799
-69.956302750802,-16.910785223566,2669,46,248
-72.471585546338,-13.182776794468,2804,184,1215
-70.135965807626,-16.910785223566,2654,58,539
-74.717373756638,-12.688703388202,2715,283,2026
-71.528354498012,-13.811597493352,2748,68,118
-70.674954978098,-14.350586663824,2680,105,1824
-70.09105004342,-14.664997013266,2665,98,2588
-71.348691441188,-16.147217232064,2703,41,14
-69.013071702476,-15.698059590004,2727,207,1616
-70.944449563334,-14.485333956442,2689,81,1750
-71.21394414857,-14.350586663824,2711,62,1169
-70.09105004342,-16.820953695154,2650,53,414
-77.412319608998,-7.972548146572,2738,451,2431
-70.76478650651,-16.012469939446,2687,40,498
-72.56141707475,-12.913282209232,2725,375,3001
-72.875827424192,-13.991260550176,2737,82,1866
-75.166531398698,-13.092945266056,2681,280,1246
-74.088553057754,-14.62008124906,2713,80,942
-70.180881571832,-14.709912777472,2691,60,1198
-74.986868341874,-11.25139893361,2782,1022,5386
-75.211447162904,-13.631934436528,2725,194,934
-77.591982665822,-7.4335589761,2748,349,1995
-70.09105004342,-14.84466007009,2694,56,1350
-69.821555458184,-17.53960592245,2685,35,535
-66.228294321704,-18.572668499188,2715,33,462
-66.542704671146,-18.123510857128,2701,49,910
-74.762289520844,-14.081092078588,2703,125,972
-66.902030784794,-17.000616751978,2749,300,1707
-69.821555458184,-15.608228061592,2759,71,2348
-69.057987466682,-16.596374874124,2729,116,2369
-67.441019955266,-17.898932036098,2706,42,349
-74.537710699814,-13.137861030262,2703,198,1539
-73.998721529342,-15.024323126914,2741,47,906
-75.166531398698,-11.70055657567,2705,415,2512
-71.124112620158,-13.856513257558,2643,373,3016
-70.495291921274,-13.856513257558,2709,584,3376
-74.043637293548,-13.811597493352,2739,65,1235
-69.821555458184,-15.922638411034,2741,75,1614
-72.11225943269,-15.832806882622,2718,57,620
-77.50215113741,-9.364936836958,2744,49,1236
-71.258859912776,-16.012469939446,2684,49,287
-77.232656552174,-8.646284609662,2765,163,1245
-74.223300350372,-12.553956095584,2733,330,1761
-74.58262646402,-14.170923607,2700,112,673
-75.391110219728,-13.27260832288,2757,214,768
-75.436025983934,-12.868366445026,2684,256,958
-68.429166767798,-18.258258149746,2695,43,1445
-76.37925703226,-11.25139893361,2697,174,1156
-77.367403844792,-9.634431422194,2716,47,1666
-68.698661353034,-15.922638411034,2748,196,2584
-68.878324409858,-14.754828541678,2856,781,1792
-67.800346068914,-17.719268979274,2704,40,646
-68.429166767798,-17.76418474348,2705,29,752
-72.067343668484,-13.137861030262,2731,197,2361
-76.558920089084,-10.667493998932,2712,121,388
-75.211447162904,-12.913282209232,2679,285,1145
-70.54020768548,-16.686206402536,2664,48,1062
-76.289425503848,-11.47597775464,2688,181,1242
-68.923240174064,-17.943847800304,2661,49,1472
-69.821555458184,-17.854016271892,2739,17,150
-68.878324409858,-15.698059590004,2777,239,1568
-77.142825023762,-10.038673300048,2722,71,1002
-77.996224543676,-6.355580635156,2774,239,1317
-73.100406245222,-15.06923889112,2680,117,2365
-70.854618034922,-14.485333956442,2666,96,2766
-66.677451963764,-18.393005442364,2690,50,1497
-77.996224543676,-8.466621552838,2737,80,1727
-75.346194455522,-12.778534916614,2680,255,1006
-71.303775676982,-13.94634478597,2680,141,1742
-71.573270262218,-14.39550242803,2687,56,1529
-73.863974236724,-13.04802950185,2738,88,542
-69.731723929772,-17.53960592245,2689,31,102
-72.696164367368,-14.84466007009,2662,111,1823
-74.58262646402,-13.631934436528,2698,147,1268
-75.795352097582,-11.25139893361,2719,346,874
-70.98936532754,-14.260755135412,2691,86,1094
-71.348691441188,-16.326880288888,2716,35,101
-67.575767247884,-17.584521686656,2707,48,310
-68.159672182562,-18.393005442364,2700,32,795
-71.124112620158,-15.787891118416,2676,55,682
-74.088553057754,-15.06923889112,2758,38,825
-71.079196855952,-16.237048760476,2689,41,52
-66.632536199558,-17.76418474348,2707,64,539
-69.731723929772,-18.168426621334,2743,15,163
-69.596976637154,-18.348089678158,2751,18,458
-69.372397816124,-17.449774394038,2682,40,360
-71.708017554836,-15.29381771215,2671,74,1353
-74.58262646402,-14.170923607,2700,112,673
-66.902030784794,-18.258258149746,2696,67,1816
-69.552060872948,-14.934491598502,2673,137,2754
-76.558920089084,-10.397999413696,2700,177,914
-72.381754017926,-14.979407362708,2665,128,2339
-71.618186026424,-14.170923607,2716,47,757
-70.495291921274,-14.39550242803,2677,125,2292
-75.750436333376,-10.622578234726,2740,774,2365
-70.944449563334,-14.440418192236,2666,118,3321
-74.941952577668,-13.227692558674,2686,212,1175
-70.225797336038,-15.653143825798,2712,40,955
-75.436025983934,-11.386146226228,2708,470,2849
-74.80720528505,-13.362439851292,2691,203,1431
-73.23515353784,-13.04802950185,2760,222,2189
-74.627542228226,-12.733619152408,2734,240,1788
-68.96815593827,-18.258258149746,2680,39,267
-72.067343668484,-14.664997013266,2695,61,1006
-77.816561486852,-9.23018954434,2712,35,1498
-67.081693841618,-17.225195573008,2686,261,1662
-75.660604804964,-12.688703388202,2704,167,1031
-71.573270262218,-13.407355615498,2735,344,2868
-72.965658952604,-15.428565004768,2717,77,2796
-72.291922489514,-13.407355615498,2731,214,2859
-74.13346882196,-13.317524087086,2720,65,1552
-73.324985066252,-14.260755135412,2739,81,1034
-71.4385229696,-14.215839371206,2715,49,746
-67.485935719472,-17.53960592245,2704,71,693
-71.483438733806,-14.260755135412,2695,58,1275
-75.840267861788,-13.04802950185,2749,146,537
-71.573270262218,-14.709912777472,2694,50,632
-73.594479651488,-14.081092078588,2744,76,449
-77.50215113741,-7.792885089748,2736,337,1958
-68.429166767798,-16.19213299627,2714,242,2864
-67.17152537003,-18.123510857128,2708,41,341
-77.681814194234,-9.320021072752,2750,37,928
-67.036778077412,-18.21334238554,2716,50,953
-69.057987466682,-17.270111337214,2671,69,1346
-66.587620435352,-17.359942865626,2707,155,1799
-76.019930918612,-12.239545746142,2694,104,1291
-76.918246202732,-10.757325527344,2744,40,635
-73.6843111799,-14.126007842794,2716,95,1259
-77.72672995844,-8.601368845456,2741,83,1561
-73.6843111799,-14.84466007009,2689,128,1704
-71.66310179063,-15.159070419532,2686,59,845
-69.372397816124,-14.62008124906,2670,560,3272
-75.121615634492,-13.991260550176,2769,60,433
-69.596976637154,-15.563312297386,2786,72,1781
-69.86647122239,-17.045532516184,2674,48,266
-69.462229344536,-17.31502710142,2675,48,496
-76.244509739642,-11.386146226228,2697,172,912
-66.946946549,-17.629437450862,2708,126,1085
-77.681814194234,-7.4335589761,2757,243,1384
-77.457235373204,-8.960694959104,2746,98,1548
-70.495291921274,-15.473480768974,2686,59,2266
-67.126609605824,-17.135364044596,2762,180,492
-75.301278691316,-12.913282209232,2667,326,1443
-69.821555458184,-16.596374874124,2671,61,736
-74.58262646402,-11.835303868288,2759,1177,4663
-75.525857512346,-12.778534916614,2688,205,893
-71.4385229696,-14.664997013266,2698,51,926
-71.932596375866,-14.39550242803,2719,51,1293
-77.996224543676,-8.511537317044,2730,70,1629
-75.48094174814,-11.47597775464,2689,334,1866
-75.795352097582,-11.835303868288,2704,149,936
-74.537710699814,-14.126007842794,2709,92,407
-71.393607205394,-14.305670899618,2695,70,1696
-66.542704671146,-17.629437450862,2721,66,1007
-70.360544628656,-17.225195573008,2742,33,-218
-69.102903230888,-15.248901947944,2691,424,2127
-68.563914060416,-18.078595092922,2707,43,1063
-70.405460392862,-13.72176596494,2714,1123,5466
-78.40046642153,-8.33187426022,2781,86,669
-77.636898430028,-9.095442251722,2682,87,2808
-77.816561486852,-8.33187426022,2737,99,1342
-70.854618034922,-15.114154655326,2696,40,928
-70.360544628656,-16.506543345712,2683,41,81
-71.88768061166,-14.036176314382,2708,59,1895
-70.854618034922,-13.991260550176,2647,387,3090
-66.363041614322,-18.033679328716,2711,51,1007
-67.755430304708,-18.393005442364,2699,34,912
-67.755430304708,-17.98876356451,2695,45,1631
-75.795352097582,-12.553956095584,2689,132,1529
-77.367403844792,-8.062379674984,2728,498,2675
-74.043637293548,-14.934491598502,2724,80,1564
-74.043637293548,-13.137861030262,2740,55,491
-71.752933319042,-13.587018672322,2766,84,359
-70.270713100244,-15.787891118416,2711,40,1050
-75.795352097582,-10.173420592666,2746,1023,2891
-74.178384586166,-15.024323126914,2754,46,898
-66.452873142734,-17.404858629832,2724,118,1768
-77.591982665822,-7.388643211894,2743,402,2127
-72.381754017926,-13.991260550176,2715,95,2592
-71.034281091746,-15.608228061592,2684,49,519
-75.166531398698,-13.27260832288,2682,241,1153
-74.043637293548,-13.991260550176,2703,86,1506
-70.270713100244,-13.94634478597,2704,648,3722
-78.714876770972,-7.837800853954,2751,50,435
-68.878324409858,-17.809100507686,2686,43,1138
-68.114756418356,-17.045532516184,2704,51,473
-69.147818995094,-18.21334238554,2673,47,743
-76.514004324878,-10.532746706314,2709,153,730
-71.079196855952,-14.485333956442,2694,79,1882
-70.674954978098,-15.383649240562,2666,80,2942
-68.51899829621,-16.19213299627,2742,157,2491
-68.878324409858,-14.979407362708,2727,1068,3044
-73.280069302046,-14.709912777472,2678,144,2394
-70.54020768548,-15.383649240562,2687,57,2114
-69.507145108742,-14.754828541678,2678,246,2655
-70.854618034922,-15.29381771215,2684,60,1398
-69.1927347593,-16.4167118173,2740,102,1493
-75.436025983934,-12.913282209232,2683,252,869
-77.636898430028,-10.038673300048,2793,14,1243
-67.036778077412,-17.494690158244,2691,157,1399
-74.627542228226,-12.82345068082,2749,177,916
-68.51899829621,-17.943847800304,2700,46,1844
-75.166531398698,-11.610725047258,2724,518,3048
-70.135965807626,-16.686206402536,2656,60,728
-73.594479651488,-14.62008124906,2687,110,1471
-74.80720528505,-12.14971421773,2749,427,2438
-73.01057471681,-14.62008124906,2668,153,3251
-69.102903230888,-15.114154655326,2692,503,2137
-74.986868341874,-12.059882689318,2743,325,2037
-70.001218515008,-15.383649240562,2712,49,1664
-75.795352097582,-11.610725047258,2695,181,754
-71.66310179063,-14.260755135412,2721,43,534
-72.78599589578,-13.003113737644,2755,353,2268
-75.615689040758,-11.02682011258,2749,648,3098
-69.147818995094,-17.854016271892,2669,48,1440
-74.088553057754,-13.227692558674,2761,57,867
-72.830911659986,-15.114154655326,2712,99,1728
-77.636898430028,-7.029317098246,2772,480,2173
-72.426669782132,-14.350586663824,2687,83,2049
-66.49778890694,-16.820953695154,2725,472,3063
-67.530851483678,-18.168426621334,2700,38,499
-69.327482051918,-18.393005442364,2694,34,493
-75.03178410608,-13.587018672322,2689,194,1046
-76.648751617496,-11.431061990434,2736,136,1154
-72.247006725308,-13.003113737644,2703,298,3652
-71.932596375866,-13.04802950185,2758,308,2921
-75.525857512346,-12.014966925112,2732,110,212
-67.84526183312,-17.449774394038,2703,54,298
-70.585123449686,-15.51839653318,2688,54,1626
-75.885183625994,-12.643787623996,2751,83,1420
-76.514004324878,-10.981904348374,2690,156,1063
-68.51899829621,-16.012469939446,2720,284,3531
-70.98936532754,-13.856513257558,2645,484,2975
-73.504648123076,-15.024323126914,2713,87,1363
-75.615689040758,-12.194629981936,2685,174,1232
-70.046134279214,-15.024323126914,2694,50,1424
-69.147818995094,-15.203986183738,2697,338,1874
-69.776639693978,-16.057385703652,2719,102,2625
-76.289425503848,-11.70055657567,2691,179,1555
-74.897036813462,-11.386146226228,2767,1062,4664
-68.204587946768,-18.123510857128,2704,32,1193
-69.552060872948,-14.799744305884,2678,175,2159
-67.755430304708,-17.449774394038,2704,57,244
-72.696164367368,-15.428565004768,2690,118,1404
-66.587620435352,-18.303173913952,2695,51,1330
-72.067343668484,-15.428565004768,2649,113,1854
-76.424172796466,-11.70055657567,2696,127,1198
-69.372397816124,-16.371796053094,2717,161,2971
-72.78599589578,-13.542102908116,2755,131,1800
-69.64189240136,-18.348089678158,2758,15,290
-75.885183625994,-10.532746706314,2712,592,1987
-70.854618034922,-16.596374874124,2701,42,508
-76.963161966938,-10.35308364949,2713,80,1267
-68.339335239386,-16.86586945936,2690,64,1830
-71.393607205394,-13.856513257558,2690,146,2170
-75.885183625994,-12.329377274554,2704,120,1090
-69.596976637154,-14.799744305884,2690,148,1820
-69.507145108742,-15.832806882622,2792,93,2021
-66.04863126488,-18.078595092922,2745,42,791
-70.630039213892,-15.383649240562,2675,74,2735
-68.29441947518,-18.078595092922,2698,39,2082
-75.70552056917,-12.59887185979,2685,171,1362
-73.639395415694,-13.856513257558,2725,118,2072
-73.414816594664,-14.170923607,2703,142,2645
-73.819058472518,-14.170923607,2712,102,1677
-67.081693841618,-17.629437450862,2716,107,659
-68.788492881446,-16.4167118173,2763,88,2290
-71.88768061166,-14.440418192236,2711,49,996
-76.109762447024,-11.610725047258,2682,174,1309
-76.064846682818,-11.70055657567,2683,155,1118
-74.762289520844,-13.182776794468,2705,191,1118
-73.6843111799,-14.530249720648,2694,97,1442
-67.39610419106,-17.584521686656,2702,73,633
-72.247006725308,-15.203986183738,2687,89,1130
-69.686808165566,-14.889575834296,2697,97,1582
-71.528354498012,-14.215839371206,2731,45,534
-75.211447162904,-11.835303868288,2706,270,1919
-76.918246202732,-9.364936836958,2699,284,1889
-76.469088560672,-11.206483169404,2685,201,1679
-77.232656552174,-10.397999413696,2772,26,781
-73.998721529342,-13.94634478597,2706,80,1355
-72.022427904278,-14.889575834296,2691,54,298
-67.530851483678,-18.078595092922,2703,39,537
-73.90889000093,-13.811597493352,2776,42,-157
-77.187740787968,-8.376790024426,2753,475,2830
-74.178384586166,-13.766681729146,2723,68,1424
-75.121615634492,-13.811597493352,2743,125,756
-76.918246202732,-10.308167885284,2681,134,2125
-73.998721529342,-13.227692558674,2754,53,391
-73.369900830458,-15.428565004768,2749,53,1211
-71.528354498012,-14.754828541678,2683,56,1168
-66.452873142734,-18.21334238554,2727,37,-89
-67.306272662648,-17.629437450862,2701,71,797
-76.963161966938,-10.57766247052,2713,59,1003
-67.485935719472,-16.955700987772,2681,274,2050
-77.547066901616,-9.993757535842,2745,19,1849
-70.180881571832,-14.62008124906,2677,88,2127
-74.897036813462,-12.643787623996,2739,224,903
-68.204587946768,-18.21334238554,2711,37,1366
-70.76478650651,-14.799744305884,2707,37,851
-73.190237773634,-13.631934436528,2792,63,634
-70.135965807626,-17.270111337214,2727,36,-96
-74.447879171402,-13.137861030262,2731,149,1207
-71.348691441188,-13.94634478597,2687,127,1809
-71.752933319042,-15.29381771215,2672,71,1129
-70.76478650651,-16.147217232064,2692,36,318
-69.64189240136,-17.270111337214,2688,42,116
-70.98936532754,-14.440418192236,2674,115,3109
-75.346194455522,-12.014966925112,2752,131,941
-72.291922489514,-14.934491598502,2662,138,2707
-69.102903230888,-17.898932036098,2688,38,775
-67.351188426854,-17.225195573008,2698,165,941
-72.022427904278,-15.29381771215,2673,77,859
-68.249503710974,-18.482836970776,2694,31,671
-67.710514540502,-17.404858629832,2707,64,380
-67.935093361532,-18.168426621334,2707,34,813
-69.956302750802,-15.338733476356,2720,52,1496
-72.33683825372,-14.081092078588,2701,90,2632
-77.95130877947,-8.242042731808,2757,108,1488
-73.190237773634,-14.126007842794,2764,99,1555
-69.507145108742,-16.731122166742,2660,104,1944
-69.327482051918,-14.440418192236,2772,721,2746
-68.339335239386,-17.449774394038,2699,38,732
-69.552060872948,-16.955700987772,2665,80,1425
-69.596976637154,-14.440418192236,2706,566,2546
-73.90889000093,-15.608228061592,2782,13,-155
-72.202090961102,-15.383649240562,2668,141,2072
-69.731723929772,-17.719268979274,2712,30,233
-71.21394414857,-14.934491598502,2699,40,531
-77.996224543676,-8.511537317044,2730,70,1629
-67.036778077412,-17.404858629832,2696,166,1298
-73.145322009428,-14.575165484854,2681,135,2670
-67.306272662648,-17.809100507686,2705,50,692
-71.573270262218,-14.754828541678,2695,47,690
-77.72672995844,-9.634431422194,2773,15,1336
-76.514004324878,-11.970051160906,2773,71,734
-68.698661353034,-17.135364044596,2705,53,1448
-70.899533799128,-14.081092078588,2665,238,2424
-71.708017554836,-14.170923607,2719,60,1296
-75.25636292711,-12.329377274554,2747,140,86
-77.232656552174,-10.218336356872,2704,47,1457
-73.819058472518,-15.51839653318,2767,20,191
-70.450376157068,-17.225195573008,2729,33,-130
-75.166531398698,-12.329377274554,2747,159,262
-68.698661353034,-16.237048760476,2764,73,1400
-75.121615634492,-13.227692558674,2680,258,1284
-70.809702270716,-15.563312297386,2660,76,2316
-71.258859912776,-16.326880288888,2700,41,155
-76.648751617496,-11.02682011258,2687,152,1517
-72.381754017926,-15.653143825798,2705,131,677
-66.04863126488,-18.303173913952,2746,46,868
-69.327482051918,-16.64129063833,2686,92,1621
-70.944449563334,-13.991260550176,2667,242,1797
-67.800346068914,-16.506543345712,2668,480,2913
-69.64189240136,-17.404858629832,2675,40,301
-68.878324409858,-17.494690158244,2689,48,905
-69.147818995094,-17.09044828039,2692,63,736
-70.09105004342,-17.000616751978,2636,64,788
-77.72672995844,-9.589515657988,2748,15,1357
-69.911386986596,-13.991260550176,2703,1245,5128
-74.35804764299,-14.440418192236,2690,84,713
-76.963161966938,-9.769178714812,2703,161,1181
-73.01057471681,-15.159070419532,2684,109,2478
-77.95130877947,-8.242042731808,2757,108,1488
-77.72672995844,-9.320021072752,2727,35,1305
-75.660604804964,-10.397999413696,2782,957,2896
-74.897036813462,-14.260755135412,2769,56,649
-72.651248603162,-13.452271379704,2764,221,2298
-75.03178410608,-12.239545746142,2742,231,1277
-74.492794935608,-13.856513257558,2708,100,865
-67.485935719472,-18.43792120657,2694,34,787
-67.351188426854,-17.98876356451,2704,43,356
-76.873330438526,-9.6793471864,2711,204,1347
-73.953805765136,-13.676850200734,2750,49,412
-71.932596375866,-15.563312297386,2721,59,591
-74.717373756638,-14.39550242803,2758,65,667
-76.514004324878,-10.173420592666,2710,197,1017
-67.800346068914,-18.348089678158,2700,36,918
-70.270713100244,-15.653143825798,2710,39,1016
-67.441019955266,-17.404858629832,2706,91,635
-70.405460392862,-16.776037930948,2682,35,204
-72.067343668484,-15.473480768974,2658,105,1570
-71.66310179063,-14.260755135412,2721,43,534
-67.755430304708,-16.4167118173,2791,462,2652
-69.686808165566,-16.147217232064,2719,92,1608
-78.445382185736,-6.98440133404,2755,189,2018
-68.653745588828,-18.43792120657,2693,31,376
-73.6843111799,-14.530249720648,2694,97,1442
-77.05299349535,-9.769178714812,2689,127,1271
-65.734220915438,-17.53960592245,2766,293,2708
-77.72672995844,-9.320021072752,2727,35,1305
-75.795352097582,-11.431061990434,2720,247,877
-72.696164367368,-15.383649240562,2686,112,1332
-73.774142708312,-14.215839371206,2701,111,1848
-70.001218515008,-16.281964524682,2680,53,935
-73.190237773634,-14.84466007009,2679,129,1827
-73.414816594664,-14.799744305884,2705,110,1433
-67.575767247884,-18.482836970776,2691,34,957
-77.95130877947,-8.33187426022,2763,93,1521
-72.11225943269,-14.799744305884,2667,95,1889
-76.514004324878,-9.90392600743,2728,289,1317
-66.632536199558,-16.910785223566,2710,530,4262
-74.492794935608,-12.688703388202,2760,208,1429
-77.816561486852,-8.376790024426,2716,104,1695
-68.96815593827,-16.776037930948,2707,88,1685
-73.953805765136,-15.29381771215,2748,28,1069
-75.391110219728,-11.835303868288,2754,130,326
-67.62068301209,-16.551459109918,2711,522,2629
-76.019930918612,-10.12850482846,2735,375,1746
-67.441019955266,-17.31502710142,2696,123,1483
-68.159672182562,-16.371796053094,2682,341,2503
-69.596976637154,-18.348089678158,2751,18,458
-76.514004324878,-10.847157055756,2698,126,595
-68.653745588828,-16.686206402536,2696,106,3491
-72.875827424192,-13.137861030262,2723,302,2452
-70.360544628656,-13.901429021764,2679,854,4873
-76.37925703226,-10.847157055756,2701,146,617
-69.86647122239,-14.170923607,2702,692,3252
-74.986868341874,-12.464124567172,2738,223,704
-75.211447162904,-13.991260550176,2771,55,541
-67.890177597326,-17.449774394038,2704,54,361
-77.547066901616,-8.960694959104,2715,106,2176
-70.899533799128,-16.237048760476,2687,43,388
-72.11225943269,-13.317524087086,2788,104,726
-71.169028384364,-14.84466007009,2700,48,903
-77.906393015264,-8.286958496014,2724,128,2110
-75.840267861788,-11.970051160906,2693,149,1027
-67.17152537003,-17.854016271892,2713,48,242
-75.301278691316,-11.47597775464,2751,447,2602
-70.180881571832,-15.428565004768,2710,42,1130
-71.618186026424,-13.94634478597,2732,57,717
-71.618186026424,-14.081092078588,2697,67,1642
-78.220803364706,-7.029317098246,2773,128,1290
-66.632536199558,-18.348089678158,2694,50,1335
-74.717373756638,-14.260755135412,2717,96,813
-68.833408645652,-16.147217232064,2763,100,2032
-70.76478650651,-16.19213299627,2713,29,-262
-66.49778890694,-17.225195573008,2754,161,1547
-66.228294321704,-17.135364044596,2703,459,3270
-77.322488080586,-9.050526487516,2745,98,1187
-69.86647122239,-17.225195573008,2688,38,-8
-69.731723929772,-16.147217232064,2710,100,2052
-78.355550657324,-6.53524369198,2792,273,1277
-69.1927347593,-16.955700987772,2696,70,985
-76.693667381702,-9.769178714812,2724,248,1285
-76.37925703226,-10.80224129155,2699,152,692
-73.369900830458,-13.766681729146,2746,105,1342
-67.890177597326,-17.854016271892,2704,34,1007
-66.542704671146,-17.135364044596,2747,250,2095
-74.80720528505,-12.37429303876,2753,283,1706
-69.1927347593,-17.98876356451,2686,44,1019
-69.013071702476,-15.608228061592,2743,265,1489
-75.166531398698,-11.610725047258,2724,518,3048
-67.665598776296,-18.393005442364,2698,35,838
-68.923240174064,-16.281964524682,2782,91,1781
-68.74357711724,-17.225195573008,2697,49,1270
-66.946946549,-18.078595092922,2703,83,1548
-69.956302750802,-16.506543345712,2647,66,1118
-70.854618034922,-14.215839371206,2666,162,2375
-67.980009125738,-18.258258149746,2705,33,907
-78.355550657324,-6.625075220392,2790,185,873
-74.13346882196,-13.452271379704,2746,45,374
-75.795352097582,-10.083589064254,2747,1140,3319
-75.436025983934,-13.092945266056,2695,267,965
-76.15467821123,-11.071735876786,2710,196,958
-69.686808165566,-17.854016271892,2732,21,-247
-67.935093361532,-17.898932036098,2697,41,1501
-72.830911659986,-13.72176596494,2732,144,3599
-69.64189240136,-17.494690158244,2672,43,477
-73.324985066252,-14.350586663824,2695,108,2036
-74.986868341874,-13.137861030262,2671,282,1703
-72.471585546338,-14.305670899618,2686,91,2157
-70.046134279214,-17.584521686656,2777,17,-219
-69.102903230888,-18.033679328716,2654,62,1832
-76.37925703226,-10.487830942108,2710,154,846
-73.45973235887,-13.901429021764,2720,140,2359
-68.474082532004,-16.461627581506,2720,71,1487
-67.081693841618,-17.719268979274,2719,84,629
-69.057987466682,-17.180279808802,2680,66,1157
-76.019930918612,-11.9251353967,2679,182,1842
-68.608829824622,-16.820953695154,2708,71,1448
-76.15467821123,-12.284461510348,2779,64,937
-69.86647122239,-17.854016271892,2752,16,26
-78.580129478354,-8.10729543919,2771,84,317
-73.594479651488,-14.84466007009,2699,119,1430
-70.09105004342,-16.461627581506,2676,45,127
-75.301278691316,-12.37429303876,2734,178,601
-71.169028384364,-14.62008124906,2678,90,2951
-69.102903230888,-16.326880288888,2755,161,4004
-66.902030784794,-17.000616751978,2749,300,1707
-69.686808165566,-16.86586945936,2692,56,366
-70.450376157068,-16.596374874124,2681,38,66
-67.216441134236,-17.359942865626,2691,167,1025
-77.412319608998,-8.960694959104,2740,103,1614
-72.426669782132,-15.024323126914,2664,118,2096
-72.202090961102,-14.485333956442,2687,79,2259
-76.918246202732,-8.78103190228,2754,686,2707
-74.088553057754,-13.27260832288,2735,62,1315
-68.563914060416,-17.045532516184,2701,78,2615
-76.873330438526,-10.397999413696,2669,129,1933
-70.854618034922,-15.114154655326,2696,40,928
-74.80720528505,-13.856513257558,2698,116,885
-74.492794935608,-13.766681729146,2719,95,618
-75.301278691316,-13.04802950185,2686,270,968
-72.965658952604,-14.62008124906,2676,131,2572
-69.372397816124,-15.922638411034,2791,107,2249
-72.965658952604,-14.081092078588,2705,147,3977
-73.6843111799,-14.305670899618,2700,98,1604
-75.076699870286,-13.092945266056,2679,278,1419
-71.079196855952,-14.664997013266,2681,77,2392
-75.076699870286,-12.643787623996,2709,295,1322
-68.698661353034,-15.608228061592,2768,408,2544
-72.381754017926,-15.203986183738,2705,61,301
-67.126609605824,-18.348089678158,2709,37,764
-70.046134279214,-13.72176596494,2813,1223,5380
-69.86647122239,-16.237048760476,2686,61,865
-76.738583145908,-9.499684129576,2716,255,1042
-74.537710699814,-13.811597493352,2709,110,870
-67.261356898442,-17.449774394038,2708,116,796
-66.632536199558,-17.53960592245,2749,71,370
-77.27757231638,-9.275105308546,2694,133,2059
-73.45973235887,-15.024323126914,2699,100,1690
-69.956302750802,-15.248901947944,2715,46,1045
-75.975015154406,-10.892072819962,2698,381,1641
-76.558920089084,-10.757325527344,2686,139,1011
-70.809702270716,-14.215839371206,2661,164,2212
-77.681814194234,-8.511537317044,2747,93,1443
-71.393607205394,-14.170923607,2732,48,187
-75.570773276552,-13.452271379704,2787,107,365
-68.29441947518,-18.123510857128,2691,45,2497
-68.114756418356,-17.000616751978,2702,52,425
-72.11225943269,-15.248901947944,2680,82,1030
-70.719870742304,-14.84466007009,2708,34,868
-70.585123449686,-16.820953695154,2686,35,819
-68.96815593827,-17.225195573008,2688,58,922
-75.436025983934,-13.542102908116,2771,133,798
-69.462229344536,-17.449774394038,2678,39,297
-71.88768061166,-15.51839653318,2665,94,1691
-70.360544628656,-14.440418192236,2677,117,2239
-76.82841467432,-10.80224129155,2732,50,622
-72.606332838956,-13.362439851292,2699,285,3420
-74.672457992432,-14.260755135412,2711,113,872
-74.313131878784,-13.452271379704,2728,89,1403
-72.157175196896,-14.081092078588,2723,60,1547
-77.187740787968,-8.197126967602,2773,516,2251
-76.199593975436,-11.071735876786,2705,185,1001
-71.977512140072,-15.74297535421,2685,75,1119
-73.819058472518,-12.868366445026,2717,134,1129
-69.41731358033,-18.348089678158,2697,37,801
-73.998721529342,-14.84466007009,2714,101,1586
-68.159672182562,-16.820953695154,2702,57,570
-67.710514540502,-17.584521686656,2702,48,588
-68.51899829621,-18.303173913952,2696,43,1178
-69.507145108742,-16.955700987772,2659,85,1587
-70.31562886445,-13.766681729146,2745,1015,5487
-67.036778077412,-18.303173913952,2716,48,1227
-75.436025983934,-12.778534916614,2692,240,911
-67.036778077412,-17.31502710142,2711,195,800
-66.452873142734,-17.225195573008,2723,212,2072
-71.708017554836,-14.979407362708,2672,57,1567
-69.552060872948,-14.126007842794,2773,1193,4296
-75.840267861788,-10.35308364949,2750,715,2337
-71.393607205394,-14.979407362708,2684,50,1410
-74.627542228226,-12.14971421773,2754,583,3313
-75.975015154406,-11.835303868288,2681,146,1052
-69.282566287712,-16.955700987772,2687,71,1221
-72.067343668484,-13.991260550176,2756,49,892
-76.82841467432,-9.00561072331,2729,747,3099
-70.225797336038,-15.248901947944,2715,40,951
-73.819058472518,-15.248901947944,2755,40,647
-70.001218515008,-14.575165484854,2667,132,2393
-70.360544628656,-15.473480768974,2715,34,556
-68.474082532004,-17.270111337214,2703,54,1735
-68.51899829621,-15.653143825798,2727,439,3151
-77.187740787968,-9.275105308546,2726,151,1371
-66.902030784794,-17.629437450862,2698,125,1266
-67.306272662648,-17.404858629832,2702,129,1209
-76.873330438526,-10.57766247052,2680,80,1265
-70.225797336038,-16.461627581506,2661,63,1132
-68.384251003592,-17.404858629832,2697,42,1022
-76.82841467432,-11.116651640992,2704,85,1112
-70.360544628656,-16.820953695154,2661,46,574
-76.289425503848,-11.565809283052,2669,222,1999
-76.514004324878,-10.173420592666,2710,197,1017
-66.902030784794,-17.674353215068,2699,123,1420
-75.70552056917,-11.206483169404,2754,412,1260
-68.74357711724,-15.06923889112,2761,1051,2646
-75.885183625994,-10.532746706314,2712,592,1987
-70.001218515008,-16.955700987772,2662,43,160
-68.384251003592,-16.281964524682,2720,206,2189
-75.615689040758,-10.892072819962,2735,823,3362
-77.27757231638,-8.017463910778,2754,562,2342
-68.249503710974,-16.910785223566,2710,48,826
-72.33683825372,-14.260755135412,2691,89,2570
-68.249503710974,-15.877722646828,2768,580,3708
-73.549563887282,-14.575165484854,2688,115,1703
-66.632536199558,-17.629437450862,2703,98,1297
-73.190237773634,-14.62008124906,2686,111,1716
-73.45973235887,-15.29381771215,2702,65,1245
-69.1927347593,-17.09044828039,2691,62,697
-75.70552056917,-11.880219632494,2708,138,718
-73.863974236724,-13.003113737644,2717,107,903
-71.842764847454,-15.203986183738,2664,91,1720
-77.457235373204,-9.948841771636,2713,33,2073
-74.223300350372,-13.901429021764,2722,67,1020
-65.958799736468,-18.078595092922,2743,43,933
-71.258859912776,-15.428565004768,2696,52,275
-75.660604804964,-12.419208802966,2667,182,1284
-68.608829824622,-16.326880288888,2749,76,1868
-71.034281091746,-15.922638411034,2678,47,527
-67.935093361532,-17.180279808802,2709,68,451
-67.800346068914,-18.482836970776,2693,32,1006
-75.795352097582,-11.745472339876,2700,171,1048
-70.09105004342,-17.180279808802,2662,48,339
-68.653745588828,-16.4167118173,2747,70,1781
-74.178384586166,-13.317524087086,2719,67,1505
-71.303775676982,-15.608228061592,2680,58,613
-70.360544628656,-16.012469939446,2689,48,1210
-70.809702270716,-15.203986183738,2668,74,2721
-75.391110219728,-12.82345068082,2679,280,1190
-69.282566287712,-14.754828541678,2698,490,2398
-70.31562886445,-14.170923607,2675,301,2757
-73.729226944106,-14.440418192236,2704,83,1096
-75.03178410608,-12.37429303876,2745,205,668
-71.842764847454,-15.428565004768,2652,111,2163
-68.384251003592,-17.09044828039,2685,76,2402
-71.124112620158,-15.74297535421,2666,66,1194
-76.064846682818,-12.194629981936,2695,109,1272
-69.686808165566,-16.820953695154,2690,64,679
-76.738583145908,-9.859010243224,2725,174,807
-66.542704671146,-17.000616751978,2707,436,3685
-68.96815593827,-17.898932036098,2664,47,1376
-71.573270262218,-14.350586663824,2703,51,1070
-72.56141707475,-15.832806882622,2760,53,-217
-77.232656552174,-9.095442251722,2718,158,2270
-69.64189240136,-15.114154655326,2714,84,1862
-77.72672995844,-8.960694959104,2717,72,2078
-74.537710699814,-14.664997013266,2741,63,648
-75.211447162904,-12.194629981936,2756,163,809
-75.795352097582,-13.003113737644,2753,184,757
-67.935093361532,-18.482836970776,2694,33,907
-77.05299349535,-9.589515657988,2698,159,1572
-70.405460392862,-14.889575834296,2708,36,1056
-68.833408645652,-16.102301467858,2762,109,2294
-65.779136679644,-17.404858629832,2767,426,2829
-71.708017554836,-14.62008124906,2666,75,2406
-71.88768061166,-15.428565004768,2645,111,2112
-75.70552056917,-13.182776794468,2745,172,392
-77.142825023762,-10.038673300048,2722,71,1002
-70.630039213892,-15.787891118416,2698,34,496
-74.627542228226,-14.305670899618,2722,95,688
-68.51899829621,-18.43792120657,2694,28,356
-72.516501310544,-13.72176596494,2769,90,1448
-70.046134279214,-16.461627581506,2668,55,557
-70.54020768548,-16.371796053094,2660,60,1293
-68.249503710974,-18.123510857128,2705,38,1914
-76.60383585329,-10.083589064254,2716,169,691
-76.109762447024,-11.071735876786,2715,197,802
-76.289425503848,-11.431061990434,2697,166,938
-70.854618034922,-15.383649240562,2675,81,2305
-77.591982665822,-8.870863430692,2676,122,2805
-77.367403844792,-7.927632382366,2746,491,2356
-76.289425503848,-9.6793471864,2732,633,1708
-71.842764847454,-14.934491598502,2686,53,764
-74.58262646402,-14.170923607,2700,112,673
-73.6843111799,-14.84466007009,2689,128,1704
-76.693667381702,-10.35308364949,2707,145,728
-71.528354498012,-15.563312297386,2672,63,1101
-72.516501310544,-14.889575834296,2662,143,3066
-66.003715500674,-18.123510857128,2727,44,799
-73.549563887282,-13.856513257558,2717,158,2908
-70.360544628656,-13.676850200734,2712,1374,6962
-74.537710699814,-14.170923607,2701,111,715
-71.977512140072,-14.979407362708,2685,73,1215
-70.944449563334,-13.542102908116,2712,1692,6606
-71.66310179063,-14.170923607,2724,43,556
-66.767283492176,-17.674353215068,2700,98,1013
-71.258859912776,-16.326880288888,2700,41,155
-74.717373756638,-13.542102908116,2704,134,703
-71.303775676982,-14.709912777472,2700,68,1500
-69.956302750802,-16.012469939446,2711,61,1057
-67.17152537003,-17.674353215068,2716,64,258
-69.956302750802,-16.955700987772,2667,50,381
-78.310634893118,-7.568306268718,2766,69,938
-75.346194455522,-12.37429303876,2720,200,960
-77.996224543676,-7.253895919276,2756,172,1616
-68.653745588828,-15.877722646828,2740,292,3812
-72.965658952604,-14.39550242803,2725,75,1183
-74.492794935608,-14.664997013266,2727,70,704
-74.402963407196,-14.889575834296,2741,48,330
-68.96815593827,-17.000616751978,2698,75,1933
-69.552060872948,-15.922638411034,2778,95,1845
-76.963161966938,-9.90392600743,2708,143,1027
-71.618186026424,-14.485333956442,2673,71,2157
-76.424172796466,-9.769178714812,2724,484,1646
-73.549563887282,-14.754828541678,2705,98,851
-68.788492881446,-16.326880288888,2769,82,1955
-77.412319608998,-10.442915177902,2772,10,719
-74.627542228226,-12.509040331378,2727,276,2040
-70.585123449686,-16.057385703652,2688,43,969
-70.405460392862,-14.126007842794,2683,238,1943
-69.956302750802,-17.180279808802,2681,43,113
-70.944449563334,-15.51839653318,2689,53,442
-76.424172796466,-10.442915177902,2730,132,265
-78.894539827796,-6.804738277216,2789,390,2401
-77.232656552174,-9.00561072331,2722,164,2344
-67.036778077412,-18.527752734982,2718,38,1291
-68.608829824622,-17.584521686656,2691,42,1325
-69.731723929772,-17.584521686656,2697,31,156
-71.618186026424,-15.383649240562,2664,86,1863
-75.70552056917,-11.610725047258,2713,214,963
-76.019930918612,-12.419208802966,2715,69,1023
-76.693667381702,-9.993757535842,2748,161,373
-67.62068301209,-18.033679328716,2709,37,725
-72.78599589578,-15.024323126914,2659,144,2898
-74.717373756638,-13.631934436528,2711,121,512
-67.62068301209,-18.21334238554,2700,42,1242
-78.355550657324,-8.10729543919,2755,134,1189
-77.412319608998,-10.083589064254,2744,23,1671
-69.552060872948,-14.799744305884,2678,175,2159
-71.573270262218,-16.237048760476,2727,36,12
-72.651248603162,-14.62008124906,2671,116,2967
-73.414816594664,-15.114154655326,2697,94,1720
-69.327482051918,-17.09044828039,2675,70,1196
-75.840267861788,-12.733619152408,2755,85,1476
-67.351188426854,-18.303173913952,2698,39,514
-76.963161966938,-9.544599893782,2705,196,1429
-67.980009125738,-18.123510857128,2709,35,1004
-74.268216114578,-14.305670899618,2692,91,939
-77.412319608998,-9.814094479018,2744,29,828
-71.977512140072,-13.407355615498,2730,154,2637
-72.157175196896,-13.811597493352,2749,65,1403
-68.96815593827,-18.123510857128,2679,38,393
-65.464726330202,-17.53960592245,2762,430,3378
-70.630039213892,-14.62008124906,2698,59,1794
-75.48094174814,-11.47597775464,2689,334,1866
-73.549563887282,-13.27260832288,2704,162,1307
-77.412319608998,-10.173420592666,2771,17,1493
-67.935093361532,-17.045532516184,2692,88,810
-74.13346882196,-13.72176596494,2742,55,1029
-76.334341268054,-12.194629981936,2746,69,688
-74.35804764299,-13.227692558674,2754,72,196
-65.509642094408,-17.494690158244,2739,476,3474
-74.986868341874,-12.419208802966,2728,232,997
-77.547066901616,-7.074232862452,2736,529,2584
-77.50215113741,-9.769178714812,2716,30,1985
-70.09105004342,-16.237048760476,2667,56,1283
-67.261356898442,-18.21334238554,2702,40,400
-68.608829824622,-18.482836970776,2692,28,381
-72.471585546338,-14.440418192236,2681,85,2280
-77.27757231638,-9.948841771636,2680,49,1624
-74.537710699814,-12.239545746142,2743,609,3538
-67.755430304708,-17.898932036098,2711,32,522
-77.412319608998,-9.90392600743,2737,34,1394
-72.606332838956,-14.440418192236,2684,94,2573
-76.244509739642,-10.757325527344,2702,173,869
-71.528354498012,-13.901429021764,2692,100,1892
-76.199593975436,-11.116651640992,2699,184,1017
-78.40046642153,-6.669990984598,2761,218,1438
-70.001218515008,-14.799744305884,2695,58,1043
-75.076699870286,-13.227692558674,2690,230,1083
-73.369900830458,-13.542102908116,2764,85,801
-78.355550657324,-6.669990984598,2781,187,1053
-77.681814194234,-8.78103190228,2711,103,2312
-74.088553057754,-13.137861030262,2785,43,-18
-71.303775676982,-13.901429021764,2676,171,2194
-66.49778890694,-18.348089678158,2714,43,822
-71.393607205394,-15.248901947944,2684,67,997
-68.474082532004,-18.393005442364,2698,31,478
-70.360544628656,-15.473480768974,2715,34,556
-70.31562886445,-15.96755417524,2682,50,1479
-68.608829824622,-16.012469939446,2749,185,2580
-70.495291921274,-15.51839653318,2680,59,2273
-68.114756418356,-16.955700987772,2701,53,421
-77.996224543676,-7.343727447688,2786,121,1015
-68.74357711724,-16.776037930948,2708,94,2096
-73.369900830458,-15.06923889112,2714,90,1370
-68.878324409858,-17.584521686656,2689,47,1043
-73.280069302046,-14.260755135412,2752,69,402
-68.96815593827,-17.76418474348,2691,44,1000
-68.833408645652,-17.000616751978,2709,59,1298
-68.384251003592,-15.877722646828,2710,413,3917
-71.034281091746,-14.485333956442,2697,81,2049
-66.767283492176,-18.393005442364,2682,56,1876
-69.64189240136,-16.731122166742,2696,68,560
-75.166531398698,-13.27260832288,2682,241,1153
-70.135965807626,-14.754828541678,2692,57,1297
-72.875827424192,-13.856513257558,2748,115,2876
-66.812199256382,-18.527752734982,2686,57,2452
-75.346194455522,-12.643787623996,2701,240,868
-67.39610419106,-17.53960592245,2705,82,864
-76.334341268054,-9.814094479018,2753,360,1026
-70.225797336038,-16.731122166742,2671,42,149
-77.27757231638,-7.703053561336,2767,436,1950
-75.211447162904,-11.70055657567,2688,370,2416
-77.547066901616,-9.140358015928,2726,100,2707
-73.055490481016,-14.260755135412,2736,95,1929
-70.585123449686,-15.877722646828,2695,34,464
-76.873330438526,-8.915779194898,2724,738,3159
-66.857115020588,-17.898932036098,2708,77,1053
-76.558920089084,-11.161567405198,2686,148,1161
-70.225797336038,-17.09044828039,2661,54,271
-68.29441947518,-17.53960592245,2695,38,1094
-73.01057471681,-14.889575834296,2672,137,2346
-76.15467821123,-12.464124567172,2761,46,666
-72.067343668484,-15.698059590004,2709,75,880
-75.166531398698,-11.610725047258,2724,518,3048
-70.360544628656,-14.934491598502,2697,39,1565
-71.573270262218,-14.215839371206,2706,62,1596
-73.190237773634,-14.530249720648,2682,123,2388
-69.147818995094,-14.440418192236,2759,914,3254
-70.225797336038,-16.596374874124,2647,68,1224
-77.72672995844,-9.275105308546,2746,37,988
-69.327482051918,-14.530249720648,2699,632,3121
-68.51899829621,-16.776037930948,2683,86,2600
-73.639395415694,-15.473480768974,2756,36,585
-73.729226944106,-14.934491598502,2707,108,1619
-77.367403844792,-7.88271661816,2751,480,2243
-76.37925703226,-10.083589064254,2721,171,1058
-70.495291921274,-13.811597493352,2756,631,3194
-69.776639693978,-14.754828541678,2670,131,2082
-74.402963407196,-12.868366445026,2777,126,890
-67.755430304708,-17.31502710142,2702,80,338
-68.878324409858,-18.21334238554,2678,44,579
-74.717373756638,-13.452271379704,2689,199,1528
-68.96815593827,-15.203986183738,2704,631,2113
-73.90889000093,-13.811597493352,2776,42,-157
-66.093547029086,-17.31502710142,2716,405,2900
-70.98936532754,-14.440418192236,2674,115,3109
-73.23515353784,-14.754828541678,2684,130,1994
-74.762289520844,-12.419208802966,2732,292,1837
-72.56141707475,-15.203986183738,2656,135,2464
-68.159672182562,-17.359942865626,2698,62,1013
-70.135965807626,-14.664997013266,2672,84,2070
-72.741080131574,-14.260755135412,2683,131,3853
-72.606332838956,-15.608228061592,2700,123,794
-76.693667381702,-10.397999413696,2696,139,785
-73.594479651488,-15.248901947944,2760,54,794
-66.677451963764,-17.404858629832,2709,139,1473
-66.767283492176,-17.494690158244,2706,108,596
-76.963161966938,-10.757325527344,2705,37,769
-68.878324409858,-16.551459109918,2750,91,1928
-66.542704671146,-18.393005442364,2712,39,761
-77.457235373204,-7.613222032924,2759,296,1398
-70.54020768548,-15.428565004768,2687,61,2158
-71.483438733806,-15.653143825798,2669,78,1410
-69.102903230888,-16.147217232064,2787,116,2169
-73.6843111799,-14.530249720648,2694,97,1442
-66.812199256382,-18.527752734982,2686,57,2452
-73.549563887282,-14.889575834296,2701,117,1538
-69.237650523506,-17.719268979274,2685,40,950
-65.554557858614,-17.404858629832,2725,674,4559
-69.1927347593,-14.530249720648,2734,766,3240
-74.35804764299,-12.464124567172,2755,391,1932
-76.963161966938,-10.712409763138,2693,47,918
-69.057987466682,-17.000616751978,2699,67,1098
-72.426669782132,-15.159070419532,2674,87,1150
-76.109762447024,-11.02682011258,2715,196,802
-69.956302750802,-17.135364044596,2673,45,212
-70.54020768548,-16.19213299627,2683,48,1041
-74.80720528505,-12.733619152408,2723,217,880
-73.639395415694,-15.473480768974,2756,36,585
-72.247006725308,-14.530249720648,2697,72,1578
-69.596976637154,-14.485333956442,2683,529,2767
-73.549563887282,-15.248901947944,2764,50,450
-71.21394414857,-14.081092078588,2669,130,2074
-73.90889000093,-13.542102908116,2744,73,1196
-74.537710699814,-13.676850200734,2706,130,1160
-71.169028384364,-14.485333956442,2715,56,771
-70.09105004342,-14.934491598502,2697,49,1293
-69.776639693978,-16.86586945936,2678,55,790
-78.265719128912,-8.466621552838,2752,66,578
-67.84526183312,-16.955700987772,2751,102,440
-70.135965807626,-16.237048760476,2690,46,761
-69.552060872948,-17.53960592245,2685,33,121
-77.232656552174,-9.320021072752,2703,142,1882
-76.019930918612,-10.622578234726,2713,300,1020
-74.941952577668,-13.003113737644,2695,223,1012
-69.911386986596,-17.76418474348,2777,16,-68
-73.504648123076,-15.383649240562,2741,54,900
-70.630039213892,-15.428565004768,2688,62,1890
-73.190237773634,-14.126007842794,2764,99,1555
-68.51899829621,-16.012469939446,2720,284,3531
-74.402963407196,-13.811597493352,2727,77,670
-71.303775676982,-16.326880288888,2699,37,160
-78.086056072088,-8.017463910778,2739,113,1198
-77.681814194234,-8.870863430692,2705,125,3328
-77.771645722646,-8.870863430692,2711,75,2064
-67.216441134236,-17.225195573008,2677,250,1679
-70.360544628656,-16.551459109918,2685,41,117
-71.932596375866,-15.922638411034,2726,46,487
-70.225797336038,-14.799744305884,2690,47,1176
-71.88768061166,-15.024323126914,2677,92,2109
-68.29441947518,-17.09044828039,2691,72,2056
-72.33683825372,-15.159070419532,2678,82,1033
-69.013071702476,-16.012469939446,2777,113,1773
-70.809702270716,-14.754828541678,2706,41,904
-68.74357711724,-16.147217232064,2749,118,2773
-66.138462793292,-17.270111337214,2702,449,3403
-69.911386986596,-15.608228061592,2743,54,1554
-76.873330438526,-9.6793471864,2711,204,1347
-69.462229344536,-14.889575834296,2696,137,1430
-70.719870742304,-17.135364044596,2778,18,-205
-70.899533799128,-16.506543345712,2692,52,498
-66.632536199558,-17.898932036098,2706,55,768
-66.632536199558,-17.449774394038,2724,100,500
-72.022427904278,-13.811597493352,2718,64,1792
-71.079196855952,-14.485333956442,2694,79,1882
-73.6843111799,-14.799744305884,2689,128,1637
-72.202090961102,-13.452271379704,2773,99,556
-77.008077731144,-9.814094479018,2703,142,1246
-71.483438733806,-13.901429021764,2739,64,420
-75.525857512346,-11.071735876786,2773,597,3204
-68.51899829621,-17.045532516184,2712,70,2000
-76.424172796466,-9.814094479018,2735,411,1441
-73.953805765136,-13.182776794468,2718,79,1187
-77.996224543676,-8.78103190228,2726,46,982
-75.570773276552,-12.553956095584,2680,202,1053
-67.710514540502,-16.686206402536,2710,384,2138
-70.944449563334,-15.383649240562,2665,91,2501
-66.632536199558,-18.348089678158,2694,50,1335
-67.800346068914,-17.135364044596,2697,95,903
-68.429166767798,-15.74297535421,2757,397,3297
-71.124112620158,-14.036176314382,2672,171,1953
-66.902030784794,-18.168426621334,2699,73,1308
-73.6843111799,-13.49718714391,2731,131,1240
-73.01057471681,-15.248901947944,2796,50,661
-70.495291921274,-15.203986183738,2703,52,2266
-69.507145108742,-17.809100507686,2664,38,678
-78.84962406359,-6.804738277216,2781,411,2544
-70.495291921274,-15.114154655326,2700,41,2282
-66.452873142734,-18.482836970776,2706,41,836
-77.547066901616,-7.253895919276,2743,543,2445
-70.405460392862,-13.766681729146,2702,1039,5310
-75.750436333376,-12.778534916614,2726,126,1395
-69.1927347593,-15.96755417524,2792,113,2161
-68.29441947518,-17.854016271892,2705,28,980
-73.729226944106,-14.979407362708,2722,104,1690
-70.719870742304,-14.530249720648,2692,68,1604
-67.485935719472,-18.033679328716,2703,42,571
-76.82841467432,-10.397999413696,2685,130,1622
-69.102903230888,-14.889575834296,2658,894,3387
-66.902030784794,-17.270111337214,2780,126,-21
-71.977512140072,-15.877722646828,2714,47,550
-75.391110219728,-11.610725047258,2695,317,2093
-76.15467821123,-12.688703388202,2800,24,84
-66.003715500674,-17.270111337214,2702,576,3683
-69.102903230888,-15.51839653318,2728,232,1169
-71.348691441188,-14.754828541678,2697,60,1189
-67.890177597326,-18.123510857128,2706,39,1070
-70.09105004342,-17.404858629832,2756,24,-64
-71.573270262218,-15.338733476356,2661,84,1828
-69.372397816124,-14.799744305884,2701,255,1701
-72.606332838956,-14.350586663824,2678,113,3288
-73.23515353784,-14.664997013266,2681,132,2096
-76.693667381702,-11.116651640992,2693,125,1180
-70.630039213892,-14.575165484854,2703,56,1239
-74.13346882196,-14.979407362708,2738,65,1236
-69.102903230888,-16.237048760476,2783,106,1883
-67.935093361532,-17.854016271892,2696,39,1389
-70.674954978098,-16.506543345712,2716,45,608
-70.180881571832,-17.270111337214,2750,33,-220
-67.530851483678,-18.393005442364,2695,35,765
-70.899533799128,-14.754828541678,2703,40,850
-68.159672182562,-17.629437450862,2694,37,1055
-77.457235373204,-8.825947666486,2789,80,549
-70.674954978098,-14.350586663824,2680,105,1824
-68.788492881446,-16.551459109918,2745,89,2051
-67.890177597326,-16.4167118173,2711,518,3224
-69.776639693978,-15.383649240562,2768,58,1408
-72.202090961102,-15.922638411034,2756,34,21
-77.861477251058,-8.511537317044,2776,63,959
-71.303775676982,-13.856513257558,2657,216,2731
-67.84526183312,-17.135364044596,2699,92,855
-75.25636292711,-13.901429021764,2758,81,787
-71.573270262218,-14.709912777472,2694,50,632
-77.457235373204,-10.308167885284,2774,10,1091
-75.885183625994,-12.509040331378,2761,68,416
-67.216441134236,-17.719268979274,2713,51,230
-67.39610419106,-17.854016271892,2706,45,392
-72.78599589578,-14.485333956442,2703,92,2049
-73.01057471681,-15.383649240562,2719,78,2805
-68.384251003592,-17.854016271892,2707,29,973
-74.313131878784,-14.440418192236,2692,85,742
-68.429166767798,-17.719268979274,2703,29,679
-69.911386986596,-15.473480768974,2737,63,2441
-74.492794935608,-13.003113737644,2749,158,1043
-65.734220915438,-17.494690158244,2768,357,3197
-72.56141707475,-15.428565004768,2677,111,993
-66.452873142734,-17.98876356451,2701,59,932
-72.157175196896,-15.563312297386,2725,91,868
-71.303775676982,-14.709912777472,2700,68,1500
-71.752933319042,-13.182776794468,2744,407,3417
-77.816561486852,-8.197126967602,2709,110,1504
-69.507145108742,-18.348089678158,2690,27,758
-75.570773276552,-12.913282209232,2711,234,753
-66.946946549,-18.348089678158,2693,63,2122
-76.469088560672,-9.589515657988,2743,579,1843
-72.516501310544,-14.350586663824,2692,77,1858
-68.114756418356,-17.31502710142,2699,70,1252
-70.360544628656,-15.563312297386,2711,39,1089
-75.301278691316,-12.59887185979,2713,234,808
-70.854618034922,-15.74297535421,2686,45,645
-75.750436333376,-12.733619152408,2724,123,1264
-71.752933319042,-13.452271379704,2725,172,2074
-69.911386986596,-16.596374874124,2669,53,348
-77.008077731144,-10.57766247052,2699,51,1185
-71.932596375866,-13.676850200734,2766,67,827
-66.902030784794,-18.078595092922,2673,90,2149
-66.812199256382,-18.258258149746,2681,67,1636
-70.76478650651,-13.676850200734,2682,1070,4329
-69.147818995094,-15.653143825798,2752,135,995
-73.729226944106,-14.664997013266,2680,125,1805
-67.216441134236,-16.86586945936,2756,275,1706
-74.537710699814,-14.62008124906,2727,67,720
-75.795352097582,-12.014966925112,2690,151,1057
-74.80720528505,-12.329377274554,2788,244,1174
-69.686808165566,-18.033679328716,2739,20,-45
-71.034281091746,-14.215839371206,2687,112,1583
-70.76478650651,-14.036176314382,2663,313,2540
-70.630039213892,-15.96755417524,2709,30,-7
-77.187740787968,-8.10729543919,2792,514,1844
-71.483438733806,-16.012469939446,2689,60,454
-74.986868341874,-13.227692558674,2692,217,1095
-73.863974236724,-15.338733476356,2742,33,894
-76.783498910114,-10.667493998932,2741,62,203
-77.097909259556,-10.308167885284,2740,44,765
-77.72672995844,-8.915779194898,2696,86,2455
-70.09105004342,-17.09044828039,2659,51,325
-66.946946549,-16.955700987772,2790,206,605
-70.809702270716,-15.473480768974,2669,78,2214
-68.563914060416,-15.74297535421,2711,389,3568
-77.771645722646,-9.589515657988,2793,13,1151
-70.809702270716,-14.84466007009,2707,34,750
-75.570773276552,-12.59887185979,2683,205,1101
-69.507145108742,-17.584521686656,2686,31,11
-74.223300350372,-14.440418192236,2690,77,779
-75.121615634492,-11.970051160906,2714,227,1356
-77.547066901616,-7.972548146572,2760,223,1237
-76.738583145908,-10.173420592666,2733,149,758
-68.339335239386,-17.135364044596,2692,75,2286
-74.088553057754,-13.227692558674,2761,57,867
-73.953805765136,-13.587018672322,2724,60,1036
-73.953805765136,-14.664997013266,2694,103,1628
-70.809702270716,-14.799744305884,2707,36,728
-67.62068301209,-17.53960592245,2706,49,330
-66.991862313206,-18.033679328716,2713,73,1045
-76.82841467432,-11.206483169404,2793,71,864
-75.166531398698,-13.092945266056,2681,280,1246
-77.008077731144,-11.071735876786,2795,24,465
-74.268216114578,-14.62008124906,2724,68,51
-69.731723929772,-17.943847800304,2726,24,239
-75.9300993902,-12.37429303876,2702,98,1135
-71.348691441188,-15.832806882622,2691,38,-89
-66.183378557498,-18.258258149746,2700,61,1267
-67.800346068914,-18.033679328716,2694,43,1377
-70.001218515008,-16.776037930948,2659,62,601
-69.237650523506,-16.147217232064,2785,117,2249
-72.696164367368,-14.889575834296,2691,84,860
-71.393607205394,-15.877722646828,2686,47,199
-74.627542228226,-13.542102908116,2732,117,333
-78.355550657324,-6.53524369198,2792,273,1277
-70.54020768548,-14.62008124906,2698,52,1379
-76.15467821123,-10.263252121078,2785,108,92
-70.180881571832,-13.811597493352,2718,1060,5482
-66.632536199558,-18.393005442364,2703,45,1175
-68.114756418356,-18.168426621334,2711,32,794
-75.166531398698,-12.553956095584,2719,234,682
-76.783498910114,-9.095442251722,2731,543,2041
-77.187740787968,-10.263252121078,2747,40,534
-72.247006725308,-15.608228061592,2769,72,157
-75.525857512346,-12.104798453524,2704,150,1105
-76.82841467432,-10.218336356872,2712,138,1089
-72.471585546338,-15.473480768974,2670,135,1407
-71.88768061166,-14.575165484854,2693,57,1281
-77.72672995844,-7.20898015507,2749,484,2545
-71.079196855952,-15.248901947944,2669,87,2370
-76.019930918612,-11.071735876786,2716,230,807
-72.067343668484,-15.877722646828,2706,45,442
-69.282566287712,-18.258258149746,2683,40,688
-68.384251003592,-18.168426621334,2679,46,2232
-67.17152537003,-18.43792120657,2707,35,801
-71.88768061166,-14.754828541678,2663,78,2200
-77.457235373204,-7.523390504512,2754,308,1414
-69.507145108742,-15.653143825798,2791,80,1829
-75.211447162904,-12.82345068082,2670,305,1348
-74.268216114578,-13.407355615498,2744,59,545
-77.771645722646,-9.275105308546,2741,35,1317
-75.121615634492,-13.182776794468,2678,291,1513
-71.932596375866,-14.979407362708,2673,85,1840
-69.41731358033,-16.102301467858,2769,116,2005
-76.109762447024,-12.553956095584,2751,43,675
-70.98936532754,-14.170923607,2662,153,2359
-68.833408645652,-15.877722646828,2748,159,1770
-68.024924889944,-16.686206402536,2755,92,264
-72.471585546338,-12.958197973438,2744,352,3034
-74.13346882196,-14.215839371206,2709,88,975
-70.495291921274,-13.856513257558,2709,584,3376
-78.220803364706,-7.074232862452,2755,128,1443
-69.237650523506,-18.033679328716,2697,37,459
-72.741080131574,-14.036176314382,2719,102,2727
-71.079196855952,-15.787891118416,2681,51,487
-75.615689040758,-12.239545746142,2685,175,1204
-70.98936532754,-14.575165484854,2671,81,2532
-69.686808165566,-14.979407362708,2709,79,1259
-68.653745588828,-16.596374874124,2726,69,1741
-74.043637293548,-14.440418192236,2701,78,842
-72.696164367368,-15.29381771215,2661,135,2424
-70.001218515008,-15.114154655326,2701,51,1332
-74.447879171402,-13.092945266056,2737,143,1062
-69.507145108742,-16.955700987772,2659,85,1587
-74.313131878784,-14.62008124906,2708,87,481
-75.391110219728,-12.868366445026,2677,293,1218
-74.941952577668,-13.856513257558,2725,144,796
-66.946946549,-17.53960592245,2693,147,1264
-73.280069302046,-14.754828541678,2679,138,2299
-69.147818995094,-14.485333956442,2746,853,3234
-68.51899829621,-17.225195573008,2704,54,1764
-74.762289520844,-12.643787623996,2710,291,1915
-67.980009125738,-17.045532516184,2694,75,613
-67.980009125738,-18.168426621334,2707,36,1052
-70.899533799128,-16.19213299627,2679,48,668
-75.885183625994,-12.464124567172,2784,58,-131
-76.244509739642,-11.70055657567,2681,155,1236
-71.169028384364,-14.979407362708,2698,39,473
-78.759792535178,-6.75982251301,2775,331,1767
-75.795352097582,-10.173420592666,2746,1023,2891
-71.483438733806,-13.856513257558,2705,88,1053
-74.043637293548,-14.799744305884,2717,107,1643
-72.741080131574,-13.27260832288,2706,348,3223
-74.178384586166,-13.407355615498,2727,55,812
-73.01057471681,-15.473480768974,2732,65,2693
-71.258859912776,-16.237048760476,2695,48,205
-69.686808165566,-15.922638411034,2761,89,1940
-71.258859912776,-15.024323126914,2683,49,1338
-71.483438733806,-13.631934436528,2739,159,999
-78.041140307882,-7.927632382366,2719,113,1460
-72.696164367368,-15.563312297386,2670,125,1495
-68.833408645652,-14.889575834296,2737,1052,3028
-71.258859912776,-16.281964524682,2679,48,293
-75.25636292711,-13.452271379704,2724,207,897
-71.797849083248,-15.383649240562,2660,92,1794
-69.013071702476,-17.000616751978,2697,73,1611
-73.594479651488,-14.305670899618,2716,85,1122
-76.469088560672,-10.892072819962,2689,139,756
-77.142825023762,-8.736116138074,2761,247,1734
-75.9300993902,-10.173420592666,2734,608,2157
-65.419810565996,-17.53960592245,2775,427,3320
-70.09105004342,-17.180279808802,2662,48,339
-70.405460392862,-17.000616751978,2668,48,365
-69.102903230888,-16.64129063833,2717,106,1811
-77.591982665822,-7.792885089748,2782,147,421
-73.90889000093,-14.979407362708,2709,75,1364
-67.62068301209,-17.404858629832,2711,55,13
-72.067343668484,-15.698059590004,2709,75,880
-69.237650523506,-18.123510857128,2688,44,859
-73.414816594664,-13.811597493352,2724,129,1979
-70.225797336038,-14.530249720648,2664,109,2529
-69.237650523506,-14.62008124906,2680,729,3506
-75.975015154406,-10.173420592666,2724,485,1963
-67.441019955266,-18.303173913952,2696,38,520
-75.436025983934,-12.82345068082,2683,260,1074
-75.70552056917,-12.958197973438,2736,200,999
-70.31562886445,-16.281964524682,2663,66,1678
-70.405460392862,-14.260755135412,2684,155,1412
-67.935093361532,-18.033679328716,2706,37,1022
-75.03178410608,-11.431061990434,2729,1027,4801
-70.270713100244,-16.326880288888,2674,54,1008
-74.088553057754,-13.362439851292,2716,65,1597
-72.651248603162,-14.799744305884,2669,136,2799
-68.29441947518,-15.922638411034,2707,539,4215
-69.372397816124,-14.664997013266,2682,432,2705
-68.429166767798,-17.180279808802,2706,64,1711
-69.507145108742,-15.96755417524,2776,104,1965
-67.890177597326,-16.64129063833,2740,202,779
-73.6843111799,-15.024323126914,2703,107,1906
-71.932596375866,-15.383649240562,2670,91,1367
-74.80720528505,-13.407355615498,2685,204,1425
-68.833408645652,-17.53960592245,2691,45,901
-67.935093361532,-18.168426621334,2707,34,813
-74.537710699814,-12.329377274554,2787,373,1867
-67.485935719472,-17.494690158244,2705,76,976
-71.079196855952,-14.215839371206,2685,114,1837
-74.672457992432,-14.305670899618,2720,94,799
-75.121615634492,-13.362439851292,2682,244,1251
-71.169028384364,-14.934491598502,2700,40,508
-69.596976637154,-15.922638411034,2773,92,1814
-68.563914060416,-17.98876356451,2709,40,1101
-73.90889000093,-15.608228061592,2782,13,-155
-71.842764847454,-15.473480768974,2650,105,2013
-71.752933319042,-14.170923607,2694,73,2342
-72.11225943269,-14.62008124906,2687,68,1460
-78.445382185736,-8.10729543919,2770,119,883
-69.102903230888,-16.910785223566,2698,75,1246
-76.019930918612,-11.341230462022,2695,204,1102
-76.514004324878,-9.589515657988,2724,538,1900
-74.223300350372,-14.081092078588,2704,78,977
-73.45973235887,-14.84466007009,2722,77,407
-72.33683825372,-15.06923889112,2678,99,1407
-68.788492881446,-15.787891118416,2736,256,2502
-69.013071702476,-15.698059590004,2727,207,1616
-76.424172796466,-11.745472339876,2701,140,1349
-72.247006725308,-13.227692558674,2743,185,1835
-77.861477251058,-8.421705788632,2719,102,1920
-78.62504524256,-8.152211203396,2776,57,127
-72.606332838956,-15.563312297386,2627,152,1761
-75.346194455522,-12.778534916614,2680,255,1006
-69.013071702476,-18.43792120657,2654,50,1121
-74.447879171402,-14.709912777472,2725,73,733
-75.9300993902,-12.284461510348,2700,114,1229
-70.360544628656,-15.653143825798,2711,36,951
-66.363041614322,-18.393005442364,2707,46,986
-68.96815593827,-16.731122166742,2712,93,1785
-68.339335239386,-16.731122166742,2708,49,1018
-70.585123449686,-16.686206402536,2672,44,1125
-71.977512140072,-13.227692558674,2708,231,2961
-74.537710699814,-14.575165484854,2726,69,701
-68.339335239386,-17.53960592245,2696,36,1125
-66.857115020588,-18.033679328716,2682,86,2060
-74.088553057754,-14.934491598502,2725,81,1543
-69.507145108742,-17.719268979274,2665,35,564
-70.360544628656,-15.787891118416,2709,37,809
-69.776639693978,-14.664997013266,2668,193,2662
-69.596976637154,-14.440418192236,2706,566,2546
-74.58262646402,-11.745472339876,2802,1258,4570
-70.585123449686,-15.248901947944,2714,36,627
-70.360544628656,-15.51839653318,2714,35,760
-68.474082532004,-17.404858629832,2696,38,1011
-70.899533799128,-15.248901947944,2682,60,1434
-77.097909259556,-9.859010243224,2684,110,1469
-70.899533799128,-16.147217232064,2686,45,492
-71.21394414857,-15.06923889112,2672,60,1826
-73.549563887282,-15.024323126914,2724,81,1135
-73.369900830458,-14.260755135412,2723,94,1338
-74.13346882196,-13.003113737644,2739,80,909
-68.159672182562,-16.910785223566,2703,47,324
-70.585123449686,-15.024323126914,2712,31,1391
-68.833408645652,-17.404858629832,2690,51,864
-69.776639693978,-17.31502710142,2694,37,2
-77.05299349535,-10.487830942108,2754,42,835
-68.878324409858,-14.934491598502,2708,1031,2918
-70.225797336038,-16.820953695154,2664,49,401
-76.648751617496,-10.622578234726,2689,125,1048
-68.563914060416,-18.078595092922,2707,43,1063
-75.975015154406,-12.14971421773,2688,121,1160
-74.986868341874,-13.452271379704,2693,213,1178
-76.244509739642,-10.757325527344,2702,173,869
-71.752933319042,-15.51839653318,2645,94,1965
-69.057987466682,-14.889575834296,2691,865,2887
-77.681814194234,-9.6793471864,2724,18,1672
-72.471585546338,-12.958197973438,2744,352,3034
-68.024924889944,-18.21334238554,2705,35,1006
-73.90889000093,-13.542102908116,2744,73,1196
-66.677451963764,-17.584521686656,2701,107,1289
-73.45973235887,-15.159070419532,2708,82,1462
-71.079196855952,-13.27260832288,2732,1663,8112
-66.318125850116,-17.000616751978,2714,429,3205
-68.923240174064,-15.29381771215,2683,812,2707
-69.41731358033,-17.449774394038,2680,39,334
-67.62068301209,-17.629437450862,2705,46,509
-68.833408645652,-18.43792120657,2691,33,215
-70.630039213892,-15.653143825798,2685,44,1043
-75.885183625994,-11.790388104082,2687,148,1001
-74.223300350372,-13.407355615498,2736,53,497
-77.50215113741,-7.613222032924,2731,285,1600
-77.187740787968,-8.421705788632,2736,428,2781
-75.48094174814,-13.317524087086,2740,211,1113
-71.977512140072,-15.024323126914,2681,89,1700
-75.121615634492,-11.790388104082,2706,376,2426
-73.100406245222,-13.542102908116,2771,101,1423
-72.920743188398,-14.934491598502,2658,134,2368
-69.102903230888,-16.19213299627,2783,117,2294
-77.636898430028,-9.364936836958,2749,39,1098
-66.228294321704,-18.033679328716,2726,49,998
-71.079196855952,-15.51839653318,2683,59,736
-76.019930918612,-11.880219632494,2678,181,1759
-69.41731358033,-15.159070419532,2703,104,1812
-77.05299349535,-10.35308364949,2705,57,1285
-76.424172796466,-10.038673300048,2723,195,997
-67.935093361532,-17.809100507686,2704,33,919
-69.552060872948,-17.225195573008,2677,53,659
-76.469088560672,-9.859010243224,2744,290,892
-69.282566287712,-16.955700987772,2687,71,1221
-68.698661353034,-16.012469939446,2759,133,1966
-72.875827424192,-14.036176314382,2707,103,2697
-67.306272662648,-18.078595092922,2703,43,338
-67.755430304708,-17.180279808802,2671,99,1067
-74.447879171402,-14.62008124906,2714,72,643
-72.202090961102,-15.608228061592,2691,98,911
-78.62504524256,-8.10729543919,2758,64,185
-76.469088560672,-9.724262950606,2713,509,1820
-70.54020768548,-17.225195573008,2739,29,-167
-69.41731358033,-15.877722646828,2791,102,2197
-66.677451963764,-17.674353215068,2705,96,1046
-77.232656552174,-8.421705788632,2746,332,2247
-76.244509739642,-10.757325527344,2702,173,869
-69.462229344536,-16.86586945936,2683,70,992
-74.627542228226,-11.835303868288,2775,1017,3830
-66.452873142734,-17.943847800304,2693,65,1162
-67.710514540502,-16.64129063833,2719,465,2770
-77.27757231638,-9.634431422194,2680,83,2226
-75.436025983934,-11.655640811464,2689,266,1644
-74.043637293548,-14.305670899618,2706,95,1146
-77.547066901616,-7.972548146572,2760,223,1237
-68.429166767798,-18.348089678158,2702,34,752
-77.816561486852,-7.65813779713,2795,71,65
-68.878324409858,-18.168426621334,2663,56,1188
-70.450376157068,-14.979407362708,2718,31,1099
-70.674954978098,-17.000616751978,2724,27,360
-77.861477251058,-8.736116138074,2761,52,1164
-67.39610419106,-17.494690158244,2702,87,854
-69.552060872948,-16.237048760476,2714,126,2484
-70.001218515008,-16.506543345712,2663,51,401
-70.674954978098,-16.596374874124,2689,47,1121
-68.563914060416,-18.482836970776,2692,26,296
-68.833408645652,-17.135364044596,2700,52,1174
-75.615689040758,-11.341230462022,2762,320,1161
-73.639395415694,-14.350586663824,2698,102,1734
-75.570773276552,-12.104798453524,2697,155,1161
-70.719870742304,-14.485333956442,2696,71,1536
-75.615689040758,-12.958197973438,2702,259,1117
-66.407957378528,-18.078595092922,2707,53,899
-70.54020768548,-15.787891118416,2677,47,1564
-74.58262646402,-13.542102908116,2724,120,570
-76.199593975436,-12.14971421773,2770,79,406
-66.587620435352,-16.910785223566,2708,532,4147
-71.303775676982,-16.012469939446,2695,45,133
-75.795352097582,-12.464124567172,2740,107,655
-72.067343668484,-15.74297535421,2694,68,917
-71.303775676982,-14.664997013266,2705,62,1197
-71.393607205394,-15.114154655326,2662,89,2417
-72.381754017926,-15.06923889112,2676,100,1383
-70.54020768548,-14.350586663824,2692,102,1230
-72.516501310544,-15.159070419532,2661,114,2005
-68.29441947518,-15.96755417524,2698,550,4455
-66.49778890694,-16.910785223566,2700,468,3429
-69.057987466682,-17.359942865626,2678,67,1412
-71.034281091746,-13.631934436528,2680,978,4237
-76.82841467432,-10.936988584168,2757,58,415
-71.483438733806,-13.94634478597,2713,76,1024
-75.525857512346,-11.9251353967,2721,141,932
-76.019930918612,-10.532746706314,2691,332,1380
-68.653745588828,-16.820953695154,2709,74,1503
-69.821555458184,-16.955700987772,2689,45,81
-68.114756418356,-16.955700987772,2701,53,421
-69.1927347593,-16.820953695154,2691,86,1534
-77.322488080586,-7.747969325542,2794,392,1470
-67.710514540502,-17.404858629832,2707,64,380
-66.49778890694,-17.404858629832,2698,133,1840
-70.495291921274,-17.000616751978,2665,47,593
-66.318125850116,-18.258258149746,2707,64,1136
-70.360544628656,-14.575165484854,2696,75,1694
-73.774142708312,-14.799744305884,2688,124,1753
-71.573270262218,-13.407355615498,2735,344,2868
-69.776639693978,-15.114154655326,2718,64,1451
-77.142825023762,-8.511537317044,2753,382,2275
-70.046134279214,-13.94634478597,2731,902,4009
-72.651248603162,-15.024323126914,2674,117,1817
-67.261356898442,-17.719268979274,2709,54,409
-69.64189240136,-14.799744305884,2700,127,1424
-73.6843111799,-14.350586663824,2695,103,1769
-75.70552056917,-10.847157055756,2743,709,2780
-67.441019955266,-18.43792120657,2696,34,688
-75.70552056917,-11.655640811464,2709,212,1147
-71.88768061166,-15.698059590004,2651,91,1404
-70.09105004342,-15.024323126914,2704,43,1199
-78.265719128912,-7.88271661816,2735,112,1032
-69.552060872948,-16.64129063833,2682,111,1540
-78.355550657324,-7.613222032924,2752,75,1163
-70.270713100244,-16.820953695154,2670,47,349
-76.424172796466,-11.386146226228,2682,154,1193
-72.920743188398,-14.799744305884,2661,159,3013
-67.800346068914,-18.43792120657,2697,34,997
-68.698661353034,-18.482836970776,2692,29,260
-69.64189240136,-14.081092078588,2743,1229,4619
-66.946946549,-17.359942865626,2738,138,856
-69.956302750802,-15.473480768974,2718,57,2287
-72.696164367368,-14.799744305884,2659,128,2561
-71.124112620158,-16.596374874124,2715,23,-114
-67.036778077412,-17.809100507686,2721,76,600
-68.788492881446,-16.012469939446,2763,116,1904
-67.62068301209,-17.854016271892,2707,40,564
-71.977512140072,-15.114154655326,2674,98,1880
-69.86647122239,-16.64129063833,2660,61,836
-69.147818995094,-15.383649240562,2705,270,1600
-74.852121049256,-14.081092078588,2713,103,1008
-70.630039213892,-16.686206402536,2705,37,969
-70.76478650651,-13.94634478597,2647,492,3227
-77.861477251058,-7.792885089748,2754,72,425
-69.462229344536,-14.39550242803,2731,808,3094
-75.525857512346,-12.104798453524,2704,150,1105
-68.384251003592,-18.258258149746,2703,40,1237
-70.585123449686,-13.676850200734,2704,1200,5846
-72.022427904278,-15.74297535421,2695,74,1026
-69.013071702476,-15.877722646828,2768,123,1163
-67.890177597326,-16.326880288888,2751,577,3283
-69.552060872948,-17.31502710142,2674,46,395
-70.854618034922,-15.51839653318,2669,75,1960
-71.842764847454,-14.84466007009,2666,76,2189
-72.606332838956,-15.114154655326,2661,119,2208
-73.055490481016,-14.84466007009,2673,132,2132
-71.88768061166,-15.608228061592,2725,46,9
-70.944449563334,-15.428565004768,2672,85,2111
-70.31562886445,-15.114154655326,2716,37,1082
-69.731723929772,-16.19213299627,2705,79,1234
-74.672457992432,-13.003113737644,2708,195,1120
-75.570773276552,-10.892072819962,2749,843,3718
-69.013071702476,-15.51839653318,2739,343,1574
-66.632536199558,-18.168426621334,2689,58,1263
-77.322488080586,-9.23018954434,2717,118,1849
-67.84526183312,-16.461627581506,2712,492,3149
-72.426669782132,-15.608228061592,2689,143,740
-78.086056072088,-7.119148626658,2783,132,1171
-76.289425503848,-11.206483169404,2709,161,703
-76.424172796466,-9.544599893782,2740,639,1856
-72.965658952604,-13.182776794468,2730,287,2605
-78.265719128912,-7.65813779713,2769,69,870
-72.202090961102,-15.608228061592,2691,98,911
-73.639395415694,-15.114154655326,2727,85,1547
-66.632536199558,-18.078595092922,2703,47,717
-73.01057471681,-14.575165484854,2669,141,3121
-71.258859912776,-16.057385703652,2684,47,244
-77.367403844792,-10.173420592666,2743,24,1568
-70.225797336038,-14.260755135412,2703,164,1010
-68.249503710974,-17.98876356451,2705,31,1583
-69.41731358033,-15.473480768974,2749,78,1445
-74.537710699814,-13.362439851292,2690,196,1736
-77.412319608998,-8.646284609662,2756,118,1443
-71.618186026424,-14.126007842794,2731,43,275
-77.457235373204,-7.88271661816,2740,355,1872
-68.114756418356,-16.281964524682,2680,546,3406
-73.45973235887,-13.811597493352,2733,128,1877
-75.346194455522,-12.913282209232,2675,309,1279
-70.180881571832,-16.731122166742,2669,42,-14
-78.130971836294,-7.164064390864,2767,122,1410
-72.11225943269,-14.350586663824,2728,53,1035
-75.25636292711,-12.194629981936,2715,196,1540
-74.13346882196,-12.733619152408,2743,203,1585
-72.247006725308,-14.754828541678,2669,104,2064
-73.863974236724,-12.913282209232,2718,137,1214
-67.036778077412,-17.629437450862,2712,120,901
-75.48094174814,-12.688703388202,2683,219,913
-66.542704671146,-17.31502710142,2732,162,2353
-68.114756418356,-16.147217232064,2767,627,3407
-68.51899829621,-15.698059590004,2706,419,3371
-69.911386986596,-17.674353215068,2737,18,102
-77.547066901616,-9.90392600743,2725,25,2005
-72.471585546338,-13.676850200734,2766,82,1037
-70.719870742304,-15.114154655326,2676,55,2477
-71.034281091746,-15.114154655326,2690,44,862
-69.86647122239,-13.901429021764,2736,1326,5566
-74.13346882196,-13.901429021764,2715,71,1264
-70.630039213892,-14.575165484854,2703,56,1239
-73.190237773634,-15.159070419532,2735,89,1905
-65.958799736468,-17.31502710142,2717,530,3527
-72.606332838956,-14.934491598502,2662,140,2804
-76.963161966938,-10.35308364949,2713,80,1267
-73.998721529342,-13.811597493352,2725,66,1231
-71.079196855952,-15.248901947944,2669,87,2370
-73.549563887282,-15.51839653318,2764,36,405
-77.996224543676,-7.253895919276,2756,172,1616
-75.840267861788,-10.981904348374,2718,473,1578
-72.247006725308,-14.39550242803,2693,72,2004
-77.50215113741,-7.837800853954,2749,301,1577
-71.573270262218,-15.698059590004,2677,65,953
-79.029287120414,-6.98440133404,2779,274,2203
-73.549563887282,-15.51839653318,2764,36,405
-71.079196855952,-16.057385703652,2693,42,40
-70.809702270716,-17.000616751978,2762,16,-9
-71.124112620158,-15.608228061592,2686,48,412
-75.166531398698,-11.9251353967,2709,225,1398
-69.102903230888,-15.653143825798,2741,156,1022
-76.109762447024,-12.643787623996,2743,34,414
-71.88768061166,-13.991260550176,2742,50,1256
-69.956302750802,-16.102301467858,2703,58,1097
-75.211447162904,-12.868366445026,2670,295,1229
-75.975015154406,-12.014966925112,2679,147,1446
-68.878324409858,-16.371796053094,2773,89,1951
-71.528354498012,-14.170923607,2715,46,367
-71.169028384364,-14.979407362708,2698,39,473
-74.80720528505,-14.305670899618,2764,69,750
-75.660604804964,-12.104798453524,2681,168,1289
-67.935093361532,-16.596374874124,2746,209,1015
-74.447879171402,-13.542102908116,2718,123,1188
-70.225797336038,-14.530249720648,2664,109,2529
-70.854618034922,-16.551459109918,2712,44,310
-68.384251003592,-16.955700987772,2707,56,1581
-68.384251003592,-17.943847800304,2704,33,1603
-70.719870742304,-16.19213299627,2701,33,56
-74.852121049256,-11.47597775464,2774,1156,4761
-76.469088560672,-9.6793471864,2715,541,1860
-69.237650523506,-17.449774394038,2683,48,788
-66.49778890694,-16.910785223566,2700,468,3429
-67.710514540502,-17.404858629832,2707,64,380
-75.391110219728,-12.194629981936,2725,152,863
-66.27321008591,-18.078595092922,2714,48,885
-70.001218515008,-16.955700987772,2662,43,160
-67.84526183312,-16.686206402536,2739,198,631
-76.514004324878,-9.634431422194,2725,505,1806
-71.842764847454,-15.383649240562,2655,110,2142
-69.102903230888,-18.393005442364,2643,55,1326
-73.324985066252,-13.766681729146,2729,112,1776
-73.6843111799,-14.709912777472,2679,136,1970
-71.393607205394,-15.203986183738,2686,66,1058
-75.885183625994,-11.431061990434,2700,246,1205
-74.897036813462,-13.003113737644,2702,221,1123
-66.991862313206,-18.033679328716,2713,73,1045
-72.651248603162,-14.799744305884,2669,136,2799
-76.60383585329,-10.218336356872,2736,145,115
-78.669961006766,-6.804738277216,2762,319,2225
-70.450376157068,-16.506543345712,2679,47,610
-70.495291921274,-14.081092078588,2687,233,1667
-74.043637293548,-14.440418192236,2701,78,842
-70.899533799128,-14.081092078588,2665,238,2424
-73.819058472518,-14.979407362708,2754,75,865
-72.202090961102,-13.452271379704,2773,99,556
-66.452873142734,-17.494690158244,2755,68,527
-78.355550657324,-8.33187426022,2772,99,895
-76.514004324878,-10.173420592666,2710,197,1017
-72.741080131574,-14.664997013266,2669,141,3347
-67.935093361532,-17.494690158244,2702,49,449
-73.280069302046,-14.350586663824,2706,107,2088
-71.708017554836,-14.979407362708,2672,57,1567
-70.495291921274,-17.135364044596,2692,35,80
-71.618186026424,-14.440418192236,2677,60,1760
-67.17152537003,-17.674353215068,2716,64,258
-72.067343668484,-14.754828541678,2684,69,1112
-66.632536199558,-17.449774394038,2724,100,500
-73.953805765136,-14.754828541678,2703,109,1604
-71.932596375866,-12.778534916614,2775,418,3145
-76.37925703226,-9.589515657988,2784,600,1542
-71.932596375866,-15.338733476356,2666,92,1415
-67.441019955266,-16.910785223566,2650,355,2530
-72.33683825372,-14.799744305884,2654,146,3079
-75.301278691316,-12.733619152408,2693,244,854
-73.594479651488,-15.473480768974,2753,42,716
-68.249503710974,-16.776037930948,2708,47,612
-74.717373756638,-12.868366445026,2732,195,1192
-69.462229344536,-16.64129063833,2679,115,1850
-70.135965807626,-16.102301467858,2698,46,977
-77.771645722646,-9.814094479018,2764,12,1126
-74.58262646402,-14.260755135412,2701,115,898
-69.013071702476,-18.033679328716,2646,56,1631
-73.90889000093,-13.182776794468,2755,81,869
-70.270713100244,-15.383649240562,2703,45,1301
-71.124112620158,-14.664997013266,2674,86,2767
-76.514004324878,-9.859010243224,2731,285,995
-71.842764847454,-14.754828541678,2671,68,1838
-70.495291921274,-16.237048760476,2682,50,964
-70.630039213892,-14.664997013266,2680,72,2873
-77.097909259556,-9.275105308546,2713,201,1984
-67.17152537003,-18.078595092922,2709,41,272
-68.788492881446,-16.326880288888,2769,82,1955
-68.563914060416,-18.303173913952,2693,44,1088
-69.327482051918,-18.258258149746,2697,37,463
-77.636898430028,-9.859010243224,2718,17,1940
-66.991862313206,-17.225195573008,2700,269,1608
-77.367403844792,-8.78103190228,2730,137,2168
-70.674954978098,-16.955700987772,2708,27,496
-76.244509739642,-11.341230462022,2700,172,914
-75.750436333376,-10.936988584168,2726,644,2319
-75.211447162904,-11.880219632494,2722,216,1246
-72.247006725308,-13.407355615498,2725,191,2547
-66.677451963764,-16.731122166742,2738,595,3156
-68.204587946768,-16.596374874124,2707,87,1093
-73.190237773634,-15.428565004768,2784,37,935
-70.180881571832,-14.979407362708,2710,39,1201
-73.23515353784,-15.653143825798,2766,20,568
-69.102903230888,-16.551459109918,2731,116,2398
-77.72672995844,-9.320021072752,2727,35,1305
-75.750436333376,-10.712409763138,2749,685,2431
-77.008077731144,-8.825947666486,2734,500,3038
-76.514004324878,-11.47597775464,2695,161,1475
-71.079196855952,-13.587018672322,2687,1128,4732
-72.875827424192,-14.84466007009,2650,163,3183
-72.651248603162,-15.428565004768,2688,105,992
-71.169028384364,-13.856513257558,2662,293,2368
-66.27321008591,-18.527752734982,2708,37,594
-76.82841467432,-10.487830942108,2673,120,1657
-69.327482051918,-16.102301467858,2781,116,2189
-65.913883972262,-17.449774394038,2747,286,2277
-70.674954978098,-16.596374874124,2689,47,1121
-68.249503710974,-16.461627581506,2706,145,1200
-70.09105004342,-17.584521686656,2773,18,-327
-75.570773276552,-11.520893518846,2725,244,963
-70.630039213892,-16.955700987772,2684,32,541
-69.41731358033,-16.776037930948,2673,94,1612
-76.424172796466,-11.610725047258,2714,128,1119
-77.72672995844,-8.10729543919,2725,145,1466
-74.043637293548,-12.733619152408,2757,173,1169
-77.142825023762,-10.173420592666,2734,57,848
-74.268216114578,-12.59887185979,2723,273,1525
-69.596976637154,-15.698059590004,2793,82,2061
-77.457235373204,-7.747969325542,2754,378,1960
-68.608829824622,-16.910785223566,2699,89,2889
-69.596976637154,-17.31502710142,2684,39,87
-67.485935719472,-18.168426621334,2699,41,551
-69.327482051918,-18.168426621334,2697,37,422
-69.86647122239,-17.225195573008,2688,38,-8
-72.830911659986,-13.092945266056,2788,268,1839
-71.124112620158,-15.51839653318,2679,63,1026
-74.58262646402,-13.317524087086,2694,199,1504
-71.708017554836,-14.170923607,2719,60,1296
-70.180881571832,-17.045532516184,2640,61,551
-73.998721529342,-12.868366445026,2733,143,1288
-74.627542228226,-14.215839371206,2711,127,861
-71.169028384364,-15.114154655326,2670,66,1855
-70.31562886445,-15.159070419532,2718,37,928
-73.190237773634,-14.215839371206,2727,122,2401
-69.147818995094,-17.719268979274,2682,45,1222
-77.681814194234,-7.074232862452,2746,514,2632
-71.4385229696,-14.709912777472,2698,48,711
-72.157175196896,-13.362439851292,2766,117,1290
-70.809702270716,-13.901429021764,2627,636,4190
-68.833408645652,-16.371796053094,2770,86,2004
-72.516501310544,-14.260755135412,2694,88,2021
-75.660604804964,-10.397999413696,2782,957,2896
-71.618186026424,-13.49718714391,2745,213,2208
-68.114756418356,-16.551459109918,2732,119,922
-73.774142708312,-13.991260550176,2713,110,1962
-75.211447162904,-12.913282209232,2679,285,1145
-77.72672995844,-9.6793471864,2719,16,1627
-72.157175196896,-15.203986183738,2665,108,1954
-71.66310179063,-14.664997013266,2677,66,1802
-75.750436333376,-12.643787623996,2707,139,1362
-69.731723929772,-14.62008124906,2674,226,2261
-70.450376157068,-15.877722646828,2676,50,1667
-71.258859912776,-14.440418192236,2714,56,920
-69.147818995094,-17.31502710142,2667,73,1701
-77.008077731144,-9.859010243224,2697,138,1232
-67.441019955266,-18.303173913952,2696,38,520
-77.681814194234,-8.960694959104,2689,99,2853
-76.109762447024,-11.341230462022,2719,139,113
-73.953805765136,-13.94634478597,2732,77,980
-77.906393015264,-9.185273780134,2725,34,1450
-66.407957378528,-18.482836970776,2702,42,671
-66.542704671146,-16.955700987772,2700,469,3768
-69.282566287712,-18.43792120657,2692,34,440
-68.833408645652,-16.19213299627,2768,96,2070
-69.282566287712,-15.74297535421,2777,84,1199
-68.563914060416,-16.371796053094,2731,83,2170
-69.282566287712,-17.76418474348,2694,30,256
-74.223300350372,-13.227692558674,2765,51,566
-69.41731358033,-14.934491598502,2702,132,1426
-67.216441134236,-17.449774394038,2697,130,851
-73.145322009428,-13.766681729146,2709,128,2605
-70.76478650651,-16.86586945936,2725,25,589
-76.693667381702,-9.320021072752,2740,467,1937
-68.833408645652,-16.551459109918,2748,94,2119
-74.088553057754,-13.94634478597,2704,77,1428
-72.202090961102,-14.036176314382,2717,65,1566
-71.618186026424,-13.27260832288,2783,402,2847
-71.88768061166,-15.877722646828,2696,54,722
-74.897036813462,-12.239545746142,2804,193,277
-73.369900830458,-13.003113737644,2732,193,1773
-77.72672995844,-9.499684129576,2733,19,1530
-75.346194455522,-13.362439851292,2747,197,899
-75.076699870286,-12.239545746142,2733,204,1050
-77.322488080586,-7.837800853954,2784,466,1866
-72.33683825372,-14.889575834296,2665,135,2459
-74.58262646402,-14.440418192236,2725,75,727
-72.78599589578,-14.934491598502,2683,118,1877
-70.944449563334,-16.64129063833,2763,24,217
-68.249503710974,-18.078595092922,2712,30,1185
-74.35804764299,-11.970051160906,2772,1016,3932
-71.752933319042,-13.182776794468,2744,407,3417
-72.920743188398,-13.092945266056,2762,254,1828
-66.677451963764,-17.629437450862,2700,101,1180
-71.977512140072,-13.901429021764,2737,64,1767
-76.15467821123,-11.835303868288,2698,152,1111
-70.046134279214,-16.4167118173,2653,70,1334
-71.4385229696,-14.081092078588,2736,50,133
-73.414816594664,-13.94634478597,2719,142,2373
-69.147818995094,-17.53960592245,2688,39,522
-71.079196855952,-15.922638411034,2680,48,515
-67.351188426854,-17.270111337214,2704,149,1054
-74.447879171402,-13.227692558674,2732,139,1093
-75.660604804964,-12.14971421773,2683,168,1261
-66.407957378528,-17.135364044596,2694,333,3431
-72.247006725308,-15.563312297386,2757,73,68
-78.130971836294,-7.972548146572,2745,125,1202
-66.946946549,-18.527752734982,2714,49,1858
-74.941952577668,-11.70055657567,2719,779,3686
-72.56141707475,-15.74297535421,2780,68,-90
-70.225797336038,-16.506543345712,2649,68,1311
-76.37925703226,-10.173420592666,2713,165,1129
-72.56141707475,-13.407355615498,2736,288,3588
-71.797849083248,-13.27260832288,2732,271,2842
-68.249503710974,-17.898932036098,2705,29,1150
-69.282566287712,-14.979407362708,2702,237,1665
-73.23515353784,-14.170923607,2712,124,2583
-76.469088560672,-11.431061990434,2689,166,1407
-70.944449563334,-13.901429021764,2660,378,2047
-75.9300993902,-13.092945266056,2774,69,-34
-77.322488080586,-7.703053561336,2758,415,1830
-75.570773276552,-11.970051160906,2712,140,832
-69.057987466682,-16.64129063833,2722,104,1872
-68.114756418356,-17.359942865626,2702,64,939
-68.563914060416,-17.09044828039,2712,66,1935
-75.70552056917,-10.442915177902,2757,916,2769
-70.450376157068,-16.86586945936,2669,40,548
-70.046134279214,-16.551459109918,2661,51,425
-71.034281091746,-13.94634478597,2663,259,1976
-66.27321008591,-18.348089678158,2706,45,446
-76.469088560672,-10.397999413696,2730,160,612
-68.698661353034,-18.393005442364,2694,31,179
-71.977512140072,-16.057385703652,2784,29,-140
-71.573270262218,-14.440418192236,2682,59,1641
-68.74357711724,-16.371796053094,2763,79,2024
-76.15467821123,-11.655640811464,2684,189,1555
-77.591982665822,-8.017463910778,2807,138,412
-66.542704671146,-17.000616751978,2707,436,3685
-69.821555458184,-15.024323126914,2703,66,1428
-74.088553057754,-14.081092078588,2701,91,1430
-68.024924889944,-17.943847800304,2707,30,827
-67.935093361532,-17.53960592245,2701,47,561
-68.923240174064,-18.482836970776,2689,32,247
-68.96815593827,-15.922638411034,2768,118,1229
-67.575767247884,-16.551459109918,2778,508,2355
-69.372397816124,-15.248901947944,2701,112,1817
-70.98936532754,-15.563312297386,2682,57,745
-66.407957378528,-16.955700987772,2708,472,3464
-70.944449563334,-15.114154655326,2687,48,1362
-69.507145108742,-16.551459109918,2674,117,1960
-72.78599589578,-15.698059590004,2742,61,436
-68.74357711724,-18.21334238554,2693,35,404
-67.890177597326,-18.21334238554,2705,37,974
-71.4385229696,-14.84466007009,2696,45,708
-72.651248603162,-14.485333956442,2669,125,3756
-74.986868341874,-11.341230462022,2737,1115,5082
-74.80720528505,-12.733619152408,2723,217,880
-67.036778077412,-17.584521686656,2698,139,1266
-74.717373756638,-13.542102908116,2704,134,703
-71.618186026424,-15.473480768974,2660,82,1811
-76.648751617496,-9.45476836537,2724,428,1894
-77.681814194234,-8.736116138074,2719,100,2146
-66.452873142734,-17.404858629832,2724,118,1768
-70.450376157068,-15.338733476356,2718,37,1070
-65.779136679644,-17.674353215068,2766,157,2345
-68.653745588828,-15.698059590004,2782,289,1763
-69.821555458184,-14.260755135412,2675,693,3279
-69.057987466682,-15.608228061592,2739,220,1262
-71.258859912776,-15.29381771215,2670,91,1980
-77.367403844792,-10.308167885284,2706,17,1509
-72.11225943269,-14.350586663824,2728,53,1035
-72.202090961102,-15.608228061592,2691,98,911
-67.351188426854,-18.43792120657,2698,33,548
-78.355550657324,-7.029317098246,2774,132,1240
-70.76478650651,-16.596374874124,2746,31,239
-71.258859912776,-13.362439851292,2754,974,5446
-74.313131878784,-13.452271379704,2728,89,1403
-74.268216114578,-13.49718714391,2714,89,1853
-76.37925703226,-10.173420592666,2713,165,1129
-76.558920089084,-10.757325527344,2686,139,1011
-70.854618034922,-14.979407362708,2678,44,2076
-72.651248603162,-15.787891118416,2772,58,-81
-71.618186026424,-13.452271379704,2747,239,2131
-73.190237773634,-14.664997013266,2674,131,2194
-71.258859912776,-16.326880288888,2700,41,155
-73.45973235887,-14.305670899618,2728,76,820
-77.367403844792,-10.038673300048,2721,33,1834
-68.204587946768,-16.731122166742,2707,56,629
-74.178384586166,-13.766681729146,2723,68,1424
-74.80720528505,-11.880219632494,2758,843,3840
-75.301278691316,-11.745472339876,2694,269,1934
-71.88768061166,-15.473480768974,2643,107,2037
-70.135965807626,-16.19213299627,2692,48,864
-73.190237773634,-15.608228061592,2755,26,989
-70.450376157068,-15.74297535421,2686,44,1505
-75.570773276552,-11.116651640992,2737,603,3148
-72.381754017926,-14.350586663824,2683,90,2397
-66.452873142734,-16.910785223566,2711,437,3142
-71.124112620158,-13.901429021764,2655,299,2608
-76.199593975436,-12.104798453524,2734,92,577
-70.585123449686,-16.820953695154,2686,35,819
-77.861477251058,-9.185273780134,2713,37,1519
-70.360544628656,-15.248901947944,2718,39,1284
-74.447879171402,-13.452271379704,2716,143,1445
-72.651248603162,-13.991260550176,2710,113,3129
-68.29441947518,-16.281964524682,2699,313,2786
-77.72672995844,-9.00561072331,2714,67,2131
-75.211447162904,-13.182776794468,2676,300,1514
-74.897036813462,-12.059882689318,2787,368,1839
-74.672457992432,-12.194629981936,2803,344,1334
-69.327482051918,-15.338733476356,2730,85,512
-70.225797336038,-15.06923889112,2700,44,1673
-71.348691441188,-14.754828541678,2697,60,1189
-68.339335239386,-17.898932036098,2704,30,1337
-71.034281091746,-14.530249720648,2692,75,1998
-72.247006725308,-15.024323126914,2675,105,1585
-68.563914060416,-18.348089678158,2698,35,500
-69.821555458184,-15.428565004768,2762,55,1463
-68.29441947518,-16.371796053094,2704,217,1965
-77.05299349535,-8.915779194898,2756,256,1529
-69.911386986596,-14.754828541678,2701,70,692
-76.82841467432,-8.601368845456,2776,937,2990
-77.996224543676,-7.20898015507,2781,165,1202
-70.76478650651,-15.473480768974,2686,60,1396
-69.147818995094,-17.359942865626,2673,65,1382
-70.98936532754,-15.608228061592,2682,54,788
-70.405460392862,-15.608228061592,2695,54,1927
-77.72672995844,-8.691200373868,2719,103,2328
-68.114756418356,-16.147217232064,2767,627,3407
-74.762289520844,-13.49718714391,2690,160,978
-70.899533799128,-13.811597493352,2641,847,4642
-68.384251003592,-17.045532516184,2683,77,2642
-71.4385229696,-13.901429021764,2687,107,1879
-68.698661353034,-15.653143825798,2807,262,1285
-70.405460392862,-15.96755417524,2678,53,1679
-69.596976637154,-17.270111337214,2683,42,296
-73.639395415694,-14.215839371206,2725,76,659
-71.169028384364,-14.036176314382,2676,153,1934
-74.852121049256,-14.036176314382,2724,100,851
-76.244509739642,-10.397999413696,2733,148,953
-70.585123449686,-16.147217232064,2716,34,35
-76.918246202732,-8.286958496014,2760,719,2999
-76.873330438526,-9.050526487516,2721,464,2163
-76.918246202732,-9.45476836537,2711,225,1396
-68.06984065415,-16.820953695154,2696,78,811
-74.58262646402,-14.664997013266,2745,54,540
-70.001218515008,-17.000616751978,2669,44,74
-75.076699870286,-12.59887185979,2703,318,1506
-70.450376157068,-16.147217232064,2699,35,116
-71.303775676982,-13.542102908116,2682,597,3794
-69.776639693978,-16.012469939446,2731,98,2444
-66.318125850116,-18.303173913952,2699,56,748
-76.15467821123,-11.520893518846,2684,177,1173
-70.899533799128,-15.563312297386,2692,44,188
-74.762289520844,-12.464124567172,2777,205,739
-70.54020768548,-17.045532516184,2685,39,409
-76.019930918612,-11.970051160906,2646,168,1774
-69.776639693978,-15.06923889112,2713,58,906
-71.21394414857,-13.362439851292,2716,1170,6357
-66.228294321704,-18.168426621334,2705,55,1113
-68.159672182562,-18.482836970776,2694,31,727
-75.121615634492,-11.47597775464,2792,553,2449
-67.306272662648,-18.482836970776,2700,32,557
-67.800346068914,-17.719268979274,2704,40,646
-65.868968208056,-17.449774394038,2735,328,2699
-71.124112620158,-15.51839653318,2679,63,1026
-67.39610419106,-18.078595092922,2701,43,439
-77.906393015264,-9.140358015928,2720,40,1500
-70.854618034922,-14.036176314382,2642,333,3166
-75.121615634492,-11.25139893361,2726,1022,5559
-76.244509739642,-11.9251353967,2690,158,1400
-76.424172796466,-11.341230462022,2683,185,1542
-75.9300993902,-10.173420592666,2734,608,2157
-77.008077731144,-8.960694959104,2745,283,1512
-68.204587946768,-17.584521686656,2697,35,896
-69.686808165566,-17.854016271892,2732,21,-247
-77.771645722646,-9.769178714812,2742,12,1151
-71.169028384364,-14.709912777472,2697,74,1884
-69.057987466682,-17.270111337214,2671,69,1346
-69.596976637154,-17.98876356451,2735,26,21
-65.868968208056,-17.31502710142,2755,580,3496
-72.696164367368,-15.787891118416,2753,59,31
-77.097909259556,-9.814094479018,2680,111,1392
-75.70552056917,-12.419208802966,2683,175,1279
-72.965658952604,-14.979407362708,2667,135,2485
-69.86647122239,-17.898932036098,2757,16,-40
-72.022427904278,-15.473480768974,2685,87,1145
-74.897036813462,-13.991260550176,2735,97,851
-69.147818995094,-16.506543345712,2733,102,1604
-67.081693841618,-17.225195573008,2686,261,1662
-71.348691441188,-15.473480768974,2675,78,1515
-73.639395415694,-14.754828541678,2689,126,1602
-67.710514540502,-18.303173913952,2701,39,1088
-69.327482051918,-16.776037930948,2687,79,1116
-76.738583145908,-10.80224129155,2695,93,1231
-73.01057471681,-13.991260550176,2734,130,3282
-68.608829824622,-16.955700987772,2709,79,2400
-71.797849083248,-15.473480768974,2656,104,2071
-71.124112620158,-15.51839653318,2679,63,1026
-69.462229344536,-15.787891118416,2795,93,2132
-68.114756418356,-18.527752734982,2691,30,686
-72.247006725308,-14.081092078588,2706,75,1960
-75.615689040758,-11.835303868288,2712,152,1038
-73.23515353784,-13.676850200734,2729,105,1729
-72.291922489514,-14.575165484854,2697,72,1308
-66.49778890694,-16.731122166742,2733,510,3221
-71.079196855952,-15.06923889112,2693,42,694
-65.464726330202,-17.76418474348,2773,153,1818
-72.067343668484,-15.428565004768,2649,113,1854
-75.346194455522,-12.553956095584,2686,255,1078
-75.795352097582,-12.419208802966,2698,118,818
-68.923240174064,-15.114154655326,2755,723,1700
-74.941952577668,-11.880219632494,2746,485,2242
-69.821555458184,-16.461627581506,2662,70,1280
-71.708017554836,-15.698059590004,2701,50,137
-67.39610419106,-17.09044828039,2691,227,1542
-69.372397816124,-16.237048760476,2753,120,2193
-72.78599589578,-14.709912777472,2668,149,3143
-70.001218515008,-14.530249720648,2676,138,2048
-71.079196855952,-14.260755135412,2695,100,1722
-75.391110219728,-13.003113737644,2688,255,854
-73.414816594664,-13.856513257558,2715,145,2546
-69.731723929772,-17.180279808802,2681,53,603
-69.282566287712,-16.731122166742,2688,90,1437
-77.367403844792,-10.038673300048,2721,33,1834
-68.51899829621,-17.494690158244,2693,36,982
-69.327482051918,-17.719268979274,2694,27,65
-69.237650523506,-17.943847800304,2684,38,750
-68.114756418356,-18.033679328716,2704,35,1599
-70.31562886445,-16.057385703652,2676,55,1548
-75.660604804964,-13.04802950185,2747,212,753
-70.180881571832,-15.338733476356,2712,43,1371
-78.714876770972,-6.75982251301,2757,364,2256
-70.360544628656,-14.799744305884,2701,37,928
-68.384251003592,-17.809100507686,2706,28,704
-66.902030784794,-17.53960592245,2693,150,1395
-72.381754017926,-14.260755135412,2680,108,3109
-70.585123449686,-14.664997013266,2695,61,2310
-71.88768061166,-13.092945266056,2721,321,3149
-69.821555458184,-17.674353215068,2697,24,348
-76.199593975436,-12.419208802966,2782,47,610
-78.40046642153,-6.714906748804,2755,189,1377
-71.258859912776,-15.563312297386,2675,68,1088
-69.776639693978,-15.024323126914,2712,56,674
-77.05299349535,-8.646284609662,2748,465,2510
-65.59947362282,-17.494690158244,2736,404,3217
-76.15467821123,-9.724262950606,2762,599,1631
-73.953805765136,-13.631934436528,2761,45,231
-74.402963407196,-13.49718714391,2711,130,1686
-72.291922489514,-13.631934436528,2757,127,1947
-74.223300350372,-14.440418192236,2690,77,779
-68.159672182562,-17.09044828039,2704,50,864
-74.043637293548,-14.84466007009,2705,105,1786
-68.51899829621,-17.53960592245,2694,35,1009
-75.03178410608,-11.431061990434,2729,1027,4801
-70.495291921274,-14.036176314382,2685,291,1943
-66.632536199558,-17.584521686656,2739,80,851
-77.72672995844,-9.6793471864,2719,16,1627
-71.034281091746,-15.473480768974,2679,69,1253
-70.046134279214,-13.901429021764,2708,1088,4866
-76.648751617496,-9.993757535842,2730,158,425
-72.965658952604,-14.575165484854,2680,117,2383
-72.56141707475,-15.473480768974,2678,119,1235
-71.842764847454,-15.338733476356,2659,105,1983
-77.27757231638,-9.45476836537,2683,120,2400
-69.41731358033,-15.787891118416,2793,94,2085
-73.998721529342,-14.350586663824,2709,87,979
-69.911386986596,-15.922638411034,2705,89,2844
-68.608829824622,-15.832806882622,2761,246,2327
-77.861477251058,-8.10729543919,2716,120,1585
-68.474082532004,-16.86586945936,2697,72,2387
-70.09105004342,-16.012469939446,2699,53,1560
-72.067343668484,-13.811597493352,2759,51,1030
-71.303775676982,-16.281964524682,2692,41,173
-74.852121049256,-13.49718714391,2727,143,490
-66.04863126488,-17.270111337214,2701,534,3602
-72.696164367368,-13.137861030262,2736,313,2313
-69.686808165566,-16.281964524682,2696,77,1146
-69.147818995094,-15.832806882622,2776,111,1522
-70.360544628656,-14.036176314382,2684,444,2786
-77.50215113741,-7.253895919276,2771,519,2169
-67.62068301209,-17.674353215068,2705,45,589
-70.674954978098,-14.575165484854,2685,73,2171
-74.852121049256,-12.643787623996,2756,186,550
-74.58262646402,-12.239545746142,2748,545,3286
-70.135965807626,-14.036176314382,2704,638,3446
-70.180881571832,-14.485333956442,2678,121,2407
-75.750436333376,-11.341230462022,2716,340,1239
-68.429166767798,-16.102301467858,2708,318,3483
-74.717373756638,-14.126007842794,2708,125,890
-67.800346068914,-17.31502710142,2708,78,277
-69.1927347593,-18.258258149746,2665,50,1131
-73.055490481016,-15.06923889112,2672,126,2505
-73.729226944106,-14.485333956442,2701,85,1122
-68.878324409858,-17.494690158244,2689,48,905
-75.076699870286,-11.610725047258,2763,477,2108
-70.360544628656,-13.991260550176,2677,585,3494
-70.899533799128,-13.94634478597,2660,368,2446
-66.812199256382,-18.527752734982,2686,57,2452
-73.280069302046,-14.215839371206,2731,84,1155
-66.946946549,-18.033679328716,2704,83,1364
-73.729226944106,-13.362439851292,2761,110,867
-74.313131878784,-14.036176314382,2715,71,695
-68.74357711724,-15.203986183738,2800,739,1274
-66.902030784794,-18.527752734982,2716,52,1828
-66.27321008591,-17.225195573008,2701,342,3223
-70.719870742304,-14.215839371206,2662,182,2394
-77.187740787968,-9.320021072752,2759,118,777
-74.672457992432,-13.27260832288,2686,206,1523
-71.079196855952,-16.19213299627,2691,42,60
-76.693667381702,-10.263252121078,2714,159,861
-73.819058472518,-14.754828541678,2688,119,1726
-75.975015154406,-12.14971421773,2688,121,1160
-77.142825023762,-8.33187426022,2751,529,2667
-70.585123449686,-13.901429021764,2690,473,2641
-69.86647122239,-14.84466007009,2702,63,811
-70.944449563334,-15.96755417524,2675,54,890
-77.771645722646,-9.45476836537,2721,19,1489
-69.686808165566,-16.19213299627,2710,86,1350
-72.247006725308,-14.979407362708,2674,114,1915
-67.485935719472,-17.449774394038,2711,69,375
-69.327482051918,-17.225195573008,2671,62,1017
-71.303775676982,-14.39550242803,2704,63,1475
-76.15467821123,-12.464124567172,2761,46,666
-69.41731358033,-15.024323126914,2687,137,2371
-76.60383585329,-11.520893518846,2755,105,1000
-77.771645722646,-8.242042731808,2731,104,1292
-77.187740787968,-9.634431422194,2732,77,547
-76.289425503848,-12.104798453524,2727,105,1025
-77.187740787968,-8.421705788632,2736,428,2781
-70.046134279214,-15.248901947944,2707,43,996
-71.528354498012,-15.024323126914,2669,70,1888
-77.412319608998,-10.35308364949,2753,12,1121
-68.788492881446,-17.180279808802,2697,51,1284
-70.98936532754,-16.147217232064,2696,35,-46
-75.525857512346,-11.431061990434,2752,288,1153
-68.159672182562,-17.53960592245,2696,40,924
-71.66310179063,-14.709912777472,2682,59,1253
-67.980009125738,-17.584521686656,2698,45,819
-68.024924889944,-17.584521686656,2698,42,804
-71.88768061166,-13.04802950185,2738,361,3362
-68.563914060416,-15.608228061592,2715,481,3152
-66.318125850116,-18.258258149746,2707,64,1136
-75.03178410608,-13.901429021764,2744,101,696
-72.022427904278,-15.877722646828,2720,46,478
-73.324985066252,-13.811597493352,2717,113,1848
-68.51899829621,-18.258258149746,2666,51,2126
-70.135965807626,-16.506543345712,2662,55,609
-74.088553057754,-12.59887185979,2727,260,1692
-69.013071702476,-15.06923889112,2701,705,2152
-67.485935719472,-16.731122166742,2705,486,2638
-76.918246202732,-10.532746706314,2690,72,1199
-70.899533799128,-13.676850200734,2702,875,3579
-69.237650523506,-14.84466007009,2695,482,2405
-66.991862313206,-18.258258149746,2718,53,1207
-72.067343668484,-13.092945266056,2758,182,1724
-71.4385229696,-13.587018672322,2744,230,1426
-69.776639693978,-14.350586663824,2669,563,2730
-70.944449563334,-14.799744305884,2685,56,2111
-76.334341268054,-12.14971421773,2749,82,894
-67.980009125738,-17.854016271892,2694,39,1510
-71.303775676982,-13.676850200734,2713,265,1472
-72.965658952604,-12.913282209232,2750,274,2456
-69.057987466682,-16.102301467858,2780,137,2968
-77.412319608998,-10.12850482846,2791,17,1318
-77.636898430028,-9.409852601164,2745,35,1307
-70.09105004342,-17.180279808802,2662,48,339
-70.09105004342,-13.811597493352,2705,1260,5859
-66.407957378528,-18.527752734982,2704,44,880
-74.762289520844,-11.70055657567,2760,956,3138
-77.367403844792,-8.062379674984,2728,498,2675
-69.596976637154,-14.84466007009,2695,126,1636
-75.975015154406,-11.25139893361,2699,274,1333
-71.842764847454,-15.877722646828,2697,59,742
-75.615689040758,-12.464124567172,2682,183,1048
-67.755430304708,-18.033679328716,2688,48,1821
-65.689305151232,-17.584521686656,2757,272,2843
-65.554557858614,-17.494690158244,2750,427,3184
-75.346194455522,-12.37429303876,2720,200,960
-71.034281091746,-13.766681729146,2639,790,4398
-75.03178410608,-11.835303868288,2707,431,2515
-75.795352097582,-12.553956095584,2689,132,1529
-69.282566287712,-16.86586945936,2691,68,820
-76.963161966938,-8.376790024426,2765,701,2675
-68.833408645652,-16.326880288888,2773,86,1984
-67.710514540502,-17.494690158244,2703,51,356
-67.261356898442,-17.449774394038,2708,116,796
-69.596976637154,-18.21334238554,2757,20,230
-72.157175196896,-14.799744305884,2672,97,1852
-78.265719128912,-8.197126967602,2740,163,1499
-77.771645722646,-8.960694959104,2772,55,1396
-65.868968208056,-18.123510857128,2739,51,1230
-69.821555458184,-17.76418474348,2726,21,235
-77.457235373204,-9.90392600743,2713,35,2116
-68.429166767798,-18.258258149746,2695,43,1445
-67.62068301209,-18.393005442364,2698,34,763
-72.920743188398,-14.934491598502,2658,134,2368
-78.894539827796,-6.804738277216,2789,390,2401
-75.121615634492,-12.643787623996,2690,319,1400
-71.348691441188,-14.799744305884,2701,48,638
-78.669961006766,-7.837800853954,2732,61,539
-75.436025983934,-11.790388104082,2744,137,318
-76.918246202732,-10.218336356872,2677,131,1692
-78.40046642153,-7.568306268718,2797,55,514
-70.76478650651,-14.305670899618,2674,113,1612
-76.873330438526,-10.487830942108,2677,106,1678
-77.097909259556,-9.050526487516,2751,202,1670
-71.88768061166,-14.260755135412,2730,54,1182
-74.672457992432,-13.407355615498,2679,228,2035
-69.552060872948,-16.64129063833,2682,111,1540
-71.393607205394,-14.305670899618,2695,70,1696
-72.830911659986,-14.440418192236,2700,95,2306
-73.324985066252,-13.676850200734,2746,107,1394
-73.01057471681,-13.811597493352,2762,81,866
-68.114756418356,-18.078595092922,2703,38,1673
-76.019930918612,-12.643787623996,2767,45,399
-77.05299349535,-7.972548146572,2783,656,2717
-74.852121049256,-12.733619152408,2746,187,355
-68.833408645652,-15.383649240562,2692,857,2919
-74.941952577668,-11.610725047258,2721,910,3747
-69.282566287712,-17.359942865626,2674,61,1164
-70.76478650651,-14.575165484854,2686,79,2296
-70.270713100244,-14.350586663824,2704,118,1157
-72.247006725308,-14.530249720648,2697,72,1578
-66.767283492176,-17.629437450862,2700,101,1044
-74.223300350372,-14.081092078588,2704,78,977
-67.081693841618,-17.359942865626,2712,167,927
-67.755430304708,-18.348089678158,2699,38,1074
-71.842764847454,-15.832806882622,2669,77,1049
-74.492794935608,-13.04802950185,2750,157,1033
-74.492794935608,-14.664997013266,2727,70,704
-66.318125850116,-18.393005442364,2713,42,697
-66.857115020588,-17.045532516184,2746,267,1393
-75.166531398698,-13.72176596494,2717,167,997
-78.355550657324,-7.88271661816,2756,135,943
-75.70552056917,-12.239545746142,2691,148,852
-73.594479651488,-15.383649240562,2752,50,861
-68.474082532004,-17.809100507686,2701,33,1293
-70.450376157068,-17.135364044596,2691,38,33
-72.157175196896,-15.159070419532,2668,105,1833
-70.54020768548,-16.820953695154,2683,38,686
-66.991862313206,-18.21334238554,2709,59,1309
-70.585123449686,-17.225195573008,2743,26,-197
-75.436025983934,-13.04802950185,2694,280,990
-74.13346882196,-14.215839371206,2709,88,975
-66.407957378528,-18.393005442364,2708,41,664
-70.270713100244,-17.31502710142,2752,30,-250
-68.249503710974,-18.21334238554,2703,42,1736
-72.920743188398,-15.428565004768,2705,82,2624
-71.348691441188,-14.036176314382,2681,118,2287
-65.779136679644,-17.854016271892,2749,76,1824
-66.991862313206,-17.854016271892,2717,82,847
-70.630039213892,-15.114154655326,2696,42,1850
-71.169028384364,-16.371796053094,2700,40,-41
-70.674954978098,-14.260755135412,2671,145,1859
-74.986868341874,-13.94634478597,2745,99,836
-69.507145108742,-16.237048760476,2729,113,1909
-68.159672182562,-17.674353215068,2695,35,1113
-74.672457992432,-13.991260550176,2712,88,217
-72.202090961102,-13.542102908116,2744,131,2277
-67.441019955266,-18.21334238554,2698,40,472
-74.672457992432,-13.587018672322,2725,118,577
-72.11225943269,-14.440418192236,2729,50,801
-70.76478650651,-17.045532516184,2765,18,17
-68.474082532004,-15.877722646828,2667,445,5066
-72.11225943269,-15.114154655326,2676,97,1557
-74.672457992432,-13.182776794468,2710,186,1095
-71.932596375866,-14.754828541678,2678,75,1844
-77.636898430028,-9.724262950606,2750,19,1670
-70.630039213892,-13.676850200734,2703,1141,5329
-70.001218515008,-17.494690158244,2748,20,-16
-69.327482051918,-15.96755417524,2792,110,2255
-74.717373756638,-12.958197973438,2752,156,432
-67.261356898442,-18.078595092922,2704,42,320
-77.097909259556,-9.320021072752,2727,163,1514
-75.25636292711,-13.27260832288,2691,226,1023
-77.816561486852,-8.33187426022,2737,99,1342
-70.76478650651,-14.934491598502,2708,30,785
-74.986868341874,-12.733619152408,2697,282,1366
-66.902030784794,-18.078595092922,2673,90,2149
-74.178384586166,-13.811597493352,2714,75,1624
-76.783498910114,-10.712409763138,2689,77,920
-76.82841467432,-10.397999413696,2685,130,1622
-70.76478650651,-13.676850200734,2682,1070,4329
-75.660604804964,-10.35308364949,2762,1009,3110
-70.674954978098,-13.49718714391,2710,1846,8102
-71.393607205394,-15.698059590004,2690,46,206
-67.800346068914,-17.98876356451,2695,45,1621
-77.412319608998,-9.185273780134,2735,97,1658
-72.830911659986,-15.698059590004,2754,53,662
-67.62068301209,-17.584521686656,2705,47,421
-75.750436333376,-11.071735876786,2722,528,1938
-76.199593975436,-12.104798453524,2734,92,577
-69.911386986596,-16.731122166742,2659,67,819
-76.963161966938,-10.12850482846,2688,124,1570
-67.351188426854,-17.898932036098,2706,42,203
-71.797849083248,-13.452271379704,2730,128,1281
-78.40046642153,-7.972548146572,2749,141,1004
-69.507145108742,-16.237048760476,2729,113,1909
-77.547066901616,-9.275105308546,2747,56,1494
-71.169028384364,-14.979407362708,2698,39,473
-66.812199256382,-17.359942865626,2719,131,793
-77.412319608998,-9.859010243224,2742,31,1066
-72.78599589578,-13.766681729146,2732,126,2971
-69.147818995094,-17.09044828039,2692,63,736
-70.405460392862,-13.94634478597,2664,777,4537
-69.327482051918,-17.943847800304,2703,35,407
-69.102903230888,-15.563312297386,2736,210,1204
-70.674954978098,-16.012469939446,2711,27,-247
-76.558920089084,-10.038673300048,2720,210,1101
-71.169028384364,-15.06923889112,2686,51,1255
-65.554557858614,-17.76418474348,2753,120,1584
-70.76478650651,-15.787891118416,2688,41,591
-68.96815593827,-16.776037930948,2707,88,1685
-76.064846682818,-12.509040331378,2744,52,805
-70.001218515008,-15.383649240562,2712,49,1664
-73.055490481016,-14.575165484854,2672,144,3099
-74.986868341874,-13.317524087086,2701,175,561
-70.54020768548,-15.96755417524,2701,36,432
-77.187740787968,-9.050526487516,2757,164,1909
-67.530851483678,-17.719268979274,2708,44,436
-70.180881571832,-14.350586663824,2694,137,1489
-69.596976637154,-16.776037930948,2687,81,1249
-77.412319608998,-9.859010243224,2742,31,1066
-71.4385229696,-14.081092078588,2736,50,133
-76.558920089084,-10.263252121078,2726,153,482
-69.911386986596,-17.943847800304,2781,17,-289
-71.66310179063,-14.215839371206,2725,43,622
-76.963161966938,-9.544599893782,2705,196,1429
-77.008077731144,-9.320021072752,2778,154,348
-72.965658952604,-13.137861030262,2732,273,2376
-74.717373756638,-12.958197973438,2752,156,432
-70.854618034922,-16.281964524682,2686,45,528
-70.719870742304,-15.159070419532,2670,56,2352
-70.854618034922,-15.74297535421,2686,45,645
-70.719870742304,-14.530249720648,2692,68,1604
-67.39610419106,-16.86586945936,2674,399,2484
-70.135965807626,-16.64129063833,2641,75,1401
-71.528354498012,-14.664997013266,2696,53,728
-71.4385229696,-16.237048760476,2717,39,86
-75.660604804964,-12.643787623996,2690,173,1181
-71.842764847454,-15.96755417524,2720,52,525
-73.774142708312,-15.248901947944,2747,41,649
-68.878324409858,-17.98876356451,2671,54,1322
-66.04863126488,-17.31502710142,2712,439,3055
-67.351188426854,-17.943847800304,2705,42,300
-73.774142708312,-13.94634478597,2731,98,1595
