"decimalLon","decimalLat","bio6","bio14","cmi_max"
-66.902030784794,-21.447277408372,2680,10,436
-66.228294321704,-19.875225661162,2698,12,181
-67.890177597326,-20.369299067428,2670,8,-663
-65.689305151232,-21.177782823136,2708,12,855
-67.306272662648,-19.78539413275,2689,14,22
-66.093547029086,-18.707415791806,2701,45,939
-69.41731358033,-18.527752734982,2675,31,862
-66.72236772797,-19.33623649069,2697,37,2943
-66.677451963764,-18.6625000276,2706,45,1576
-68.653745588828,-18.6625000276,2693,20,258
-68.339335239386,-21.222698587342,2697,24,-477
-67.575767247884,-20.68370941687,2678,8,-535
-66.138462793292,-20.504046360046,2725,8,-209
-68.339335239386,-19.56081531172,2702,14,-423
-67.980009125738,-18.931994612836,2681,18,348
-67.755430304708,-19.156573433866,2693,17,277
-68.339335239386,-21.13286705893,2677,27,-270
-67.306272662648,-21.13286705893,2658,6,-45
-64.835905631318,-19.740478368544,2743,27,358
-66.946946549,-19.695562604338,2682,21,944
-67.890177597326,-21.447277408372,2671,18,-49
-68.788492881446,-19.875225661162,2700,23,-173
-68.29441947518,-19.33623649069,2670,23,641
-67.710514540502,-19.830309896956,2696,14,176
-67.980009125738,-19.11165766966,2687,13,68
-67.081693841618,-19.246404962278,2700,20,581
-68.114756418356,-19.021826141248,2687,14,50
-65.913883972262,-20.144720246398,2697,12,296
-66.587620435352,-19.875225661162,2680,28,2181
-65.689305151232,-19.605731075926,2665,31,518
-65.82405244385,-20.23455177481,2737,10,36
-66.138462793292,-18.617584263394,2703,50,1214
-68.698661353034,-19.066741905454,2662,27,541
-69.013071702476,-18.572668499188,2672,33,463
-67.441019955266,-19.830309896956,2689,12,-49
-66.27321008591,-19.830309896956,2692,14,385
-67.216441134236,-20.414214831634,2668,6,-710
-65.958799736468,-19.246404962278,2663,24,960
-67.710514540502,-20.144720246398,2674,7,-723
-65.779136679644,-20.818456709488,2742,9,17
-66.542704671146,-19.920141425368,2658,23,2019
-66.72236772797,-19.066741905454,2735,41,2360
-65.240147509172,-20.189636010604,2753,24,400
-66.587620435352,-18.617584263394,2688,43,1448
-68.833408645652,-21.402361644166,2690,25,-335
-66.946946549,-20.773540945282,2682,7,-349
-65.419810565996,-21.58202470099,2697,18,659
-68.833408645652,-18.976910377042,2674,30,553
-68.474082532004,-21.402361644166,2660,34,-91
-65.644389387026,-21.402361644166,2717,11,691
-65.958799736468,-20.998119766312,2688,8,585
-67.036778077412,-20.23455177481,2698,10,-272
-67.84526183312,-19.470983783308,2711,11,-148
-67.485935719472,-21.13286705893,2659,7,-72
-68.698661353034,-20.00997295378,2685,31,144
-67.036778077412,-20.369299067428,2691,8,-409
-64.746074102906,-20.144720246398,2718,55,1083
-66.27321008591,-21.222698587342,2681,9,1061
-66.27321008591,-19.78539413275,2681,17,699
-67.441019955266,-19.156573433866,2684,22,682
-66.857115020588,-21.13286705893,2678,9,58
-66.587620435352,-20.863372473694,2699,9,368
-67.665598776296,-19.740478368544,2706,13,63
-68.159672182562,-20.369299067428,2684,10,-685
-68.923240174064,-18.527752734982,2696,25,-84
-66.452873142734,-19.605731075926,2680,27,1960
-67.081693841618,-19.291320726484,2695,20,590
-68.429166767798,-19.33623649069,2713,15,-520
-65.419810565996,-19.920141425368,2729,25,45
-68.159672182562,-21.043035530518,2691,19,-527
-67.441019955266,-21.447277408372,2655,8,49
-68.474082532004,-21.177782823136,2641,36,-19
-64.92573715973,-20.324383303222,2740,41,457
-67.665598776296,-20.45913059584,2670,8,-733
-66.093547029086,-19.920141425368,2688,17,724
-66.72236772797,-21.402361644166,2686,12,959
-66.407957378528,-20.68370941687,2699,13,878
-65.37489480179,-21.671856229402,2722,20,763
-67.84526183312,-19.830309896956,2707,11,-394
-64.970652923936,-20.773540945282,2751,37,420
-66.991862313206,-20.9082882379,2674,8,-243
-66.003715500674,-19.56081531172,2677,16,709
-69.057987466682,-19.246404962278,2695,33,563
-67.800346068914,-20.548962124252,2678,9,-717
-68.29441947518,-21.402361644166,2694,27,-338
-68.96815593827,-19.33623649069,2654,29,356
-66.991862313206,-21.13286705893,2670,8,-92
-67.755430304708,-21.447277408372,2666,14,56
-65.240147509172,-20.369299067428,2711,27,1225
-67.710514540502,-19.066741905454,2689,19,376
-66.767283492176,-21.447277408372,2690,12,977
-66.857115020588,-20.189636010604,2707,22,1026
-68.114756418356,-21.447277408372,2681,30,221
-68.06984065415,-19.201489198072,2698,11,-224
-65.958799736468,-20.773540945282,2730,9,331
-68.384251003592,-18.707415791806,2694,19,266
-65.689305151232,-21.492193172578,2720,6,-210
-66.991862313206,-20.054888717986,2703,17,533
-68.563914060416,-19.515899547514,2674,23,68
-67.261356898442,-20.45913059584,2666,6,-719
-68.204587946768,-18.976910377042,2691,14,73
-67.216441134236,-21.492193172578,2651,7,-100
-69.013071702476,-19.965057189574,2716,24,124
-66.72236772797,-20.9082882379,2692,8,-8
-66.003715500674,-18.842163084424,2708,39,1088
-65.59947362282,-19.605731075926,2697,29,367
-68.474082532004,-21.043035530518,2685,31,-285
-67.081693841618,-21.492193172578,2662,8,-20
-66.452873142734,-20.998119766312,2699,10,495
-66.49778890694,-21.492193172578,2689,9,1011
-67.890177597326,-20.414214831634,2674,8,-657
-68.384251003592,-20.593877888458,2680,20,-474
-69.41731358033,-18.842163084424,2723,22,519
-66.363041614322,-18.617584263394,2702,34,701
-67.665598776296,-20.189636010604,2671,7,-728
-68.474082532004,-20.548962124252,2680,27,-297
-68.698661353034,-19.920141425368,2698,26,21
-65.285063273378,-20.369299067428,2739,27,1223
-67.485935719472,-20.638793652664,2674,7,-640
-69.013071702476,-20.324383303222,2700,23,-222
-65.37489480179,-20.054888717986,2742,24,224
-68.698661353034,-21.087951294724,2673,38,-19
-67.081693841618,-18.976910377042,2742,23,726
-65.554557858614,-19.875225661162,2724,27,199
-65.060484452348,-19.78539413275,2717,27,490
-65.240147509172,-20.593877888458,2746,19,381
-68.29441947518,-19.201489198072,2711,13,-357
-69.102903230888,-19.201489198072,2692,33,643
-67.800346068914,-20.593877888458,2680,11,-512
-65.59947362282,-18.931994612836,2753,37,666
-67.485935719472,-19.470983783308,2692,15,87
-66.587620435352,-19.875225661162,2680,28,2181
-68.96815593827,-20.593877888458,2726,21,-299
-66.49778890694,-18.931994612836,2710,31,869
-68.653745588828,-20.548962124252,2679,26,-349
-67.530851483678,-20.68370941687,2676,8,-584
-68.29441947518,-21.177782823136,2701,21,-629
-65.689305151232,-20.144720246398,2738,12,-259
-69.372397816124,-18.752331556012,2708,24,450
-65.554557858614,-21.447277408372,2712,16,825
-68.384251003592,-21.312530115754,2687,31,-297
-65.59947362282,-18.88707884863,2755,36,701
-66.407957378528,-20.504046360046,2708,15,460
-65.644389387026,-21.177782823136,2714,12,766
-66.542704671146,-19.291320726484,2674,31,2226
-66.587620435352,-19.515899547514,2678,34,2680
-66.318125850116,-19.066741905454,2650,36,1428
-68.114756418356,-19.33623649069,2705,12,-299
-65.734220915438,-20.9082882379,2733,10,237
-65.105400216554,-20.144720246398,2752,22,349
-69.1927347593,-19.426068019102,2713,22,458
-66.407957378528,-20.548962124252,2713,13,399
-68.204587946768,-20.504046360046,2696,11,-681
-67.530851483678,-19.830309896956,2691,12,87
-65.419810565996,-21.626940465196,2710,16,512
-68.563914060416,-18.88707884863,2682,22,570
-65.59947362282,-19.470983783308,2710,26,-58
-68.429166767798,-21.043035530518,2672,31,-135
-67.84526183312,-19.515899547514,2712,11,-140
-68.29441947518,-19.650646840132,2700,14,-354
-65.59947362282,-19.201489198072,2734,34,537
-65.868968208056,-20.414214831634,2710,12,576
-68.024924889944,-20.953204002106,2683,17,-92
-65.59947362282,-21.222698587342,2719,11,437
-66.407957378528,-21.043035530518,2698,9,417
-65.958799736468,-19.291320726484,2666,23,809
-67.306272662648,-19.021826141248,2693,25,701
-68.114756418356,-18.88707884863,2685,16,317
-65.689305151232,-21.043035530518,2732,10,319
-67.575767247884,-19.56081531172,2698,16,408
-68.429166767798,-20.9082882379,2649,32,111
-65.868968208056,-21.177782823136,2696,9,842
-68.204587946768,-19.201489198072,2707,11,-491
-66.767283492176,-18.707415791806,2731,46,1906
-66.363041614322,-19.78539413275,2687,16,1001
-69.462229344536,-19.11165766966,2736,14,272
-66.542704671146,-20.45913059584,2713,11,91
-67.306272662648,-19.650646840132,2688,18,226
-67.755430304708,-19.515899547514,2710,15,245
-67.530851483678,-20.863372473694,2675,8,-572
-66.318125850116,-19.021826141248,2659,37,1507
-68.653745588828,-18.797247320218,2683,23,582
-69.147818995094,-19.470983783308,2700,24,483
-66.04863126488,-20.414214831634,2704,13,446
-68.024924889944,-19.11165766966,2688,13,1
-67.665598776296,-20.728625181076,2672,10,-295
-66.49778890694,-20.68370941687,2707,12,329
-67.261356898442,-19.066741905454,2692,25,700
-66.228294321704,-20.45913059584,2703,11,448
-66.04863126488,-20.863372473694,2699,9,545
-67.935093361532,-21.267614351548,2657,20,91
-66.49778890694,-20.279467539016,2699,12,277
-68.74357711724,-19.605731075926,2683,22,-73
-67.755430304708,-20.593877888458,2674,10,-435
-66.767283492176,-20.279467539016,2695,22,1025
-67.890177597326,-19.830309896956,2706,10,-512
-65.464726330202,-21.222698587342,2691,21,957
-67.890177597326,-20.414214831634,2674,8,-657
-67.62068301209,-20.099804482192,2677,7,-696
-69.282566287712,-18.931994612836,2723,25,377
-68.204587946768,-19.650646840132,2702,12,-393
-68.429166767798,-19.830309896956,2692,18,-245
-66.183378557498,-19.156573433866,2691,18,98
-66.767283492176,-20.593877888458,2699,9,-196
-69.1927347593,-18.88707884863,2696,30,601
-67.935093361532,-20.054888717986,2679,8,-769
-66.49778890694,-20.414214831634,2711,12,183
-65.464726330202,-21.087951294724,2696,22,915
-68.788492881446,-18.797247320218,2675,23,434
-67.575767247884,-20.863372473694,2678,8,-576
-67.036778077412,-19.156573433866,2723,22,764
-67.126609605824,-19.965057189574,2694,15,2
-66.812199256382,-20.144720246398,2702,24,1371
-68.833408645652,-18.707415791806,2699,19,-131
-69.013071702476,-18.707415791806,2674,28,475
-67.710514540502,-20.68370941687,2669,11,-244
-67.530851483678,-19.515899547514,2696,15,161
-68.563914060416,-19.695562604338,2685,20,-140
-68.96815593827,-18.6625000276,2695,24,86
-66.318125850116,-19.33623649069,2671,21,1243
-65.329979037584,-19.78539413275,2739,24,-109
-65.913883972262,-18.976910377042,2689,39,1029
-67.441019955266,-21.222698587342,2656,8,145
-68.474082532004,-18.842163084424,2702,16,25
-69.013071702476,-20.863372473694,2758,15,-392
-66.946946549,-19.11165766966,2742,22,904
-67.800346068914,-19.830309896956,2707,13,-224
-67.216441134236,-20.773540945282,2674,7,-460
-68.923240174064,-18.797247320218,2679,29,508
-68.608829824622,-20.279467539016,2690,27,-300
-69.147818995094,-18.617584263394,2692,26,74
-67.665598776296,-19.56081531172,2664,20,1123
-68.429166767798,-18.842163084424,2700,16,19
-69.102903230888,-18.617584263394,2686,27,170
-67.441019955266,-21.35744587996,2666,7,-321
-67.62068301209,-19.965057189574,2687,10,-436
-66.04863126488,-18.931994612836,2709,28,670
-67.485935719472,-19.201489198072,2683,20,642
-68.788492881446,-21.087951294724,2697,37,-27
-67.755430304708,-21.177782823136,2676,13,-76
-66.003715500674,-20.054888717986,2687,17,542
-65.060484452348,-20.45913059584,2761,28,214
-67.441019955266,-19.56081531172,2691,17,246
-68.159672182562,-19.11165766966,2697,12,-242
-67.39610419106,-18.842163084424,2698,24,533
-66.138462793292,-18.6625000276,2726,36,488
-66.138462793292,-19.246404962278,2688,16,17
-66.138462793292,-19.605731075926,2667,20,1235
-66.452873142734,-21.043035530518,2699,10,625
-66.452873142734,-20.728625181076,2699,12,580
-69.147818995094,-19.515899547514,2701,22,450
-66.04863126488,-20.504046360046,2723,9,-191
-66.587620435352,-21.35744587996,2694,9,678
-65.419810565996,-20.773540945282,2748,13,-41
-66.587620435352,-18.707415791806,2702,39,1377
-66.318125850116,-19.740478368544,2671,19,1235
-65.285063273378,-19.605731075926,2730,29,189
-65.82405244385,-21.492193172578,2716,6,741
-68.788492881446,-20.773540945282,2686,28,-163
-67.39610419106,-20.189636010604,2668,6,-716
-67.485935719472,-18.572668499188,2695,31,747
-68.653745588828,-20.728625181076,2705,21,-575
-66.407957378528,-20.369299067428,2689,16,713
-66.677451963764,-20.324383303222,2694,17,879
-66.857115020588,-20.998119766312,2680,8,-99
-65.779136679644,-19.021826141248,2707,39,1108
-64.92573715973,-20.45913059584,2735,51,760
-66.857115020588,-19.11165766966,2744,28,1619
-69.41731358033,-19.156573433866,2745,16,327
-65.82405244385,-20.099804482192,2695,17,540
-66.138462793292,-20.189636010604,2693,13,767
-66.27321008591,-20.324383303222,2699,12,598
-69.147818995094,-19.246404962278,2700,29,577
-67.665598776296,-20.863372473694,2684,9,-513
-65.913883972262,-20.324383303222,2685,16,935
-68.608829824622,-21.177782823136,2632,44,103
-66.542704671146,-20.593877888458,2714,11,98
-66.138462793292,-18.842163084424,2725,22,109
-68.96815593827,-20.144720246398,2684,25,-90
-67.890177597326,-19.066741905454,2685,16,172
-68.474082532004,-18.707415791806,2697,18,220
-67.39610419106,-21.043035530518,2667,6,-408
-67.935093361532,-21.13286705893,2697,11,-696
-68.74357711724,-20.593877888458,2694,23,-435
-68.024924889944,-20.593877888458,2693,10,-577
-65.82405244385,-21.13286705893,2702,10,864
-67.036778077412,-19.11165766966,2733,22,750
-67.306272662648,-18.842163084424,2701,25,581
-68.608829824622,-20.548962124252,2695,24,-513
-67.890177597326,-21.222698587342,2691,11,-563
-66.27321008591,-20.369299067428,2692,12,656
-68.06984065415,-20.953204002106,2657,22,223
-66.677451963764,-20.773540945282,2701,7,-170
-69.013071702476,-20.45913059584,2709,21,-327
-67.980009125738,-19.56081531172,2690,11,42
-67.351188426854,-19.291320726484,2680,21,555
-66.812199256382,-20.863372473694,2688,8,-273
-65.59947362282,-19.920141425368,2724,23,59
-68.51899829621,-20.9082882379,2671,33,-36
-68.923240174064,-21.267614351548,2741,20,-385
-68.833408645652,-18.976910377042,2674,30,553
-65.060484452348,-19.830309896956,2728,25,306
-66.49778890694,-20.548962124252,2716,13,274
-66.407957378528,-19.695562604338,2680,20,1597
-65.958799736468,-19.156573433866,2704,19,529
-67.530851483678,-21.492193172578,2650,10,180
-66.542704671146,-21.492193172578,2692,10,1002
-67.036778077412,-20.548962124252,2683,7,-440
-67.17152537003,-20.054888717986,2686,11,-308
-68.114756418356,-21.492193172578,2631,33,532
-67.935093361532,-18.842163084424,2683,21,502
-68.653745588828,-18.976910377042,2699,22,51
-66.49778890694,-18.842163084424,2680,36,1434
-68.788492881446,-19.740478368544,2640,29,353
-65.509642094408,-20.00997295378,2733,18,-251
-68.96815593827,-18.6625000276,2695,24,86
-68.249503710974,-18.976910377042,2694,15,95
-68.653745588828,-19.830309896956,2690,26,-36
-66.587620435352,-18.617584263394,2688,43,1448
-66.542704671146,-19.830309896956,2656,29,2548
-68.204587946768,-20.324383303222,2683,11,-693
-67.17152537003,-19.830309896956,2690,18,245
-66.812199256382,-20.728625181076,2693,8,-335
-68.06984065415,-20.953204002106,2657,22,223
-67.665598776296,-21.402361644166,2676,10,-339
-67.710514540502,-21.13286705893,2676,10,-281
-68.474082532004,-19.605731075926,2679,21,59
-65.37489480179,-20.548962124252,2751,18,579
-68.29441947518,-19.650646840132,2700,14,-354
-68.563914060416,-20.45913059584,2697,17,-681
-67.081693841618,-21.447277408372,2662,7,-7
-69.057987466682,-20.099804482192,2692,20,-80
-67.84526183312,-20.23455177481,2667,8,-691
-65.82405244385,-19.246404962278,2711,20,568
-65.82405244385,-21.492193172578,2716,6,741
-68.878324409858,-20.279467539016,2714,19,-557
-66.228294321704,-19.33623649069,2679,19,978
-67.710514540502,-19.650646840132,2701,13,214
-68.339335239386,-18.707415791806,2693,19,262
-69.327482051918,-18.707415791806,2695,27,530
-67.62068301209,-19.11165766966,2688,20,572
-66.228294321704,-18.842163084424,2700,26,769
-67.935093361532,-19.965057189574,2688,8,-760
-67.710514540502,-20.953204002106,2687,8,-641
-65.913883972262,-21.312530115754,2723,6,78
-66.902030784794,-21.177782823136,2675,8,-15
-68.159672182562,-19.201489198072,2704,10,-470
-66.183378557498,-19.201489198072,2695,15,-93
-66.991862313206,-19.201489198072,2716,20,766
-67.755430304708,-19.875225661162,2699,13,-205
-68.249503710974,-20.189636010604,2674,17,-564
-67.935093361532,-19.381152254896,2703,12,-93
-65.105400216554,-19.56081531172,2739,30,562
-66.228294321704,-21.222698587342,2685,7,778
-68.114756418356,-19.515899547514,2706,11,-390
-69.41731358033,-18.752331556012,2701,24,568
-67.575767247884,-19.156573433866,2687,19,483
-68.653745588828,-21.492193172578,2702,20,-623
-65.509642094408,-19.156573433866,2722,37,617
-69.102903230888,-19.650646840132,2703,21,285
-67.575767247884,-18.752331556012,2683,28,1208
-69.013071702476,-20.818456709488,2756,15,-358
-68.429166767798,-18.707415791806,2695,19,244
-66.49778890694,-20.504046360046,2706,14,455
-67.081693841618,-21.087951294724,2667,7,34
-68.96815593827,-19.605731075926,2674,27,294
-69.282566287712,-19.246404962278,2706,24,603
-65.419810565996,-21.716771993608,2729,14,188
-67.39610419106,-20.279467539016,2666,6,-730
-69.237650523506,-18.572668499188,2686,28,208
-67.216441134236,-20.414214831634,2668,6,-710
-68.788492881446,-20.504046360046,2681,26,-288
-66.677451963764,-19.56081531172,2689,32,2472
-66.632536199558,-21.312530115754,2693,10,628
-66.407957378528,-18.976910377042,2674,42,1800
-68.563914060416,-21.537108936784,2659,35,-51
-66.363041614322,-19.33623649069,2672,21,1318
-67.036778077412,-21.447277408372,2665,8,77
-65.779136679644,-19.56081531172,2704,18,-55
-66.228294321704,-20.728625181076,2692,12,498
-65.195231744966,-20.324383303222,2739,27,1046
-66.003715500674,-19.156573433866,2692,21,673
-67.710514540502,-19.965057189574,2691,10,-546
-66.991862313206,-20.099804482192,2707,15,315
-66.04863126488,-20.953204002106,2681,10,474
-66.49778890694,-20.45913059584,2711,13,367
-64.835905631318,-20.504046360046,2728,58,762
-67.306272662648,-20.548962124252,2667,7,-679
-68.024924889944,-19.650646840132,2678,15,387
-65.15031598076,-19.515899547514,2737,27,233
-67.126609605824,-19.650646840132,2688,22,436
-65.509642094408,-21.447277408372,2700,19,973
-67.261356898442,-21.13286705893,2657,7,187
-66.767283492176,-19.650646840132,2703,22,1305
-68.74357711724,-19.156573433866,2680,32,363
-68.698661353034,-20.054888717986,2687,30,65
-67.126609605824,-18.707415791806,2720,27,752
-66.452873142734,-19.246404962278,2680,24,1515
-66.003715500674,-20.414214831634,2702,14,784
-65.105400216554,-20.144720246398,2752,22,349
-65.958799736468,-19.875225661162,2671,19,845
-68.96815593827,-18.88707884863,2692,23,77
-66.542704671146,-21.447277408372,2694,10,896
-65.285063273378,-19.605731075926,2730,29,189
-68.204587946768,-18.976910377042,2691,14,73
-69.1927347593,-19.381152254896,2710,23,504
-66.902030784794,-19.740478368544,2692,21,886
-67.84526183312,-20.953204002106,2687,10,-631
-69.013071702476,-20.818456709488,2756,15,-358
-67.800346068914,-21.087951294724,2683,12,-177
-66.183378557498,-20.818456709488,2711,9,188
-66.632536199558,-19.066741905454,2714,40,2518
-68.608829824622,-18.6625000276,2696,19,193
-67.530851483678,-19.605731075926,2697,14,97
-64.835905631318,-20.054888717986,2709,43,1003
-68.384251003592,-20.414214831634,2658,29,-110
-67.84526183312,-18.6625000276,2690,26,705
-66.587620435352,-20.324383303222,2697,14,750
-66.542704671146,-20.054888717986,2698,14,622
-65.37489480179,-19.650646840132,2731,27,-134
-69.102903230888,-20.23455177481,2736,16,-251
-68.024924889944,-20.998119766312,2646,22,271
-68.788492881446,-19.920141425368,2701,23,-223
-68.833408645652,-19.33623649069,2702,23,-201
-65.59947362282,-19.78539413275,2675,34,536
-68.878324409858,-19.515899547514,2683,25,88
-67.890177597326,-20.279467539016,2666,8,-675
-67.755430304708,-20.548962124252,2676,9,-714
-69.013071702476,-19.875225661162,2721,23,136
-68.653745588828,-20.324383303222,2668,31,-80
-65.689305151232,-18.976910377042,2735,35,837
-66.138462793292,-20.818456709488,2699,11,574
-65.554557858614,-19.695562604338,2711,29,266
-66.363041614322,-21.222698587342,2677,11,1142
-66.542704671146,-20.998119766312,2699,10,486
-68.474082532004,-20.818456709488,2691,21,-514
-66.991862313206,-20.863372473694,2675,8,-209
-66.407957378528,-20.00997295378,2685,15,656
-66.138462793292,-21.087951294724,2691,7,559
-67.575767247884,-18.752331556012,2683,28,1208
-66.542704671146,-20.818456709488,2707,8,-20
-66.857115020588,-18.88707884863,2758,33,1547
-68.249503710974,-20.728625181076,2668,25,-30
-67.351188426854,-19.965057189574,2680,10,-358
-67.351188426854,-20.548962124252,2668,7,-671
-69.013071702476,-20.728625181076,2746,16,-364
-67.62068301209,-19.875225661162,2674,15,404
-66.542704671146,-21.312530115754,2693,10,776
-68.114756418356,-19.830309896956,2698,11,-491
-67.800346068914,-18.752331556012,2689,23,578
-66.857115020588,-19.246404962278,2715,24,1430
-66.542704671146,-21.087951294724,2695,10,594
-67.980009125738,-18.797247320218,2683,22,531
-67.710514540502,-20.818456709488,2684,10,-429
-66.138462793292,-19.021826141248,2694,21,493
-67.800346068914,-21.13286705893,2684,13,-179
-68.878324409858,-18.617584263394,2699,21,-207
-66.946946549,-20.45913059584,2694,8,-283
-67.261356898442,-19.066741905454,2692,25,700
-67.980009125738,-21.087951294724,2698,13,-737
-68.339335239386,-20.504046360046,2675,22,-329
-68.878324409858,-21.35744587996,2717,24,-330
-66.04863126488,-20.23455177481,2701,11,259
-65.554557858614,-19.426068019102,2694,38,480
-66.677451963764,-19.470983783308,2694,35,2640
-69.282566287712,-18.617584263394,2672,30,502
-68.114756418356,-20.818456709488,2691,15,-342
-66.138462793292,-19.875225661162,2690,13,249
-67.351188426854,-20.818456709488,2673,7,-480
-67.800346068914,-20.773540945282,2669,13,-111
-66.228294321704,-20.548962124252,2712,10,402
-66.363041614322,-18.797247320218,2693,28,829
-68.653745588828,-18.976910377042,2699,22,51
-68.96815593827,-20.998119766312,2757,17,-343
-65.644389387026,-19.426068019102,2695,28,85
-66.677451963764,-20.818456709488,2697,8,-61
-65.779136679644,-18.797247320218,2724,37,1140
-65.734220915438,-20.189636010604,2729,14,401
-66.632536199558,-18.842163084424,2728,39,1524
-67.306272662648,-19.066741905454,2692,22,457
-65.060484452348,-20.369299067428,2756,31,556
-68.653745588828,-20.9082882379,2684,29,-256
-68.024924889944,-19.021826141248,2683,14,132
-67.530851483678,-19.021826141248,2689,24,722
-68.114756418356,-19.830309896956,2698,11,-491
-66.228294321704,-19.470983783308,2661,23,1466
-66.632536199558,-18.617584263394,2696,43,1465
-68.833408645652,-21.537108936784,2686,21,-484
-66.72236772797,-19.920141425368,2706,28,2156
-66.318125850116,-20.144720246398,2703,12,95
-65.015568688142,-20.144720246398,2754,34,856
-66.72236772797,-20.369299067428,2680,19,980
-65.82405244385,-19.56081531172,2714,14,-349
-68.384251003592,-19.11165766966,2691,22,657
-66.27321008591,-18.6625000276,2726,25,203
-67.530851483678,-19.920141425368,2686,10,-260
-66.003715500674,-21.222698587342,2698,6,183
-69.327482051918,-18.617584263394,2664,30,677
-68.563914060416,-20.099804482192,2691,24,-212
-68.06984065415,-19.066741905454,2687,13,-9
-66.318125850116,-19.78539413275,2686,15,600
-66.003715500674,-20.45913059584,2691,15,825
-67.351188426854,-20.414214831634,2665,6,-703
-64.880821395524,-20.593877888458,2740,52,577
-65.734220915438,-18.976910377042,2719,37,1108
-66.183378557498,-20.45913059584,2711,10,162
-67.84526183312,-19.875225661162,2701,10,-533
-67.575767247884,-18.976910377042,2687,25,925
-68.339335239386,-20.68370941687,2677,25,-276
-67.39610419106,-19.11165766966,2685,23,875
-67.126609605824,-18.617584263394,2716,29,783
-67.485935719472,-18.842163084424,2695,27,1022
-65.195231744966,-20.414214831634,2743,26,980
-67.036778077412,-21.35744587996,2666,7,90
-68.51899829621,-19.740478368544,2697,17,-305
-68.608829824622,-20.279467539016,2690,27,-300
-65.195231744966,-19.740478368544,2733,35,345
-68.788492881446,-19.246404962278,2709,23,-301
-64.880821395524,-19.965057189574,2742,34,820
-66.093547029086,-19.381152254896,2694,14,363
-68.384251003592,-20.9082882379,2664,31,19
-67.800346068914,-19.426068019102,2710,12,-94
-68.788492881446,-21.177782823136,2684,36,-41
-66.991862313206,-18.88707884863,2753,25,900
-68.159672182562,-21.13286705893,2698,17,-667
-68.429166767798,-19.246404962278,2715,17,-415
-66.812199256382,-19.021826141248,2759,34,1921
-68.96815593827,-20.68370941687,2716,21,-235
-68.204587946768,-20.189636010604,2679,11,-734
-65.644389387026,-19.291320726484,2710,34,577
-69.372397816124,-18.88707884863,2695,25,693
-64.92573715973,-20.504046360046,2728,50,664
-68.788492881446,-18.752331556012,2688,21,209
-68.474082532004,-18.842163084424,2702,16,25
-68.429166767798,-18.842163084424,2700,16,19
-66.452873142734,-21.222698587342,2685,12,1286
-66.003715500674,-18.976910377042,2706,28,554
-65.060484452348,-19.830309896956,2728,25,306
-67.980009125738,-19.78539413275,2703,11,-281
-66.138462793292,-21.043035530518,2687,7,437
-67.39610419106,-19.920141425368,2682,10,-288
-67.84526183312,-20.504046360046,2678,8,-681
-66.857115020588,-19.066741905454,2754,30,1659
-67.126609605824,-20.728625181076,2676,7,-451
-66.812199256382,-19.515899547514,2697,28,1772
-68.339335239386,-18.976910377042,2699,15,-5
-69.462229344536,-19.11165766966,2736,14,272
-66.093547029086,-20.054888717986,2702,11,45
-66.27321008591,-19.33623649069,2676,20,1076
-65.82405244385,-20.054888717986,2692,20,588
-67.575767247884,-20.593877888458,2674,7,-560
-65.82405244385,-18.797247320218,2722,34,1092
-66.003715500674,-20.998119766312,2697,8,394
-68.429166767798,-20.863372473694,2689,23,-416
-65.105400216554,-19.470983783308,2749,22,235
-68.563914060416,-21.177782823136,2643,46,155
-65.734220915438,-20.68370941687,2724,13,590
-65.913883972262,-21.177782823136,2686,9,885
-66.183378557498,-18.976910377042,2696,23,671
-66.452873142734,-19.740478368544,2666,22,2148
-66.946946549,-18.88707884863,2757,25,934
-66.72236772797,-19.11165766966,2733,38,2228
-64.970652923936,-19.78539413275,2749,22,148
-66.946946549,-21.267614351548,2673,8,13
-66.183378557498,-18.797247320218,2719,25,480
-66.632536199558,-20.45913059584,2704,13,389
-68.339335239386,-20.68370941687,2677,25,-276
-66.812199256382,-20.504046360046,2701,11,-6
-65.644389387026,-19.920141425368,2722,20,-52
-68.878324409858,-20.953204002106,2713,28,-126
-65.868968208056,-19.201489198072,2713,19,428
-66.27321008591,-20.144720246398,2690,14,594
-67.890177597326,-19.291320726484,2700,13,-17
-67.351188426854,-18.752331556012,2702,26,540
-67.800346068914,-20.144720246398,2673,8,-727
-65.554557858614,-19.33623649069,2706,39,619
-68.06984065415,-18.752331556012,2685,20,350
-67.441019955266,-21.447277408372,2655,8,49
-68.563914060416,-21.087951294724,2689,33,-286
-65.82405244385,-20.00997295378,2676,22,914
-67.126609605824,-20.638793652664,2676,7,-519
-67.710514540502,-20.998119766312,2687,8,-669
-66.407957378528,-20.414214831634,2689,17,751
-68.339335239386,-20.369299067428,2676,20,-442
-67.575767247884,-19.11165766966,2687,20,579
-65.015568688142,-19.740478368544,2738,26,461
-66.093547029086,-18.88707884863,2719,23,147
-67.306272662648,-21.087951294724,2658,6,-35
-66.452873142734,-19.965057189574,2688,18,1040
-69.1927347593,-18.617584263394,2693,27,131
-65.240147509172,-20.369299067428,2711,27,1225
-66.991862313206,-19.381152254896,2694,21,843
-68.788492881446,-20.23455177481,2709,27,-297
-67.485935719472,-19.33623649069,2685,18,381
-67.126609605824,-18.752331556012,2722,26,722
-68.563914060416,-20.144720246398,2676,28,-69
-67.530851483678,-20.504046360046,2671,6,-699
-68.339335239386,-20.414214831634,2679,21,-391
-65.419810565996,-21.087951294724,2703,25,1021
-66.183378557498,-19.246404962278,2694,16,136
-69.462229344536,-18.931994612836,2738,17,406
-65.509642094408,-19.740478368544,2729,27,60
-66.72236772797,-18.88707884863,2742,47,2386
-68.159672182562,-20.773540945282,2670,21,-13
-66.407957378528,-21.402361644166,2688,8,764
-67.710514540502,-20.9082882379,2668,11,-288
-67.755430304708,-21.312530115754,2675,11,-312
-66.587620435352,-20.144720246398,2686,16,1172
-66.857115020588,-19.920141425368,2707,22,1227
-68.429166767798,-21.312530115754,2665,34,-108
-69.057987466682,-20.054888717986,2719,21,-29
-66.138462793292,-19.426068019102,2693,14,484
-67.710514540502,-19.605731075926,2695,16,401
-68.024924889944,-21.043035530518,2682,20,-237
-67.980009125738,-20.369299067428,2671,10,-684
-65.015568688142,-19.740478368544,2738,26,461
-68.563914060416,-20.998119766312,2687,28,-343
-68.474082532004,-21.447277408372,2683,29,-234
-65.554557858614,-18.797247320218,2761,32,623
-69.013071702476,-18.88707884863,2694,27,210
-67.39610419106,-21.402361644166,2657,7,-48
-68.339335239386,-19.740478368544,2698,14,-416
-68.833408645652,-18.976910377042,2674,30,553
-66.138462793292,-21.267614351548,2691,6,572
-68.788492881446,-19.156573433866,2672,34,523
-68.204587946768,-19.291320726484,2710,12,-352
-65.240147509172,-19.605731075926,2740,34,299
-68.204587946768,-20.998119766312,2686,20,-438
-68.96815593827,-20.818456709488,2708,21,-231
-67.575767247884,-20.45913059584,2670,7,-691
-69.237650523506,-18.572668499188,2686,28,208
-68.159672182562,-20.953204002106,2669,25,27
-66.632536199558,-21.312530115754,2693,10,628
-66.677451963764,-21.13286705893,2692,8,235
-67.755430304708,-20.324383303222,2667,8,-727
-65.37489480179,-19.875225661162,2737,25,45
-65.868968208056,-18.752331556012,2740,32,780
-66.587620435352,-18.88707884863,2711,34,1550
-66.49778890694,-18.707415791806,2705,31,848
-68.51899829621,-20.953204002106,2662,33,-82
-69.147818995094,-18.707415791806,2691,26,182
-68.474082532004,-21.312530115754,2640,36,-80
-68.06984065415,-20.548962124252,2694,10,-705
-68.788492881446,-21.312530115754,2686,30,-230
-67.351188426854,-19.33623649069,2681,19,413
-68.563914060416,-19.381152254896,2708,19,-346
-65.464726330202,-19.381152254896,2730,33,349
-67.17152537003,-20.638793652664,2674,7,-540
-68.788492881446,-19.246404962278,2709,23,-301
-65.285063273378,-20.279467539016,2757,27,929
-65.913883972262,-20.773540945282,2739,9,291
-69.41731358033,-18.976910377042,2724,21,526
-65.59947362282,-19.920141425368,2724,23,59
-66.677451963764,-19.920141425368,2697,27,2097
-65.958799736468,-20.953204002106,2684,11,809
-66.093547029086,-20.953204002106,2691,8,219
-66.587620435352,-19.830309896956,2680,31,2454
-69.327482051918,-19.021826141248,2725,22,261
-68.563914060416,-18.88707884863,2682,22,570
-68.29441947518,-20.23455177481,2667,23,-290
-66.632536199558,-20.863372473694,2695,9,287
-66.093547029086,-19.740478368544,2674,20,940
-68.74357711724,-19.33623649069,2706,22,-228
-68.563914060416,-21.492193172578,2688,32,-227
-68.384251003592,-19.515899547514,2703,14,-444
-66.946946549,-20.144720246398,2708,18,591
-66.27321008591,-21.447277408372,2667,8,1228
-64.92573715973,-20.369299067428,2736,46,618
-67.665598776296,-19.740478368544,2706,13,63
-68.024924889944,-19.470983783308,2706,11,-267
-65.554557858614,-20.00997295378,2735,17,-251
-67.036778077412,-20.189636010604,2700,11,-212
-65.868968208056,-21.312530115754,2709,7,515
-67.485935719472,-19.830309896956,2690,12,-65
-69.372397816124,-19.021826141248,2719,24,515
-66.946946549,-18.88707884863,2757,25,934
-68.204587946768,-20.054888717986,2684,11,-729
-67.306272662648,-20.279467539016,2665,6,-749
-68.249503710974,-20.279467539016,2683,13,-767
-68.788492881446,-19.156573433866,2672,34,523
-66.318125850116,-20.638793652664,2704,11,422
-67.665598776296,-19.11165766966,2690,19,415
-66.318125850116,-19.201489198072,2682,20,755
-66.677451963764,-20.00997295378,2676,26,2441
-67.261356898442,-20.45913059584,2666,6,-719
-68.608829824622,-20.099804482192,2694,27,-198
-66.138462793292,-19.11165766966,2676,23,678
-67.665598776296,-19.515899547514,2691,16,744
-64.92573715973,-19.875225661162,2764,19,-123
-68.878324409858,-21.402361644166,2703,23,-364
-66.183378557498,-20.638793652664,2682,13,867
-67.890177597326,-21.402361644166,2658,19,83
-66.812199256382,-18.752331556012,2730,42,1714
-68.698661353034,-20.414214831634,2702,21,-589
-66.363041614322,-20.953204002106,2694,9,423
-65.329979037584,-21.492193172578,2713,23,842
-66.587620435352,-19.78539413275,2690,33,2648
-65.913883972262,-20.548962124252,2720,11,319
-67.84526183312,-20.728625181076,2688,11,-410
-68.653745588828,-21.402361644166,2701,23,-583
-68.384251003592,-19.965057189574,2657,26,163
-67.261356898442,-18.707415791806,2706,27,596
-67.755430304708,-21.267614351548,2676,10,-449
-67.306272662648,-20.45913059584,2665,6,-719
-65.419810565996,-20.773540945282,2748,13,-41
-67.351188426854,-19.830309896956,2687,13,-34
-69.013071702476,-20.45913059584,2709,21,-327
-68.204587946768,-20.773540945282,2667,24,11
-66.04863126488,-19.291320726484,2670,17,228
-67.306272662648,-20.144720246398,2670,8,-601
-66.138462793292,-19.246404962278,2688,16,17
-67.306272662648,-19.830309896956,2687,14,-47
-65.37489480179,-19.830309896956,2734,24,-41
-66.27321008591,-19.291320726484,2668,21,1079
-66.138462793292,-20.189636010604,2693,13,767
-65.689305151232,-19.875225661162,2706,21,-67
-68.878324409858,-21.492193172578,2704,21,-459
-68.788492881446,-20.998119766312,2688,38,21
-66.49778890694,-20.099804482192,2698,13,633
-68.608829824622,-19.381152254896,2710,18,-450
-67.980009125738,-18.797247320218,2683,22,531
-67.530851483678,-20.773540945282,2677,8,-532
-68.563914060416,-19.78539413275,2696,22,-171
-67.351188426854,-19.965057189574,2680,10,-358
-66.138462793292,-19.78539413275,2682,17,559
-67.17152537003,-19.381152254896,2682,23,892
-67.441019955266,-20.324383303222,2667,6,-731
-68.339335239386,-18.707415791806,2693,19,262
-69.147818995094,-19.830309896956,2741,15,9
-67.755430304708,-20.054888717986,2683,8,-735
-66.677451963764,-20.818456709488,2697,8,-61
-66.093547029086,-20.68370941687,2711,9,205
-66.093547029086,-21.043035530518,2693,7,405
-66.318125850116,-19.021826141248,2659,37,1507
-67.485935719472,-18.88707884863,2693,27,1102
-68.204587946768,-18.617584263394,2689,26,579
-68.474082532004,-21.402361644166,2660,34,-91
-65.689305151232,-19.605731075926,2665,31,518
-68.608829824622,-18.572668499188,2693,21,107
-65.82405244385,-19.650646840132,2690,19,444
-66.49778890694,-18.797247320218,2682,36,1397
-68.06984065415,-20.863372473694,2682,16,-156
-68.29441947518,-19.56081531172,2703,13,-434
-67.081693841618,-18.88707884863,2739,24,788
-68.159672182562,-20.9082882379,2678,22,-97
-66.72236772797,-20.23455177481,2691,22,1214
-68.474082532004,-18.527752734982,2691,25,432
-68.06984065415,-20.324383303222,2674,9,-711
-65.734220915438,-19.695562604338,2681,30,391
-66.812199256382,-19.201489198072,2724,28,1743
-68.51899829621,-18.752331556012,2699,18,160
-65.509642094408,-18.707415791806,2754,31,674
-67.036778077412,-19.381152254896,2692,20,581
-64.880821395524,-20.189636010604,2719,44,578
-66.228294321704,-21.35744587996,2687,7,804
-69.1927347593,-19.740478368544,2739,12,-30
-67.39610419106,-19.920141425368,2682,10,-288
-67.216441134236,-20.548962124252,2669,7,-668
-65.195231744966,-20.099804482192,2736,26,669
-66.228294321704,-20.68370941687,2693,12,545
-67.710514540502,-19.78539413275,2704,14,1
-68.429166767798,-20.548962124252,2688,19,-606
-66.003715500674,-21.267614351548,2692,6,465
-67.261356898442,-20.548962124252,2668,7,-691
-65.329979037584,-21.447277408372,2712,23,865
-66.04863126488,-18.797247320218,2720,36,530
-66.946946549,-19.78539413275,2693,20,747
-66.542704671146,-19.291320726484,2674,31,2226
-67.261356898442,-20.863372473694,2671,6,-359
-67.755430304708,-20.324383303222,2667,8,-727
-65.82405244385,-19.695562604338,2683,22,390
-65.868968208056,-19.470983783308,2693,16,571
-65.958799736468,-18.797247320218,2714,40,1147
-67.17152537003,-19.920141425368,2690,15,12
-67.216441134236,-20.099804482192,2678,10,-432
-66.767283492176,-19.830309896956,2708,23,1534
-69.057987466682,-19.605731075926,2679,25,376
-66.452873142734,-20.728625181076,2699,12,580
-67.800346068914,-20.863372473694,2678,13,-272
-67.935093361532,-20.45913059584,2677,10,-660
-65.644389387026,-21.267614351548,2713,13,958
-68.429166767798,-21.087951294724,2666,32,-87
-66.587620435352,-20.45913059584,2710,11,221
-66.946946549,-19.246404962278,2709,20,915
-69.1927347593,-18.617584263394,2693,27,131
-68.878324409858,-19.740478368544,2677,31,356
-68.96815593827,-19.830309896956,2698,27,258
-66.228294321704,-20.504046360046,2715,10,326
-67.39610419106,-18.6625000276,2700,27,582
-69.552060872948,-18.752331556012,2735,14,271
-66.677451963764,-21.087951294724,2693,8,111
-68.384251003592,-19.515899547514,2703,14,-444
-66.677451963764,-21.177782823136,2689,9,497
-68.923240174064,-20.00997295378,2703,22,-173
-65.464726330202,-21.312530115754,2697,21,1075
-66.138462793292,-19.156573433866,2690,20,268
-67.036778077412,-21.043035530518,2669,8,-73
-66.228294321704,-20.593877888458,2701,11,614
-69.013071702476,-18.797247320218,2689,27,273
-67.081693841618,-20.23455177481,2692,9,-441
-65.329979037584,-20.863372473694,2727,21,473
-67.800346068914,-18.797247320218,2688,22,522
-66.857115020588,-19.56081531172,2696,22,1003
-67.081693841618,-18.931994612836,2742,24,746
-68.159672182562,-18.797247320218,2687,16,284
-66.49778890694,-18.707415791806,2705,31,848
-67.036778077412,-19.875225661162,2695,22,784
-68.204587946768,-20.593877888458,2700,12,-665
-66.318125850116,-21.492193172578,2672,7,940
-66.363041614322,-19.246404962278,2685,19,784
-66.138462793292,-20.414214831634,2701,11,175
-68.339335239386,-21.043035530518,2689,23,-389
-69.013071702476,-20.45913059584,2709,21,-327
-68.06984065415,-19.830309896956,2700,11,-518
-67.39610419106,-19.470983783308,2685,19,448
-68.51899829621,-18.88707884863,2704,18,211
-65.554557858614,-18.976910377042,2762,33,252
-67.755430304708,-19.605731075926,2706,14,126
-66.228294321704,-21.312530115754,2686,7,900
-68.339335239386,-20.638793652664,2663,23,-187
-67.216441134236,-18.797247320218,2711,25,568
-67.980009125738,-21.312530115754,2647,22,110
-66.72236772797,-20.279467539016,2689,21,1084
-68.923240174064,-19.56081531172,2678,26,175
-64.790989867112,-20.189636010604,2723,50,754
-68.96815593827,-18.572668499188,2698,25,-21
-66.857115020588,-20.818456709488,2687,8,-328
-67.575767247884,-18.617584263394,2692,29,862
-65.015568688142,-20.773540945282,2747,32,318
-67.710514540502,-19.381152254896,2705,13,3
-68.563914060416,-21.222698587342,2627,47,169
-68.204587946768,-18.6625000276,2688,23,466
-67.980009125738,-19.11165766966,2687,13,68
-64.790989867112,-19.965057189574,2738,35,655
-65.913883972262,-20.00997295378,2685,18,555
-67.755430304708,-21.177782823136,2676,13,-76
-68.249503710974,-20.638793652664,2660,24,46
-68.114756418356,-20.00997295378,2683,9,-772
-68.563914060416,-19.965057189574,2700,20,-304
-66.542704671146,-18.797247320218,2676,39,1602
-68.024924889944,-18.527752734982,2692,29,708
-69.237650523506,-19.246404962278,2712,26,548
-67.530851483678,-19.56081531172,2697,14,100
-68.159672182562,-19.78539413275,2693,14,-163
-68.29441947518,-21.35744587996,2708,21,-624
-68.429166767798,-21.043035530518,2672,31,-135
-67.485935719472,-19.740478368544,2695,12,-94
-65.689305151232,-18.752331556012,2723,40,1134
-68.06984065415,-20.099804482192,2676,9,-754
-65.59947362282,-19.066741905454,2747,36,386
-67.126609605824,-20.68370941687,2676,7,-475
-66.318125850116,-21.35744587996,2677,9,881
-68.923240174064,-20.189636010604,2697,23,-269
-65.015568688142,-19.740478368544,2738,26,461
-67.351188426854,-19.156573433866,2683,24,940
-66.318125850116,-20.638793652664,2704,11,422
-66.363041614322,-20.773540945282,2709,10,172
-66.587620435352,-19.875225661162,2680,28,2181
-68.204587946768,-19.426068019102,2706,12,-413
-69.372397816124,-18.527752734982,2681,36,878
-65.734220915438,-19.021826141248,2723,37,1013
-67.665598776296,-20.324383303222,2667,7,-750
-67.980009125738,-18.6625000276,2686,26,753
-66.04863126488,-19.875225661162,2682,18,680
-67.800346068914,-20.189636010604,2670,8,-705
-66.04863126488,-20.00997295378,2700,16,380
-68.06984065415,-20.00997295378,2682,9,-780
-67.84526183312,-18.842163084424,2686,21,496
-66.991862313206,-20.369299067428,2696,9,-291
-66.49778890694,-19.965057189574,2678,19,1207
-66.677451963764,-18.976910377042,2709,49,3198
-68.788492881446,-19.875225661162,2700,23,-173
-67.17152537003,-19.920141425368,2690,15,12
-66.991862313206,-19.066741905454,2749,22,851
-67.216441134236,-19.650646840132,2687,21,312
-68.51899829621,-20.369299067428,2699,18,-699
-67.17152537003,-18.842163084424,2718,24,612
-67.036778077412,-20.054888717986,2702,15,278
-66.093547029086,-19.066741905454,2684,24,822
-66.318125850116,-21.087951294724,2684,8,638
-66.093547029086,-19.291320726484,2698,13,-294
-64.835905631318,-20.189636010604,2716,44,574
-66.991862313206,-20.593877888458,2685,7,-431
-67.351188426854,-19.201489198072,2679,24,1013
-68.788492881446,-21.312530115754,2686,30,-230
-65.37489480179,-21.671856229402,2722,20,763
-66.318125850116,-18.842163084424,2674,34,1238
-67.036778077412,-18.842163084424,2744,25,853
-68.339335239386,-21.267614351548,2700,24,-501
-68.29441947518,-21.267614351548,2704,21,-676
-67.126609605824,-18.797247320218,2724,25,697
-67.530851483678,-20.45913059584,2670,6,-709
-66.632536199558,-21.222698587342,2692,10,685
-66.04863126488,-19.066741905454,2698,22,623
-67.575767247884,-20.144720246398,2673,7,-717
-68.563914060416,-18.6625000276,2696,19,173
-65.82405244385,-21.043035530518,2722,9,623
-67.575767247884,-20.504046360046,2671,7,-672
-67.036778077412,-19.830309896956,2693,22,631
-66.946946549,-21.402361644166,2674,9,254
-66.093547029086,-21.312530115754,2691,6,676
-66.452873142734,-19.470983783308,2662,25,2012
-68.429166767798,-20.279467539016,2697,18,-675
-67.890177597326,-21.087951294724,2667,15,-100
-69.552060872948,-18.6625000276,2732,16,422
-68.608829824622,-18.842163084424,2702,19,152
-67.755430304708,-19.830309896956,2693,15,44
-65.779136679644,-21.222698587342,2734,7,-5
-66.003715500674,-20.68370941687,2700,14,818
-67.485935719472,-19.920141425368,2684,10,-266
-66.27321008591,-20.054888717986,2691,16,1058
-68.474082532004,-20.324383303222,2699,18,-704
-68.429166767798,-20.593877888458,2660,27,-94
-67.710514540502,-21.35744587996,2678,10,-436
-67.39610419106,-19.201489198072,2680,24,875
-69.507145108742,-18.617584263394,2733,19,341
-69.372397816124,-18.617584263394,2683,29,705
-67.980009125738,-18.617584263394,2688,26,702
-66.946946549,-20.099804482192,2709,18,627
-67.216441134236,-19.11165766966,2697,23,614
-68.51899829621,-20.414214831634,2697,18,-699
-67.935093361532,-19.605731075926,2705,11,17
-68.159672182562,-19.066741905454,2693,13,-77
-66.003715500674,-19.021826141248,2711,22,253
-66.04863126488,-19.830309896956,2692,15,204
-65.913883972262,-20.638793652664,2733,10,322
-65.82405244385,-19.875225661162,2698,17,135
-66.946946549,-20.504046360046,2692,8,-323
-66.27321008591,-20.054888717986,2691,16,1058
-66.857115020588,-19.291320726484,2710,24,1458
-68.653745588828,-21.043035530518,2667,36,-44
-66.587620435352,-21.35744587996,2694,9,678
-66.857115020588,-19.426068019102,2699,25,1495
-66.183378557498,-18.617584263394,2718,36,543
-68.474082532004,-19.246404962278,2716,18,-423
-65.419810565996,-21.177782823136,2696,25,1070
-66.991862313206,-20.054888717986,2703,17,533
-68.114756418356,-19.605731075926,2706,10,-418
-67.036778077412,-19.650646840132,2677,25,1177
-69.013071702476,-20.593877888458,2727,18,-366
-64.880821395524,-20.099804482192,2716,56,1527
-67.84526183312,-19.650646840132,2709,12,-56
-69.1927347593,-18.976910377042,2696,32,678
-68.204587946768,-20.279467539016,2680,11,-717
-68.29441947518,-20.189636010604,2664,21,-289
-66.228294321704,-20.144720246398,2685,16,948
-68.96815593827,-20.504046360046,2709,23,-308
-66.183378557498,-20.504046360046,2719,9,28
-67.980009125738,-19.78539413275,2703,11,-281
-66.407957378528,-18.572668499188,2701,39,771
-67.216441134236,-18.931994612836,2707,27,987
-65.240147509172,-20.638793652664,2773,16,83
-67.935093361532,-21.492193172578,2596,23,407
-67.306272662648,-20.00997295378,2678,10,-419
-65.734220915438,-20.00997295378,2719,19,526
-67.575767247884,-21.35744587996,2669,10,-263
-65.689305151232,-19.56081531172,2676,29,549
-66.902030784794,-18.752331556012,2742,32,1145
-68.653745588828,-19.965057189574,2703,25,-109
-67.755430304708,-20.23455177481,2668,7,-719
-68.788492881446,-20.638793652664,2682,25,-245
-66.72236772797,-21.312530115754,2687,11,643
-68.474082532004,-19.875225661162,2699,17,-423
-67.081693841618,-21.222698587342,2667,7,-33
-67.935093361532,-18.752331556012,2684,24,725
-68.51899829621,-21.312530115754,2667,38,-155
-64.835905631318,-19.920141425368,2743,30,498
-68.339335239386,-20.189636010604,2685,18,-548
-65.779136679644,-20.054888717986,2682,22,946
-66.542704671146,-19.246404962278,2668,32,2263
-66.677451963764,-18.931994612836,2700,50,3313
-68.96815593827,-20.45913059584,2701,24,-287
-67.710514540502,-19.11165766966,2691,19,329
-69.282566287712,-18.527752734982,2686,30,354
-66.812199256382,-21.35744587996,2687,10,399
-66.587620435352,-19.021826141248,2716,33,1700
-67.306272662648,-19.33623649069,2679,21,523
-69.372397816124,-19.156573433866,2738,19,475
-68.653745588828,-21.312530115754,2691,29,-401
-67.665598776296,-21.177782823136,2669,10,-155
-68.384251003592,-19.965057189574,2657,26,163
-67.485935719472,-20.68370941687,2675,7,-600
-67.485935719472,-20.504046360046,2671,6,-718
-67.665598776296,-18.752331556012,2690,25,1006
-65.419810565996,-19.515899547514,2726,31,76
-67.62068301209,-21.492193172578,2664,11,46
-66.183378557498,-20.099804482192,2692,12,627
-68.159672182562,-20.593877888458,2696,12,-661
-66.138462793292,-19.875225661162,2690,13,249
-65.913883972262,-20.369299067428,2707,12,466
-65.554557858614,-19.246404962278,2739,30,213
-68.29441947518,-18.617584263394,2691,24,453
-69.102903230888,-20.144720246398,2730,16,-157
-68.74357711724,-19.021826141248,2698,23,32
-67.84526183312,-18.572668499188,2692,27,699
-67.935093361532,-19.650646840132,2710,11,-155
-68.29441947518,-19.426068019102,2707,13,-541
-66.857115020588,-18.88707884863,2758,33,1547
-66.812199256382,-21.087951294724,2680,9,218
-67.980009125738,-19.156573433866,2690,13,39
-65.82405244385,-19.650646840132,2690,19,444
-69.372397816124,-19.156573433866,2738,19,475
-65.419810565996,-21.267614351548,2720,22,889
-68.833408645652,-18.842163084424,2665,29,713
-67.261356898442,-19.56081531172,2684,19,263
-66.407957378528,-19.33623649069,2678,23,1495
-68.249503710974,-21.177782823136,2702,19,-696
-68.878324409858,-18.707415791806,2698,20,-95
-67.530851483678,-18.752331556012,2694,28,1089
-65.779136679644,-20.9082882379,2710,11,494
-68.06984065415,-20.23455177481,2670,9,-739
-67.17152537003,-20.324383303222,2674,7,-695
-67.081693841618,-20.593877888458,2679,7,-537
-67.84526183312,-20.9082882379,2691,10,-638
-67.710514540502,-18.572668499188,2693,30,932
-68.249503710974,-20.414214831634,2692,12,-682
-65.689305151232,-19.56081531172,2676,29,549
-66.04863126488,-19.56081531172,2672,17,854
-66.857115020588,-21.312530115754,2681,10,303
-65.868968208056,-20.548962124252,2725,11,262
-68.563914060416,-20.099804482192,2691,24,-212
-68.474082532004,-19.56081531172,2691,18,-159
-66.812199256382,-19.246404962278,2717,27,1784
-66.04863126488,-21.312530115754,2689,6,597
-68.96815593827,-18.617584263394,2699,23,-61
-68.563914060416,-19.695562604338,2685,20,-140
-68.51899829621,-20.099804482192,2654,32,210
-68.96815593827,-19.740478368544,2708,26,206
-67.081693841618,-18.6625000276,2723,28,812
-68.474082532004,-20.68370941687,2647,33,-9
-69.013071702476,-20.773540945282,2732,16,-335
-68.249503710974,-19.650646840132,2701,12,-421
-65.689305151232,-19.201489198072,2745,25,-14
-68.429166767798,-21.267614351548,2654,37,-35
-65.329979037584,-20.099804482192,2755,21,-87
-66.452873142734,-19.021826141248,2688,38,1198
-67.485935719472,-18.707415791806,2697,26,724
-66.587620435352,-19.066741905454,2713,34,1945
-66.857115020588,-20.68370941687,2691,7,-350
-64.970652923936,-20.593877888458,2736,42,716
-69.64189240136,-18.617584263394,2739,10,138
-67.485935719472,-20.00997295378,2679,8,-556
-67.710514540502,-18.931994612836,2687,22,550
-66.587620435352,-19.426068019102,2665,35,3050
-67.485935719472,-21.043035530518,2664,7,-315
-66.857115020588,-20.414214831634,2703,13,191
-66.04863126488,-20.144720246398,2700,11,307
-68.74357711724,-18.707415791806,2694,20,131
-65.509642094408,-19.830309896956,2730,26,47
-67.575767247884,-18.797247320218,2686,28,1261
-68.384251003592,-19.965057189574,2657,26,163
-67.62068301209,-19.11165766966,2688,20,572
-67.261356898442,-19.920141425368,2684,12,-173
-65.105400216554,-19.830309896956,2739,24,86
-67.216441134236,-18.572668499188,2706,30,632
-65.015568688142,-20.414214831634,2748,32,276
-67.530851483678,-19.246404962278,2684,19,555
-67.39610419106,-20.279467539016,2666,6,-730
-66.991862313206,-18.572668499188,2722,38,1339
-69.552060872948,-18.572668499188,2744,16,175
-67.306272662648,-20.369299067428,2664,6,-722
-66.183378557498,-19.156573433866,2691,18,98
-68.698661353034,-21.537108936784,2704,15,-713
-65.689305151232,-19.740478368544,2667,30,346
-67.755430304708,-20.144720246398,2674,8,-719
-65.464726330202,-21.222698587342,2691,21,957
-65.868968208056,-20.638793652664,2732,10,48
-68.923240174064,-20.593877888458,2714,24,-240
-66.857115020588,-19.021826141248,2761,32,1725
-68.114756418356,-18.88707884863,2685,16,317
-67.575767247884,-18.572668499188,2693,29,754
-66.72236772797,-20.45913059584,2695,16,492
-68.159672182562,-19.650646840132,2700,12,-243
-68.698661353034,-19.33623649069,2711,20,-350
-69.057987466682,-19.156573433866,2686,33,549
-68.024924889944,-19.426068019102,2705,12,-221
-67.485935719472,-19.695562604338,2695,13,-25
-69.057987466682,-19.515899547514,2706,24,229
-66.093547029086,-18.797247320218,2724,30,361
-67.036778077412,-20.414214831634,2689,8,-450
-69.282566287712,-19.246404962278,2706,24,603
-68.788492881446,-19.291320726484,2701,26,-32
-68.114756418356,-19.56081531172,2706,11,-394
-68.74357711724,-20.818456709488,2687,27,-221
-68.024924889944,-20.863372473694,2691,13,-362
-67.126609605824,-18.88707884863,2729,26,976
-68.608829824622,-20.279467539016,2690,27,-300
-66.407957378528,-20.279467539016,2691,14,596
-67.935093361532,-18.797247320218,2684,23,591
-67.216441134236,-20.45913059584,2668,6,-706
-66.812199256382,-19.291320726484,2712,27,1815
-65.958799736468,-21.402361644166,2684,6,890
-67.485935719472,-19.426068019102,2690,15,96
-68.563914060416,-20.054888717986,2698,24,-281
-68.29441947518,-19.515899547514,2704,13,-453
-68.96815593827,-20.953204002106,2761,17,-333
-66.318125850116,-20.189636010604,2704,10,-48
-66.542704671146,-18.88707884863,2702,33,1232
-66.677451963764,-20.189636010604,2660,20,1547
-66.363041614322,-20.414214831634,2662,16,1044
-67.62068301209,-19.426068019102,2701,13,23
-68.249503710974,-20.818456709488,2679,21,-320
-68.96815593827,-19.066741905454,2688,30,387
-68.204587946768,-19.021826141248,2693,14,37
-65.59947362282,-19.78539413275,2675,34,536
-66.812199256382,-20.9082882379,2687,8,-234
-65.868968208056,-19.291320726484,2693,22,662
-65.82405244385,-19.56081531172,2714,14,-349
-68.653745588828,-18.617584263394,2694,21,211
-67.261356898442,-21.13286705893,2657,7,187
-66.27321008591,-20.504046360046,2700,13,695
-65.868968208056,-19.650646840132,2691,17,460
-65.779136679644,-19.381152254896,2726,16,-294
-68.024924889944,-20.953204002106,2683,17,-92
-68.878324409858,-18.797247320218,2662,29,702
-67.216441134236,-20.863372473694,2673,6,-399
-66.003715500674,-19.920141425368,2668,21,1030
-67.441019955266,-20.45913059584,2669,6,-711
-68.384251003592,-20.68370941687,2651,30,36
-66.991862313206,-20.504046360046,2689,8,-374
-68.024924889944,-20.23455177481,2668,9,-736
-66.138462793292,-20.23455177481,2708,11,342
-66.587620435352,-18.752331556012,2713,38,1289
-69.282566287712,-18.572668499188,2675,31,471
-68.788492881446,-20.00997295378,2709,25,-229
-66.183378557498,-19.515899547514,2684,18,891
-67.351188426854,-21.35744587996,2661,6,-207
-66.946946549,-19.381152254896,2696,22,1054
-67.485935719472,-20.728625181076,2675,8,-560
-65.195231744966,-20.189636010604,2739,26,683
-66.363041614322,-20.45913059584,2657,15,945
-66.04863126488,-20.818456709488,2706,9,504
-65.105400216554,-19.875225661162,2746,20,-122
-67.17152537003,-21.312530115754,2662,6,-4
-68.653745588828,-20.00997295378,2678,32,237
-69.507145108742,-18.752331556012,2719,18,461
-66.183378557498,-19.515899547514,2684,18,891
-68.114756418356,-20.9082882379,2675,20,-39
-67.62068301209,-19.920141425368,2691,11,-305
-66.991862313206,-20.369299067428,2696,9,-291
-66.27321008591,-18.752331556012,2711,25,502
-68.204587946768,-19.33623649069,2709,12,-314
-68.96815593827,-19.201489198072,2694,30,265
-65.82405244385,-18.707415791806,2751,35,742
-66.857115020588,-19.156573433866,2733,26,1484
-67.84526183312,-20.279467539016,2666,7,-692
-68.114756418356,-18.842163084424,2685,17,352
-67.665598776296,-20.638793652664,2639,11,20
-67.530851483678,-20.189636010604,2671,6,-738
-68.698661353034,-18.572668499188,2692,22,128
-64.835905631318,-19.920141425368,2743,30,498
-68.51899829621,-18.797247320218,2701,17,72
-66.04863126488,-19.875225661162,2682,18,680
-67.800346068914,-20.00997295378,2687,8,-712
-68.024924889944,-20.45913059584,2684,10,-699
-68.608829824622,-20.279467539016,2690,27,-300
-67.036778077412,-19.650646840132,2677,25,1177
-68.788492881446,-21.087951294724,2697,37,-27
-68.923240174064,-20.863372473694,2706,25,-170
-66.27321008591,-20.144720246398,2690,14,594
-65.82405244385,-18.842163084424,2714,34,1086
-66.093547029086,-18.707415791806,2701,45,939
-66.318125850116,-19.246404962278,2676,19,906
-66.003715500674,-19.740478368544,2672,20,721
-68.204587946768,-19.381152254896,2708,13,-349
-68.878324409858,-18.931994612836,2679,27,305
-68.608829824622,-19.066741905454,2703,21,21
-68.024924889944,-18.842163084424,2683,19,386
-66.228294321704,-20.23455177481,2694,14,707
-67.935093361532,-19.291320726484,2699,12,-51
-68.51899829621,-19.201489198072,2715,21,-312
-68.474082532004,-18.842163084424,2702,16,25
-67.890177597326,-19.875225661162,2700,9,-620
-68.474082532004,-19.066741905454,2705,17,-183
-67.980009125738,-19.650646840132,2706,13,83
-68.608829824622,-18.752331556012,2699,18,161
-65.37489480179,-21.537108936784,2686,24,1076
-65.868968208056,-21.492193172578,2692,8,1105
-66.407957378528,-20.504046360046,2708,15,460
-68.608829824622,-21.35744587996,2700,31,-388
-67.530851483678,-19.650646840132,2698,13,17
-66.228294321704,-20.279467539016,2705,11,228
-67.17152537003,-21.312530115754,2662,6,-4
-65.554557858614,-21.13286705893,2718,13,194
-68.474082532004,-20.9082882379,2667,32,-67
-67.84526183312,-20.818456709488,2672,14,-154
-69.282566287712,-19.156573433866,2718,26,615
-68.788492881446,-19.156573433866,2672,34,523
-65.554557858614,-19.021826141248,2748,40,685
-66.991862313206,-18.617584263394,2726,36,1259
-65.419810565996,-21.447277408372,2678,21,941
-65.734220915438,-18.88707884863,2724,37,1093
-67.306272662648,-18.931994612836,2694,29,1123
-66.04863126488,-20.324383303222,2695,13,555
-65.329979037584,-20.144720246398,2756,21,11
-68.429166767798,-20.324383303222,2696,18,-712
-69.013071702476,-18.752331556012,2668,30,564
-66.542704671146,-20.728625181076,2710,9,-46
-65.868968208056,-19.291320726484,2693,22,662
-68.159672182562,-19.830309896956,2689,14,-239
-65.060484452348,-20.728625181076,2735,35,649
-68.788492881446,-19.830309896956,2677,28,114
-66.407957378528,-20.23455177481,2700,12,459
-66.72236772797,-20.728625181076,2700,7,-292
-68.29441947518,-20.548962124252,2681,20,-331
-66.542704671146,-18.842163084424,2686,38,1593
-67.081693841618,-20.998119766312,2669,7,-61
-66.946946549,-19.515899547514,2690,21,755
-68.339335239386,-19.156573433866,2709,18,48
-66.49778890694,-20.054888717986,2694,13,504
-66.857115020588,-19.830309896956,2701,21,1028
-68.74357711724,-19.875225661162,2683,28,98
-67.081693841618,-19.246404962278,2700,20,581
-67.306272662648,-19.021826141248,2693,25,701
-67.575767247884,-19.78539413275,2697,11,-37
-68.29441947518,-18.931994612836,2695,15,42
-65.15031598076,-19.605731075926,2738,33,369
-68.96815593827,-19.156573433866,2679,31,412
-67.800346068914,-19.156573433866,2693,16,211
-67.935093361532,-18.88707884863,2682,20,432
-67.126609605824,-19.875225661162,2693,19,321
-68.429166767798,-20.369299067428,2692,20,-605
-66.587620435352,-19.33623649069,2679,36,2859
-68.204587946768,-19.650646840132,2702,12,-393
-66.407957378528,-21.35744587996,2688,10,787
-66.812199256382,-21.222698587342,2681,10,254
-67.62068301209,-19.291320726484,2693,16,244
-67.710514540502,-20.593877888458,2674,8,-541
-67.800346068914,-21.13286705893,2684,13,-179
-65.958799736468,-20.144720246398,2722,11,114
-66.407957378528,-21.043035530518,2698,9,417
-67.261356898442,-20.054888717986,2677,10,-432
-66.677451963764,-20.9082882379,2693,9,45
-67.036778077412,-20.998119766312,2670,8,-128
-68.698661353034,-19.246404962278,2709,22,-364
-67.530851483678,-20.45913059584,2670,6,-709
-65.509642094408,-21.537108936784,2713,15,570
-68.024924889944,-20.593877888458,2693,10,-577
-66.542704671146,-20.548962124252,2712,13,234
-68.429166767798,-21.312530115754,2665,34,-108
-66.587620435352,-21.222698587342,2692,10,686
-66.318125850116,-18.752331556012,2707,29,704
-68.474082532004,-21.13286705893,2659,34,-87
-66.27321008591,-21.177782823136,2673,8,928
-67.441019955266,-21.13286705893,2665,6,-234
-67.530851483678,-19.965057189574,2683,9,-408
-66.27321008591,-18.976910377042,2660,34,1382
-66.093547029086,-18.976910377042,2706,20,195
-66.812199256382,-19.830309896956,2705,22,1255
-65.329979037584,-19.56081531172,2730,30,125
-66.363041614322,-20.818456709488,2708,9,58
-65.15031598076,-19.695562604338,2727,37,624
-66.27321008591,-20.9082882379,2713,7,192
-65.464726330202,-20.189636010604,2742,13,-413
-67.935093361532,-18.707415791806,2687,25,710
-68.384251003592,-18.976910377042,2700,18,358
-68.51899829621,-19.56081531172,2683,22,35
-66.138462793292,-20.998119766312,2702,7,91
-65.779136679644,-19.201489198072,2729,21,38
-68.06984065415,-18.797247320218,2685,19,327
-67.710514540502,-21.043035530518,2687,8,-591
-64.92573715973,-20.23455177481,2734,39,376
-68.384251003592,-20.818456709488,2693,20,-527
-66.542704671146,-20.45913059584,2713,11,91
-67.890177597326,-18.752331556012,2686,24,677
-65.329979037584,-21.58202470099,2724,22,805
-64.880821395524,-19.740478368544,2793,17,-335
-66.72236772797,-18.797247320218,2739,43,1523
-66.407957378528,-20.45913059584,2701,16,602
-68.429166767798,-20.953204002106,2633,37,257
-68.429166767798,-19.201489198072,2712,20,-147
-66.228294321704,-18.797247320218,2695,27,832
-66.318125850116,-19.605731075926,2678,20,1204
-66.587620435352,-20.369299067428,2701,13,585
-68.429166767798,-20.144720246398,2689,20,-457
-67.755430304708,-20.00997295378,2687,9,-678
-67.036778077412,-20.369299067428,2691,8,-409
-65.464726330202,-19.740478368544,2732,27,-64
-66.27321008591,-20.863372473694,2709,8,150
-67.84526183312,-18.617584263394,2690,28,823
-66.04863126488,-20.728625181076,2727,8,-71
-67.665598776296,-21.177782823136,2669,10,-155
-68.06984065415,-20.369299067428,2678,10,-698
-67.935093361532,-20.593877888458,2691,9,-672
-66.093547029086,-21.222698587342,2694,6,400
-65.195231744966,-19.650646840132,2740,34,203
-68.563914060416,-18.842163084424,2701,18,198
-68.51899829621,-20.324383303222,2701,18,-687
-66.587620435352,-20.414214831634,2707,12,416
-67.126609605824,-19.740478368544,2674,28,1191
-67.441019955266,-19.605731075926,2692,15,98
-68.878324409858,-19.470983783308,2682,26,72
-66.632536199558,-20.504046360046,2707,12,207
-69.1927347593,-18.527752734982,2692,28,96
-68.563914060416,-20.863372473694,2659,30,-147
-66.812199256382,-18.707415791806,2709,46,1998
-67.485935719472,-20.414214831634,2669,6,-719
-67.126609605824,-21.35744587996,2661,6,-25
-66.946946549,-20.863372473694,2679,8,-284
-67.036778077412,-19.740478368544,2676,25,1071
-65.37489480179,-21.402361644166,2693,24,1053
-64.835905631318,-19.830309896956,2742,29,412
-65.958799736468,-18.931994612836,2692,45,1560
-65.15031598076,-19.605731075926,2738,33,369
-67.62068301209,-20.144720246398,2673,7,-713
-67.216441134236,-20.953204002106,2670,6,-219
-68.249503710974,-20.369299067428,2689,12,-713
-66.72236772797,-20.189636010604,2686,23,1397
-68.74357711724,-19.920141425368,2683,29,147
-68.384251003592,-20.68370941687,2651,30,36
-66.72236772797,-20.68370941687,2701,8,-253
-67.216441134236,-21.043035530518,2649,8,367
-66.632536199558,-20.279467539016,2682,17,1072
-67.306272662648,-19.740478368544,2689,16,125
-68.698661353034,-21.492193172578,2701,16,-721
-67.755430304708,-20.00997295378,2687,9,-678
-66.587620435352,-20.998119766312,2697,9,307
-65.509642094408,-20.998119766312,2711,20,693
-67.126609605824,-20.593877888458,2675,7,-559
-67.216441134236,-21.087951294724,2638,9,621
-66.72236772797,-18.976910377042,2708,49,3178
-69.102903230888,-20.414214831634,2749,14,-483
-64.92573715973,-20.144720246398,2729,49,1000
-68.249503710974,-18.707415791806,2690,18,247
-66.632536199558,-20.324383303222,2688,15,803
-68.653745588828,-20.00997295378,2678,32,237
-65.554557858614,-21.447277408372,2712,16,825
-68.384251003592,-19.875225661162,2666,25,203
-66.587620435352,-19.470983783308,2679,34,2709
-66.27321008591,-21.312530115754,2665,9,1189
-67.980009125738,-19.426068019102,2705,12,-178
-67.980009125738,-20.998119766312,2691,15,-359
-66.902030784794,-21.447277408372,2680,10,436
-69.057987466682,-19.470983783308,2701,26,297
-69.41731358033,-18.842163084424,2723,22,519
-67.575767247884,-19.740478368544,2700,11,-229
-69.102903230888,-19.740478368544,2722,19,207
-69.282566287712,-18.6625000276,2665,29,538
-65.59947362282,-19.066741905454,2747,36,386
-66.318125850116,-19.246404962278,2676,19,906
-65.644389387026,-18.797247320218,2742,38,932
-66.587620435352,-18.707415791806,2702,39,1377
-67.665598776296,-19.740478368544,2706,13,63
-69.237650523506,-19.470983783308,2752,16,150
-69.596976637154,-18.752331556012,2750,10,51
-68.923240174064,-19.78539413275,2683,28,269
-67.84526183312,-20.863372473694,2681,11,-481
-66.49778890694,-20.144720246398,2694,14,854
-66.857115020588,-21.222698587342,2679,9,179
-65.554557858614,-19.33623649069,2706,39,619
-65.15031598076,-20.504046360046,2762,21,145
-67.980009125738,-20.773540945282,2705,9,-706
-67.485935719472,-20.144720246398,2672,6,-745
-68.788492881446,-21.177782823136,2684,36,-41
-67.261356898442,-18.6625000276,2705,27,582
-68.563914060416,-19.650646840132,2685,20,-134
-65.105400216554,-19.830309896956,2739,24,86
-65.644389387026,-19.875225661162,2714,23,-49
-67.081693841618,-20.189636010604,2693,9,-402
-66.27321008591,-18.797247320218,2715,24,513
-66.632536199558,-21.312530115754,2693,10,628
-66.542704671146,-19.156573433866,2683,32,1888
-65.689305151232,-21.13286705893,2708,12,878
-67.126609605824,-18.6625000276,2718,28,767
-66.902030784794,-20.369299067428,2703,12,91
-66.677451963764,-18.976910377042,2709,49,3198
-64.835905631318,-20.23455177481,2740,43,421
-68.474082532004,-21.087951294724,2676,34,-153
-69.013071702476,-18.617584263394,2684,29,349
-66.587620435352,-18.6625000276,2694,40,1327
-67.62068301209,-20.548962124252,2673,7,-636
-68.29441947518,-21.087951294724,2676,24,-267
-67.216441134236,-19.470983783308,2679,21,579
-66.587620435352,-19.56081531172,2684,33,2553
-69.372397816124,-18.797247320218,2700,25,571
-68.788492881446,-19.650646840132,2684,25,63
-66.542704671146,-19.650646840132,2692,31,2288
-67.62068301209,-19.246404962278,2691,17,361
-69.013071702476,-20.548962124252,2719,19,-362
-68.384251003592,-20.45913059584,2661,28,-86
-65.913883972262,-18.842163084424,2704,40,1266
-66.452873142734,-19.515899547514,2686,26,1815
-65.868968208056,-18.931994612836,2694,40,1259
-67.935093361532,-21.13286705893,2697,11,-696
-66.318125850116,-20.369299067428,2694,14,833
-66.003715500674,-20.998119766312,2697,8,394
-66.991862313206,-19.78539413275,2682,22,974
-67.800346068914,-18.976910377042,2685,19,325
-66.363041614322,-18.976910377042,2654,39,1655
-67.17152537003,-18.931994612836,2718,25,815
-69.057987466682,-20.279467539016,2715,20,-218
-68.878324409858,-20.144720246398,2709,21,-384
-66.857115020588,-20.863372473694,2686,8,-316
-68.923240174064,-21.312530115754,2738,20,-421
-68.249503710974,-18.752331556012,2690,17,285
-67.755430304708,-20.863372473694,2685,11,-347
-67.84526183312,-19.021826141248,2685,18,267
-68.204587946768,-19.33623649069,2709,12,-314
-68.339335239386,-20.998119766312,2697,20,-487
-68.159672182562,-20.279467539016,2677,10,-718
-67.441019955266,-21.043035530518,2660,7,-224
-66.632536199558,-20.189636010604,2665,19,1573
-67.890177597326,-19.920141425368,2694,9,-692
-67.575767247884,-19.56081531172,2698,16,408
-65.689305151232,-19.78539413275,2668,28,273
-66.318125850116,-19.830309896956,2695,14,562
-67.441019955266,-20.593877888458,2672,7,-690
-65.37489480179,-21.537108936784,2686,24,1076
-68.159672182562,-19.695562604338,2682,16,219
-66.04863126488,-20.9082882379,2665,11,770
-66.857115020588,-21.312530115754,2681,10,303
-67.126609605824,-19.066741905454,2723,23,657
-65.82405244385,-18.572668499188,2742,39,718
-65.958799736468,-21.402361644166,2684,6,890
-65.958799736468,-20.45913059584,2701,14,882
-66.228294321704,-19.246404962278,2681,19,709
-68.384251003592,-19.246404962278,2715,15,-413
-68.339335239386,-18.931994612836,2697,15,-17
-68.339335239386,-19.291320726484,2708,17,0
-67.081693841618,-21.402361644166,2663,7,38
-69.102903230888,-20.369299067428,2744,14,-406
-66.767283492176,-19.426068019102,2700,31,2339
-68.249503710974,-21.447277408372,2711,26,-428
-66.857115020588,-20.818456709488,2687,8,-328
-67.216441134236,-20.593877888458,2671,7,-620
-66.138462793292,-20.099804482192,2705,11,164
-65.913883972262,-20.818456709488,2724,10,571
-68.429166767798,-19.291320726484,2715,16,-476
-68.06984065415,-20.279467539016,2672,9,-729
-65.644389387026,-19.56081531172,2684,29,497
-67.17152537003,-20.504046360046,2672,6,-679
-67.39610419106,-19.875225661162,2685,12,-151
-66.49778890694,-21.087951294724,2694,11,838
-66.407957378528,-19.650646840132,2666,24,2061
-65.868968208056,-19.021826141248,2696,34,660
-68.74357711724,-19.830309896956,2677,29,155
-66.542704671146,-21.492193172578,2692,10,1002
-66.363041614322,-20.638793652664,2708,12,635
-65.689305151232,-18.842163084424,2746,35,731
-65.779136679644,-21.043035530518,2718,10,757
-66.183378557498,-19.830309896956,2696,13,159
-66.902030784794,-19.291320726484,2708,21,1036
-67.980009125738,-19.470983783308,2707,11,-240
-66.318125850116,-19.33623649069,2671,21,1243
-66.363041614322,-21.492193172578,2687,7,537
-66.093547029086,-18.752331556012,2725,34,326
-65.060484452348,-20.189636010604,2750,27,519
-68.339335239386,-20.548962124252,2665,21,-324
-68.159672182562,-18.976910377042,2688,14,84
-68.74357711724,-20.45913059584,2691,25,-405
-68.29441947518,-21.312530115754,2705,21,-650
-68.833408645652,-19.470983783308,2691,24,-57
-67.306272662648,-19.695562604338,2689,17,161
-68.024924889944,-20.953204002106,2683,17,-92
-65.689305151232,-19.965057189574,2723,17,-36
-68.833408645652,-21.177782823136,2706,32,-99
-67.575767247884,-19.78539413275,2697,11,-37
-68.788492881446,-18.931994612836,2675,29,563
-67.755430304708,-19.830309896956,2693,15,44
-66.452873142734,-19.650646840132,2662,27,2183
-66.003715500674,-20.279467539016,2696,13,623
-67.575767247884,-19.291320726484,2687,19,492
-68.29441947518,-20.369299067428,2684,17,-582
-67.441019955266,-19.066741905454,2690,21,515
-68.024924889944,-20.68370941687,2695,12,-383
-68.249503710974,-20.68370941687,2663,26,53
-66.318125850116,-21.177782823136,2675,10,1019
-67.665598776296,-21.13286705893,2677,9,-350
-66.767283492176,-20.68370941687,2698,8,-276
-68.51899829621,-21.13286705893,2675,35,-192
-67.216441134236,-19.695562604338,2689,20,304
-69.102903230888,-19.56081531172,2702,23,347
-65.868968208056,-19.740478368544,2696,15,-64
-68.024924889944,-18.707415791806,2685,24,617
-67.575767247884,-20.144720246398,2673,7,-717
-66.542704671146,-19.695562604338,2693,31,2333
-67.755430304708,-18.752331556012,2689,25,782
-66.407957378528,-19.066741905454,2681,32,923
-69.686808165566,-18.572668499188,2744,8,45
-67.980009125738,-19.740478368544,2702,12,-3
-69.057987466682,-19.965057189574,2730,21,69
-66.27321008591,-20.504046360046,2700,13,695
-66.228294321704,-19.650646840132,2659,23,1702
-66.183378557498,-19.695562604338,2660,23,1637
-66.183378557498,-19.515899547514,2684,18,891
-64.880821395524,-20.00997295378,2733,45,1298
-68.024924889944,-19.875225661162,2696,10,-608
-67.800346068914,-19.515899547514,2713,13,8
-66.767283492176,-19.201489198072,2724,31,2000
-66.318125850116,-19.426068019102,2671,23,1450
-65.195231744966,-20.23455177481,2751,26,765
-68.51899829621,-18.797247320218,2701,17,72
-65.689305151232,-21.35744587996,2719,9,136
-66.003715500674,-19.875225661162,2682,19,572
-68.204587946768,-19.605731075926,2703,12,-459
-68.384251003592,-19.381152254896,2710,14,-579
-69.013071702476,-20.504046360046,2715,20,-353
-66.767283492176,-20.45913059584,2700,15,336
-65.554557858614,-19.650646840132,2717,27,179
-68.608829824622,-18.88707884863,2697,20,304
-65.779136679644,-21.222698587342,2734,7,-5
-65.913883972262,-18.6625000276,2700,47,1189
-68.833408645652,-21.13286705893,2705,33,-98
-66.946946549,-20.953204002106,2676,8,-221
-67.39610419106,-20.279467539016,2666,6,-730
-68.339335239386,-19.33623649069,2677,20,234
-66.093547029086,-20.818456709488,2719,9,298
-69.237650523506,-18.88707884863,2720,26,326
-66.318125850116,-21.267614351548,2664,11,1186
-67.17152537003,-20.23455177481,2676,7,-647
-68.06984065415,-19.470983783308,2705,11,-282
-67.890177597326,-20.414214831634,2674,8,-657
-67.665598776296,-19.515899547514,2691,16,744
-68.74357711724,-20.504046360046,2683,26,-344
-68.159672182562,-19.11165766966,2697,12,-242
-67.890177597326,-18.931994612836,2682,19,325
-66.363041614322,-20.369299067428,2680,15,1000
-66.857115020588,-20.9082882379,2684,8,-277
-68.024924889944,-18.617584263394,2689,26,592
-65.913883972262,-20.324383303222,2685,16,935
-66.27321008591,-19.426068019102,2668,23,1446
-66.991862313206,-19.066741905454,2749,22,851
-66.407957378528,-20.23455177481,2700,12,459
-68.06984065415,-19.291320726484,2701,11,-270
-66.003715500674,-20.728625181076,2703,11,343
-69.372397816124,-18.707415791806,2688,26,566
-68.06984065415,-21.043035530518,2677,20,-247
-67.84526183312,-21.043035530518,2679,13,-152
-69.507145108742,-18.842163084424,2740,15,278
-68.339335239386,-19.650646840132,2697,15,-290
-65.105400216554,-20.504046360046,2763,21,-123
-68.29441947518,-21.312530115754,2705,21,-650
-67.485935719472,-21.267614351548,2664,9,169
-68.653745588828,-21.447277408372,2703,21,-629
-67.710514540502,-18.88707884863,2687,22,566
-65.554557858614,-18.842163084424,2754,36,837
-68.29441947518,-21.402361644166,2694,27,-338
-67.081693841618,-21.13286705893,2667,7,-7
-68.384251003592,-19.875225661162,2666,25,203
-67.890177597326,-19.381152254896,2705,12,-70
-66.452873142734,-18.707415791806,2714,27,618
-67.575767247884,-19.156573433866,2687,19,483
-68.96815593827,-21.312530115754,2751,15,-522
-67.665598776296,-20.369299067428,2668,7,-747
-68.74357711724,-19.965057189574,2654,29,214
-66.946946549,-20.324383303222,2703,12,-38
-66.587620435352,-19.381152254896,2670,35,3048
-65.913883972262,-19.470983783308,2696,17,587
-68.29441947518,-20.144720246398,2683,16,-631
-66.363041614322,-19.78539413275,2687,16,1001
-67.485935719472,-20.863372473694,2674,7,-551
-66.587620435352,-19.965057189574,2673,22,1732
-66.767283492176,-20.414214831634,2702,16,494
-65.913883972262,-21.35744587996,2707,6,672
-65.644389387026,-21.177782823136,2714,12,766
-67.755430304708,-19.11165766966,2691,18,289
-67.17152537003,-19.920141425368,2690,15,12
-68.608829824622,-19.515899547514,2699,19,-333
-65.734220915438,-18.707415791806,2746,37,962
-66.767283492176,-18.707415791806,2731,46,1906
-65.779136679644,-21.177782823136,2729,8,244
-68.06984065415,-19.33623649069,2703,11,-264
-68.878324409858,-20.728625181076,2712,24,-226
-67.800346068914,-19.78539413275,2690,17,407
-66.138462793292,-18.797247320218,2724,25,257
-66.812199256382,-20.00997295378,2713,24,1533
-66.407957378528,-20.279467539016,2691,14,596
-66.857115020588,-19.740478368544,2698,19,777
-66.902030784794,-20.638793652664,2690,7,-372
-68.114756418356,-19.021826141248,2687,14,50
-66.318125850116,-20.369299067428,2694,14,833
-66.767283492176,-20.68370941687,2698,8,-276
-66.003715500674,-19.920141425368,2668,21,1030
-65.285063273378,-20.818456709488,2753,19,230
-65.779136679644,-19.11165766966,2698,34,748
-69.1927347593,-19.246404962278,2721,24,394
-66.902030784794,-19.56081531172,2691,21,827
-65.015568688142,-20.638793652664,2717,44,982
-68.339335239386,-18.6625000276,2692,21,374
-66.228294321704,-20.818456709488,2706,10,351
-68.788492881446,-18.617584263394,2693,23,58
-68.833408645652,-21.222698587342,2700,31,-145
-66.183378557498,-20.68370941687,2682,13,811
-67.575767247884,-19.246404962278,2687,19,546
-68.563914060416,-18.976910377042,2685,24,454
-65.868968208056,-21.043035530518,2693,9,785
-67.62068301209,-19.246404962278,2691,17,361
-67.530851483678,-20.189636010604,2671,6,-738
-66.632536199558,-18.88707884863,2707,41,2348
-66.093547029086,-20.23455177481,2707,10,119
-68.653745588828,-20.998119766312,2673,34,-92
-65.509642094408,-18.797247320218,2762,31,600
-68.204587946768,-19.33623649069,2709,12,-314
-66.04863126488,-18.931994612836,2709,28,670
-66.318125850116,-21.13286705893,2679,8,770
-68.96815593827,-19.875225661162,2716,24,83
-66.093547029086,-19.11165766966,2680,26,856
-68.833408645652,-20.9082882379,2697,33,-4
-66.228294321704,-20.279467539016,2705,11,228
-67.351188426854,-19.830309896956,2687,13,-34
-65.15031598076,-20.638793652664,2755,24,167
-68.608829824622,-21.402361644166,2702,29,-427
-67.530851483678,-19.291320726484,2686,19,494
-65.82405244385,-19.920141425368,2706,16,225
-65.419810565996,-20.099804482192,2736,17,-223
-67.306272662648,-20.863372473694,2671,6,-378
-67.216441134236,-20.414214831634,2668,6,-710
-67.890177597326,-20.414214831634,2674,8,-657
-66.49778890694,-21.402361644166,2682,11,1090
-66.138462793292,-20.189636010604,2693,13,767
-65.689305151232,-18.842163084424,2746,35,731
-66.27321008591,-19.605731075926,2670,21,1333
-68.788492881446,-21.492193172578,2681,20,-509
-68.923240174064,-18.617584263394,2699,21,-210
-66.946946549,-20.504046360046,2692,8,-323
-65.105400216554,-20.369299067428,2746,31,834
-65.464726330202,-21.222698587342,2691,21,957
-69.282566287712,-18.572668499188,2675,31,471
-68.384251003592,-20.998119766312,2677,31,-72
-66.542704671146,-21.177782823136,2688,11,865
-68.833408645652,-20.68370941687,2697,25,-250
-67.800346068914,-19.201489198072,2696,15,140
-69.372397816124,-18.797247320218,2700,25,571
-68.74357711724,-19.695562604338,2664,25,141
-67.261356898442,-18.6625000276,2705,27,582
-69.057987466682,-19.021826141248,2656,33,675
-67.081693841618,-20.638793652664,2678,7,-459
-68.698661353034,-18.707415791806,2694,20,160
-65.779136679644,-20.548962124252,2727,12,575
-69.327482051918,-18.88707884863,2693,27,683
-67.441019955266,-20.68370941687,2674,7,-638
-66.812199256382,-19.78539413275,2704,20,987
-67.710514540502,-19.11165766966,2691,19,329
-66.27321008591,-19.650646840132,2667,20,1368
-65.82405244385,-19.515899547514,2715,16,-20
-66.04863126488,-19.470983783308,2682,15,621
-66.27321008591,-20.099804482192,2682,17,1143
-69.372397816124,-18.88707884863,2695,25,693
-68.698661353034,-20.818456709488,2697,24,-405
-66.27321008591,-20.099804482192,2682,17,1143
-68.429166767798,-21.447277408372,2703,22,-520
-69.237650523506,-19.695562604338,2745,11,-129
-69.1927347593,-18.617584263394,2693,27,131
-68.74357711724,-20.548962124252,2689,24,-394
-69.64189240136,-18.617584263394,2739,10,138
-66.183378557498,-20.00997295378,2702,11,82
-67.755430304708,-19.201489198072,2696,16,201
-67.530851483678,-18.572668499188,2693,31,787
-68.788492881446,-20.279467539016,2700,26,-343
-68.114756418356,-19.246404962278,2703,11,-353
-67.351188426854,-20.189636010604,2667,7,-674
-69.102903230888,-19.470983783308,2680,27,517
-66.812199256382,-20.593877888458,2697,8,-262
-69.1927347593,-19.56081531172,2717,17,293
-67.17152537003,-19.830309896956,2690,18,245
-67.530851483678,-20.953204002106,2672,7,-475
-66.767283492176,-20.68370941687,2698,8,-276
-66.49778890694,-19.291320726484,2677,27,1772
-67.665598776296,-19.605731075926,2693,17,681
-67.755430304708,-19.650646840132,2700,15,299
-66.72236772797,-19.650646840132,2704,26,1705
-67.39610419106,-20.23455177481,2667,6,-720
-65.554557858614,-19.246404962278,2739,30,213
-67.800346068914,-18.752331556012,2689,23,578
-66.902030784794,-20.773540945282,2685,7,-354
-67.710514540502,-19.11165766966,2691,19,329
-68.788492881446,-19.740478368544,2640,29,353
-66.857115020588,-20.504046360046,2698,10,-103
-66.183378557498,-19.246404962278,2694,16,136
-68.788492881446,-19.11165766966,2671,32,569
-68.06984065415,-20.189636010604,2671,9,-736
-67.935093361532,-21.312530115754,2662,21,26
-65.329979037584,-20.324383303222,2765,23,670
-67.575767247884,-18.617584263394,2692,29,862
-68.474082532004,-20.00997295378,2695,21,-289
-67.306272662648,-20.369299067428,2664,6,-722
-66.991862313206,-19.33623649069,2698,21,921
-68.563914060416,-21.222698587342,2627,47,169
-67.351188426854,-19.920141425368,2682,11,-246
-68.249503710974,-19.426068019102,2707,13,-473
-68.74357711724,-20.324383303222,2706,24,-445
-66.04863126488,-20.054888717986,2696,14,163
-68.339335239386,-18.572668499188,2691,26,519
-67.485935719472,-18.88707884863,2693,27,1102
-67.081693841618,-19.021826141248,2740,23,757
-65.779136679644,-20.23455177481,2725,11,174
-65.15031598076,-19.740478368544,2711,38,762
-66.407957378528,-18.617584263394,2712,30,322
-66.27321008591,-20.998119766312,2693,9,653
-67.036778077412,-19.78539413275,2692,20,506
-66.452873142734,-21.267614351548,2684,12,1323
-65.958799736468,-19.246404962278,2663,24,960
-66.542704671146,-19.920141425368,2658,23,2019
-68.06984065415,-19.246404962278,2700,11,-263
-69.147818995094,-18.572668499188,2696,25,-72
-68.563914060416,-21.402361644166,2682,34,-236
-65.37489480179,-21.043035530518,2725,23,597
-66.857115020588,-19.740478368544,2698,19,777
-66.946946549,-21.312530115754,2673,8,33
-68.563914060416,-18.572668499188,2692,22,239
-69.013071702476,-18.572668499188,2672,33,463
-68.96815593827,-20.548962124252,2717,22,-298
-66.902030784794,-19.830309896956,2695,20,883
-66.49778890694,-20.45913059584,2711,13,367
-66.991862313206,-21.312530115754,2669,8,19
-67.261356898442,-18.88707884863,2702,27,990
-68.249503710974,-21.447277408372,2711,26,-428
-67.126609605824,-20.68370941687,2676,7,-475
-66.138462793292,-20.23455177481,2708,11,342
-69.147818995094,-19.291320726484,2687,28,615
-65.82405244385,-19.381152254896,2715,16,119
-67.081693841618,-18.976910377042,2742,23,726
-65.868968208056,-19.78539413275,2694,15,71
-67.485935719472,-21.13286705893,2659,7,-72
-68.878324409858,-19.246404962278,2697,24,-104
-65.060484452348,-20.504046360046,2766,25,-206
-65.59947362282,-19.021826141248,2733,44,969
-67.935093361532,-20.00997295378,2683,8,-777
-66.49778890694,-19.740478368544,2667,27,2513
-68.74357711724,-18.527752734982,2695,24,-18
-67.62068301209,-20.369299067428,2668,7,-733
-66.991862313206,-21.087951294724,2670,8,-104
-67.036778077412,-20.414214831634,2689,8,-450
-67.530851483678,-21.402361644166,2670,8,-362
-65.464726330202,-21.626940465196,2716,14,333
-68.159672182562,-19.33623649069,2707,12,-331
-69.147818995094,-19.695562604338,2710,17,213
-68.563914060416,-21.312530115754,2684,38,-199
-65.329979037584,-19.78539413275,2739,24,-109
-65.509642094408,-20.189636010604,2746,14,-352
-65.868968208056,-19.650646840132,2691,17,460
-66.138462793292,-19.78539413275,2682,17,559
-67.306272662648,-20.773540945282,2674,7,-513
-65.329979037584,-20.953204002106,2730,23,419
-66.857115020588,-20.953204002106,2682,8,-220
-65.285063273378,-19.56081531172,2732,29,153
-67.935093361532,-19.291320726484,2699,12,-51
-66.946946549,-21.222698587342,2673,8,-34
-68.608829824622,-19.470983783308,2701,18,-346
-68.923240174064,-19.246404962278,2695,26,20
-68.563914060416,-19.605731075926,2681,20,-94
-66.093547029086,-19.78539413275,2683,17,496
-67.755430304708,-19.381152254896,2707,12,-39
-65.689305151232,-20.054888717986,2737,15,-160
-68.653745588828,-20.324383303222,2668,31,-80
-65.509642094408,-20.9082882379,2728,20,566
-66.857115020588,-19.246404962278,2715,24,1430
-66.49778890694,-20.45913059584,2711,13,367
-67.890177597326,-19.201489198072,2694,13,52
-68.51899829621,-21.492193172578,2673,33,-118
-67.39610419106,-18.931994612836,2693,27,1034
-65.195231744966,-19.920141425368,2745,19,-197
-66.228294321704,-19.156573433866,2694,19,261
-66.587620435352,-21.402361644166,2692,10,845
-67.530851483678,-20.414214831634,2669,6,-717
-66.138462793292,-20.9082882379,2703,8,199
-65.913883972262,-19.33623649069,2700,18,270
-67.575767247884,-19.965057189574,2685,10,-412
-69.507145108742,-18.527752734982,2739,19,330
-66.767283492176,-18.572668499188,2706,52,2035
-68.923240174064,-20.00997295378,2703,22,-173
-67.126609605824,-21.312530115754,2663,6,-21
-67.62068301209,-19.33623649069,2696,15,156
-66.138462793292,-19.56081531172,2673,18,1057
-66.902030784794,-18.976910377042,2764,28,1380
-68.429166767798,-18.797247320218,2698,17,89
-65.689305151232,-19.33623649069,2711,32,401
-66.228294321704,-21.043035530518,2704,6,292
-67.980009125738,-19.695562604338,2697,13,168
-66.407957378528,-21.043035530518,2698,9,417
-66.138462793292,-20.189636010604,2693,13,767
-68.204587946768,-19.56081531172,2704,11,-488
-68.923240174064,-19.381152254896,2684,29,235
-66.04863126488,-19.201489198072,2688,19,478
-68.51899829621,-20.144720246398,2663,33,128
-68.384251003592,-20.773540945282,2686,22,-500
-65.913883972262,-20.504046360046,2716,12,486
-65.060484452348,-20.144720246398,2752,26,533
-65.868968208056,-20.099804482192,2700,14,297
-67.306272662648,-18.88707884863,2698,27,926
-68.923240174064,-21.35744587996,2738,19,-451
-67.890177597326,-20.863372473694,2697,9,-738
-68.249503710974,-19.740478368544,2697,12,-480
-68.608829824622,-20.23455177481,2666,33,45
-66.27321008591,-20.9082882379,2713,7,192
-66.093547029086,-20.324383303222,2697,12,421
-67.351188426854,-20.68370941687,2672,8,-554
-66.72236772797,-21.13286705893,2688,9,335
-66.49778890694,-20.23455177481,2692,14,609
-68.51899829621,-20.9082882379,2671,33,-36
-66.183378557498,-19.515899547514,2684,18,891
-67.665598776296,-18.617584263394,2693,27,762
-64.92573715973,-20.414214831634,2735,48,697
-65.913883972262,-21.222698587342,2691,9,842
-66.812199256382,-18.976910377042,2762,35,1835
-69.057987466682,-19.156573433866,2686,33,549
-68.653745588828,-19.920141425368,2705,22,-230
-68.384251003592,-20.773540945282,2686,22,-500
-68.29441947518,-21.402361644166,2694,27,-338
-68.96815593827,-19.830309896956,2698,27,258
-66.946946549,-21.267614351548,2673,8,13
-67.17152537003,-21.402361644166,2657,7,-41
-66.991862313206,-19.426068019102,2691,21,692
-67.306272662648,-21.043035530518,2660,6,-34
-67.126609605824,-21.402361644166,2659,7,-28
-67.665598776296,-20.9082882379,2684,9,-408
-68.96815593827,-19.11165766966,2686,31,386
-68.06984065415,-19.78539413275,2703,10,-505
-69.282566287712,-19.426068019102,2722,16,291
-69.372397816124,-18.88707884863,2695,25,693
-66.318125850116,-19.605731075926,2678,20,1204
-68.474082532004,-20.818456709488,2691,21,-514
-67.62068301209,-20.144720246398,2673,7,-713
-66.138462793292,-21.177782823136,2686,7,775
-66.677451963764,-21.492193172578,2691,13,1322
-67.351188426854,-19.201489198072,2679,24,1013
-67.84526183312,-19.605731075926,2714,11,-170
-69.1927347593,-19.291320726484,2713,25,520
-68.698661353034,-19.965057189574,2671,31,301
-68.339335239386,-20.099804482192,2680,20,-401
-65.285063273378,-20.863372473694,2737,22,360
-66.318125850116,-18.88707884863,2676,33,1237
-68.608829824622,-21.492193172578,2694,28,-380
-67.800346068914,-21.312530115754,2674,14,-76
-68.51899829621,-21.447277408372,2678,34,-150
-68.608829824622,-20.369299067428,2679,27,-313
-66.183378557498,-21.043035530518,2696,7,354
-67.485935719472,-18.797247320218,2697,26,869
-68.384251003592,-20.414214831634,2658,29,-110
-67.575767247884,-19.965057189574,2685,10,-412
-67.39610419106,-20.369299067428,2666,6,-707
-68.878324409858,-20.00997295378,2712,19,-390
-66.542704671146,-20.818456709488,2707,8,-20
-67.710514540502,-19.291320726484,2700,14,88
-67.800346068914,-18.6625000276,2690,27,777
-68.339335239386,-20.414214831634,2679,21,-391
-69.102903230888,-19.381152254896,2702,28,434
-68.563914060416,-19.740478368544,2687,21,-120
-68.339335239386,-21.222698587342,2697,24,-477
-68.024924889944,-20.9082882379,2691,14,-336
-68.339335239386,-20.953204002106,2695,22,-439
-67.575767247884,-19.381152254896,2694,15,132
-67.530851483678,-20.863372473694,2675,8,-572
-64.92573715973,-20.144720246398,2729,49,1000
-67.890177597326,-18.797247320218,2685,23,653
-65.958799736468,-20.054888717986,2665,19,948
-66.363041614322,-18.617584263394,2702,34,701
-68.339335239386,-20.23455177481,2668,23,-284
-68.96815593827,-18.6625000276,2695,24,86
-68.51899829621,-21.35744587996,2674,36,-211
-67.755430304708,-21.267614351548,2676,10,-449
-67.351188426854,-21.177782823136,2662,7,48
-69.057987466682,-19.33623649069,2704,30,408
-69.013071702476,-20.863372473694,2758,15,-392
-66.677451963764,-18.931994612836,2700,50,3313
-67.890177597326,-19.875225661162,2700,9,-620
-69.147818995094,-18.931994612836,2658,34,797
-65.419810565996,-19.965057189574,2727,23,-79
-67.261356898442,-19.695562604338,2689,18,218
-68.698661353034,-20.504046360046,2669,27,-278
-65.958799736468,-19.695562604338,2666,20,918
-67.890177597326,-18.707415791806,2688,24,676
-68.698661353034,-20.68370941687,2708,18,-627
-66.183378557498,-21.312530115754,2686,6,786
-67.755430304708,-21.402361644166,2672,13,-71
-67.036778077412,-19.33623649069,2690,23,1069
-65.82405244385,-20.414214831634,2727,12,540
-68.788492881446,-21.043035530518,2683,38,21
-65.913883972262,-19.33623649069,2700,18,270
-66.49778890694,-18.976910377042,2709,32,938
-69.41731358033,-19.246404962278,2755,12,113
-68.204587946768,-18.752331556012,2689,16,160
-68.51899829621,-20.773540945282,2677,32,-99
-68.204587946768,-20.144720246398,2680,11,-746
-68.429166767798,-20.998119766312,2669,35,14
-67.62068301209,-20.00997295378,2684,9,-562
-65.958799736468,-21.312530115754,2715,5,144
-65.329979037584,-20.189636010604,2761,22,190
-67.081693841618,-19.650646840132,2682,23,738
-68.74357711724,-21.267614351548,2684,31,-226
-65.734220915438,-20.593877888458,2739,11,322
-68.06984065415,-20.00997295378,2682,9,-780
-65.868968208056,-19.695562604338,2693,16,285
-65.285063273378,-20.189636010604,2754,25,383
-65.060484452348,-20.638793652664,2722,44,1247
-66.902030784794,-18.752331556012,2742,32,1145
-69.102903230888,-19.201489198072,2692,33,643
-67.530851483678,-19.650646840132,2698,13,17
-68.698661353034,-19.201489198072,2693,29,120
-68.833408645652,-19.740478368544,2645,30,349
-66.318125850116,-20.548962124252,2702,13,543
-67.081693841618,-21.447277408372,2662,7,-7
-67.39610419106,-19.246404962278,2680,23,750
-68.204587946768,-19.33623649069,2709,12,-314
-67.800346068914,-20.45913059584,2673,8,-701
-65.105400216554,-20.414214831634,2749,30,785
-65.59947362282,-19.021826141248,2733,44,969
-65.958799736468,-19.78539413275,2675,19,681
-67.755430304708,-20.548962124252,2676,9,-714
-67.755430304708,-20.369299067428,2667,8,-735
-65.644389387026,-19.695562604338,2665,33,492
-67.261356898442,-20.099804482192,2674,9,-498
-68.114756418356,-21.492193172578,2631,33,532
-66.138462793292,-20.68370941687,2707,12,582
-68.024924889944,-19.33623649069,2702,12,-199
-66.363041614322,-19.515899547514,2674,23,1532
-66.542704671146,-21.177782823136,2688,11,865
-68.878324409858,-20.144720246398,2709,21,-384
-66.767283492176,-21.043035530518,2685,8,165
-68.698661353034,-19.201489198072,2693,29,120
-66.452873142734,-20.279467539016,2697,13,346
-66.812199256382,-20.773540945282,2692,7,-356
-68.563914060416,-21.177782823136,2643,46,155
-68.923240174064,-18.931994612836,2684,24,137
-66.49778890694,-18.752331556012,2700,33,1116
-68.653745588828,-20.324383303222,2668,31,-80
-65.015568688142,-20.144720246398,2754,34,856
-65.240147509172,-20.593877888458,2746,19,381
-65.060484452348,-19.78539413275,2717,27,490
-66.767283492176,-19.381152254896,2701,32,2536
-67.306272662648,-18.88707884863,2698,27,926
-65.329979037584,-20.953204002106,2730,23,419
-65.913883972262,-20.279467539016,2688,16,1027
-65.958799736468,-19.381152254896,2712,13,-134
-65.59947362282,-19.201489198072,2734,34,537
-66.677451963764,-19.78539413275,2707,27,2080
-67.261356898442,-20.324383303222,2665,6,-748
-64.92573715973,-20.593877888458,2727,47,633
-67.84526183312,-19.066741905454,2687,17,207
-67.575767247884,-20.23455177481,2669,6,-739
-68.06984065415,-20.593877888458,2690,12,-407
-67.530851483678,-20.998119766312,2671,7,-470
-67.306272662648,-21.447277408372,2653,7,-47
-67.081693841618,-21.043035530518,2668,7,35
-68.96815593827,-19.830309896956,2698,27,258
-68.788492881446,-19.740478368544,2640,29,353
-68.563914060416,-19.246404962278,2716,20,-446
-67.261356898442,-21.492193172578,2650,7,-99
-69.282566287712,-18.88707884863,2707,28,511
-67.126609605824,-20.324383303222,2681,7,-609
-67.261356898442,-20.638793652664,2671,8,-546
-67.530851483678,-18.617584263394,2695,28,671
-68.114756418356,-19.381152254896,2705,12,-303
-66.857115020588,-18.797247320218,2746,33,1275
-66.452873142734,-19.515899547514,2686,26,1815
-65.060484452348,-20.728625181076,2735,35,649
-65.689305151232,-19.11165766966,2734,35,676
-65.464726330202,-21.222698587342,2691,21,957
-68.06984065415,-21.087951294724,2698,16,-675
-68.339335239386,-19.291320726484,2708,17,0
-68.878324409858,-19.426068019102,2693,25,14
-66.542704671146,-19.021826141248,2713,28,1058
-65.734220915438,-19.156573433866,2732,29,474
-67.036778077412,-19.650646840132,2677,25,1177
-67.800346068914,-19.11165766966,2690,17,229
-66.003715500674,-19.470983783308,2679,15,676
-65.689305151232,-19.875225661162,2706,21,-67
-65.82405244385,-20.68370941687,2727,10,48
-66.902030784794,-21.447277408372,2680,10,436
-66.72236772797,-20.638793652664,2703,8,-238
-67.62068301209,-19.11165766966,2688,20,572
-68.563914060416,-20.818456709488,2669,31,-109
-65.554557858614,-20.23455177481,2727,13,-179
-67.126609605824,-20.279467539016,2682,7,-587
-66.72236772797,-18.752331556012,2730,47,1757
-65.734220915438,-21.13286705893,2711,11,815
-66.27321008591,-21.222698587342,2681,9,1061
-65.285063273378,-19.515899547514,2740,28,69
-66.093547029086,-20.953204002106,2691,8,219
-66.812199256382,-21.043035530518,2681,9,138
-66.138462793292,-20.099804482192,2705,11,164
-66.138462793292,-20.324383303222,2708,10,169
-66.587620435352,-21.402361644166,2692,10,845
-65.59947362282,-19.965057189574,2727,21,-65
-66.632536199558,-19.695562604338,2704,31,2231
-68.923240174064,-21.043035530518,2736,23,-194
-65.37489480179,-20.504046360046,2753,20,714
-65.060484452348,-20.144720246398,2752,26,533
-69.057987466682,-19.11165766966,2683,33,549
-67.890177597326,-20.054888717986,2680,8,-753
-66.452873142734,-20.728625181076,2699,12,580
-68.249503710974,-19.830309896956,2692,12,-506
-68.429166767798,-18.88707884863,2701,16,-58
-66.946946549,-21.043035530518,2673,8,-148
-66.318125850116,-19.021826141248,2659,37,1507
-68.159672182562,-20.414214831634,2688,10,-660
-67.081693841618,-20.099804482192,2696,11,-181
-65.509642094408,-21.626940465196,2723,11,138
-68.474082532004,-20.773540945282,2686,23,-481
-69.552060872948,-18.6625000276,2732,16,422
-65.195231744966,-20.144720246398,2742,26,694
-67.485935719472,-19.920141425368,2684,10,-266
-67.800346068914,-21.177782823136,2644,15,187
-66.003715500674,-18.88707884863,2711,37,1188
-67.755430304708,-20.054888717986,2683,8,-735
-66.542704671146,-19.33623649069,2684,30,2154
-65.195231744966,-20.054888717986,2749,24,453
-67.441019955266,-18.976910377042,2691,25,875
-68.339335239386,-20.45913059584,2642,28,72
-65.868968208056,-21.043035530518,2693,9,785
-67.755430304708,-20.9082882379,2688,9,-624
-66.902030784794,-19.605731075926,2689,20,759
-66.767283492176,-18.797247320218,2744,39,1452
-66.003715500674,-21.267614351548,2692,6,465
-65.060484452348,-19.515899547514,2733,23,405
-68.024924889944,-19.11165766966,2688,13,1
-66.093547029086,-20.593877888458,2696,11,639
-69.237650523506,-19.021826141248,2712,28,515
-66.542704671146,-21.043035530518,2697,10,451
-68.159672182562,-20.638793652664,2681,14,-434
-68.114756418356,-18.617584263394,2689,26,512
-66.093547029086,-20.953204002106,2691,8,219
-68.74357711724,-21.35744587996,2685,24,-435
-68.833408645652,-19.515899547514,2689,24,-35
-67.17152537003,-19.56081531172,2683,21,536
-66.04863126488,-21.13286705893,2693,7,386
-67.351188426854,-19.56081531172,2679,21,826
-65.868968208056,-19.56081531172,2713,13,-212
-69.41731358033,-18.752331556012,2701,24,568
-66.902030784794,-20.414214831634,2700,11,-50
-68.788492881446,-18.931994612836,2675,29,563
-66.183378557498,-21.043035530518,2696,7,354
-69.41731358033,-18.976910377042,2724,21,526
-68.563914060416,-20.68370941687,2681,33,-160
-68.923240174064,-21.402361644166,2737,18,-490
-66.857115020588,-19.381152254896,2703,24,1425
-65.734220915438,-19.11165766966,2715,38,858
-68.96815593827,-18.931994612836,2683,25,239
-68.159672182562,-18.6625000276,2688,23,496
-68.653745588828,-20.054888717986,2676,31,151
-68.429166767798,-19.695562604338,2698,16,-386
-66.407957378528,-19.201489198072,2690,21,942
-67.890177597326,-19.875225661162,2700,9,-620
-69.372397816124,-18.707415791806,2688,26,566
-68.474082532004,-19.33623649069,2713,16,-518
-69.147818995094,-19.291320726484,2687,28,615
-66.677451963764,-18.88707884863,2727,48,2732
-67.980009125738,-18.842163084424,2683,21,448
-67.980009125738,-20.189636010604,2668,9,-739
-69.507145108742,-18.797247320218,2733,17,360
-66.093547029086,-20.23455177481,2707,10,119
-67.890177597326,-21.447277408372,2671,18,-49
-67.890177597326,-21.267614351548,2680,14,-263
-65.105400216554,-20.45913059584,2748,28,496
-66.632536199558,-20.728625181076,2705,8,-122
-68.51899829621,-20.548962124252,2678,30,-167
-66.767283492176,-20.23455177481,2694,24,1221
-67.39610419106,-19.56081531172,2684,20,654
-66.542704671146,-20.504046360046,2713,12,232
-68.339335239386,-20.998119766312,2697,20,-487
-69.102903230888,-18.88707884863,2693,33,532
-66.003715500674,-19.515899547514,2680,16,651
-65.509642094408,-19.830309896956,2730,26,47
-66.183378557498,-21.177782823136,2675,7,721
-68.878324409858,-18.707415791806,2698,20,-95
-66.003715500674,-18.707415791806,2699,46,969
-68.96815593827,-18.976910377042,2687,27,263
-66.812199256382,-19.426068019102,2701,28,1926
-65.329979037584,-20.189636010604,2761,22,190
-67.890177597326,-18.707415791806,2688,24,676
-66.946946549,-20.054888717986,2709,19,635
-68.51899829621,-18.6625000276,2695,19,210
-66.542704671146,-20.953204002106,2701,10,566
-66.452873142734,-20.593877888458,2709,14,597
-66.812199256382,-19.650646840132,2700,20,960
-68.74357711724,-20.369299067428,2654,27,-211
-68.474082532004,-20.45913059584,2693,20,-663
-66.183378557498,-19.470983783308,2684,17,818
-67.800346068914,-18.88707884863,2686,20,441
-66.991862313206,-21.267614351548,2670,7,-28
-65.060484452348,-20.324383303222,2755,31,639
-65.779136679644,-19.920141425368,2718,15,-23
-68.608829824622,-20.593877888458,2699,24,-548
-68.74357711724,-19.066741905454,2690,24,243
-66.72236772797,-20.189636010604,2686,23,1397
-66.04863126488,-20.054888717986,2696,14,163
-67.126609605824,-21.043035530518,2664,7,209
-67.39610419106,-19.246404962278,2680,23,750
-66.49778890694,-20.953204002106,2703,9,416
-64.880821395524,-20.00997295378,2733,45,1298
-66.49778890694,-20.728625181076,2706,11,217
-68.878324409858,-18.572668499188,2697,23,-142
-68.878324409858,-19.33623649069,2704,24,-111
-65.509642094408,-20.00997295378,2733,18,-251
-65.060484452348,-19.426068019102,2739,22,370
-68.114756418356,-20.773540945282,2696,14,-454
-68.06984065415,-20.144720246398,2673,9,-732
-68.653745588828,-20.9082882379,2684,29,-256
-66.767283492176,-20.369299067428,2703,18,639
-67.351188426854,-18.976910377042,2692,27,898
-66.542704671146,-19.470983783308,2666,33,2802
-66.138462793292,-19.515899547514,2670,16,900
-67.800346068914,-20.324383303222,2667,7,-707
-66.946946549,-20.728625181076,2684,7,-416
-65.554557858614,-19.695562604338,2711,29,266
-66.27321008591,-20.324383303222,2699,12,598
-68.204587946768,-21.13286705893,2699,17,-704
-68.114756418356,-20.369299067428,2681,10,-703
-66.542704671146,-19.965057189574,2669,20,1431
-66.857115020588,-21.043035530518,2679,9,23
-67.62068301209,-21.087951294724,2676,8,-404
-67.980009125738,-18.931994612836,2681,18,348
-66.318125850116,-18.88707884863,2676,33,1237
-67.935093361532,-20.548962124252,2687,9,-665
-68.159672182562,-21.043035530518,2691,19,-527
-66.003715500674,-19.246404962278,2678,21,707
-68.384251003592,-21.402361644166,2711,19,-671
-68.474082532004,-19.515899547514,2696,17,-306
-64.970652923936,-20.45913059584,2736,43,531
-68.429166767798,-20.504046360046,2685,20,-587
-67.575767247884,-20.953204002106,2676,7,-599
-68.833408645652,-20.773540945282,2696,28,-168
-68.698661353034,-20.818456709488,2697,24,-405
-67.39610419106,-21.177782823136,2649,7,222
-66.767283492176,-18.572668499188,2706,52,2035
-67.665598776296,-21.447277408372,2672,11,-72
-68.384251003592,-20.9082882379,2664,31,19
-67.62068301209,-20.45913059584,2670,7,-697
-66.49778890694,-18.976910377042,2709,32,938
-68.384251003592,-20.638793652664,2659,27,-86
-66.767283492176,-20.369299067428,2703,18,639
-68.923240174064,-19.11165766966,2699,26,109
-66.991862313206,-21.043035530518,2671,8,-124
-66.138462793292,-19.605731075926,2667,20,1235
-67.84526183312,-19.920141425368,2696,9,-635
-67.351188426854,-21.043035530518,2662,6,-190
-66.318125850116,-18.752331556012,2707,29,704
-67.39610419106,-20.054888717986,2675,8,-595
-67.980009125738,-19.246404962278,2696,12,-63
-67.261356898442,-18.88707884863,2702,27,990
-67.485935719472,-20.504046360046,2671,6,-718
-67.216441134236,-20.279467539016,2670,6,-751
-69.372397816124,-19.246404962278,2751,15,270
-68.698661353034,-21.35744587996,2696,22,-616
-66.812199256382,-20.728625181076,2693,8,-335
-67.081693841618,-21.13286705893,2667,7,-7
-65.060484452348,-19.426068019102,2739,22,370
-66.183378557498,-21.267614351548,2691,6,695
-67.441019955266,-20.414214831634,2668,6,-707
-65.554557858614,-20.324383303222,2741,12,-125
-66.677451963764,-20.099804482192,2683,22,1434
-67.216441134236,-19.56081531172,2684,20,266
-68.698661353034,-21.35744587996,2696,22,-616
-66.003715500674,-18.842163084424,2708,39,1088
-65.82405244385,-18.617584263394,2723,43,1001
-69.41731358033,-18.931994612836,2730,21,549
-68.339335239386,-20.773540945282,2694,18,-635
-65.464726330202,-20.863372473694,2727,20,624
-67.530851483678,-20.818456709488,2676,8,-542
-67.575767247884,-20.548962124252,2673,7,-669
-67.081693841618,-20.638793652664,2678,7,-459
-66.407957378528,-19.33623649069,2678,23,1495
-65.464726330202,-19.291320726484,2728,35,492
-65.195231744966,-19.875225661162,2741,19,-358
-66.902030784794,-19.156573433866,2732,22,1102
-65.82405244385,-20.504046360046,2711,14,816
-68.114756418356,-20.773540945282,2696,14,-454
-65.554557858614,-21.447277408372,2712,16,825
-67.351188426854,-21.447277408372,2644,8,303
-67.17152537003,-21.043035530518,2662,8,308
-66.318125850116,-18.707415791806,2703,31,798
-66.228294321704,-21.267614351548,2670,9,1115
-66.003715500674,-21.222698587342,2698,6,183
-65.868968208056,-20.504046360046,2715,13,618
-66.27321008591,-21.35744587996,2675,8,1025
-69.057987466682,-19.201489198072,2694,33,548
-65.689305151232,-19.381152254896,2705,31,282
-67.17152537003,-19.650646840132,2687,22,450
-66.72236772797,-19.965057189574,2692,29,2397
-69.147818995094,-18.707415791806,2691,26,182
-69.686808165566,-18.617584263394,2747,7,-28
-65.779136679644,-21.177782823136,2729,8,244
-64.970652923936,-19.56081531172,2732,20,347
-68.74357711724,-19.830309896956,2677,29,155
-67.485935719472,-18.6625000276,2697,27,612
-67.17152537003,-19.920141425368,2690,15,12
-67.980009125738,-19.875225661162,2697,10,-614
-68.788492881446,-20.773540945282,2686,28,-163
-69.013071702476,-20.324383303222,2700,23,-222
-67.935093361532,-19.695562604338,2706,13,4
-66.003715500674,-19.470983783308,2679,15,676
-67.890177597326,-20.324383303222,2668,8,-674
-67.216441134236,-19.201489198072,2689,21,587
-68.474082532004,-20.279467539016,2700,19,-641
-67.081693841618,-18.88707884863,2739,24,788
-69.282566287712,-18.88707884863,2707,28,511
-66.318125850116,-18.931994612836,2674,33,1291
-66.587620435352,-20.279467539016,2692,15,856
-68.114756418356,-18.707415791806,2687,21,367
-69.1927347593,-19.021826141248,2700,30,598
-68.29441947518,-19.515899547514,2704,13,-453
-67.441019955266,-19.78539413275,2691,12,-15
-67.39610419106,-18.797247320218,2700,24,454
-65.958799736468,-19.201489198072,2686,21,767
-66.363041614322,-19.875225661162,2680,17,1285
-66.72236772797,-20.548962124252,2700,12,62
-65.59947362282,-19.201489198072,2734,34,537
-68.204587946768,-19.830309896956,2671,15,-150
-69.327482051918,-18.976910377042,2722,22,328
-67.890177597326,-19.920141425368,2694,9,-692
-68.51899829621,-20.998119766312,2685,30,-305
-68.249503710974,-20.953204002106,2690,18,-553
-66.093547029086,-20.279467539016,2704,11,329
-66.27321008591,-18.6625000276,2726,25,203
-68.29441947518,-19.920141425368,2674,19,-85
-67.530851483678,-19.695562604338,2697,12,-79
-64.835905631318,-20.593877888458,2739,57,660
-65.734220915438,-19.740478368544,2682,29,471
-68.114756418356,-18.752331556012,2686,18,270
-67.800346068914,-20.369299067428,2669,7,-699
-68.833408645652,-19.515899547514,2689,24,-35
-65.37489480179,-19.695562604338,2726,27,-31
-67.84526183312,-19.78539413275,2701,14,-10
-67.39610419106,-21.492193172578,2646,8,125
-66.183378557498,-19.156573433866,2691,18,98
-68.114756418356,-19.875225661162,2694,11,-583
-68.833408645652,-18.88707884863,2656,30,706
-65.958799736468,-21.312530115754,2715,5,144
-65.913883972262,-19.830309896956,2672,19,834
-65.779136679644,-20.054888717986,2682,22,946
-66.542704671146,-21.087951294724,2695,10,594
-65.464726330202,-19.11165766966,2769,29,-13
-69.237650523506,-19.605731075926,2749,12,-6
-66.093547029086,-20.593877888458,2696,11,639
-66.228294321704,-19.246404962278,2681,19,709
-66.093547029086,-19.470983783308,2687,14,518
-66.857115020588,-21.447277408372,2685,11,537
-65.37489480179,-20.099804482192,2745,22,223
-67.036778077412,-20.054888717986,2702,15,278
-68.29441947518,-18.752331556012,2689,20,733
-66.767283492176,-21.312530115754,2686,11,433
-67.036778077412,-19.650646840132,2677,25,1177
-67.710514540502,-20.45913059584,2670,9,-745
-68.429166767798,-20.728625181076,2664,27,-204
-67.62068301209,-18.752331556012,2688,25,981
-67.665598776296,-18.88707884863,2687,25,779
-66.093547029086,-20.45913059584,2720,10,-181
-69.057987466682,-19.78539413275,2734,20,107
-69.64189240136,-18.617584263394,2739,10,138
-67.980009125738,-20.593877888458,2692,9,-616
-64.880821395524,-20.548962124252,2705,58,765
-67.935093361532,-18.752331556012,2684,24,725
-67.081693841618,-20.728625181076,2677,7,-449
-65.464726330202,-19.740478368544,2732,27,-64
-65.240147509172,-20.23455177481,2757,26,624
-68.51899829621,-20.638793652664,2657,37,9
-65.105400216554,-20.279467539016,2755,27,717
-67.39610419106,-19.021826141248,2690,24,708
-65.419810565996,-21.13286705893,2716,23,831
-67.710514540502,-19.56081531172,2692,18,760
-68.878324409858,-18.88707884863,2667,29,595
-65.689305151232,-19.470983783308,2708,22,28
-65.464726330202,-19.740478368544,2732,27,-64
-66.452873142734,-19.740478368544,2666,22,2148
-68.74357711724,-19.695562604338,2664,25,141
-68.429166767798,-21.267614351548,2654,37,-35
-68.96815593827,-18.617584263394,2699,23,-61
-68.563914060416,-18.88707884863,2682,22,570
-66.093547029086,-20.279467539016,2704,11,329
-65.240147509172,-20.279467539016,2747,28,1220
-68.474082532004,-19.426068019102,2704,17,-399
-66.812199256382,-20.189636010604,2707,24,1204
-66.452873142734,-21.043035530518,2699,10,625
-66.991862313206,-21.222698587342,2670,7,-68
-64.746074102906,-20.189636010604,2723,54,902
-68.339335239386,-20.998119766312,2697,20,-487
-67.081693841618,-21.222698587342,2667,7,-33
-68.429166767798,-20.189636010604,2695,19,-589
-66.407957378528,-18.931994612836,2668,41,1768
-67.665598776296,-21.177782823136,2669,10,-155
-66.138462793292,-20.728625181076,2696,13,785
-68.563914060416,-20.324383303222,2703,22,-536
-65.644389387026,-19.201489198072,2724,32,489
-66.542704671146,-21.13286705893,2694,11,745
-68.698661353034,-21.177782823136,2687,35,-179
-68.159672182562,-21.043035530518,2691,19,-527
-65.329979037584,-20.369299067428,2756,24,902
-66.587620435352,-21.222698587342,2692,10,686
-68.204587946768,-20.638793652664,2698,14,-582
-68.159672182562,-20.144720246398,2678,9,-731
-67.216441134236,-18.6625000276,2709,28,631
-65.105400216554,-19.875225661162,2746,20,-122
-68.429166767798,-20.863372473694,2689,23,-416
-65.554557858614,-19.695562604338,2711,29,266
-66.452873142734,-19.515899547514,2686,26,1815
-69.327482051918,-19.291320726484,2732,18,403
-68.249503710974,-21.267614351548,2699,23,-545
-64.970652923936,-19.740478368544,2732,25,511
-66.542704671146,-21.13286705893,2694,11,745
-68.249503710974,-20.548962124252,2699,14,-711
-66.452873142734,-21.267614351548,2684,12,1323
-66.093547029086,-18.797247320218,2724,30,361
-68.29441947518,-21.043035530518,2693,20,-518
-68.204587946768,-19.965057189574,2688,11,-685
-68.429166767798,-19.021826141248,2683,21,391
-65.59947362282,-19.965057189574,2727,21,-65
-65.285063273378,-20.414214831634,2742,26,1231
-65.105400216554,-20.279467539016,2755,27,717
-68.06984065415,-20.728625181076,2689,16,-237
-64.835905631318,-20.504046360046,2728,58,762
-66.093547029086,-19.33623649069,2698,13,62
-69.013071702476,-19.965057189574,2716,24,124
-67.755430304708,-19.605731075926,2706,14,126
-68.74357711724,-21.312530115754,2688,27,-382
-67.755430304708,-21.492193172578,2628,20,603
-66.452873142734,-20.773540945282,2702,11,447
-69.1927347593,-18.707415791806,2686,28,320
-66.183378557498,-20.863372473694,2714,7,-67
-68.51899829621,-20.189636010604,2683,29,-133
-68.923240174064,-20.548962124252,2709,24,-275
-66.632536199558,-21.13286705893,2694,9,341
-67.126609605824,-18.931994612836,2731,25,764
-65.913883972262,-18.707415791806,2710,43,1077
-68.923240174064,-20.144720246398,2693,23,-208
-67.39610419106,-18.797247320218,2700,24,454
-67.17152537003,-19.246404962278,2690,21,595
-68.474082532004,-19.695562604338,2694,17,-309
-66.72236772797,-19.201489198072,2717,36,2366
-65.329979037584,-20.863372473694,2727,21,473
-67.485935719472,-20.369299067428,2669,6,-727
-65.195231744966,-20.324383303222,2739,27,1046
-68.06984065415,-18.931994612836,2683,16,261
-65.509642094408,-19.695562604338,2732,27,-36
-66.72236772797,-20.773540945282,2698,7,-263
-67.84526183312,-19.11165766966,2689,16,172
-67.575767247884,-19.021826141248,2688,23,715
-66.632536199558,-20.369299067428,2699,14,767
-68.608829824622,-21.35744587996,2700,31,-388
-66.003715500674,-19.920141425368,2668,21,1030
-65.554557858614,-19.33623649069,2706,39,619
-67.890177597326,-21.087951294724,2667,15,-100
-67.890177597326,-18.752331556012,2686,24,677
-67.890177597326,-20.45913059584,2677,8,-654
-67.84526183312,-21.402361644166,2672,16,-106
-67.935093361532,-19.066741905454,2684,15,147
-66.946946549,-20.818456709488,2680,7,-308
-66.72236772797,-20.414214831634,2690,17,713
-64.92573715973,-20.593877888458,2727,47,633
-67.710514540502,-20.728625181076,2656,12,2
-66.991862313206,-21.222698587342,2670,7,-68
-66.093547029086,-19.920141425368,2688,17,724
-65.509642094408,-21.492193172578,2708,17,797
-68.563914060416,-19.78539413275,2696,22,-171
-67.62068301209,-20.504046360046,2671,7,-680
-68.878324409858,-19.56081531172,2689,25,68
-67.216441134236,-20.324383303222,2669,6,-751
-66.677451963764,-20.863372473694,2695,8,24
-66.767283492176,-18.976910377042,2747,42,2376
-67.935093361532,-18.797247320218,2684,23,591
-67.126609605824,-19.920141425368,2694,16,123
-68.788492881446,-21.043035530518,2683,38,21
-68.06984065415,-18.976910377042,2683,15,176
-67.530851483678,-20.68370941687,2676,8,-584
-68.923240174064,-20.863372473694,2706,25,-170
-68.51899829621,-18.707415791806,2697,18,211
-67.39610419106,-19.066741905454,2690,21,496
-68.339335239386,-19.830309896956,2683,17,-171
-68.29441947518,-19.965057189574,2653,24,109
-67.84526183312,-20.45913059584,2675,8,-674
-68.024924889944,-19.650646840132,2678,15,387
-67.530851483678,-19.021826141248,2689,24,722
-65.329979037584,-21.492193172578,2713,23,842
-67.081693841618,-18.6625000276,2723,28,812
-66.452873142734,-19.066741905454,2697,30,860
-68.608829824622,-20.9082882379,2659,26,-226
-67.935093361532,-20.638793652664,2695,9,-629
-69.282566287712,-19.291320726484,2720,21,528
-68.429166767798,-18.752331556012,2697,17,157
-67.710514540502,-19.605731075926,2695,16,401
-68.204587946768,-19.291320726484,2710,12,-352
-66.003715500674,-21.177782823136,2688,7,328
-68.653745588828,-18.6625000276,2693,20,258
-66.27321008591,-21.087951294724,2692,8,623
-65.015568688142,-20.728625181076,2724,38,697
-66.318125850116,-19.291320726484,2673,19,1014
-65.913883972262,-20.953204002106,2696,10,758
-68.51899829621,-21.087951294724,2673,36,-110
-67.84526183312,-21.222698587342,2691,10,-644
-68.51899829621,-19.291320726484,2715,18,-480
-69.057987466682,-18.752331556012,2650,29,528
-68.653745588828,-20.773540945282,2702,21,-551
-65.464726330202,-21.222698587342,2691,21,957
-67.216441134236,-20.144720246398,2675,9,-500
-66.632536199558,-20.548962124252,2709,11,78
-68.563914060416,-20.68370941687,2681,33,-160
-66.318125850116,-19.920141425368,2689,15,883
-66.318125850116,-19.156573433866,2686,21,400
-67.665598776296,-20.324383303222,2667,7,-750
-67.351188426854,-21.222698587342,2664,7,34
-68.204587946768,-20.68370941687,2672,21,-28
-66.452873142734,-21.312530115754,2684,12,1326
-68.29441947518,-20.324383303222,2676,20,-498
-68.788492881446,-19.56081531172,2691,22,-147
-68.51899829621,-19.830309896956,2689,21,-117
-66.093547029086,-20.099804482192,2712,10,-104
-66.228294321704,-20.548962124252,2712,10,402
-65.419810565996,-19.56081531172,2733,28,-120
-66.72236772797,-19.650646840132,2704,26,1705
-68.833408645652,-19.291320726484,2692,25,-50
-67.216441134236,-19.920141425368,2686,14,-119
-66.49778890694,-20.144720246398,2694,14,854
-66.363041614322,-21.312530115754,2672,11,1052
-64.92573715973,-20.054888717986,2720,55,1749
-68.923240174064,-19.695562604338,2698,29,253
-67.485935719472,-18.617584263394,2695,29,688
-66.003715500674,-19.381152254896,2702,13,-151
-67.485935719472,-19.11165766966,2686,21,657
-68.833408645652,-20.593877888458,2688,26,-263
-66.946946549,-19.246404962278,2709,20,915
-68.114756418356,-19.830309896956,2698,11,-491
-66.72236772797,-21.35744587996,2693,11,530
-66.363041614322,-19.740478368544,2667,18,1346
-68.29441947518,-19.470983783308,2705,13,-492
-68.608829824622,-21.043035530518,2686,32,-227
-67.17152537003,-20.279467539016,2675,7,-688
-68.384251003592,-19.830309896956,2690,18,-172
-67.306272662648,-20.054888717986,2675,9,-506
-64.746074102906,-20.099804482192,2705,52,1033
-67.890177597326,-19.78539413275,2709,11,-363
-68.249503710974,-18.931994612836,2692,15,86
-66.587620435352,-20.68370941687,2709,9,-14
-66.587620435352,-20.818456709488,2703,8,152
-66.093547029086,-20.548962124252,2711,10,404
-65.779136679644,-20.324383303222,2729,11,437
-65.195231744966,-20.279467539016,2740,28,1140
-66.677451963764,-20.00997295378,2676,26,2441
-66.857115020588,-21.087951294724,2678,9,58
-69.102903230888,-18.797247320218,2690,29,362
-67.216441134236,-20.504046360046,2669,6,-702
-65.329979037584,-20.369299067428,2756,24,902
-69.057987466682,-19.201489198072,2694,33,548
-66.767283492176,-18.6625000276,2725,46,1702
-67.575767247884,-20.279467539016,2668,6,-749
-68.114756418356,-21.447277408372,2681,30,221
-65.509642094408,-20.998119766312,2711,20,693
-68.06984065415,-20.369299067428,2678,10,-698
-66.946946549,-21.402361644166,2674,9,254
-67.530851483678,-20.23455177481,2669,6,-741
-64.835905631318,-19.875225661162,2745,29,454
-67.935093361532,-21.35744587996,2682,17,-271
-68.833408645652,-18.797247320218,2663,26,594
-67.665598776296,-19.426068019102,2704,13,3
-66.04863126488,-21.267614351548,2690,6,417
-67.755430304708,-19.695562604338,2677,17,695
-68.608829824622,-20.279467539016,2690,27,-300
-68.249503710974,-20.369299067428,2689,12,-713
-67.126609605824,-19.650646840132,2688,22,436
-68.384251003592,-20.099804482192,2691,17,-579
-66.812199256382,-20.593877888458,2697,8,-262
-68.249503710974,-19.78539413275,2695,12,-534
-68.474082532004,-21.177782823136,2641,36,-19
-66.183378557498,-18.842163084424,2703,25,668
-65.015568688142,-20.638793652664,2717,44,982
-65.958799736468,-20.324383303222,2703,13,449
-68.159672182562,-20.593877888458,2696,12,-661
-66.857115020588,-20.728625181076,2690,7,-355
-68.96815593827,-20.45913059584,2701,24,-287
-67.530851483678,-19.156573433866,2686,19,520
-68.429166767798,-20.953204002106,2633,37,257
-68.788492881446,-20.68370941687,2682,25,-238
-67.935093361532,-20.369299067428,2672,10,-661
-65.37489480179,-21.671856229402,2722,20,763
-65.913883972262,-19.740478368544,2691,17,452
-65.779136679644,-20.144720246398,2709,18,700
-65.554557858614,-19.56081531172,2721,27,108
-65.82405244385,-21.087951294724,2717,9,745
-66.003715500674,-18.752331556012,2720,39,526
-67.485935719472,-20.279467539016,2668,6,-745
-69.237650523506,-19.201489198072,2722,24,408
-68.788492881446,-20.054888717986,2704,26,-207
-68.563914060416,-21.402361644166,2682,34,-236
-67.39610419106,-20.23455177481,2667,6,-720
-67.62068301209,-21.35744587996,2671,10,-349
-68.429166767798,-19.920141425368,2679,22,-107
-66.407957378528,-20.414214831634,2689,17,751
-68.159672182562,-19.875225661162,2693,11,-563
-67.710514540502,-19.201489198072,2695,17,261
-67.036778077412,-20.728625181076,2670,8,-169
-66.04863126488,-20.324383303222,2695,13,555
-65.509642094408,-19.470983783308,2716,34,308
-66.318125850116,-20.279467539016,2702,11,272
-67.216441134236,-20.68370941687,2673,7,-508
-67.800346068914,-18.707415791806,2689,25,683
-66.812199256382,-19.515899547514,2697,28,1772
-67.935093361532,-18.617584263394,2689,26,722
-67.261356898442,-18.842163084424,2705,25,648
-67.755430304708,-20.144720246398,2674,8,-719
-66.857115020588,-20.279467539016,2703,20,811
-68.833408645652,-19.246404962278,2694,24,-125
-65.59947362282,-19.830309896956,2700,31,318
-65.868968208056,-20.504046360046,2715,13,618
-67.485935719472,-21.447277408372,2656,8,60
-66.812199256382,-18.88707884863,2756,36,1710
-68.384251003592,-19.426068019102,2707,13,-569
-65.958799736468,-20.953204002106,2684,11,809
-68.74357711724,-18.842163084424,2680,23,375
-66.093547029086,-20.189636010604,2708,10,171
-68.923240174064,-19.875225661162,2703,26,81
-66.946946549,-20.23455177481,2706,15,305
-66.138462793292,-20.68370941687,2707,12,582
-66.632536199558,-19.965057189574,2672,23,1881
-67.126609605824,-19.56081531172,2675,25,1012
-67.261356898442,-21.267614351548,2658,7,225
-68.878324409858,-19.201489198072,2704,28,-54
-66.452873142734,-21.043035530518,2699,10,625
-69.013071702476,-19.470983783308,2681,27,309
-68.878324409858,-20.68370941687,2711,25,-225
-68.878324409858,-19.875225661162,2697,25,39
-67.081693841618,-18.617584263394,2720,30,843
-67.261356898442,-21.267614351548,2658,7,225
-66.857115020588,-20.593877888458,2695,8,-311
-66.767283492176,-20.414214831634,2702,16,494
-68.249503710974,-19.605731075926,2702,12,-441
-65.59947362282,-21.312530115754,2714,14,858
-65.419810565996,-21.087951294724,2703,25,1021
-66.587620435352,-18.88707884863,2711,34,1550
-68.878324409858,-19.695562604338,2681,31,340
-66.542704671146,-20.863372473694,2704,8,124
-67.081693841618,-18.752331556012,2729,25,783
-67.800346068914,-21.087951294724,2683,12,-177
-68.563914060416,-19.740478368544,2687,21,-120
-66.632536199558,-20.414214831634,2696,14,717
-66.946946549,-20.504046360046,2692,8,-323
-68.159672182562,-21.35744587996,2684,33,60
-68.249503710974,-20.324383303222,2686,13,-750
-66.003715500674,-21.267614351548,2692,6,465
-67.530851483678,-19.515899547514,2696,15,161
-68.29441947518,-21.13286705893,2696,22,-478
-66.003715500674,-20.953204002106,2680,11,691
-66.093547029086,-18.617584263394,2705,55,1375
-67.800346068914,-19.650646840132,2712,13,18
-67.800346068914,-19.291320726484,2701,13,7
-66.49778890694,-20.414214831634,2711,12,183
-67.17152537003,-21.492193172578,2653,7,-80
-66.857115020588,-19.830309896956,2701,21,1028
-67.530851483678,-18.931994612836,2689,27,1073
-64.92573715973,-20.279467539016,2742,37,267
-68.698661353034,-19.201489198072,2693,29,120
-66.946946549,-21.222698587342,2673,8,-34
-67.126609605824,-21.043035530518,2664,7,209
-69.41731358033,-19.066741905454,2707,20,549
-68.698661353034,-20.279467539016,2673,32,-42
-67.935093361532,-20.414214831634,2676,10,-670
-67.800346068914,-18.931994612836,2685,20,413
-67.126609605824,-19.515899547514,2676,25,1081
-66.49778890694,-20.00997295378,2695,14,557
-66.49778890694,-19.021826141248,2705,32,1000
-67.935093361532,-20.23455177481,2666,8,-699
-68.923240174064,-19.605731075926,2674,28,285
-65.868968208056,-20.728625181076,2722,12,545
-64.835905631318,-20.099804482192,2698,47,1080
-67.665598776296,-20.23455177481,2668,7,-736
-68.698661353034,-20.00997295378,2685,31,144
-68.608829824622,-19.201489198072,2707,28,-17
-67.62068301209,-19.11165766966,2688,20,572
-66.363041614322,-20.00997295378,2682,16,877
-67.441019955266,-18.797247320218,2699,24,526
-68.833408645652,-19.605731075926,2682,26,115
-66.003715500674,-20.23455177481,2703,13,583
-67.216441134236,-21.402361644166,2655,6,-87
-66.49778890694,-20.414214831634,2711,12,183
-66.093547029086,-20.054888717986,2702,11,45
-68.788492881446,-21.13286705893,2689,37,-26
-68.788492881446,-20.773540945282,2686,28,-163
-66.138462793292,-18.752331556012,2727,29,282
-67.980009125738,-19.965057189574,2687,8,-780
-65.734220915438,-18.6625000276,2786,29,324
-68.384251003592,-20.728625181076,2675,26,-266
-65.958799736468,-19.78539413275,2675,19,681
-68.249503710974,-20.00997295378,2685,14,-545
-67.485935719472,-21.447277408372,2656,8,60
-67.935093361532,-20.773540945282,2702,9,-718
-68.74357711724,-19.066741905454,2690,24,243
-67.665598776296,-21.35744587996,2671,11,-374
-68.339335239386,-21.492193172578,2712,18,-607
-67.935093361532,-21.402361644166,2675,17,-189
-67.17152537003,-20.9082882379,2672,7,-370
-65.913883972262,-21.043035530518,2704,8,624
-65.644389387026,-20.144720246398,2727,12,-538
-65.82405244385,-20.144720246398,2717,14,351
-65.195231744966,-20.054888717986,2749,24,453
-66.902030784794,-19.246404962278,2713,21,1072
-65.15031598076,-19.515899547514,2737,27,233
-65.868968208056,-18.752331556012,2740,32,780
-67.216441134236,-19.470983783308,2679,21,579
-66.452873142734,-20.728625181076,2699,12,580
-69.102903230888,-19.56081531172,2702,23,347
-69.282566287712,-18.617584263394,2672,30,502
-68.024924889944,-20.189636010604,2669,9,-746
-67.935093361532,-21.402361644166,2675,17,-189
-67.935093361532,-20.23455177481,2666,8,-699
-68.788492881446,-18.797247320218,2675,23,434
-67.62068301209,-19.920141425368,2691,11,-305
-66.587620435352,-21.087951294724,2694,10,461
-66.946946549,-20.818456709488,2680,7,-308
-66.452873142734,-18.797247320218,2692,30,1056
-68.653745588828,-21.447277408372,2703,21,-629
-66.946946549,-18.572668499188,2724,42,1471
-67.126609605824,-20.9082882379,2671,7,-351
-68.384251003592,-21.13286705893,2662,32,-83
-66.003715500674,-19.021826141248,2711,22,253
-69.147818995094,-19.605731075926,2700,20,325
-65.689305151232,-18.707415791806,2748,35,877
-65.509642094408,-19.11165766966,2743,35,513
-67.17152537003,-20.369299067428,2673,7,-687
-68.608829824622,-21.087951294724,2696,31,-385
-67.84526183312,-19.246404962278,2698,13,34
-66.04863126488,-18.6625000276,2701,52,1287
-65.015568688142,-19.605731075926,2735,23,418
-68.249503710974,-18.931994612836,2692,15,86
-67.126609605824,-19.965057189574,2694,15,2
-67.126609605824,-20.00997295378,2693,13,-96
-66.767283492176,-20.953204002106,2688,8,-52
-65.868968208056,-20.279467539016,2716,14,825
-66.902030784794,-18.931994612836,2762,28,1345
-68.249503710974,-19.33623649069,2708,17,39
-68.653745588828,-21.267614351548,2692,33,-326
-66.318125850116,-20.00997295378,2683,18,1204
-68.384251003592,-18.6625000276,2693,21,345
-66.49778890694,-19.156573433866,2687,27,1370
-65.59947362282,-21.35744587996,2712,16,1205
-66.902030784794,-19.291320726484,2708,21,1036
-67.126609605824,-20.279467539016,2682,7,-587
-68.114756418356,-18.6625000276,2688,24,467
-68.339335239386,-21.447277408372,2701,23,-411
-67.216441134236,-18.6625000276,2709,28,631
-64.746074102906,-20.144720246398,2718,55,1083
-66.183378557498,-21.267614351548,2691,6,695
-66.183378557498,-19.426068019102,2685,16,766
-68.563914060416,-21.312530115754,2684,38,-199
-67.980009125738,-18.752331556012,2684,23,636
-66.857115020588,-19.875225661162,2705,21,1065
-66.542704671146,-20.144720246398,2686,15,1081
-67.216441134236,-20.054888717986,2681,11,-364
-68.024924889944,-21.177782823136,2700,15,-629
-66.452873142734,-21.402361644166,2689,10,1081
-67.351188426854,-19.830309896956,2687,13,-34
-65.105400216554,-20.23455177481,2756,24,413
-66.587620435352,-18.797247320218,2705,42,1770
-69.013071702476,-20.45913059584,2709,21,-327
-66.677451963764,-18.976910377042,2709,49,3198
-67.485935719472,-20.504046360046,2671,6,-718
-65.779136679644,-19.291320726484,2718,20,100
-67.84526183312,-21.087951294724,2646,17,300
-68.474082532004,-20.548962124252,2680,27,-297
-68.429166767798,-20.593877888458,2660,27,-94
-66.587620435352,-21.087951294724,2694,10,461
-68.06984065415,-21.087951294724,2698,16,-675
-66.72236772797,-18.707415791806,2723,45,1637
-67.710514540502,-20.369299067428,2667,8,-753
-68.29441947518,-20.099804482192,2677,20,-363
-66.093547029086,-20.144720246398,2706,10,58
-66.452873142734,-18.6625000276,2706,33,854
-67.980009125738,-20.638793652664,2694,10,-433
-66.72236772797,-20.189636010604,2686,23,1397
-65.37489480179,-19.695562604338,2726,27,-31
-68.024924889944,-21.222698587342,2687,19,-315
-67.575767247884,-21.222698587342,2640,14,555
-67.755430304708,-21.35744587996,2674,13,-131
-67.62068301209,-18.707415791806,2693,25,772
-66.587620435352,-20.548962124252,2713,11,-18
-68.249503710974,-19.291320726484,2712,13,-211
-67.351188426854,-19.33623649069,2681,19,413
-66.003715500674,-20.773540945282,2735,8,-24
-68.788492881446,-21.402361644166,2679,24,-373
-66.857115020588,-21.087951294724,2678,9,58
-67.216441134236,-21.492193172578,2651,7,-100
-66.363041614322,-18.617584263394,2702,34,701
-66.04863126488,-20.593877888458,2713,11,626
-66.767283492176,-19.021826141248,2753,39,2154
-68.249503710974,-19.965057189574,2688,16,-475
-68.698661353034,-19.515899547514,2693,22,-146
-67.351188426854,-19.920141425368,2682,11,-246
-66.72236772797,-21.402361644166,2686,12,959
-68.788492881446,-19.605731075926,2684,23,-34
-66.72236772797,-18.6625000276,2706,45,1607
-65.329979037584,-19.470983783308,2728,31,234
-66.72236772797,-18.707415791806,2723,45,1637
-67.575767247884,-18.572668499188,2693,29,754
-66.003715500674,-20.00997295378,2673,20,919
-68.878324409858,-19.740478368544,2677,31,356
-65.689305151232,-21.087951294724,2716,11,655
-68.833408645652,-19.470983783308,2691,24,-57
-65.419810565996,-21.80660352202,2746,11,-212
-66.228294321704,-19.201489198072,2689,18,501
-66.228294321704,-18.6625000276,2708,32,639
-65.195231744966,-20.144720246398,2742,26,694
-67.081693841618,-19.695562604338,2687,21,485
-68.788492881446,-21.492193172578,2681,20,-509
-65.060484452348,-20.324383303222,2755,31,639
-65.868968208056,-20.818456709488,2705,11,724
-67.441019955266,-21.312530115754,2666,7,-281
-64.835905631318,-19.875225661162,2745,29,454
-68.06984065415,-19.021826141248,2684,14,79
-66.27321008591,-19.830309896956,2692,14,385
-68.74357711724,-20.00997295378,2689,29,22
-66.318125850116,-19.740478368544,2671,19,1235
-66.72236772797,-19.515899547514,2690,33,2495
-66.363041614322,-19.470983783308,2675,24,1568
-67.441019955266,-19.515899547514,2689,17,247
-69.057987466682,-19.066741905454,2690,35,654
-66.902030784794,-20.504046360046,2695,9,-224
-67.84526183312,-18.572668499188,2692,27,699
-66.138462793292,-21.13286705893,2686,7,712
-65.868968208056,-21.087951294724,2690,9,900
-67.351188426854,-20.9082882379,2668,7,-171
-65.644389387026,-20.144720246398,2727,12,-538
-68.06984065415,-21.537108936784,2682,28,185
-68.878324409858,-19.605731075926,2671,28,255
-65.82405244385,-21.267614351548,2716,8,736
-67.126609605824,-20.45913059584,2676,7,-648
-66.677451963764,-20.00997295378,2676,26,2441
-68.159672182562,-18.88707884863,2686,18,602
-68.923240174064,-21.222698587342,2759,20,-392
-66.677451963764,-21.447277408372,2695,11,1082
-68.474082532004,-20.998119766312,2667,34,-106
-68.563914060416,-19.426068019102,2696,21,-79
-68.114756418356,-21.492193172578,2631,33,532
-67.84526183312,-19.066741905454,2687,17,207
-68.653745588828,-20.593877888458,2702,20,-648
-64.746074102906,-20.099804482192,2705,52,1033
-66.857115020588,-21.087951294724,2678,9,58
-67.62068301209,-20.593877888458,2659,9,-185
-66.363041614322,-19.246404962278,2685,19,784
-67.575767247884,-18.88707884863,2688,27,1031
-66.003715500674,-19.830309896956,2675,16,373
-65.868968208056,-20.593877888458,2718,11,201
-67.980009125738,-21.35744587996,2667,18,-171
-68.923240174064,-18.797247320218,2679,29,508
-65.868968208056,-20.099804482192,2700,14,297
-64.835905631318,-20.23455177481,2740,43,421
-68.249503710974,-19.201489198072,2709,12,-419
-66.767283492176,-19.246404962278,2716,30,2110
-66.04863126488,-20.593877888458,2713,11,626
-68.74357711724,-20.863372473694,2683,31,-119
-68.51899829621,-20.818456709488,2679,30,-140
-65.105400216554,-20.369299067428,2746,31,834
-65.329979037584,-20.45913059584,2744,23,1146
-65.240147509172,-20.369299067428,2711,27,1225
-68.563914060416,-21.447277408372,2695,32,-288
-67.351188426854,-19.11165766966,2686,24,823
-65.509642094408,-20.099804482192,2733,17,-151
-68.788492881446,-19.56081531172,2691,22,-147
-65.554557858614,-18.842163084424,2754,36,837
-65.868968208056,-20.953204002106,2733,8,309
-65.329979037584,-21.671856229402,2749,20,524
-67.17152537003,-19.291320726484,2687,22,592
-68.384251003592,-19.470983783308,2705,14,-469
-65.37489480179,-20.099804482192,2745,22,223
-67.126609605824,-19.650646840132,2688,22,436
-69.102903230888,-19.021826141248,2671,34,678
-68.474082532004,-19.830309896956,2699,16,-432
-69.507145108742,-18.6625000276,2721,20,518
-67.84526183312,-20.00997295378,2686,8,-741
-67.126609605824,-20.998119766312,2667,7,44
-68.114756418356,-20.818456709488,2691,15,-342
-66.991862313206,-19.650646840132,2682,23,923
-68.024924889944,-18.752331556012,2685,22,437
-67.351188426854,-21.13286705893,2661,6,-7
-67.261356898442,-19.381152254896,2680,21,562
-66.49778890694,-19.381152254896,2675,26,2007
-66.363041614322,-20.144720246398,2700,12,311
-65.779136679644,-19.56081531172,2704,18,-55
-68.339335239386,-19.381152254896,2703,15,-371
-69.057987466682,-19.11165766966,2683,33,549
-65.644389387026,-19.740478368544,2662,33,509
-67.126609605824,-20.00997295378,2693,13,-96
-67.710514540502,-18.931994612836,2687,22,550
-69.41731358033,-19.156573433866,2745,16,327
-66.542704671146,-20.68370941687,2711,10,53
-67.351188426854,-20.863372473694,2669,7,-318
-66.003715500674,-19.021826141248,2711,22,253
-66.318125850116,-21.13286705893,2679,8,770
-67.665598776296,-18.707415791806,2690,26,900
-67.800346068914,-19.381152254896,2707,12,-54
-66.812199256382,-20.818456709488,2690,8,-332
-65.464726330202,-20.00997295378,2739,17,-504
-65.734220915438,-20.099804482192,2715,19,687
-68.74357711724,-19.920141425368,2683,29,147
-68.698661353034,-21.222698587342,2691,33,-274
-67.890177597326,-20.638793652664,2691,10,-618
-65.37489480179,-20.593877888458,2752,16,365
-66.363041614322,-20.054888717986,2686,15,581
-67.081693841618,-18.88707884863,2739,24,788
-65.015568688142,-20.189636010604,2750,32,563
-68.384251003592,-19.920141425368,2671,24,84
-66.587620435352,-20.189636010604,2689,16,1097
-68.51899829621,-20.414214831634,2697,18,-699
-65.59947362282,-19.11165766966,2746,33,116
-68.339335239386,-19.830309896956,2683,17,-171
-67.306272662648,-19.605731075926,2685,21,571
-67.800346068914,-18.617584263394,2691,27,769
-65.554557858614,-20.099804482192,2712,19,220
-68.653745588828,-19.605731075926,2698,18,-371
-65.554557858614,-18.707415791806,2750,31,693
-66.363041614322,-18.842163084424,2687,32,1079
-66.228294321704,-19.156573433866,2694,19,261
-68.833408645652,-18.752331556012,2687,22,219
-67.755430304708,-18.707415791806,2689,26,882
-68.384251003592,-19.33623649069,2712,14,-475
-68.159672182562,-20.189636010604,2676,9,-728
-66.003715500674,-20.773540945282,2735,8,-24
-68.833408645652,-20.953204002106,2704,33,-53
-68.204587946768,-20.414214831634,2690,11,-641
-66.632536199558,-18.842163084424,2728,39,1524
-67.665598776296,-19.56081531172,2664,20,1123
-68.833408645652,-18.976910377042,2674,30,553
-66.677451963764,-20.504046360046,2704,13,226
-66.677451963764,-18.6625000276,2706,45,1576
-67.710514540502,-19.965057189574,2691,10,-546
-66.003715500674,-18.617584263394,2696,47,1136
-67.755430304708,-20.279467539016,2667,7,-725
-67.216441134236,-20.998119766312,2667,6,-27
-67.710514540502,-20.144720246398,2674,7,-723
-68.923240174064,-19.650646840132,2681,29,306
-68.74357711724,-20.054888717986,2689,31,96
-66.27321008591,-18.6625000276,2726,25,203
-68.608829824622,-20.45913059584,2698,18,-660
-66.183378557498,-19.650646840132,2660,23,1633
-65.958799736468,-19.56081531172,2689,16,522
-66.857115020588,-20.773540945282,2689,7,-354
-65.37489480179,-19.695562604338,2726,27,-31
-68.474082532004,-19.156573433866,2702,25,288
-68.204587946768,-19.246404962278,2709,11,-442
-66.452873142734,-21.447277408372,2688,9,1006
-65.195231744966,-19.740478368544,2733,35,345
-66.138462793292,-21.402361644166,2685,6,845
-69.057987466682,-18.797247320218,2689,28,322
-66.857115020588,-19.066741905454,2754,30,1659
-67.62068301209,-19.920141425368,2691,11,-305
-67.126609605824,-20.144720246398,2688,10,-418
-65.329979037584,-20.593877888458,2746,16,206
-66.587620435352,-19.605731075926,2703,31,2170
-68.878324409858,-20.144720246398,2709,21,-384
-67.036778077412,-21.222698587342,2668,7,-58
-68.29441947518,-21.222698587342,2701,21,-635
-67.485935719472,-20.728625181076,2675,8,-560
-68.339335239386,-20.00997295378,2682,20,-286
-66.228294321704,-20.863372473694,2714,8,76
-68.74357711724,-18.931994612836,2690,26,354
-66.003715500674,-20.953204002106,2680,11,691
-68.474082532004,-19.426068019102,2704,17,-399
-67.530851483678,-18.707415791806,2695,26,767
-66.228294321704,-20.00997295378,2695,14,759
-67.036778077412,-19.920141425368,2691,22,913
-66.407957378528,-18.931994612836,2668,41,1768
-66.228294321704,-18.6625000276,2708,32,639
-65.958799736468,-19.875225661162,2671,19,845
-67.081693841618,-21.087951294724,2667,7,34
-68.51899829621,-20.279467539016,2704,20,-604
-68.249503710974,-19.740478368544,2697,12,-480
-68.563914060416,-19.875225661162,2696,22,-110
-68.384251003592,-20.144720246398,2693,18,-630
-67.575767247884,-20.279467539016,2668,6,-749
-69.057987466682,-20.45913059584,2728,18,-400
-68.429166767798,-20.054888717986,2693,19,-470
-66.138462793292,-18.976910377042,2704,21,408
-67.755430304708,-20.773540945282,2674,11,-296
-66.183378557498,-19.381152254896,2689,16,690
-65.868968208056,-19.56081531172,2713,13,-212
-69.102903230888,-19.201489198072,2692,33,643
-66.632536199558,-19.426068019102,2682,36,2852
-67.710514540502,-21.35744587996,2678,10,-436
-66.138462793292,-19.11165766966,2676,23,678
-66.632536199558,-18.88707884863,2707,41,2348
-66.27321008591,-18.572668499188,2720,32,437
-66.587620435352,-18.842163084424,2691,39,1729
-65.015568688142,-20.638793652664,2717,44,982
-66.093547029086,-19.605731075926,2668,19,1123
-69.057987466682,-19.156573433866,2686,33,549
-66.452873142734,-19.875225661162,2665,21,1925
-65.734220915438,-21.312530115754,2723,7,-47
-67.755430304708,-19.650646840132,2700,15,299
-67.84526183312,-19.291320726484,2701,13,-3
-65.464726330202,-21.58202470099,2708,16,524
-66.093547029086,-18.976910377042,2706,20,195
-67.980009125738,-20.00997295378,2682,8,-788
-68.384251003592,-18.707415791806,2694,19,266
-66.991862313206,-20.863372473694,2675,8,-209
-66.452873142734,-18.797247320218,2692,30,1056
-67.261356898442,-19.33623649069,2681,22,598
-69.057987466682,-19.830309896956,2721,21,187
-68.339335239386,-19.021826141248,2701,15,-77
-66.72236772797,-19.201489198072,2717,36,2366
-66.542704671146,-20.099804482192,2693,14,996
-68.204587946768,-19.201489198072,2707,11,-491
-66.632536199558,-20.054888717986,2691,19,1062
-68.474082532004,-21.087951294724,2676,34,-153
-65.37489480179,-20.414214831634,2761,20,655
-67.351188426854,-18.707415791806,2701,27,602
-67.39610419106,-20.45913059584,2667,6,-703
-65.958799736468,-20.9082882379,2703,10,712
-68.878324409858,-21.13286705893,2708,28,-136
-68.878324409858,-20.593877888458,2708,25,-259
-68.429166767798,-21.402361644166,2708,23,-554
-67.800346068914,-19.920141425368,2697,10,-578
-66.677451963764,-20.593877888458,2704,10,-53
-67.17152537003,-21.222698587342,2663,7,105
-68.698661353034,-19.515899547514,2693,22,-146
-65.779136679644,-19.830309896956,2681,20,83
-68.788492881446,-19.515899547514,2697,22,-203
-68.339335239386,-21.087951294724,2690,23,-402
-66.767283492176,-20.863372473694,2691,8,-152
-65.82405244385,-21.402361644166,2717,7,863
-67.485935719472,-19.156573433866,2685,20,595
-65.779136679644,-21.13286705893,2715,10,717
-66.902030784794,-20.728625181076,2685,8,-293
-65.419810565996,-20.00997295378,2730,20,-99
-67.710514540502,-19.965057189574,2691,10,-546
-66.27321008591,-18.6625000276,2726,25,203
-65.554557858614,-19.066741905454,2720,45,934
-66.093547029086,-19.156573433866,2690,21,466
-68.788492881446,-20.00997295378,2709,25,-229
-68.878324409858,-19.11165766966,2693,28,202
-68.339335239386,-18.617584263394,2691,23,443
-66.812199256382,-19.650646840132,2700,20,960
-67.575767247884,-21.312530115754,2651,13,248
-65.689305151232,-19.920141425368,2718,18,-51
-65.913883972262,-18.797247320218,2699,39,1319
-68.06984065415,-20.953204002106,2657,22,223
-69.41731358033,-18.617584263394,2707,25,528
-68.878324409858,-18.707415791806,2698,20,-95
-68.923240174064,-19.021826141248,2700,23,-18
-66.542704671146,-21.312530115754,2693,10,776
-66.587620435352,-19.875225661162,2680,28,2181
-68.29441947518,-19.650646840132,2700,14,-354
-67.62068301209,-19.156573433866,2688,20,517
-67.935093361532,-18.976910377042,2681,17,298
-69.237650523506,-18.88707884863,2720,26,326
-66.857115020588,-18.617584263394,2717,47,1751
-68.563914060416,-18.976910377042,2685,24,454
-65.509642094408,-18.707415791806,2754,31,674
-68.878324409858,-18.707415791806,2698,20,-95
-67.935093361532,-19.381152254896,2703,12,-93
-68.384251003592,-20.189636010604,2693,17,-677
-66.72236772797,-18.931994612836,2713,49,3142
-65.82405244385,-18.976910377042,2711,37,959
-68.159672182562,-19.246404962278,2706,10,-430
-65.82405244385,-21.087951294724,2717,9,745
-66.407957378528,-19.246404962278,2691,20,1019
-66.228294321704,-20.863372473694,2714,8,76
-68.06984065415,-19.33623649069,2703,11,-264
-65.419810565996,-20.998119766312,2699,24,800
-68.06984065415,-20.054888717986,2679,9,-775
-69.013071702476,-20.054888717986,2688,24,11
-65.195231744966,-19.965057189574,2753,19,-88
-67.665598776296,-18.842163084424,2687,26,904
-67.17152537003,-19.33623649069,2685,21,526
-69.013071702476,-19.470983783308,2681,27,309
-68.474082532004,-21.087951294724,2676,34,-153
-68.339335239386,-21.043035530518,2689,23,-389
-69.013071702476,-20.189636010604,2691,23,-125
-68.339335239386,-20.548962124252,2665,21,-324
-66.49778890694,-20.369299067428,2708,12,106
-67.351188426854,-20.144720246398,2670,7,-653
-68.339335239386,-18.6625000276,2692,21,374
-65.329979037584,-20.863372473694,2727,21,473
-67.126609605824,-20.638793652664,2676,7,-519
-68.698661353034,-21.087951294724,2673,38,-19
-66.093547029086,-19.695562604338,2659,22,1402
-67.575767247884,-21.222698587342,2640,14,555
-68.51899829621,-18.931994612836,2707,18,147
-66.902030784794,-18.976910377042,2764,28,1380
-66.183378557498,-20.818456709488,2711,9,188
-68.204587946768,-18.6625000276,2688,23,466
-67.17152537003,-18.842163084424,2718,24,612
-68.06984065415,-18.931994612836,2683,16,261
-69.64189240136,-18.527752734982,2747,12,258
-66.04863126488,-18.752331556012,2701,45,928
-65.868968208056,-19.470983783308,2693,16,571
-66.677451963764,-19.246404962278,2704,39,2742
-66.27321008591,-20.45913059584,2699,13,721
-69.596976637154,-18.707415791806,2746,11,149
-66.27321008591,-20.369299067428,2692,12,656
-65.958799736468,-18.707415791806,2696,45,1044
-67.755430304708,-19.605731075926,2706,14,126
-65.644389387026,-19.33623649069,2697,36,578
-67.980009125738,-20.054888717986,2679,9,-786
-68.923240174064,-20.099804482192,2691,23,-185
-68.923240174064,-18.797247320218,2679,29,508
-66.452873142734,-19.381152254896,2676,24,1690
-66.812199256382,-20.144720246398,2702,24,1371
-66.04863126488,-20.414214831634,2704,13,446
-68.51899829621,-18.88707884863,2704,18,211
-66.318125850116,-21.177782823136,2675,10,1019
-68.653745588828,-20.45913059584,2692,22,-487
-67.755430304708,-19.78539413275,2708,14,28
-66.49778890694,-21.312530115754,2682,11,1143
-67.935093361532,-18.931994612836,2681,18,352
-68.429166767798,-19.426068019102,2707,15,-370
-68.51899829621,-20.279467539016,2704,20,-604
-65.554557858614,-18.842163084424,2754,36,837
-65.644389387026,-19.78539413275,2658,32,491
-66.183378557498,-18.617584263394,2718,36,543
-67.980009125738,-21.402361644166,2684,16,-424
-66.632536199558,-19.156573433866,2702,40,2421
-65.644389387026,-19.78539413275,2658,32,491
-65.240147509172,-20.144720246398,2734,25,646
-66.587620435352,-21.402361644166,2692,10,845
-64.92573715973,-20.23455177481,2734,39,376
-67.485935719472,-18.707415791806,2697,26,724
-66.138462793292,-19.156573433866,2690,20,268
-67.216441134236,-19.695562604338,2689,20,304
-67.980009125738,-19.021826141248,2682,15,178
-65.37489480179,-19.830309896956,2734,24,-41
-65.734220915438,-19.426068019102,2718,20,-143
-67.800346068914,-21.267614351548,2681,12,-352
-65.82405244385,-19.830309896956,2704,15,-184
-68.96815593827,-21.447277408372,2737,14,-617
-68.429166767798,-20.414214831634,2679,24,-426
-65.59947362282,-20.099804482192,2720,16,-73
-67.485935719472,-20.593877888458,2673,7,-680
-68.96815593827,-19.33623649069,2654,29,356
-68.429166767798,-20.23455177481,2697,18,-663
-65.913883972262,-21.177782823136,2686,9,885
-66.093547029086,-19.875225661162,2686,17,681
-68.339335239386,-20.953204002106,2695,22,-439
-68.51899829621,-20.099804482192,2654,32,210
-68.114756418356,-20.324383303222,2677,9,-722
-67.306272662648,-20.818456709488,2673,7,-480
-68.06984065415,-19.381152254896,2704,11,-266
-67.036778077412,-20.68370941687,2680,7,-378
-65.958799736468,-20.728625181076,2705,13,595
-68.024924889944,-20.548962124252,2692,10,-687
-68.74357711724,-20.00997295378,2689,29,22
-66.363041614322,-20.189636010604,2702,11,256
-68.204587946768,-19.470983783308,2705,12,-435
-66.857115020588,-19.156573433866,2733,26,1484
-66.093547029086,-19.246404962278,2692,16,9
-67.62068301209,-18.842163084424,2687,27,1049
-66.542704671146,-19.605731075926,2683,31,2341
-67.84526183312,-20.054888717986,2682,8,-744
-68.878324409858,-19.830309896956,2709,26,-14
-68.698661353034,-20.953204002106,2671,35,-50
-69.013071702476,-20.23455177481,2697,23,-167
-67.755430304708,-21.447277408372,2666,14,56
-68.474082532004,-20.998119766312,2667,34,-106
-66.49778890694,-20.414214831634,2711,12,183
-68.788492881446,-21.402361644166,2679,24,-373
-68.878324409858,-20.998119766312,2713,28,-141
-66.946946549,-20.45913059584,2694,8,-283
-65.37489480179,-21.716771993608,2725,20,701
-67.530851483678,-18.797247320218,2688,30,1374
-66.587620435352,-21.312530115754,2691,10,665
-69.057987466682,-19.381152254896,2708,28,331
-67.665598776296,-19.156573433866,2691,19,388
-68.833408645652,-21.312530115754,2685,30,-214
-67.935093361532,-19.650646840132,2710,11,-155
-65.509642094408,-18.707415791806,2754,31,674
-66.72236772797,-21.267614351548,2685,11,620
-68.563914060416,-19.650646840132,2685,20,-134
-66.946946549,-19.965057189574,2707,19,638
-66.677451963764,-20.818456709488,2697,8,-61
-66.093547029086,-20.45913059584,2720,10,-181
-66.946946549,-19.740478368544,2689,20,812
-66.767283492176,-19.875225661162,2708,25,1834
-65.82405244385,-19.56081531172,2714,14,-349
-65.509642094408,-21.35744587996,2697,20,1145
-66.003715500674,-19.965057189574,2661,21,1170
-68.96815593827,-20.504046360046,2709,23,-308
-67.890177597326,-21.222698587342,2691,11,-563
-67.800346068914,-18.707415791806,2689,25,683
-66.093547029086,-21.222698587342,2694,6,400
-69.552060872948,-18.572668499188,2744,16,175
-68.249503710974,-19.381152254896,2709,15,-303
-65.958799736468,-19.605731075926,2686,15,564
-66.003715500674,-18.707415791806,2699,46,969
-67.980009125738,-19.605731075926,2701,12,212
-67.351188426854,-19.381152254896,2681,20,473
-69.282566287712,-19.426068019102,2722,16,291
-68.51899829621,-18.976910377042,2706,20,228
-68.114756418356,-20.414214831634,2685,10,-686
-67.62068301209,-20.324383303222,2667,6,-747
-67.62068301209,-18.931994612836,2686,25,913
-65.689305151232,-19.426068019102,2710,25,13
-66.767283492176,-19.740478368544,2706,20,1147
-67.755430304708,-20.504046360046,2673,8,-722
-68.474082532004,-18.931994612836,2705,15,-164
-68.204587946768,-20.099804482192,2682,11,-745
-68.653745588828,-19.695562604338,2655,26,257
-66.093547029086,-20.144720246398,2706,10,58
-69.41731358033,-18.797247320218,2705,23,588
-69.64189240136,-18.482836970776,2753,12,330
-65.37489480179,-20.9082882379,2737,20,322
-68.698661353034,-20.189636010604,2663,36,163
-67.216441134236,-19.920141425368,2686,14,-119
-66.27321008591,-20.728625181076,2700,11,342
-66.452873142734,-20.054888717986,2700,13,441
-67.755430304708,-19.291320726484,2701,13,37
-69.057987466682,-20.548962124252,2739,15,-476
-66.72236772797,-21.492193172578,2681,14,1467
-68.114756418356,-21.492193172578,2631,33,532
-68.608829824622,-18.617584263394,2695,20,114
-67.530851483678,-19.920141425368,2686,10,-260
-68.96815593827,-19.33623649069,2654,29,356
-66.812199256382,-19.33623649069,2707,29,2092
-67.17152537003,-18.617584263394,2711,29,705
-67.755430304708,-19.021826141248,2687,19,348
-68.384251003592,-20.953204002106,2658,35,161
-64.970652923936,-19.920141425368,2762,22,136
-65.240147509172,-20.414214831634,2714,26,1234
-66.677451963764,-20.144720246398,2684,21,1540
-67.575767247884,-18.617584263394,2692,29,862
-69.686808165566,-18.617584263394,2747,7,-28
-66.677451963764,-20.638793652664,2705,8,-209
-66.812199256382,-18.617584263394,2707,51,2027
-68.114756418356,-20.369299067428,2681,10,-703
-68.878324409858,-20.773540945282,2711,25,-209
-67.980009125738,-18.707415791806,2685,25,747
-65.509642094408,-21.447277408372,2700,19,973
-67.216441134236,-19.33623649069,2683,22,593
-66.452873142734,-20.998119766312,2699,10,495
-65.779136679644,-19.875225661162,2707,16,-170
-66.228294321704,-18.88707884863,2696,25,757
-66.27321008591,-19.875225661162,2696,13,600
-65.913883972262,-19.650646840132,2677,17,652
-66.318125850116,-21.447277408372,2670,9,1258
-68.833408645652,-19.965057189574,2706,22,-263
-66.857115020588,-21.35744587996,2683,10,327
-67.036778077412,-20.45913059584,2687,8,-443
-68.74357711724,-20.189636010604,2695,34,-10
-68.06984065415,-20.054888717986,2679,9,-775
-66.183378557498,-20.548962124252,2719,9,264
-67.800346068914,-19.381152254896,2707,12,-54
-65.105400216554,-19.920141425368,2761,17,-236
-66.452873142734,-21.312530115754,2684,12,1326
-66.946946549,-19.33623649069,2700,20,758
-68.159672182562,-19.965057189574,2687,10,-705
-66.767283492176,-19.33623649069,2704,32,2492
-66.183378557498,-19.515899547514,2684,18,891
-65.554557858614,-19.78539413275,2708,31,336
-67.890177597326,-19.470983783308,2709,11,-169
-67.351188426854,-18.752331556012,2702,26,540
-65.868968208056,-18.752331556012,2740,32,780
-67.216441134236,-19.78539413275,2689,17,184
-67.081693841618,-19.021826141248,2740,23,757
-65.509642094408,-21.087951294724,2699,18,647
-69.1927347593,-18.797247320218,2687,32,615
-69.237650523506,-19.156573433866,2719,27,557
-69.057987466682,-19.78539413275,2734,20,107
-67.755430304708,-19.650646840132,2700,15,299
-65.59947362282,-19.875225661162,2716,25,130
-67.530851483678,-20.548962124252,2672,6,-688
-68.204587946768,-18.976910377042,2691,14,73
-67.62068301209,-19.33623649069,2696,15,156
-67.306272662648,-18.752331556012,2703,26,559
-66.542704671146,-20.9082882379,2700,9,486
-67.800346068914,-18.752331556012,2689,23,578
-66.27321008591,-21.492193172578,2682,7,1047
-66.363041614322,-19.426068019102,2676,23,1538
-67.036778077412,-19.605731075926,2677,25,1168
-65.195231744966,-19.965057189574,2753,19,-88
-68.29441947518,-19.740478368544,2698,13,-481
-68.159672182562,-19.875225661162,2693,11,-563
-69.237650523506,-18.617584263394,2684,28,280
-67.306272662648,-18.6625000276,2703,27,559
-66.318125850116,-20.144720246398,2703,12,95
-67.935093361532,-19.56081531172,2702,11,-14
-68.923240174064,-20.414214831634,2700,25,-315
-69.147818995094,-20.23455177481,2762,12,-428
-66.677451963764,-19.426068019102,2684,37,2909
-69.282566287712,-18.752331556012,2698,27,474
-68.384251003592,-20.998119766312,2677,31,-72
-65.37489480179,-19.875225661162,2737,25,45
-67.530851483678,-19.920141425368,2686,10,-260
-66.587620435352,-18.931994612836,2706,33,1626
-68.339335239386,-20.818456709488,2694,19,-587
-68.114756418356,-20.593877888458,2683,14,-315
-66.183378557498,-20.548962124252,2719,9,264
-69.057987466682,-18.88707884863,2694,28,334
-68.339335239386,-19.695562604338,2699,14,-419
-67.441019955266,-20.998119766312,2666,7,-390
-69.013071702476,-20.593877888458,2727,18,-366
-66.318125850116,-21.35744587996,2677,9,881
-65.913883972262,-18.752331556012,2725,37,881
-68.429166767798,-20.9082882379,2649,32,111
-68.159672182562,-20.638793652664,2681,14,-434
-68.74357711724,-21.402361644166,2684,22,-487
-66.183378557498,-20.953204002106,2710,7,21
-65.464726330202,-21.267614351548,2703,21,969
-67.216441134236,-19.965057189574,2685,12,-221
-69.057987466682,-19.066741905454,2690,35,654
-67.665598776296,-19.291320726484,2697,15,149
-66.946946549,-19.066741905454,2752,23,943
-65.82405244385,-20.818456709488,2737,9,162
-68.96815593827,-19.56081531172,2692,26,193
-68.29441947518,-20.68370941687,2670,25,-164
-68.339335239386,-20.9082882379,2694,21,-432
-65.913883972262,-20.00997295378,2685,18,555
-69.102903230888,-19.201489198072,2692,33,643
-65.37489480179,-21.087951294724,2728,23,703
-67.17152537003,-20.68370941687,2674,7,-489
-65.82405244385,-20.818456709488,2737,9,162
-66.632536199558,-20.099804482192,2679,19,1372
-68.788492881446,-19.740478368544,2640,29,353
-65.240147509172,-20.548962124252,2743,20,665
-66.587620435352,-18.6625000276,2694,40,1327
-66.04863126488,-21.447277408372,2685,6,883
-66.27321008591,-20.728625181076,2700,11,342
-64.92573715973,-20.00997295378,2718,51,1689
-68.384251003592,-20.054888717986,2684,19,-472
-65.015568688142,-19.695562604338,2726,26,579
-65.37489480179,-20.998119766312,2727,21,413
-68.114756418356,-20.953204002106,2662,23,132
-67.890177597326,-19.56081531172,2712,10,-187
-67.036778077412,-20.593877888458,2682,7,-457
-68.29441947518,-21.402361644166,2694,27,-338
-64.880821395524,-20.504046360046,2705,59,836
-66.04863126488,-18.931994612836,2709,28,670
-67.980009125738,-20.998119766312,2691,15,-359
-67.17152537003,-21.087951294724,2644,9,615
-66.363041614322,-20.45913059584,2657,15,945
-67.351188426854,-19.965057189574,2680,10,-358
-66.228294321704,-21.177782823136,2686,7,677
-67.351188426854,-19.875225661162,2685,12,-127
-67.306272662648,-19.605731075926,2685,21,571
-68.608829824622,-20.189636010604,2666,32,122
-65.689305151232,-19.78539413275,2668,28,273
-68.06984065415,-20.728625181076,2689,16,-237
-69.013071702476,-20.279467539016,2695,23,-184
-67.980009125738,-21.177782823136,2694,15,-521
-68.608829824622,-18.617584263394,2695,20,114
-67.755430304708,-19.156573433866,2693,17,277
-67.485935719472,-21.267614351548,2664,9,169
-64.92573715973,-20.054888717986,2720,55,1749
-68.74357711724,-21.222698587342,2677,36,-87
-64.7011583387,-20.054888717986,2704,51,932
-67.530851483678,-20.45913059584,2670,6,-709
-66.767283492176,-19.246404962278,2716,30,2110
-67.62068301209,-21.177782823136,2657,11,112
-69.596976637154,-18.572668499188,2744,14,193
-68.51899829621,-20.593877888458,2639,40,186
-64.880821395524,-20.279467539016,2733,45,555
-67.306272662648,-20.68370941687,2672,8,-531
-67.351188426854,-20.00997295378,2677,9,-464
-68.833408645652,-20.68370941687,2697,25,-250
-69.237650523506,-19.381152254896,2715,21,479
-66.946946549,-20.863372473694,2679,8,-284
-68.249503710974,-20.324383303222,2686,13,-750
-68.698661353034,-18.6625000276,2694,20,172
-67.036778077412,-21.13286705893,2668,7,-55
-67.485935719472,-20.998119766312,2669,7,-462
-67.126609605824,-20.638793652664,2676,7,-519
-67.935093361532,-19.515899547514,2709,10,-250
-64.880821395524,-20.054888717986,2727,52,1575
-67.980009125738,-21.402361644166,2684,16,-424
-69.372397816124,-18.707415791806,2688,26,566
-66.767283492176,-18.931994612836,2753,41,2142
-67.441019955266,-20.279467539016,2667,6,-736
-68.06984065415,-19.291320726484,2701,11,-270
-66.407957378528,-20.638793652664,2698,14,982
-66.946946549,-20.144720246398,2708,18,591
-68.96815593827,-19.381152254896,2684,29,278
-68.159672182562,-19.11165766966,2697,12,-242
-67.755430304708,-18.797247320218,2689,23,594
-67.890177597326,-20.728625181076,2697,10,-575
-68.563914060416,-20.414214831634,2699,18,-678
-65.689305151232,-21.312530115754,2715,10,472
-65.329979037584,-19.515899547514,2728,31,221
-66.991862313206,-19.965057189574,2700,21,822
-65.644389387026,-19.605731075926,2670,32,505
-66.587620435352,-19.381152254896,2670,35,3048
-68.06984065415,-20.638793652664,2672,17,20
-67.485935719472,-20.189636010604,2670,6,-738
-66.902030784794,-18.797247320218,2746,29,1112
-66.363041614322,-21.35744587996,2683,9,759
-66.04863126488,-21.13286705893,2693,7,386
-67.081693841618,-21.312530115754,2665,7,11
-67.036778077412,-20.68370941687,2680,7,-378
-66.49778890694,-19.291320726484,2677,27,1772
-67.890177597326,-19.78539413275,2709,11,-363
-67.980009125738,-19.56081531172,2690,11,42
-66.632536199558,-21.312530115754,2693,10,628
-68.878324409858,-20.23455177481,2704,21,-428
-68.06984065415,-18.6625000276,2687,25,552
-65.060484452348,-19.740478368544,2713,29,630
-67.755430304708,-21.222698587342,2680,11,-364
-66.767283492176,-20.863372473694,2691,8,-152
-65.868968208056,-18.707415791806,2728,38,967
-69.013071702476,-20.369299067428,2705,23,-249
-68.51899829621,-20.504046360046,2694,20,-655
-68.608829824622,-20.414214831634,2700,19,-644
-68.024924889944,-19.246404962278,2697,12,-139
-67.261356898442,-19.830309896956,2688,14,-34
-68.833408645652,-20.728625181076,2693,26,-213
-67.575767247884,-20.45913059584,2670,7,-691
-69.057987466682,-20.099804482192,2692,20,-80
-69.013071702476,-20.548962124252,2719,19,-362
-66.04863126488,-18.797247320218,2720,36,530
-67.306272662648,-19.291320726484,2679,22,638
-68.608829824622,-20.773540945282,2693,27,-383
-68.384251003592,-18.797247320218,2696,16,84
-65.734220915438,-20.728625181076,2728,12,370
-68.249503710974,-21.177782823136,2702,19,-696
-68.608829824622,-20.728625181076,2693,28,-364
-69.147818995094,-19.381152254896,2709,26,482
-66.27321008591,-19.695562604338,2658,22,1635
-67.351188426854,-19.11165766966,2686,24,823
-68.788492881446,-21.13286705893,2689,37,-26
-66.946946549,-20.818456709488,2680,7,-308
-66.946946549,-19.650646840132,2690,19,592
-67.216441134236,-18.842163084424,2710,24,621
-66.991862313206,-21.402361644166,2668,8,203
-67.351188426854,-21.312530115754,2663,7,-237
-67.036778077412,-21.402361644166,2665,8,121
-68.06984065415,-18.842163084424,2684,18,380
-65.240147509172,-20.324383303222,2722,28,1290
-67.17152537003,-20.189636010604,2679,8,-564
-65.868968208056,-20.189636010604,2731,10,-2
-67.126609605824,-20.279467539016,2682,7,-587
-68.339335239386,-19.78539413275,2697,13,-456
-68.563914060416,-20.099804482192,2691,24,-212
-66.138462793292,-19.066741905454,2692,21,560
-69.057987466682,-19.875225661162,2730,21,135
-65.958799736468,-20.728625181076,2705,13,595
-65.105400216554,-20.68370941687,2747,36,931
-65.913883972262,-20.144720246398,2697,12,296
-65.554557858614,-21.58202470099,2727,10,74
-69.013071702476,-20.279467539016,2695,23,-184
-68.51899829621,-19.066741905454,2709,17,-223
-66.228294321704,-19.965057189574,2693,12,431
-67.441019955266,-21.13286705893,2665,6,-234
-67.351188426854,-20.369299067428,2665,6,-713
-67.890177597326,-20.144720246398,2672,8,-718
-66.991862313206,-19.965057189574,2700,21,822
-66.677451963764,-19.291320726484,2685,40,3090
-66.49778890694,-18.707415791806,2705,31,848
-66.27321008591,-19.695562604338,2658,22,1635
-67.530851483678,-21.177782823136,2658,9,118
-65.958799736468,-19.965057189574,2696,18,588
-66.183378557498,-18.931994612836,2696,23,682
-65.15031598076,-19.875225661162,2739,21,-168
-68.923240174064,-20.414214831634,2700,25,-315
-67.665598776296,-21.087951294724,2670,9,-202
-67.17152537003,-20.504046360046,2672,6,-679
-68.833408645652,-21.13286705893,2705,33,-98
-66.812199256382,-19.965057189574,2710,25,1670
-67.081693841618,-20.953204002106,2670,7,-187
-66.857115020588,-19.695562604338,2697,19,785
-68.698661353034,-19.515899547514,2693,22,-146
-68.563914060416,-21.087951294724,2689,33,-286
-67.710514540502,-18.572668499188,2693,30,932
-66.04863126488,-20.593877888458,2713,11,626
-67.216441134236,-20.369299067428,2668,6,-726
-67.710514540502,-19.695562604338,2698,16,529
-67.935093361532,-20.728625181076,2701,9,-686
-66.767283492176,-20.638793652664,2699,8,-261
-67.261356898442,-18.931994612836,2697,30,1278
-65.015568688142,-20.593877888458,2744,40,770
-65.644389387026,-21.35744587996,2713,13,1075
-67.39610419106,-19.021826141248,2690,24,708
-68.923240174064,-19.381152254896,2684,29,235
-67.935093361532,-21.043035530518,2696,11,-715
-68.96815593827,-18.527752734982,2693,31,186
-66.542704671146,-20.144720246398,2686,15,1081
-67.17152537003,-21.447277408372,2655,7,-51
-66.183378557498,-19.246404962278,2694,16,136
-68.788492881446,-20.279467539016,2700,26,-343
-66.04863126488,-20.414214831634,2704,13,446
-66.452873142734,-19.470983783308,2662,25,2012
-67.755430304708,-18.88707884863,2687,21,504
-65.779136679644,-20.504046360046,2730,12,604
-65.240147509172,-19.920141425368,2739,21,-50
-68.114756418356,-19.291320726484,2704,11,-319
-66.49778890694,-19.56081531172,2684,30,2323
-68.833408645652,-18.797247320218,2663,26,594
-65.82405244385,-19.246404962278,2711,20,568
-68.159672182562,-21.177782823136,2702,17,-710
-67.441019955266,-20.099804482192,2674,7,-701
-67.081693841618,-19.650646840132,2682,23,738
-66.991862313206,-21.447277408372,2669,8,190
-66.003715500674,-21.447277408372,2697,5,464
-66.093547029086,-20.773540945282,2710,11,609
-66.318125850116,-19.830309896956,2695,14,562
-68.29441947518,-18.6625000276,2691,21,363
-66.857115020588,-21.043035530518,2679,9,23
-67.39610419106,-20.45913059584,2667,6,-703
-65.958799736468,-19.695562604338,2666,20,918
-65.37489480179,-20.863372473694,2719,21,530
-66.902030784794,-18.931994612836,2762,28,1345
-68.878324409858,-20.144720246398,2709,21,-384
-69.327482051918,-19.021826141248,2725,22,261
-65.779136679644,-19.021826141248,2707,39,1108
-67.710514540502,-20.45913059584,2670,9,-745
-68.74357711724,-19.605731075926,2683,22,-73
-67.84526183312,-21.087951294724,2646,17,300
-66.902030784794,-20.998119766312,2678,8,-160
-68.653745588828,-19.201489198072,2698,29,126
-67.126609605824,-19.426068019102,2682,24,960
-67.306272662648,-20.953204002106,2667,6,-119
-65.734220915438,-20.369299067428,2734,10,206
-68.698661353034,-19.066741905454,2662,27,541
-65.419810565996,-19.920141425368,2729,25,45
-66.857115020588,-18.797247320218,2746,33,1275
-67.485935719472,-20.414214831634,2669,6,-719
-66.72236772797,-20.504046360046,2698,14,282
-67.710514540502,-20.144720246398,2674,7,-723
-68.923240174064,-19.426068019102,2668,27,223
-65.779136679644,-20.144720246398,2709,18,700
-67.441019955266,-18.752331556012,2699,24,563
-68.74357711724,-19.965057189574,2654,29,214
-67.351188426854,-21.222698587342,2664,7,34
-69.552060872948,-18.752331556012,2735,14,271
-66.632536199558,-21.222698587342,2692,10,685
-69.41731358033,-18.797247320218,2705,23,588
-66.542704671146,-20.953204002106,2701,10,566
-68.384251003592,-20.504046360046,2679,22,-478
-67.17152537003,-18.707415791806,2714,28,745
-66.183378557498,-20.953204002106,2710,7,21
-66.677451963764,-19.695562604338,2707,27,1931
-67.890177597326,-19.78539413275,2709,11,-363
-66.72236772797,-20.68370941687,2701,8,-253
-65.509642094408,-21.043035530518,2703,20,699
-66.04863126488,-19.021826141248,2693,24,644
-66.003715500674,-20.863372473694,2692,10,753
-66.318125850116,-19.021826141248,2659,37,1507
-65.37489480179,-20.099804482192,2745,22,223
-67.800346068914,-20.728625181076,2686,11,-503
-65.464726330202,-19.740478368544,2732,27,-64
-66.946946549,-21.222698587342,2673,8,-34
-66.003715500674,-19.246404962278,2678,21,707
-66.27321008591,-20.054888717986,2691,16,1058
-68.51899829621,-18.976910377042,2706,20,228
-67.441019955266,-18.752331556012,2699,24,563
-67.800346068914,-20.00997295378,2687,8,-712
-68.204587946768,-20.728625181076,2664,24,91
-67.17152537003,-19.201489198072,2694,21,535
-67.17152537003,-19.920141425368,2690,15,12
-67.84526183312,-20.324383303222,2667,7,-689
-66.228294321704,-21.492193172578,2678,7,1122
-67.84526183312,-19.515899547514,2712,11,-140
-68.788492881446,-19.11165766966,2671,32,569
-67.485935719472,-19.33623649069,2685,18,381
-65.15031598076,-19.920141425368,2745,19,-175
-67.306272662648,-21.402361644166,2655,6,-18
-66.138462793292,-19.11165766966,2676,23,678
-66.902030784794,-18.88707884863,2758,28,1205
-69.372397816124,-19.066741905454,2709,24,612
-66.407957378528,-19.605731075926,2658,25,2091
-68.06984065415,-19.156573433866,2694,11,-155
-65.37489480179,-20.504046360046,2753,20,714
-68.74357711724,-20.638793652664,2695,23,-406
-66.318125850116,-20.099804482192,2685,15,674
-67.261356898442,-19.021826141248,2695,28,1039
-68.249503710974,-19.381152254896,2709,15,-303
-69.237650523506,-19.066741905454,2718,25,374
-65.329979037584,-20.00997295378,2743,22,-106
-68.878324409858,-19.381152254896,2697,25,-17
-67.710514540502,-18.931994612836,2687,22,550
-67.800346068914,-18.976910377042,2685,19,325
-68.474082532004,-19.920141425368,2700,18,-432
-67.485935719472,-21.177782823136,2663,7,15
-67.036778077412,-19.381152254896,2692,20,581
-66.363041614322,-19.56081531172,2665,24,1752
-67.575767247884,-20.728625181076,2679,8,-544
-68.339335239386,-21.043035530518,2689,23,-389
-67.62068301209,-19.381152254896,2698,14,98
-66.812199256382,-18.88707884863,2756,36,1710
-68.024924889944,-18.6625000276,2686,26,658
-67.351188426854,-18.752331556012,2702,26,540
-68.249503710974,-19.066741905454,2699,14,-31
-69.102903230888,-19.201489198072,2692,33,643
-66.318125850116,-21.222698587342,2668,10,1157
-67.216441134236,-19.291320726484,2684,22,603
-66.812199256382,-20.863372473694,2688,8,-273
-68.96815593827,-18.572668499188,2698,25,-21
-68.51899829621,-20.998119766312,2685,30,-305
-68.698661353034,-19.291320726484,2712,20,-401
-66.228294321704,-20.189636010604,2709,11,287
-68.653745588828,-20.818456709488,2705,21,-583
-68.878324409858,-19.201489198072,2704,28,-54
-65.958799736468,-21.177782823136,2682,9,717
-65.734220915438,-20.68370941687,2724,13,590
-66.49778890694,-18.752331556012,2700,33,1116
-67.216441134236,-19.066741905454,2701,26,769
-68.833408645652,-20.279467539016,2713,20,-564
-67.39610419106,-20.638793652664,2672,7,-637
-65.419810565996,-20.189636010604,2749,16,-213
-66.677451963764,-19.78539413275,2707,27,2080
-68.698661353034,-21.177782823136,2687,35,-179
-68.429166767798,-19.78539413275,2694,17,-337
-68.878324409858,-19.426068019102,2693,25,14
-66.632536199558,-21.043035530518,2695,9,171
-68.698661353034,-20.773540945282,2704,22,-509
-65.419810565996,-20.773540945282,2748,13,-41
-67.530851483678,-20.23455177481,2669,6,-741
-68.474082532004,-19.78539413275,2695,17,-347
-67.710514540502,-18.572668499188,2693,30,932
-65.240147509172,-20.548962124252,2743,20,665
-68.159672182562,-20.144720246398,2678,9,-731
-65.82405244385,-21.177782823136,2705,9,797
-68.74357711724,-20.68370941687,2690,23,-355
-66.49778890694,-19.201489198072,2692,24,1386
-65.868968208056,-20.728625181076,2722,12,545
-67.84526183312,-20.189636010604,2669,8,-697
-68.474082532004,-20.45913059584,2693,20,-663
-68.06984065415,-19.965057189574,2686,9,-758
-68.384251003592,-19.695562604338,2698,15,-410
-67.935093361532,-19.920141425368,2693,9,-709
-68.204587946768,-20.9082882379,2682,22,-255
-67.39610419106,-20.414214831634,2667,6,-696
-68.788492881446,-19.605731075926,2684,23,-34
-68.878324409858,-19.78539413275,2693,30,237
-66.812199256382,-19.515899547514,2697,28,1772
-69.372397816124,-18.797247320218,2700,25,571
-66.991862313206,-20.998119766312,2671,8,-148
-68.429166767798,-19.426068019102,2707,15,-370
-68.29441947518,-18.6625000276,2691,21,363
-67.306272662648,-19.291320726484,2679,22,638
-66.542704671146,-18.707415791806,2683,38,1306
-65.554557858614,-21.492193172578,2725,13,451
-67.980009125738,-20.279467539016,2668,9,-710
-66.542704671146,-19.381152254896,2662,31,2686
-67.575767247884,-19.78539413275,2697,11,-37
-64.92573715973,-19.875225661162,2764,19,-123
-69.282566287712,-18.931994612836,2723,25,377
-64.790989867112,-19.965057189574,2738,35,655
-65.82405244385,-21.222698587342,2715,8,653
-66.363041614322,-20.953204002106,2694,9,423
-69.41731358033,-18.976910377042,2724,21,526
-65.779136679644,-20.504046360046,2730,12,604
-68.833408645652,-19.56081531172,2683,24,-11
-64.970652923936,-19.605731075926,2732,20,314
-68.474082532004,-21.35744587996,2685,32,-275
-66.946946549,-20.099804482192,2709,18,627
-68.06984065415,-18.707415791806,2686,23,470
-66.093547029086,-20.279467539016,2704,11,329
-66.003715500674,-21.35744587996,2705,5,595
-66.407957378528,-19.650646840132,2666,24,2061
-66.183378557498,-19.33623649069,2690,16,654
-68.96815593827,-19.650646840132,2694,26,240
-67.081693841618,-20.548962124252,2679,7,-499
-67.62068301209,-20.998119766312,2679,8,-551
-67.890177597326,-21.222698587342,2691,11,-563
-69.057987466682,-20.279467539016,2715,20,-218
-69.596976637154,-18.572668499188,2744,14,193
-66.27321008591,-18.752331556012,2711,25,502
-66.587620435352,-18.707415791806,2702,39,1377
-68.563914060416,-21.13286705893,2685,37,-233
-68.024924889944,-20.369299067428,2676,10,-686
-65.82405244385,-20.593877888458,2721,14,686
-67.126609605824,-21.043035530518,2664,7,209
-66.318125850116,-19.56081531172,2664,23,1667
-68.923240174064,-20.054888717986,2696,22,-198
-66.49778890694,-19.830309896956,2644,24,2323
-66.902030784794,-21.177782823136,2675,8,-15
-66.407957378528,-21.447277408372,2688,8,848
-67.84526183312,-20.279467539016,2666,7,-692
-69.102903230888,-18.617584263394,2686,27,170
-65.37489480179,-19.605731075926,2725,28,-96
-68.788492881446,-19.78539413275,2671,30,216
-66.542704671146,-21.177782823136,2688,11,865
-67.17152537003,-20.998119766312,2667,7,-6
-66.677451963764,-18.752331556012,2721,48,1755
-67.575767247884,-19.830309896956,2675,15,479
-66.318125850116,-19.920141425368,2689,15,883
-68.698661353034,-21.222698587342,2691,33,-274
-68.249503710974,-19.875225661162,2693,12,-625
-69.462229344536,-18.752331556012,2704,21,548
-68.923240174064,-20.23455177481,2700,22,-314
-68.923240174064,-18.797247320218,2679,29,508
-68.653745588828,-20.369299067428,2694,25,-397
-68.249503710974,-20.414214831634,2692,12,-682
-66.138462793292,-18.931994612836,2715,21,264
-68.384251003592,-21.043035530518,2681,29,-194
-65.82405244385,-20.728625181076,2740,9,-133
-66.407957378528,-19.56081531172,2679,24,1461
-68.96815593827,-19.515899547514,2680,27,234
-67.890177597326,-20.504046360046,2680,8,-653
-67.980009125738,-20.189636010604,2668,9,-739
-66.632536199558,-18.6625000276,2708,40,1302
-69.057987466682,-19.56081531172,2700,24,244
-68.474082532004,-18.752331556012,2698,18,165
-68.06984065415,-20.638793652664,2672,17,20
-67.126609605824,-20.189636010604,2686,9,-513
-65.868968208056,-20.189636010604,2731,10,-2
-69.64189240136,-18.6625000276,2747,9,59
-66.452873142734,-21.13286705893,2690,11,1106
-67.261356898442,-20.45913059584,2666,6,-719
-65.464726330202,-20.00997295378,2739,17,-504
-69.147818995094,-18.88707884863,2675,34,788
-68.429166767798,-20.773540945282,2687,22,-484
-68.024924889944,-20.504046360046,2688,10,-707
-67.575767247884,-20.23455177481,2669,6,-739
-66.363041614322,-20.324383303222,2699,14,630
-67.84526183312,-21.13286705893,2661,16,11
-68.608829824622,-20.414214831634,2700,19,-644
-68.384251003592,-21.447277408372,2704,21,-576
-65.509642094408,-18.88707884863,2742,39,976
-67.081693841618,-19.78539413275,2685,25,983
-67.126609605824,-20.9082882379,2671,7,-351
-66.632536199558,-20.279467539016,2682,17,1072
-66.363041614322,-20.593877888458,2711,11,324
-66.228294321704,-20.773540945282,2708,10,254
-67.261356898442,-20.054888717986,2677,10,-432
-68.698661353034,-20.45913059584,2689,24,-427
-68.51899829621,-20.414214831634,2697,18,-699
-67.890177597326,-20.279467539016,2666,8,-675
-65.464726330202,-20.189636010604,2742,13,-413
-65.509642094408,-20.144720246398,2737,16,-108
-67.935093361532,-19.470983783308,2708,11,-202
-66.228294321704,-19.291320726484,2678,19,929
-66.991862313206,-20.953204002106,2673,8,-202
-66.407957378528,-21.087951294724,2691,9,687
-68.474082532004,-20.279467539016,2700,19,-641
-66.72236772797,-21.492193172578,2681,14,1467
-68.608829824622,-20.548962124252,2695,24,-513
-65.419810565996,-20.054888717986,2731,19,-93
-65.285063273378,-19.875225661162,2742,21,-152
-68.384251003592,-18.88707884863,2699,16,-13
-66.04863126488,-20.00997295378,2700,16,380
-68.96815593827,-19.021826141248,2690,29,310
-67.306272662648,-18.931994612836,2694,29,1123
-66.452873142734,-19.426068019102,2662,24,1866
-65.15031598076,-19.650646840132,2727,37,571
-65.240147509172,-20.45913059584,2728,25,1168
-65.105400216554,-20.23455177481,2756,24,413
-65.689305151232,-19.965057189574,2723,17,-36
-65.464726330202,-19.695562604338,2732,27,-67
-67.126609605824,-19.920141425368,2694,16,123
-66.407957378528,-18.797247320218,2707,24,506
-65.868968208056,-19.920141425368,2686,19,683
-65.734220915438,-20.68370941687,2724,13,590
-68.608829824622,-18.88707884863,2697,20,304
-65.958799736468,-20.548962124252,2718,10,104
-67.081693841618,-20.099804482192,2696,11,-181
-68.653745588828,-19.650646840132,2683,21,-95
-66.946946549,-19.740478368544,2689,20,812
-65.15031598076,-19.650646840132,2727,37,571
-67.84526183312,-21.222698587342,2691,10,-644
-65.464726330202,-21.312530115754,2697,21,1075
-68.653745588828,-20.953204002106,2669,32,-136
-65.779136679644,-20.68370941687,2721,12,455
-68.74357711724,-20.593877888458,2694,23,-435
-69.057987466682,-20.45913059584,2728,18,-400
-67.261356898442,-19.201489198072,2684,22,671
-67.665598776296,-20.099804482192,2678,7,-707
-66.363041614322,-19.470983783308,2675,24,1568
-68.653745588828,-19.291320726484,2714,19,-468
-66.991862313206,-19.920141425368,2700,20,653
-67.351188426854,-19.201489198072,2679,24,1013
-65.37489480179,-19.33623649069,2750,29,174
-68.698661353034,-18.6625000276,2694,20,172
-66.452873142734,-20.279467539016,2697,13,346
-69.686808165566,-18.617584263394,2747,7,-28
-66.587620435352,-21.312530115754,2691,10,665
-66.812199256382,-21.267614351548,2684,9,240
-66.318125850116,-20.504046360046,2695,14,756
-66.27321008591,-19.066741905454,2657,35,1453
-68.06984065415,-21.087951294724,2698,16,-675
-65.913883972262,-19.740478368544,2691,17,452
-66.093547029086,-20.279467539016,2704,11,329
-67.62068301209,-19.426068019102,2701,13,23
-65.329979037584,-20.00997295378,2743,22,-106
-68.653745588828,-19.920141425368,2705,22,-230
-68.51899829621,-19.650646840132,2697,16,-366
-66.677451963764,-19.246404962278,2704,39,2742
-69.102903230888,-19.740478368544,2722,19,207
-67.710514540502,-19.695562604338,2698,16,529
-67.800346068914,-19.156573433866,2693,16,211
-65.689305151232,-19.695562604338,2666,31,383
-69.1927347593,-19.33623649069,2707,24,535
-68.96815593827,-20.324383303222,2696,25,-219
-67.530851483678,-21.447277408372,2665,9,-83
-67.84526183312,-19.605731075926,2714,11,-170
-68.96815593827,-20.23455177481,2692,24,-171
-68.29441947518,-21.222698587342,2701,21,-635
-68.204587946768,-20.548962124252,2698,12,-664
-65.419810565996,-21.267614351548,2720,22,889
-65.285063273378,-19.695562604338,2732,31,185
-67.935093361532,-20.953204002106,2697,10,-720
-65.554557858614,-18.797247320218,2761,32,623
-67.575767247884,-19.470983783308,2690,17,680
-65.509642094408,-19.965057189574,2728,22,-54
-65.329979037584,-20.548962124252,2742,19,683
-67.261356898442,-20.45913059584,2666,6,-719
-65.779136679644,-19.740478368544,2669,28,682
-67.890177597326,-20.45913059584,2677,8,-654
-66.946946549,-19.381152254896,2696,22,1054
-68.474082532004,-19.156573433866,2702,25,288
-65.37489480179,-21.716771993608,2725,20,701
-68.114756418356,-19.56081531172,2706,11,-394
-66.767283492176,-19.515899547514,2697,30,2185
-66.767283492176,-18.976910377042,2747,42,2376
-69.507145108742,-19.021826141248,2747,13,203
-68.339335239386,-19.381152254896,2703,15,-371
-66.183378557498,-20.638793652664,2682,13,867
-67.890177597326,-20.414214831634,2674,8,-657
-69.372397816124,-18.797247320218,2700,25,571
-65.37489480179,-20.863372473694,2719,21,530
-68.698661353034,-20.548962124252,2682,24,-412
-68.833408645652,-20.144720246398,2716,20,-486
-65.329979037584,-21.761687757814,2763,22,631
-67.17152537003,-19.695562604338,2687,24,702
-66.363041614322,-20.68370941687,2707,12,639
-65.37489480179,-21.447277408372,2682,25,1120
-66.587620435352,-20.593877888458,2713,10,-43
-66.72236772797,-21.087951294724,2690,8,159
-69.013071702476,-18.88707884863,2694,27,210
-66.902030784794,-18.707415791806,2734,38,1425
-67.935093361532,-19.740478368544,2693,14,215
-68.29441947518,-19.650646840132,2700,14,-354
-65.59947362282,-19.246404962278,2724,32,489
-67.081693841618,-18.931994612836,2742,24,746
-66.003715500674,-20.68370941687,2700,14,818
-67.935093361532,-20.863372473694,2700,9,-731
-65.329979037584,-20.23455177481,2762,23,399
-65.734220915438,-19.875225661162,2698,21,21
-68.51899829621,-19.965057189574,2696,20,-260
-66.452873142734,-18.707415791806,2714,27,618
-67.261356898442,-19.291320726484,2681,24,716
-66.991862313206,-20.369299067428,2696,9,-291
-66.452873142734,-19.381152254896,2676,24,1690
-66.093547029086,-18.707415791806,2701,45,939
-66.49778890694,-21.35744587996,2689,11,1121
-66.542704671146,-18.976910377042,2716,27,949
-67.665598776296,-20.279467539016,2667,7,-746
-67.441019955266,-21.35744587996,2666,7,-321
-68.06984065415,-19.56081531172,2706,10,-326
-69.282566287712,-18.842163084424,2712,25,339
-66.587620435352,-19.11165766966,2699,37,2291
-66.04863126488,-20.638793652664,2688,14,889
-69.102903230888,-19.426068019102,2719,25,272
-66.767283492176,-20.728625181076,2697,8,-307
-66.228294321704,-19.875225661162,2698,12,181
-67.261356898442,-21.447277408372,2652,6,-102
-66.767283492176,-19.605731075926,2698,25,1624
-67.84526183312,-20.593877888458,2685,10,-631
-66.812199256382,-20.593877888458,2697,8,-262
-67.530851483678,-19.965057189574,2683,9,-408
-65.240147509172,-19.965057189574,2742,23,164
-68.06984065415,-20.773540945282,2700,13,-491
-67.62068301209,-20.369299067428,2668,7,-733
-68.249503710974,-20.548962124252,2699,14,-711
-68.159672182562,-20.728625181076,2690,17,-310
-68.51899829621,-19.470983783308,2697,22,-72
-64.970652923936,-19.515899547514,2744,18,261
-65.913883972262,-20.504046360046,2716,12,486
-68.608829824622,-20.593877888458,2699,24,-548
-68.563914060416,-19.156573433866,2693,30,368
-66.183378557498,-21.35744587996,2687,6,739
-68.339335239386,-19.291320726484,2708,17,0
-66.138462793292,-20.00997295378,2674,13,350
-69.462229344536,-18.527752734982,2711,24,683
-66.767283492176,-20.099804482192,2708,25,1480
-68.29441947518,-20.414214831634,2693,16,-626
-65.958799736468,-19.066741905454,2718,19,-204
-68.698661353034,-19.426068019102,2698,23,-181
-65.37489480179,-20.548962124252,2751,18,579
-68.159672182562,-20.638793652664,2681,14,-434
-68.563914060416,-20.998119766312,2687,28,-343
-66.72236772797,-21.267614351548,2685,11,620
-65.195231744966,-20.00997295378,2755,21,135
-66.138462793292,-19.11165766966,2676,23,678
-68.833408645652,-21.35744587996,2681,27,-260
-67.036778077412,-19.920141425368,2691,22,913
-68.608829824622,-21.312530115754,2686,36,-234
-68.249503710974,-19.920141425368,2691,13,-519
-68.384251003592,-19.426068019102,2707,13,-569
-65.015568688142,-20.68370941687,2720,40,771
-66.991862313206,-20.099804482192,2707,15,315
-65.37489480179,-21.267614351548,2718,23,825
-66.587620435352,-20.863372473694,2699,9,368
-68.024924889944,-21.043035530518,2682,20,-237
-65.285063273378,-20.324383303222,2753,27,1059
-67.800346068914,-18.617584263394,2691,27,769
-65.913883972262,-20.818456709488,2724,10,571
-67.216441134236,-21.087951294724,2638,9,621
-65.37489480179,-19.965057189574,2735,26,147
-69.013071702476,-19.830309896956,2692,25,285
-67.216441134236,-20.9082882379,2672,6,-330
-68.96815593827,-19.021826141248,2690,29,310
-68.608829824622,-19.33623649069,2712,19,-413
-68.51899829621,-18.572668499188,2690,23,438
-68.159672182562,-21.177782823136,2702,17,-710
-68.608829824622,-20.279467539016,2690,27,-300
-65.734220915438,-20.23455177481,2731,12,113
-67.935093361532,-19.426068019102,2706,12,-136
-65.37489480179,-19.695562604338,2726,27,-31
-66.542704671146,-20.23455177481,2695,13,575
-67.935093361532,-19.56081531172,2702,11,-14
-68.249503710974,-21.13286705893,2692,22,-518
-65.868968208056,-20.998119766312,2718,8,479
-65.958799736468,-19.875225661162,2671,19,845
-66.183378557498,-19.920141425368,2690,12,169
-65.59947362282,-21.402361644166,2713,15,974
-69.237650523506,-19.021826141248,2712,28,515
-67.39610419106,-21.402361644166,2657,7,-48
-65.689305151232,-19.650646840132,2668,31,449
-67.17152537003,-19.156573433866,2700,22,558
-65.82405244385,-19.11165766966,2714,26,229
-68.563914060416,-19.830309896956,2702,21,-208
-69.013071702476,-19.875225661162,2721,23,136
-68.384251003592,-18.752331556012,2695,17,161
-66.183378557498,-20.23455177481,2685,13,673
-66.857115020588,-21.13286705893,2678,9,58
-66.677451963764,-20.23455177481,2669,19,1277
-68.833408645652,-21.492193172578,2682,22,-433
-66.72236772797,-21.222698587342,2686,11,558
-68.114756418356,-19.695562604338,2698,11,-169
-67.351188426854,-20.23455177481,2666,6,-717
-65.734220915438,-19.695562604338,2681,30,391
-68.114756418356,-19.830309896956,2698,11,-491
-66.138462793292,-18.752331556012,2727,29,282
-69.057987466682,-19.156573433866,2686,33,549
-65.464726330202,-20.189636010604,2742,13,-413
-66.138462793292,-19.875225661162,2690,13,249
-67.306272662648,-21.312530115754,2661,6,-188
-65.734220915438,-19.78539413275,2684,26,357
-66.318125850116,-18.88707884863,2676,33,1237
-66.003715500674,-21.312530115754,2692,6,541
-66.452873142734,-19.695562604338,2667,24,1921
-66.27321008591,-19.695562604338,2658,22,1635
-66.991862313206,-19.605731075926,2687,20,614
-67.39610419106,-19.56081531172,2684,20,654
-67.306272662648,-20.414214831634,2665,6,-712
-65.868968208056,-20.279467539016,2716,14,825
-68.024924889944,-20.189636010604,2669,9,-746
-68.429166767798,-20.998119766312,2669,35,14
-66.27321008591,-21.312530115754,2665,9,1189
-65.868968208056,-20.593877888458,2718,11,201
-65.913883972262,-20.45913059584,2711,13,777
-67.351188426854,-21.267614351548,2664,7,-129
-68.74357711724,-20.9082882379,2678,35,-24
-67.62068301209,-20.00997295378,2684,9,-562
-68.563914060416,-19.426068019102,2696,21,-79
-66.902030784794,-20.099804482192,2711,21,928
-68.06984065415,-21.312530115754,2681,27,-32
-64.92573715973,-20.45913059584,2735,51,760
-68.51899829621,-19.201489198072,2715,21,-312
-68.788492881446,-20.504046360046,2681,26,-288
-67.575767247884,-19.650646840132,2702,13,3
-67.530851483678,-21.222698587342,2657,10,258
-66.228294321704,-18.842163084424,2700,26,769
-65.15031598076,-19.78539413275,2714,33,520
-66.138462793292,-19.695562604338,2661,23,1559
-67.17152537003,-18.797247320218,2717,25,604
-66.003715500674,-19.56081531172,2677,16,709
-66.902030784794,-20.054888717986,2713,21,889
-66.49778890694,-21.402361644166,2682,11,1090
-67.351188426854,-18.617584263394,2700,29,600
-68.74357711724,-19.78539413275,2675,29,157
-68.608829824622,-19.33623649069,2712,19,-413
-68.878324409858,-20.23455177481,2704,21,-428
-69.327482051918,-18.6625000276,2681,28,606
-65.82405244385,-19.830309896956,2704,15,-184
-69.147818995094,-19.291320726484,2687,28,615
-66.632536199558,-19.78539413275,2702,32,2444
-68.159672182562,-21.312530115754,2643,37,413
-66.632536199558,-18.842163084424,2728,39,1524
-65.329979037584,-20.144720246398,2756,21,11
-66.632536199558,-19.021826141248,2707,41,2563
-67.036778077412,-19.740478368544,2676,25,1071
-68.608829824622,-18.572668499188,2693,21,107
-67.890177597326,-19.291320726484,2700,13,-17
-68.923240174064,-19.291320726484,2690,27,147
-68.96815593827,-20.593877888458,2726,21,-299
-68.339335239386,-18.707415791806,2693,19,262
-67.84526183312,-20.279467539016,2666,7,-692
-68.114756418356,-20.68370941687,2658,19,73
-65.060484452348,-19.695562604338,2721,29,560
-66.452873142734,-20.23455177481,2699,13,559
-66.991862313206,-19.246404962278,2707,19,709
-65.82405244385,-21.087951294724,2717,9,745
-64.92573715973,-20.324383303222,2740,41,457
-65.734220915438,-19.426068019102,2718,20,-143
-66.228294321704,-19.246404962278,2681,19,709
-66.04863126488,-20.054888717986,2696,14,163
-67.036778077412,-20.9082882379,2672,8,-305
-65.779136679644,-20.054888717986,2682,22,946
-65.554557858614,-21.492193172578,2725,13,451
-67.755430304708,-18.617584263394,2691,28,854
-66.318125850116,-20.504046360046,2695,14,756
-66.183378557498,-19.875225661162,2695,12,129
-67.530851483678,-18.752331556012,2694,28,1089
-68.384251003592,-21.267614351548,2675,33,-163
-67.126609605824,-18.976910377042,2731,23,696
-68.159672182562,-20.324383303222,2680,10,-702
-67.261356898442,-19.605731075926,2686,20,263
-68.51899829621,-19.426068019102,2706,19,-253
-67.62068301209,-19.920141425368,2691,11,-305
-66.767283492176,-18.931994612836,2753,41,2142
-67.351188426854,-21.267614351548,2664,7,-129
-65.060484452348,-20.054888717986,2751,25,387
-68.51899829621,-21.402361644166,2616,38,17
-66.318125850116,-20.324383303222,2694,12,575
-68.29441947518,-19.470983783308,2705,13,-492
-67.261356898442,-20.953204002106,2668,6,-131
-68.29441947518,-19.021826141248,2698,15,4
-65.868968208056,-21.177782823136,2696,9,842
-66.04863126488,-20.414214831634,2704,13,446
-66.587620435352,-21.043035530518,2699,9,221
-68.878324409858,-19.201489198072,2704,28,-54
-67.216441134236,-20.00997295378,2683,12,-296
-66.183378557498,-19.201489198072,2695,15,-93
-65.689305151232,-21.35744587996,2719,9,136
-67.665598776296,-20.279467539016,2667,7,-746
-66.946946549,-18.752331556012,2741,28,959
-68.878324409858,-20.728625181076,2712,24,-226
-65.015568688142,-19.605731075926,2735,23,418
-65.913883972262,-18.797247320218,2699,39,1319
-68.96815593827,-20.324383303222,2696,25,-219
-66.318125850116,-20.548962124252,2702,13,543
-66.363041614322,-19.695562604338,2682,18,1112
-68.474082532004,-19.11165766966,2684,24,441
-65.82405244385,-19.066741905454,2706,33,629
-65.464726330202,-21.222698587342,2691,21,957
-68.653745588828,-20.144720246398,2680,32,39
-68.159672182562,-20.099804482192,2680,9,-765
-65.913883972262,-19.201489198072,2687,20,738
-65.689305151232,-19.965057189574,2723,17,-36
-68.923240174064,-19.56081531172,2678,26,175
-67.126609605824,-18.707415791806,2720,27,752
-65.59947362282,-20.054888717986,2724,17,-35
-65.913883972262,-18.797247320218,2699,39,1319
-65.59947362282,-20.099804482192,2720,16,-73
-67.081693841618,-19.875225661162,2685,23,867
-68.024924889944,-21.087951294724,2699,15,-708
-65.464726330202,-19.830309896956,2727,27,88
-66.857115020588,-20.369299067428,2704,15,408
-67.890177597326,-20.099804482192,2676,8,-743
-67.306272662648,-19.201489198072,2682,23,851
-67.890177597326,-21.267614351548,2680,14,-263
-65.82405244385,-19.650646840132,2690,19,444
-68.51899829621,-20.863372473694,2680,31,-119
-65.240147509172,-20.504046360046,2751,22,872
-66.632536199558,-20.00997295378,2672,22,1575
-66.093547029086,-20.593877888458,2696,11,639
-66.632536199558,-21.35744587996,2693,10,697
-68.698661353034,-20.953204002106,2671,35,-50
-66.677451963764,-21.13286705893,2692,8,235
-68.429166767798,-19.650646840132,2697,16,-284
-65.195231744966,-19.78539413275,2731,31,163
-68.384251003592,-20.279467539016,2688,18,-630
-67.800346068914,-19.021826141248,2686,19,272
-67.17152537003,-18.797247320218,2717,25,604
-66.363041614322,-18.6625000276,2714,28,482
-67.081693841618,-20.593877888458,2679,7,-537
-66.991862313206,-20.728625181076,2681,7,-370
-66.318125850116,-20.099804482192,2685,15,674
-68.204587946768,-21.312530115754,2653,35,216
-65.913883972262,-19.965057189574,2682,18,614
-67.62068301209,-18.797247320218,2689,26,1047
-64.7011583387,-20.00997295378,2738,44,709
-67.980009125738,-19.246404962278,2696,12,-63
-68.204587946768,-20.68370941687,2672,21,-28
-67.351188426854,-20.638793652664,2671,8,-569
-65.868968208056,-19.650646840132,2691,17,460
-68.608829824622,-19.156573433866,2671,33,598
-67.755430304708,-21.222698587342,2680,11,-364
-65.509642094408,-19.291320726484,2725,35,491
-68.788492881446,-19.965057189574,2704,24,-204
-68.204587946768,-19.56081531172,2704,11,-488
-67.216441134236,-21.492193172578,2651,7,-100
-67.441019955266,-19.515899547514,2689,17,247
-68.788492881446,-19.830309896956,2677,28,114
-66.452873142734,-20.953204002106,2703,9,289
-68.384251003592,-19.426068019102,2707,13,-569
-66.991862313206,-20.414214831634,2693,8,-342
-68.114756418356,-19.830309896956,2698,11,-491
-65.554557858614,-20.00997295378,2735,17,-251
-66.946946549,-19.470983783308,2692,20,691
-66.093547029086,-19.695562604338,2659,22,1402
-67.306272662648,-19.56081531172,2682,21,637
-68.159672182562,-20.953204002106,2669,25,27
-69.057987466682,-19.830309896956,2721,21,187
-68.474082532004,-20.054888717986,2672,29,108
-66.363041614322,-19.291320726484,2679,19,1019
-66.27321008591,-20.414214831634,2698,12,623
-66.452873142734,-19.201489198072,2690,21,1061
-67.081693841618,-19.470983783308,2686,21,633
-67.575767247884,-20.23455177481,2669,6,-739
-68.159672182562,-18.797247320218,2687,16,284
-68.339335239386,-19.875225661162,2680,20,-30
-67.485935719472,-20.279467539016,2668,6,-745
-66.27321008591,-19.920141425368,2676,15,984
-67.710514540502,-18.976910377042,2687,21,529
-66.138462793292,-20.00997295378,2674,13,350
-65.240147509172,-20.00997295378,2731,25,447
-66.228294321704,-20.998119766312,2712,7,207
-69.057987466682,-20.773540945282,2770,12,-537
-66.946946549,-19.740478368544,2689,20,812
-66.04863126488,-20.818456709488,2706,9,504
-69.462229344536,-18.572668499188,2722,22,467
-67.575767247884,-20.45913059584,2670,7,-691
-66.04863126488,-20.23455177481,2701,11,259
-68.698661353034,-20.414214831634,2702,21,-589
-69.462229344536,-18.617584263394,2729,21,308
-67.62068301209,-19.695562604338,2705,11,-165
-67.441019955266,-20.369299067428,2667,6,-716
-69.282566287712,-19.066741905454,2723,24,346
-67.575767247884,-20.504046360046,2671,7,-672
-66.991862313206,-19.740478368544,2687,22,906
-68.159672182562,-18.842163084424,2686,18,705
-68.204587946768,-19.650646840132,2702,12,-393
-68.51899829621,-19.11165766966,2689,24,489
-67.530851483678,-19.201489198072,2685,19,483
-65.734220915438,-19.11165766966,2715,38,858
-64.92573715973,-20.369299067428,2736,46,618
-68.384251003592,-18.752331556012,2695,17,161
-66.318125850116,-19.650646840132,2679,18,1009
-67.84526183312,-20.548962124252,2681,9,-696
-67.980009125738,-19.021826141248,2682,15,178
-65.509642094408,-19.33623649069,2722,37,511
-66.767283492176,-18.931994612836,2753,41,2142
-67.530851483678,-20.099804482192,2675,7,-732
-67.575767247884,-18.842163084424,2689,28,1108
-67.665598776296,-19.201489198072,2693,18,326
-66.587620435352,-19.695562604338,2704,31,2239
-65.689305151232,-19.875225661162,2706,21,-67
-68.563914060416,-20.998119766312,2687,28,-343
-68.51899829621,-19.830309896956,2689,21,-117
-68.384251003592,-18.572668499188,2691,25,518
-68.96815593827,-20.324383303222,2696,25,-219
-68.833408645652,-19.56081531172,2683,24,-11
-68.788492881446,-19.875225661162,2700,23,-173
-67.39610419106,-20.504046360046,2668,6,-710
-66.27321008591,-20.9082882379,2713,7,192
-66.991862313206,-19.021826141248,2756,23,827
-67.485935719472,-19.830309896956,2690,12,-65
-66.991862313206,-19.246404962278,2707,19,709
-68.833408645652,-20.593877888458,2688,26,-263
-66.27321008591,-19.246404962278,2669,20,1074
-65.329979037584,-20.638793652664,2767,12,-302
-67.126609605824,-19.291320726484,2691,21,580
-66.49778890694,-20.00997295378,2695,14,557
-67.081693841618,-20.638793652664,2678,7,-459
-68.788492881446,-19.78539413275,2671,30,216
-65.689305151232,-20.00997295378,2725,16,-69
-66.183378557498,-21.087951294724,2681,7,582
-65.82405244385,-20.818456709488,2737,9,162
-67.84526183312,-20.68370941687,2690,11,-536
-66.318125850116,-20.593877888458,2707,11,433
-65.419810565996,-20.00997295378,2730,20,-99
-67.036778077412,-19.156573433866,2723,22,764
-67.216441134236,-18.797247320218,2711,25,568
-67.84526183312,-21.35744587996,2672,15,-127
-68.249503710974,-18.752331556012,2690,17,285
-65.734220915438,-19.381152254896,2712,23,-11
-69.013071702476,-20.054888717986,2688,24,11
-67.036778077412,-20.548962124252,2683,7,-440
-65.464726330202,-18.842163084424,2759,32,700
-68.833408645652,-18.6625000276,2697,20,-209
-65.015568688142,-19.78539413275,2745,23,251
-65.329979037584,-20.00997295378,2743,22,-106
-68.429166767798,-21.13286705893,2628,36,143
-66.991862313206,-21.312530115754,2669,8,19
-69.102903230888,-20.23455177481,2736,16,-251
-67.351188426854,-19.381152254896,2681,20,473
-66.542704671146,-20.414214831634,2710,11,120
-67.575767247884,-20.638793652664,2676,7,-542
-67.441019955266,-19.965057189574,2680,9,-418
-66.767283492176,-20.773540945282,2696,7,-346
-68.878324409858,-19.11165766966,2693,28,202
-67.890177597326,-20.548962124252,2684,8,-666
-68.96815593827,-18.976910377042,2687,27,263
-65.464726330202,-20.953204002106,2698,24,991
-67.351188426854,-21.402361644166,2643,7,243
-66.003715500674,-19.156573433866,2692,21,673
-66.991862313206,-20.728625181076,2681,7,-370
-67.62068301209,-19.470983783308,2695,14,418
-67.39610419106,-21.312530115754,2664,7,-214
-66.138462793292,-19.56081531172,2673,18,1057
-66.318125850116,-20.099804482192,2685,15,674
-66.138462793292,-21.222698587342,2689,6,520
-66.138462793292,-20.324383303222,2708,10,169
-67.485935719472,-21.043035530518,2664,7,-315
-69.372397816124,-18.88707884863,2695,25,693
-65.285063273378,-19.78539413275,2748,27,-42
-68.474082532004,-18.976910377042,2706,16,-148
-68.653745588828,-19.291320726484,2714,19,-468
-67.081693841618,-20.998119766312,2669,7,-61
-67.351188426854,-20.144720246398,2670,7,-653
-65.868968208056,-20.00997295378,2684,19,692
-67.890177597326,-20.189636010604,2668,8,-690
-68.339335239386,-19.605731075926,2701,14,-355
-67.485935719472,-18.976910377042,2691,25,902
-67.710514540502,-20.45913059584,2670,9,-745
-67.665598776296,-19.875225661162,2677,15,238
-65.644389387026,-21.267614351548,2713,13,958
-65.464726330202,-19.381152254896,2730,33,349
-66.677451963764,-20.998119766312,2695,8,-45
-66.902030784794,-20.324383303222,2705,14,277
-67.441019955266,-19.11165766966,2685,23,777
-68.653745588828,-19.246404962278,2711,23,-310
-68.204587946768,-18.617584263394,2689,26,579
-67.710514540502,-19.650646840132,2701,13,214
-67.351188426854,-21.447277408372,2644,8,303
-66.228294321704,-20.144720246398,2685,16,948
-65.779136679644,-21.267614351548,2734,7,66
-68.384251003592,-21.267614351548,2675,33,-163
-69.237650523506,-18.6625000276,2686,29,368
-66.857115020588,-21.222698587342,2679,9,179
-65.958799736468,-21.447277408372,2683,6,674
-65.913883972262,-18.931994612836,2687,44,1521
-66.363041614322,-19.920141425368,2688,17,1147
-67.261356898442,-21.312530115754,2655,7,135
-67.081693841618,-18.842163084424,2736,24,777
-67.665598776296,-20.279467539016,2667,7,-746
-66.04863126488,-21.35744587996,2698,6,698
-65.958799736468,-20.144720246398,2722,11,114
-66.318125850116,-21.222698587342,2668,10,1157
-67.755430304708,-20.45913059584,2671,8,-735
-65.015568688142,-20.638793652664,2717,44,982
-64.970652923936,-19.740478368544,2732,25,511
-68.698661353034,-19.11165766966,2664,31,618
-66.27321008591,-19.066741905454,2657,35,1453
-68.474082532004,-20.23455177481,2696,21,-501
-66.49778890694,-20.593877888458,2712,13,372
-67.710514540502,-19.650646840132,2701,13,214
-68.788492881446,-20.504046360046,2681,26,-288
-67.081693841618,-19.021826141248,2740,23,757
-67.84526183312,-20.593877888458,2685,10,-631
-68.653745588828,-20.279467539016,2684,31,-132
-65.37489480179,-21.177782823136,2723,23,734
-66.093547029086,-20.054888717986,2702,11,45
-66.542704671146,-20.638793652664,2713,11,102
-67.485935719472,-21.043035530518,2664,7,-315
-67.306272662648,-20.863372473694,2671,6,-378
-64.92573715973,-20.00997295378,2718,51,1689
-65.37489480179,-20.548962124252,2751,18,579
-65.464726330202,-21.626940465196,2716,14,333
-65.419810565996,-20.818456709488,2730,17,305
-67.665598776296,-19.875225661162,2677,15,238
-67.800346068914,-20.638793652664,2676,12,-274
-66.318125850116,-19.830309896956,2695,14,562
-68.878324409858,-19.650646840132,2669,31,363
-66.363041614322,-19.021826141248,2667,38,1484
-65.37489480179,-19.605731075926,2725,28,-96
-69.282566287712,-19.021826141248,2718,25,409
-66.003715500674,-20.324383303222,2708,12,279
-66.27321008591,-19.875225661162,2696,13,600
-69.462229344536,-19.11165766966,2736,14,272
-68.204587946768,-21.267614351548,2680,28,-135
-68.878324409858,-20.68370941687,2711,25,-225
-67.980009125738,-19.56081531172,2690,11,42
-68.29441947518,-18.976910377042,2696,15,47
-66.632536199558,-19.021826141248,2707,41,2563
-65.644389387026,-18.707415791806,2773,29,405
-68.339335239386,-21.177782823136,2683,26,-337
-66.587620435352,-20.593877888458,2713,10,-43
-67.800346068914,-19.78539413275,2690,17,407
-68.74357711724,-19.201489198072,2700,28,-38
-67.755430304708,-19.965057189574,2692,10,-608
-68.96815593827,-20.773540945282,2715,21,-242
-67.485935719472,-21.312530115754,2669,8,-188
-68.698661353034,-19.381152254896,2705,21,-259
-69.102903230888,-19.515899547514,2671,26,533
-67.62068301209,-20.00997295378,2684,9,-562
-66.452873142734,-21.447277408372,2688,9,1006
-68.923240174064,-20.998119766312,2736,24,-218
-66.767283492176,-18.617584263394,2717,50,1918
-66.407957378528,-19.830309896956,2673,20,1857
-67.485935719472,-21.402361644166,2667,7,-305
-67.890177597326,-20.998119766312,2695,10,-717
-68.51899829621,-20.00997295378,2682,25,-75
-67.306272662648,-20.504046360046,2666,6,-727
-68.429166767798,-20.9082882379,2649,32,111
-67.126609605824,-20.144720246398,2688,10,-418
-66.767283492176,-20.00997295378,2698,27,1964
-67.261356898442,-19.33623649069,2681,22,598
-66.587620435352,-19.78539413275,2690,33,2648
-68.96815593827,-21.447277408372,2737,14,-617
-68.06984065415,-19.201489198072,2698,11,-224
-68.114756418356,-20.9082882379,2675,20,-39
-67.126609605824,-21.35744587996,2661,6,-25
-67.126609605824,-19.291320726484,2691,21,580
-65.779136679644,-18.617584263394,2775,34,505
-66.542704671146,-20.144720246398,2686,15,1081
-67.665598776296,-19.920141425368,2694,11,-392
-68.833408645652,-21.222698587342,2700,31,-145
-68.833408645652,-19.965057189574,2706,22,-263
-68.29441947518,-20.504046360046,2689,19,-474
-68.788492881446,-19.965057189574,2704,24,-204
-66.812199256382,-21.13286705893,2680,9,207
-67.530851483678,-19.381152254896,2690,16,151
-67.530851483678,-18.617584263394,2695,28,671
-68.114756418356,-19.695562604338,2698,11,-169
-66.228294321704,-19.426068019102,2674,21,1225
-68.159672182562,-20.00997295378,2684,9,-745
-67.441019955266,-19.11165766966,2685,23,777
-67.441019955266,-20.638793652664,2673,7,-661
-67.261356898442,-20.45913059584,2666,6,-719
-65.958799736468,-21.087951294724,2687,9,828
-67.036778077412,-18.976910377042,2752,23,764
-68.429166767798,-21.222698587342,2634,37,50
-66.72236772797,-20.998119766312,2691,7,-94
-66.991862313206,-20.548962124252,2686,7,-404
-66.003715500674,-18.617584263394,2696,47,1136
-68.339335239386,-20.054888717986,2643,27,146
-68.833408645652,-19.650646840132,2667,30,338
-66.003715500674,-21.402361644166,2695,5,696
-65.59947362282,-19.246404962278,2724,32,489
-67.890177597326,-20.099804482192,2676,8,-743
-66.49778890694,-18.752331556012,2700,33,1116
-67.62068301209,-19.11165766966,2688,20,572
-66.632536199558,-20.054888717986,2691,19,1062
-67.530851483678,-20.099804482192,2675,7,-732
-66.902030784794,-19.920141425368,2706,21,923
-66.183378557498,-20.863372473694,2714,7,-67
-69.013071702476,-18.752331556012,2668,30,564
-67.081693841618,-18.797247320218,2732,25,797
-67.261356898442,-20.189636010604,2669,8,-613
-68.878324409858,-20.23455177481,2704,21,-428
-67.441019955266,-19.11165766966,2685,23,777
-68.923240174064,-20.00997295378,2703,22,-173
-66.991862313206,-18.6625000276,2730,32,1082
-67.575767247884,-19.78539413275,2697,11,-37
-66.27321008591,-20.9082882379,2713,7,192
-68.159672182562,-18.797247320218,2687,16,284
-65.734220915438,-19.156573433866,2732,29,474
-66.991862313206,-19.605731075926,2687,20,614
-67.665598776296,-20.773540945282,2678,11,-220
-68.833408645652,-20.953204002106,2704,33,-53
-66.542704671146,-18.797247320218,2676,39,1602
-68.29441947518,-18.88707884863,2693,15,75
-65.240147509172,-19.78539413275,2738,29,-24
-68.833408645652,-19.920141425368,2711,21,-274
-66.902030784794,-21.447277408372,2680,10,436
-66.946946549,-21.177782823136,2673,8,-90
-69.372397816124,-18.707415791806,2688,26,566
-67.62068301209,-20.863372473694,2681,8,-579
-66.27321008591,-20.728625181076,2700,11,342
-65.509642094408,-19.381152254896,2703,40,641
-66.407957378528,-18.842163084424,2696,29,909
-67.62068301209,-20.45913059584,2670,7,-697
-65.285063273378,-19.605731075926,2730,29,189
-68.06984065415,-20.279467539016,2672,9,-729
-65.958799736468,-20.23455177481,2685,14,912
-65.868968208056,-20.00997295378,2684,19,692
-68.96815593827,-20.414214831634,2700,25,-265
-68.474082532004,-21.267614351548,2648,37,-75
-67.17152537003,-19.740478368544,2687,23,715
-67.575767247884,-19.426068019102,2697,14,101
-69.462229344536,-18.572668499188,2722,22,467
-69.102903230888,-20.548962124252,2766,12,-618
-67.800346068914,-19.830309896956,2707,13,-224
-65.734220915438,-19.515899547514,2688,26,585
-66.632536199558,-19.11165766966,2709,41,2636
-66.946946549,-21.043035530518,2673,8,-148
-68.51899829621,-19.740478368544,2697,17,-305
-66.902030784794,-20.953204002106,2679,8,-247
-68.788492881446,-18.797247320218,2675,23,434
-67.575767247884,-18.797247320218,2686,28,1261
-68.384251003592,-20.279467539016,2688,18,-630
-65.15031598076,-19.875225661162,2739,21,-168
-67.261356898442,-20.00997295378,2679,11,-356
-66.228294321704,-20.638793652664,2695,12,665
-66.04863126488,-19.605731075926,2671,18,946
-69.1927347593,-19.066741905454,2710,29,501
-68.51899829621,-18.976910377042,2706,20,228
-65.15031598076,-19.695562604338,2727,37,624
-66.767283492176,-19.246404962278,2716,30,2110
-67.665598776296,-21.492193172578,2663,13,132
-66.183378557498,-19.33623649069,2690,16,654
-65.285063273378,-20.054888717986,2740,22,34
-65.779136679644,-20.593877888458,2735,12,485
-67.17152537003,-19.201489198072,2694,21,535
-66.093547029086,-20.099804482192,2712,10,-104
-65.37489480179,-20.638793652664,2761,14,-92
-67.665598776296,-19.965057189574,2689,10,-493
-65.913883972262,-20.638793652664,2733,10,322
-67.62068301209,-21.492193172578,2664,11,46
-67.980009125738,-19.201489198072,2694,12,0
-68.29441947518,-20.369299067428,2684,17,-582
-66.857115020588,-18.6625000276,2712,45,1766
-66.72236772797,-19.426068019102,2692,35,2772
-67.84526183312,-21.087951294724,2646,17,300
-66.318125850116,-20.189636010604,2704,10,-48
-66.857115020588,-21.222698587342,2679,9,179
-67.126609605824,-19.381152254896,2686,20,555
-66.003715500674,-19.201489198072,2685,21,720
-65.958799736468,-20.638793652664,2705,12,703
-67.890177597326,-20.414214831634,2674,8,-657
-65.913883972262,-20.548962124252,2720,11,319
-68.878324409858,-20.00997295378,2712,19,-390
-69.372397816124,-18.797247320218,2700,25,571
-68.204587946768,-18.931994612836,2690,16,172
-69.1927347593,-19.11165766966,2710,29,572
-68.249503710974,-20.773540945282,2679,21,-254
-68.788492881446,-18.88707884863,2667,29,696
-69.147818995094,-19.470983783308,2700,24,483
-67.575767247884,-20.23455177481,2669,6,-739
-65.644389387026,-18.797247320218,2742,38,932
-68.114756418356,-19.830309896956,2698,11,-491
-69.237650523506,-18.88707884863,2720,26,326
-66.902030784794,-21.222698587342,2676,8,47
-65.689305151232,-19.515899547514,2703,24,284
-66.452873142734,-19.201489198072,2690,21,1061
-66.72236772797,-18.6625000276,2706,45,1607
-68.249503710974,-21.177782823136,2702,19,-696
-66.228294321704,-21.13286705893,2684,7,661
-67.935093361532,-19.426068019102,2706,12,-136
-69.64189240136,-18.482836970776,2753,12,330
-66.677451963764,-20.099804482192,2683,22,1434
-68.024924889944,-18.707415791806,2685,24,617
-67.036778077412,-19.201489198072,2711,21,805
-66.093547029086,-21.043035530518,2693,7,405
-68.698661353034,-18.976910377042,2694,22,104
-67.17152537003,-20.369299067428,2673,7,-687
-67.126609605824,-20.68370941687,2676,7,-475
-66.632536199558,-21.267614351548,2687,11,888
-68.339335239386,-18.976910377042,2699,15,-5
-65.868968208056,-20.953204002106,2733,8,309
-68.159672182562,-19.740478368544,2678,17,231
-67.485935719472,-18.88707884863,2693,27,1102
-66.632536199558,-21.312530115754,2693,10,628
-68.474082532004,-21.402361644166,2660,34,-91
-66.812199256382,-20.369299067428,2704,17,584
-68.833408645652,-18.797247320218,2663,26,594
-68.608829824622,-19.740478368544,2670,27,164
-66.946946549,-19.246404962278,2709,20,915
-67.755430304708,-18.617584263394,2691,28,854
-64.880821395524,-20.23455177481,2727,42,461
-69.013071702476,-20.00997295378,2707,24,61
-68.74357711724,-19.33623649069,2706,22,-228
-68.204587946768,-20.548962124252,2698,12,-664
-68.563914060416,-19.11165766966,2689,26,421
-68.06984065415,-19.875225661162,2695,10,-598
-65.59947362282,-19.291320726484,2701,36,634
-67.575767247884,-19.515899547514,2693,16,582
-65.779136679644,-19.246404962278,2738,19,38
-66.542704671146,-21.267614351548,2686,11,919
-67.530851483678,-19.875225661162,2689,12,-118
-67.261356898442,-21.492193172578,2650,7,-99
-67.935093361532,-20.728625181076,2701,9,-686
-65.689305151232,-19.470983783308,2708,22,28
-66.363041614322,-20.00997295378,2682,16,877
-68.429166767798,-20.593877888458,2660,27,-94
-68.788492881446,-20.054888717986,2704,26,-207
-66.49778890694,-20.23455177481,2692,14,609
-67.530851483678,-20.144720246398,2672,6,-732
-67.530851483678,-18.797247320218,2688,30,1374
-64.746074102906,-20.099804482192,2705,52,1033
-66.677451963764,-19.381152254896,2681,39,3187
-67.530851483678,-21.402361644166,2670,8,-362
-67.62068301209,-21.13286705893,2672,9,-276
-69.057987466682,-18.976910377042,2679,34,740
-67.261356898442,-20.818456709488,2674,7,-466
-68.429166767798,-20.45913059584,2675,24,-401
-68.608829824622,-19.56081531172,2697,19,-369
-68.788492881446,-20.324383303222,2710,22,-531
-65.329979037584,-20.953204002106,2730,23,419
-68.653745588828,-18.931994612836,2693,23,272
-65.734220915438,-18.842163084424,2739,34,924
-68.923240174064,-20.45913059584,2702,25,-316
-66.363041614322,-20.00997295378,2682,16,877
-66.632536199558,-20.953204002106,2695,9,158
-65.59947362282,-19.740478368544,2676,34,480
-66.093547029086,-19.695562604338,2659,22,1402
-67.216441134236,-20.189636010604,2673,8,-597
-67.980009125738,-18.88707884863,2681,20,456
-65.554557858614,-19.291320726484,2714,35,547
-66.363041614322,-20.189636010604,2702,11,256
-68.429166767798,-21.492193172578,2701,22,-512
-65.644389387026,-19.875225661162,2714,23,-49
-68.474082532004,-20.504046360046,2691,20,-650
-66.812199256382,-19.78539413275,2704,20,987
-66.632536199558,-18.842163084424,2728,39,1524
-66.767283492176,-20.144720246398,2697,25,1463
-66.183378557498,-19.650646840132,2660,23,1633
-65.060484452348,-19.650646840132,2721,28,519
-68.29441947518,-18.572668499188,2691,27,533
-67.306272662648,-21.312530115754,2661,6,-188
-66.452873142734,-20.45913059584,2708,16,601
-68.29441947518,-19.920141425368,2674,19,-85
-67.17152537003,-20.773540945282,2674,7,-448
-67.575767247884,-20.099804482192,2676,7,-705
-66.767283492176,-20.324383303222,2701,20,837
-68.653745588828,-19.740478368544,2638,31,432
-65.554557858614,-20.144720246398,2716,17,91
-68.878324409858,-20.818456709488,2710,27,-156
-68.51899829621,-19.515899547514,2688,23,6
-68.159672182562,-19.470983783308,2705,12,-405
-68.608829824622,-20.504046360046,2692,23,-508
-67.575767247884,-20.68370941687,2678,8,-535
-68.923240174064,-21.043035530518,2736,23,-194
-66.587620435352,-20.144720246398,2686,16,1172
-68.51899829621,-21.492193172578,2673,33,-118
-67.306272662648,-20.593877888458,2669,8,-606
-68.608829824622,-20.144720246398,2689,27,-167
-69.057987466682,-18.6625000276,2688,28,289
-68.788492881446,-18.707415791806,2692,20,120
-67.755430304708,-20.189636010604,2671,7,-715
-67.081693841618,-19.875225661162,2685,23,867
-67.890177597326,-19.515899547514,2710,10,-220
-67.890177597326,-20.23455177481,2667,8,-682
-66.587620435352,-19.695562604338,2704,31,2239
-67.890177597326,-20.953204002106,2695,9,-775
-68.429166767798,-18.527752734982,2691,26,495
-67.890177597326,-19.830309896956,2706,10,-512
-69.237650523506,-18.842163084424,2706,27,413
-69.41731358033,-19.11165766966,2727,18,456
-67.575767247884,-18.617584263394,2692,29,862
-67.755430304708,-21.312530115754,2675,11,-312
-66.902030784794,-20.369299067428,2703,12,91
-68.653745588828,-19.11165766966,2673,30,584
-65.329979037584,-20.998119766312,2726,24,453
-65.509642094408,-19.830309896956,2730,26,47
-66.767283492176,-20.818456709488,2693,7,-275
-69.057987466682,-20.45913059584,2728,18,-400
-68.74357711724,-20.279467539016,2694,30,-170
-68.74357711724,-19.066741905454,2690,24,243
-67.126609605824,-20.144720246398,2688,10,-418
-65.285063273378,-19.605731075926,2730,29,189
-67.935093361532,-19.021826141248,2682,16,189
-68.96815593827,-19.066741905454,2688,30,387
-66.228294321704,-21.043035530518,2704,6,292
-65.509642094408,-18.752331556012,2758,31,705
-66.767283492176,-20.054888717986,2703,26,1727
-66.003715500674,-20.593877888458,2710,11,515
-67.216441134236,-18.797247320218,2711,25,568
-66.363041614322,-20.23455177481,2701,12,384
-67.216441134236,-18.931994612836,2707,27,987
-69.1927347593,-18.617584263394,2693,27,131
-65.105400216554,-20.189636010604,2743,25,569
-65.868968208056,-20.099804482192,2700,14,297
-67.980009125738,-20.953204002106,2694,13,-459
-66.04863126488,-19.066741905454,2698,22,623
-66.767283492176,-20.324383303222,2701,20,837
-67.036778077412,-18.752331556012,2734,26,833
-67.710514540502,-19.965057189574,2691,10,-546
-66.228294321704,-19.740478368544,2668,22,1287
-67.84526183312,-21.043035530518,2679,13,-152
-64.92573715973,-19.605731075926,2761,21,325
-66.003715500674,-19.246404962278,2678,21,707
-67.665598776296,-21.087951294724,2670,9,-202
-66.72236772797,-21.222698587342,2686,11,558
-66.04863126488,-20.9082882379,2665,11,770
-68.923240174064,-19.246404962278,2695,26,20
-66.363041614322,-21.312530115754,2672,11,1052
-67.17152537003,-20.369299067428,2673,7,-687
-67.306272662648,-21.402361644166,2655,6,-18
-67.441019955266,-20.054888717986,2676,7,-629
-69.462229344536,-19.201489198072,2758,11,35
-68.474082532004,-20.324383303222,2699,18,-704
-66.946946549,-20.369299067428,2700,10,-142
-68.698661353034,-20.23455177481,2653,35,111
-68.788492881446,-20.863372473694,2689,33,-30
-68.51899829621,-19.78539413275,2698,17,-345
-67.39610419106,-21.312530115754,2664,7,-214
-66.991862313206,-20.728625181076,2681,7,-370
-67.890177597326,-20.099804482192,2676,8,-743
-68.51899829621,-18.931994612836,2707,18,147
-66.677451963764,-19.11165766966,2714,43,2598
-68.06984065415,-21.447277408372,2608,33,626
-65.285063273378,-20.593877888458,2758,14,45
-65.913883972262,-19.021826141248,2709,28,202
-66.632536199558,-18.6625000276,2708,40,1302
-67.755430304708,-19.11165766966,2691,18,289
-67.665598776296,-21.13286705893,2677,9,-350
-66.318125850116,-18.707415791806,2703,31,798
-68.923240174064,-18.707415791806,2693,24,134
-67.575767247884,-19.11165766966,2687,20,579
-69.1927347593,-19.33623649069,2707,24,535
-67.39610419106,-18.6625000276,2700,27,582
-68.51899829621,-19.605731075926,2682,20,-69
-68.923240174064,-19.695562604338,2698,29,253
-67.17152537003,-20.414214831634,2672,7,-685
-68.833408645652,-21.13286705893,2705,33,-98
-66.542704671146,-20.548962124252,2712,13,234
-65.913883972262,-18.88707884863,2705,40,1338
-65.913883972262,-20.324383303222,2685,16,935
-67.62068301209,-19.56081531172,2686,19,1018
-69.057987466682,-19.470983783308,2701,26,297
-68.204587946768,-18.842163084424,2661,24,1443
-67.261356898442,-19.650646840132,2688,19,217
-69.507145108742,-19.156573433866,2758,10,-56
-65.868968208056,-19.426068019102,2708,15,257
-67.665598776296,-18.88707884863,2687,25,779
-68.114756418356,-20.45913059584,2689,11,-701
-68.833408645652,-19.56081531172,2683,24,-11
-67.17152537003,-20.863372473694,2673,7,-405
-68.833408645652,-20.00997295378,2707,21,-335
-67.890177597326,-19.426068019102,2707,12,-112
-65.689305151232,-19.470983783308,2708,22,28
-66.946946549,-20.144720246398,2708,18,591
-68.159672182562,-20.593877888458,2696,12,-661
-67.710514540502,-20.00997295378,2687,9,-625
-68.788492881446,-19.426068019102,2695,24,-103
-67.84526183312,-18.976910377042,2684,19,299
-69.102903230888,-19.965057189574,2736,17,17
-65.59947362282,-19.965057189574,2727,21,-65
-66.677451963764,-20.953204002106,2694,8,-13
-68.698661353034,-20.099804482192,2690,32,67
-66.318125850116,-19.426068019102,2671,23,1450
-67.800346068914,-20.593877888458,2680,11,-512
-66.49778890694,-21.267614351548,2685,12,1192
-68.878324409858,-19.56081531172,2689,25,68
-66.902030784794,-19.740478368544,2692,21,886
-66.677451963764,-21.087951294724,2693,8,111
-66.857115020588,-21.447277408372,2685,11,537
-66.49778890694,-18.88707884863,2696,34,1232
-66.04863126488,-21.267614351548,2690,6,417
-68.653745588828,-21.087951294724,2682,35,-156
-65.644389387026,-20.189636010604,2727,11,-502
-65.958799736468,-19.291320726484,2666,23,809
-65.689305151232,-19.246404962278,2707,29,472
-68.06984065415,-19.156573433866,2694,11,-155
-65.779136679644,-20.054888717986,2682,22,946
-65.37489480179,-21.492193172578,2691,24,1050
-67.036778077412,-20.099804482192,2702,14,163
-67.530851483678,-20.23455177481,2669,6,-741
-67.081693841618,-19.695562604338,2687,21,485
-68.923240174064,-21.222698587342,2759,20,-392
-68.06984065415,-20.548962124252,2694,10,-705
-67.890177597326,-19.246404962278,2697,13,6
-67.306272662648,-20.189636010604,2668,7,-635
-66.093547029086,-18.842163084424,2722,26,190
-65.285063273378,-20.369299067428,2739,27,1223
-65.958799736468,-20.953204002106,2684,11,809
-68.429166767798,-20.279467539016,2697,18,-675
-68.698661353034,-19.875225661162,2706,24,-164
-66.318125850116,-19.515899547514,2670,23,1519
-66.857115020588,-20.414214831634,2703,13,191
-67.485935719472,-20.00997295378,2679,8,-556
-66.812199256382,-20.414214831634,2703,15,359
-69.462229344536,-18.707415791806,2685,22,559
-68.474082532004,-19.740478368544,2696,17,-357
-67.036778077412,-20.773540945282,2675,8,-25
-67.980009125738,-20.23455177481,2667,9,-725
-67.39610419106,-19.33623649069,2682,19,425
-65.689305151232,-20.099804482192,2731,14,-38
-67.306272662648,-21.35744587996,2659,6,-197
-66.812199256382,-20.818456709488,2690,8,-332
-66.767283492176,-18.617584263394,2717,50,1918
-66.72236772797,-20.099804482192,2697,25,1460
-68.698661353034,-19.156573433866,2647,34,631
-67.530851483678,-18.707415791806,2695,26,767
-68.339335239386,-18.752331556012,2691,18,410
-68.74357711724,-20.998119766312,2669,39,20
-68.06984065415,-20.953204002106,2657,22,223
-67.530851483678,-20.23455177481,2669,6,-741
-68.96815593827,-19.605731075926,2674,27,294
-68.833408645652,-19.201489198072,2694,29,16
-66.04863126488,-21.35744587996,2698,6,698
-67.485935719472,-20.728625181076,2675,8,-560
-68.429166767798,-21.043035530518,2672,31,-135
-66.318125850116,-21.13286705893,2679,8,770
-68.923240174064,-19.78539413275,2683,28,269
-68.563914060416,-20.638793652664,2689,31,-314
-66.363041614322,-21.087951294724,2691,9,573
-68.429166767798,-19.381152254896,2710,15,-488
-68.339335239386,-19.156573433866,2709,18,48
-65.689305151232,-19.33623649069,2711,32,401
-67.710514540502,-19.291320726484,2700,14,88
-65.734220915438,-19.605731075926,2680,28,461
-67.665598776296,-20.773540945282,2678,11,-220
-67.755430304708,-21.312530115754,2675,11,-312
-66.902030784794,-21.267614351548,2676,8,122
-65.958799736468,-19.650646840132,2681,17,677
-67.17152537003,-20.818456709488,2674,7,-432
-67.530851483678,-20.998119766312,2671,7,-470
-68.563914060416,-18.752331556012,2700,18,123
-67.890177597326,-20.504046360046,2680,8,-653
-65.644389387026,-18.797247320218,2742,38,932
-66.812199256382,-18.6625000276,2717,49,1985
-67.530851483678,-21.087951294724,2668,8,-240
-67.17152537003,-18.752331556012,2716,26,648
-66.49778890694,-20.00997295378,2695,14,557
-68.74357711724,-20.45913059584,2691,25,-405
-68.74357711724,-19.605731075926,2683,22,-73
-65.913883972262,-21.447277408372,2691,7,858
-67.84526183312,-18.88707884863,2684,20,418
-67.17152537003,-21.222698587342,2663,7,105
-68.653745588828,-19.78539413275,2651,31,393
-67.126609605824,-18.931994612836,2731,25,764
-68.788492881446,-18.6625000276,2695,20,-37
-65.958799736468,-19.291320726484,2666,23,809
-68.29441947518,-19.78539413275,2697,12,-510
-65.419810565996,-21.626940465196,2710,16,512
-68.74357711724,-20.45913059584,2691,25,-405
-68.06984065415,-19.33623649069,2703,11,-264
-69.237650523506,-18.572668499188,2686,28,208
-68.29441947518,-20.324383303222,2676,20,-498
-67.800346068914,-19.740478368544,2695,17,468
-68.384251003592,-20.144720246398,2693,18,-630
-66.228294321704,-20.054888717986,2701,13,580
-66.407957378528,-18.842163084424,2696,29,909
-66.003715500674,-20.863372473694,2692,10,753
-67.755430304708,-21.312530115754,2675,11,-312
-68.06984065415,-18.617584263394,2689,26,557
-66.857115020588,-20.23455177481,2703,21,969
-68.51899829621,-20.593877888458,2639,40,186
-67.980009125738,-20.504046360046,2684,10,-690
-66.946946549,-20.728625181076,2684,7,-416
-67.755430304708,-19.33623649069,2704,13,-16
-67.081693841618,-20.324383303222,2688,8,-510
-66.812199256382,-19.11165766966,2743,31,1931
-65.329979037584,-21.492193172578,2713,23,842
-68.474082532004,-18.931994612836,2705,15,-164
-66.632536199558,-21.13286705893,2694,9,341
-67.530851483678,-19.201489198072,2685,19,483
-69.372397816124,-18.707415791806,2688,26,566
-66.857115020588,-18.88707884863,2758,33,1547
-66.767283492176,-20.773540945282,2696,7,-346
-66.452873142734,-19.426068019102,2662,24,1866
-66.902030784794,-20.279467539016,2706,16,512
-68.608829824622,-18.931994612836,2704,19,-7
-69.507145108742,-18.617584263394,2733,19,341
-68.51899829621,-19.11165766966,2689,24,489
-69.102903230888,-20.144720246398,2730,16,-157
-67.126609605824,-20.279467539016,2682,7,-587
-68.74357711724,-20.00997295378,2689,29,22
-66.991862313206,-19.605731075926,2687,20,614
-67.755430304708,-20.279467539016,2667,7,-725
-68.114756418356,-18.617584263394,2689,26,512
-68.384251003592,-20.504046360046,2679,22,-478
-68.96815593827,-19.201489198072,2694,30,265
-67.84526183312,-19.246404962278,2698,13,34
-68.29441947518,-19.875225661162,2682,16,-312
-67.081693841618,-19.021826141248,2740,23,757
-68.339335239386,-20.23455177481,2668,23,-284
-66.49778890694,-19.426068019102,2671,28,2324
-68.923240174064,-20.324383303222,2696,23,-339
-65.82405244385,-20.548962124252,2719,14,703
-66.27321008591,-19.33623649069,2676,20,1076
-66.857115020588,-20.998119766312,2680,8,-99
-68.249503710974,-18.842163084424,2661,22,1222
-66.49778890694,-21.043035530518,2696,10,615
-66.49778890694,-19.830309896956,2644,24,2323
-67.890177597326,-21.35744587996,2673,16,-124
-67.351188426854,-18.842163084424,2699,24,527
-67.980009125738,-21.043035530518,2698,14,-614
-68.563914060416,-19.515899547514,2674,23,68
-66.812199256382,-20.9082882379,2687,8,-234
-65.779136679644,-19.605731075926,2697,20,144
-67.306272662648,-18.707415791806,2704,27,569
-68.653745588828,-19.650646840132,2683,21,-95
-66.228294321704,-19.426068019102,2674,21,1225
-65.329979037584,-19.740478368544,2749,20,-519
-67.935093361532,-19.740478368544,2693,14,215
-66.587620435352,-20.638793652664,2711,10,-33
-65.644389387026,-19.920141425368,2722,20,-52
-68.788492881446,-20.638793652664,2682,25,-245
-65.82405244385,-18.572668499188,2742,39,718
-66.812199256382,-19.875225661162,2706,23,1459
-66.902030784794,-20.773540945282,2685,7,-354
-68.653745588828,-20.863372473694,2697,25,-443
-67.980009125738,-20.369299067428,2671,10,-684
-68.204587946768,-18.976910377042,2691,14,73
-69.372397816124,-18.797247320218,2700,25,571
-65.37489480179,-21.761687757814,2734,19,651
-66.093547029086,-19.830309896956,2685,16,452
-66.318125850116,-19.56081531172,2664,23,1667
-67.17152537003,-20.548962124252,2672,7,-636
-67.800346068914,-20.68370941687,2678,12,-361
-68.06984065415,-18.842163084424,2684,18,380
-67.530851483678,-20.324383303222,2668,6,-743
-68.96815593827,-20.279467539016,2696,25,-199
-68.833408645652,-19.740478368544,2645,30,349
-67.980009125738,-20.00997295378,2682,8,-788
-68.788492881446,-18.797247320218,2675,23,434
-66.857115020588,-21.13286705893,2678,9,58
-65.37489480179,-19.56081531172,2730,29,-52
-65.734220915438,-20.00997295378,2719,19,526
-66.946946549,-20.68370941687,2685,7,-426
-66.632536199558,-19.920141425368,2689,25,1926
-67.84526183312,-20.279467539016,2666,7,-692
-64.835905631318,-20.144720246398,2702,46,839
-68.923240174064,-20.504046360046,2707,24,-316
-67.84526183312,-21.087951294724,2646,17,300
-65.913883972262,-18.617584263394,2712,44,1125
-66.407957378528,-20.818456709488,2710,9,84
-66.363041614322,-20.189636010604,2702,11,256
-66.857115020588,-19.875225661162,2705,21,1065
-67.126609605824,-20.593877888458,2675,7,-559
-66.093547029086,-19.695562604338,2659,22,1402
-66.632536199558,-21.402361644166,2694,10,954
-67.665598776296,-20.9082882379,2684,9,-408
-65.15031598076,-20.638793652664,2755,24,167
-64.970652923936,-20.324383303222,2750,32,152
-68.384251003592,-20.9082882379,2664,31,19
-68.339335239386,-20.189636010604,2685,18,-548
-68.249503710974,-20.279467539016,2683,13,-767
-67.575767247884,-19.695562604338,2701,12,-141
-66.093547029086,-21.177782823136,2692,7,594
-68.653745588828,-19.920141425368,2705,22,-230
-65.105400216554,-19.920141425368,2761,17,-236
-65.37489480179,-20.548962124252,2751,18,579
-68.204587946768,-19.426068019102,2706,12,-413
-66.632536199558,-20.324383303222,2688,15,803
-65.868968208056,-20.548962124252,2725,11,262
-66.857115020588,-20.638793652664,2693,8,-337
-67.306272662648,-20.279467539016,2665,6,-749
-67.710514540502,-18.931994612836,2687,22,550
-67.39610419106,-20.324383303222,2666,6,-726
-68.249503710974,-20.144720246398,2679,14,-645
-68.51899829621,-21.222698587342,2630,43,80
-65.82405244385,-20.773540945282,2749,9,-63
-66.318125850116,-21.35744587996,2677,9,881
-68.698661353034,-20.144720246398,2669,35,234
-68.878324409858,-20.953204002106,2713,28,-126
-66.767283492176,-21.222698587342,2684,10,348
-68.51899829621,-20.00997295378,2682,25,-75
-68.788492881446,-19.246404962278,2709,23,-301
-65.419810565996,-20.953204002106,2692,24,816
-69.1927347593,-19.066741905454,2710,29,501
-66.72236772797,-20.414214831634,2690,17,713
-66.04863126488,-20.099804482192,2709,11,-37
-67.441019955266,-18.707415791806,2699,26,622
-69.013071702476,-20.863372473694,2758,15,-392
-67.710514540502,-21.312530115754,2670,11,-333
-68.29441947518,-21.13286705893,2696,22,-478
-65.868968208056,-20.369299067428,2705,15,845
-64.835905631318,-20.099804482192,2698,47,1080
-67.980009125738,-19.426068019102,2705,12,-178
-65.82405244385,-18.842163084424,2714,34,1086
-68.608829824622,-20.548962124252,2695,24,-513
-67.441019955266,-18.88707884863,2694,26,909
-65.689305151232,-21.222698587342,2697,12,860
-68.878324409858,-21.267614351548,2714,26,-249
-67.84526183312,-18.842163084424,2686,21,496
-68.204587946768,-20.504046360046,2696,11,-681
-68.833408645652,-19.11165766966,2671,31,461
-68.339335239386,-20.818456709488,2694,19,-587
-66.363041614322,-19.156573433866,2691,20,395
-68.114756418356,-20.45913059584,2689,11,-701
-68.923240174064,-19.066741905454,2699,25,61
-68.96815593827,-19.965057189574,2687,27,165
-67.755430304708,-18.931994612836,2686,21,487
-66.27321008591,-19.021826141248,2671,33,1367
-68.51899829621,-21.043035530518,2682,35,-185
-67.081693841618,-20.099804482192,2696,11,-181
-68.474082532004,-20.593877888458,2648,36,174
-66.767283492176,-18.976910377042,2747,42,2376
-67.39610419106,-19.515899547514,2684,20,502
-66.946946549,-19.11165766966,2742,22,904
-67.980009125738,-20.324383303222,2668,10,-674
-64.970652923936,-20.189636010604,2744,40,636
-66.542704671146,-20.189636010604,2685,14,872
-68.833408645652,-20.23455177481,2714,21,-508
-67.17152537003,-18.976910377042,2718,25,785
-69.1927347593,-19.11165766966,2710,29,572
-68.51899829621,-18.6625000276,2695,19,210
-66.902030784794,-19.381152254896,2699,23,1199
-67.036778077412,-19.021826141248,2750,23,780
-65.689305151232,-18.707415791806,2748,35,877
-65.958799736468,-18.842163084424,2699,45,1543
-67.935093361532,-21.267614351548,2657,20,91
-68.339335239386,-19.875225661162,2680,20,-30
-68.024924889944,-21.267614351548,2679,22,-128
-69.237650523506,-18.572668499188,2686,28,208
-68.653745588828,-19.201489198072,2698,29,126
-66.27321008591,-20.45913059584,2699,13,721
-67.261356898442,-19.830309896956,2688,14,-34
-65.913883972262,-20.00997295378,2685,18,555
-65.82405244385,-21.222698587342,2715,8,653
-67.485935719472,-20.593877888458,2673,7,-680
-66.183378557498,-19.11165766966,2691,21,409
-66.587620435352,-20.324383303222,2697,14,750
-67.575767247884,-18.976910377042,2687,25,925
-68.474082532004,-20.279467539016,2700,19,-641
-65.37489480179,-19.965057189574,2735,26,147
-65.060484452348,-20.189636010604,2750,27,519
-65.285063273378,-20.414214831634,2742,26,1231
-67.081693841618,-19.740478368544,2689,23,768
-68.923240174064,-18.931994612836,2684,24,137
-67.39610419106,-19.965057189574,2680,9,-403
-66.587620435352,-21.222698587342,2692,10,686
-68.06984065415,-20.414214831634,2682,10,-683
-67.800346068914,-20.863372473694,2678,13,-272
-69.057987466682,-20.144720246398,2724,19,-124
-66.318125850116,-19.78539413275,2686,15,600
-64.790989867112,-20.099804482192,2697,49,1037
-66.587620435352,-19.56081531172,2684,33,2553
-65.913883972262,-21.312530115754,2723,6,78
-66.542704671146,-19.830309896956,2656,29,2548
-67.261356898442,-19.201489198072,2684,22,671
-65.105400216554,-20.324383303222,2746,31,892
-68.833408645652,-19.066741905454,2697,26,91
-66.04863126488,-19.33623649069,2696,14,-257
-68.204587946768,-19.515899547514,2705,12,-460
-67.216441134236,-20.279467539016,2670,6,-751
-67.935093361532,-21.13286705893,2697,11,-696
-66.946946549,-21.087951294724,2673,8,-145
-67.261356898442,-18.572668499188,2703,29,572
-67.351188426854,-20.099804482192,2672,8,-623
-66.677451963764,-19.965057189574,2696,27,2315
-69.64189240136,-18.572668499188,2742,11,182
-65.419810565996,-19.381152254896,2730,33,383
-68.159672182562,-19.381152254896,2707,12,-332
-69.013071702476,-20.369299067428,2705,23,-249
-67.216441134236,-20.863372473694,2673,6,-399
-65.37489480179,-19.605731075926,2725,28,-96
-66.767283492176,-19.11165766966,2742,33,1977
-69.013071702476,-19.695562604338,2704,25,246
-66.902030784794,-19.470983783308,2694,22,990
-66.363041614322,-18.617584263394,2702,34,701
-66.72236772797,-19.246404962278,2710,36,2554
-66.587620435352,-21.267614351548,2690,11,783
-69.013071702476,-20.638793652664,2769,15,-460
-66.27321008591,-19.965057189574,2690,14,948
-68.024924889944,-20.504046360046,2688,10,-707
-67.935093361532,-19.156573433866,2690,14,69
-67.710514540502,-20.144720246398,2674,7,-723
-68.29441947518,-18.707415791806,2691,19,308
-67.935093361532,-20.414214831634,2676,10,-670
-66.49778890694,-20.68370941687,2707,12,329
-68.249503710974,-19.920141425368,2691,13,-519
-68.833408645652,-18.842163084424,2665,29,713
-65.195231744966,-20.369299067428,2736,26,946
-66.542704671146,-20.504046360046,2713,12,232
-67.890177597326,-20.728625181076,2697,10,-575
-67.216441134236,-19.830309896956,2688,16,64
-66.003715500674,-20.504046360046,2720,11,50
-69.057987466682,-20.279467539016,2715,20,-218
-67.530851483678,-20.324383303222,2668,6,-743
-64.835905631318,-20.23455177481,2740,43,421
-66.228294321704,-21.267614351548,2670,9,1115
-64.970652923936,-20.369299067428,2741,36,260
-65.868968208056,-19.021826141248,2696,34,660
-67.84526183312,-20.953204002106,2687,10,-631
-67.980009125738,-18.617584263394,2688,26,702
-66.677451963764,-19.246404962278,2704,39,2742
-68.788492881446,-19.381152254896,2700,23,-166
-66.542704671146,-18.752331556012,2691,36,1307
-67.216441134236,-20.818456709488,2674,7,-456
-66.228294321704,-19.156573433866,2694,19,261
-67.980009125738,-19.33623649069,2701,12,-112
-66.363041614322,-19.605731075926,2672,23,1775
-66.632536199558,-18.88707884863,2707,41,2348
-66.452873142734,-20.23455177481,2699,13,559
-66.677451963764,-18.88707884863,2727,48,2732
-67.39610419106,-18.752331556012,2701,25,513
-68.474082532004,-19.33623649069,2713,16,-518
-66.318125850116,-20.593877888458,2707,11,433
-65.105400216554,-20.369299067428,2746,31,834
-67.081693841618,-20.414214831634,2684,7,-571
-68.159672182562,-20.504046360046,2695,11,-697
-66.228294321704,-20.504046360046,2715,10,326
-66.04863126488,-20.863372473694,2699,9,545
-68.563914060416,-20.9082882379,2663,31,-123
-66.812199256382,-20.863372473694,2688,8,-273
-68.653745588828,-19.875225661162,2703,21,-280
-67.485935719472,-18.572668499188,2695,31,747
-68.024924889944,-21.402361644166,2673,23,-18
-68.788492881446,-19.515899547514,2697,22,-203
-65.958799736468,-20.998119766312,2688,8,585
-67.485935719472,-18.572668499188,2695,31,747
-66.902030784794,-19.156573433866,2732,22,1102
-68.833408645652,-18.88707884863,2656,30,706
-65.464726330202,-19.470983783308,2715,34,321
-66.767283492176,-20.953204002106,2688,8,-52
-65.689305151232,-21.35744587996,2719,9,136
-67.935093361532,-18.6625000276,2688,26,734
-66.677451963764,-19.605731075926,2702,31,2199
-68.024924889944,-20.189636010604,2669,9,-746
-68.74357711724,-19.33623649069,2706,22,-228
-67.84526183312,-19.021826141248,2685,18,267
-66.587620435352,-19.515899547514,2678,34,2680
-68.878324409858,-20.189636010604,2710,20,-452
-66.767283492176,-20.953204002106,2688,8,-52
-68.51899829621,-19.875225661162,2699,21,-199
-66.228294321704,-18.752331556012,2713,25,476
-65.689305151232,-18.976910377042,2735,35,837
-66.138462793292,-19.695562604338,2661,23,1559
-66.093547029086,-20.68370941687,2711,9,205
-68.384251003592,-19.78539413275,2696,15,-367
-67.890177597326,-20.414214831634,2674,8,-657
-68.249503710974,-19.33623649069,2708,17,39
-65.59947362282,-21.177782823136,2721,11,395
-65.419810565996,-21.222698587342,2697,25,1082
-68.114756418356,-21.492193172578,2631,33,532
-66.363041614322,-20.23455177481,2701,12,384
-66.452873142734,-21.267614351548,2684,12,1323
-66.946946549,-20.953204002106,2676,8,-221
-64.92573715973,-20.593877888458,2727,47,633
-67.935093361532,-19.156573433866,2690,14,69
-66.587620435352,-19.515899547514,2678,34,2680
-66.946946549,-20.773540945282,2682,7,-349
-65.060484452348,-20.099804482192,2753,26,495
-65.105400216554,-19.830309896956,2739,24,86
-65.59947362282,-19.246404962278,2724,32,489
-65.329979037584,-20.414214831634,2750,24,1053
-66.093547029086,-20.279467539016,2704,11,329
-64.7011583387,-20.189636010604,2725,58,1091
-68.429166767798,-21.35744587996,2706,24,-536
-65.015568688142,-20.504046360046,2749,33,141
-65.329979037584,-20.00997295378,2743,22,-106
-68.204587946768,-18.572668499188,2690,29,620
-66.632536199558,-21.402361644166,2694,10,954
-65.868968208056,-19.246404962278,2696,21,703
-68.698661353034,-18.752331556012,2680,22,508
-67.800346068914,-20.324383303222,2667,7,-707
-65.734220915438,-19.33623649069,2717,23,-38
-67.17152537003,-21.177782823136,2664,7,108
-68.429166767798,-18.88707884863,2701,16,-58
-64.92573715973,-20.00997295378,2718,51,1689
-68.923240174064,-19.470983783308,2678,27,203
-67.530851483678,-21.222698587342,2657,10,258
-66.04863126488,-19.605731075926,2671,18,946
-66.587620435352,-21.312530115754,2691,10,665
-68.74357711724,-18.617584263394,2682,25,432
-68.96815593827,-21.35744587996,2748,15,-551
-66.632536199558,-20.054888717986,2691,19,1062
-67.351188426854,-18.6625000276,2701,27,571
-68.204587946768,-19.965057189574,2688,11,-685
-66.27321008591,-20.548962124252,2699,12,647
-68.698661353034,-20.9082882379,2668,33,-76
-68.024924889944,-21.402361644166,2673,23,-18
-65.105400216554,-19.740478368544,2719,32,656
-68.833408645652,-20.953204002106,2704,33,-53
-65.644389387026,-20.189636010604,2727,11,-502
-66.49778890694,-19.965057189574,2678,19,1207
-68.024924889944,-19.515899547514,2707,10,-331
-68.74357711724,-21.222698587342,2677,36,-87
-66.72236772797,-18.6625000276,2706,45,1607
-65.329979037584,-20.054888717986,2748,21,-160
-67.081693841618,-21.087951294724,2667,7,34
-68.653745588828,-20.504046360046,2646,29,-188
-66.902030784794,-20.9082882379,2680,8,-271
-66.902030784794,-18.976910377042,2764,28,1380
-66.093547029086,-19.201489198072,2689,19,450
-65.734220915438,-19.291320726484,2718,24,226
-69.237650523506,-19.11165766966,2716,28,534
-67.755430304708,-20.45913059584,2671,8,-735
-66.228294321704,-19.605731075926,2669,22,1441
-68.563914060416,-21.13286705893,2685,37,-233
-65.285063273378,-19.695562604338,2732,31,185
-66.452873142734,-19.33623649069,2668,24,1594
-66.767283492176,-19.605731075926,2698,25,1624
-66.812199256382,-19.11165766966,2743,31,1931
-65.734220915438,-19.920141425368,2715,17,-55
-66.767283492176,-18.707415791806,2731,46,1906
-67.980009125738,-20.144720246398,2671,9,-758
-68.339335239386,-18.931994612836,2697,15,-17
-68.29441947518,-19.066741905454,2701,14,-72
-67.575767247884,-20.099804482192,2676,7,-705
-65.958799736468,-20.324383303222,2703,13,449
-66.27321008591,-19.11165766966,2675,29,943
-67.62068301209,-20.189636010604,2671,7,-729
-66.363041614322,-20.818456709488,2708,9,58
-67.081693841618,-20.68370941687,2678,7,-473
-68.878324409858,-20.324383303222,2711,19,-560
-65.868968208056,-18.931994612836,2694,40,1259
-66.946946549,-19.201489198072,2720,20,837
-67.755430304708,-20.863372473694,2685,11,-347
-66.857115020588,-21.35744587996,2683,10,327
-66.363041614322,-19.201489198072,2689,20,677
-69.686808165566,-18.617584263394,2747,7,-28
-67.62068301209,-19.695562604338,2705,11,-165
-67.665598776296,-21.492193172578,2663,13,132
-67.800346068914,-20.818456709488,2646,15,175
-66.542704671146,-19.875225661162,2657,25,2171
-68.788492881446,-18.617584263394,2693,23,58
-66.363041614322,-21.492193172578,2687,7,537
-66.991862313206,-18.842163084424,2748,25,889
-68.788492881446,-21.13286705893,2689,37,-26
-68.608829824622,-21.537108936784,2700,27,-367
-68.429166767798,-18.797247320218,2698,17,89
-64.970652923936,-20.548962124252,2748,37,292
-68.29441947518,-21.447277408372,2710,25,-463
-68.159672182562,-20.68370941687,2687,15,-448
-69.013071702476,-19.201489198072,2689,31,385
-65.15031598076,-20.23455177481,2757,25,622
-66.587620435352,-19.740478368544,2699,33,2654
-65.464726330202,-20.998119766312,2686,23,881
-67.575767247884,-21.492193172578,2658,10,95
-66.003715500674,-20.324383303222,2708,12,279
-68.339335239386,-20.728625181076,2688,21,-482
-66.542704671146,-21.402361644166,2691,10,852
-65.105400216554,-19.470983783308,2749,22,235
-68.29441947518,-20.68370941687,2670,25,-164
-69.237650523506,-18.797247320218,2666,30,620
-67.62068301209,-21.447277408372,2676,9,-273
-66.452873142734,-18.6625000276,2706,33,854
-66.093547029086,-20.68370941687,2711,9,205
-66.542704671146,-21.222698587342,2692,11,806
-65.779136679644,-20.054888717986,2682,22,946
-68.608829824622,-19.740478368544,2670,27,164
-65.913883972262,-19.291320726484,2683,24,739
-66.04863126488,-20.189636010604,2694,12,484
-65.37489480179,-21.402361644166,2693,24,1053
-68.114756418356,-19.381152254896,2705,12,-303
-66.003715500674,-19.920141425368,2668,21,1030
-67.710514540502,-20.144720246398,2674,7,-723
-65.868968208056,-20.773540945282,2737,10,283
-67.530851483678,-19.291320726484,2686,19,494
-67.935093361532,-21.35744587996,2682,17,-271
-68.923240174064,-20.998119766312,2736,24,-218
-67.126609605824,-21.13286705893,2662,8,213
-65.82405244385,-19.291320726484,2707,21,468
-68.474082532004,-19.156573433866,2702,25,288
-67.84526183312,-20.638793652664,2688,10,-568
-66.812199256382,-21.312530115754,2685,10,338
-68.51899829621,-19.291320726484,2715,18,-480
-67.800346068914,-19.470983783308,2711,12,-53
-65.015568688142,-19.605731075926,2735,23,418
-65.329979037584,-20.099804482192,2755,21,-87
-65.464726330202,-21.177782823136,2688,22,976
-68.474082532004,-20.144720246398,2689,25,-246
-65.060484452348,-19.605731075926,2713,27,534
-67.755430304708,-19.11165766966,2691,18,289
-66.138462793292,-20.728625181076,2696,13,785
-66.542704671146,-20.369299067428,2707,11,236
-66.902030784794,-21.447277408372,2680,10,436
-65.554557858614,-20.144720246398,2716,17,91
-66.003715500674,-20.9082882379,2668,12,913
-66.49778890694,-19.695562604338,2682,28,2146
