"decimalLon","decimalLat","bio6","bio14","cmi_max"
-65.37489480179,-23.693065618672,2681,128,1238
-68.249503710974,-25.220201601676,2600,18,-385
-67.216441134236,-23.37865526923,2630,20,-464
-66.003715500674,-22.839666098758,2684,4,141
-67.036778077412,-25.938853828972,2620,12,-388
-65.82405244385,-21.537108936784,2727,6,649
-65.105400216554,-23.198992212406,2688,93,1981
-66.72236772797,-22.165929635668,2639,9,1123
-67.306272662648,-26.29817994262,2708,10,-624
-67.216441134236,-26.028685357384,2634,17,-378
-67.935093361532,-24.95070701644,2638,6,-445
-67.800346068914,-22.570171513522,2622,51,-56
-69.776639693978,-28.588883917126,2589,202,872
-68.384251003592,-26.97191640571,2569,50,-253
-67.17152537003,-23.243907976612,2635,18,-497
-67.84526183312,-26.253264178414,2630,5,-516
-66.003715500674,-22.121013871462,2683,5,649
-68.339335239386,-28.049894746654,2636,56,-90
-66.49778890694,-21.986266578844,2676,6,966
-67.62068301209,-21.626940465196,2651,13,112
-67.441019955266,-25.579527715324,2626,12,-412
-68.788492881446,-25.983769593178,2610,44,-323
-66.812199256382,-21.58202470099,2687,12,822
-66.587620435352,-25.489696186912,2681,29,510
-69.731723929772,-28.99312579498,2555,172,952
-68.653745588828,-26.702421820474,2609,41,-231
-69.41731358033,-28.588883917126,2588,80,161
-68.878324409858,-26.702421820474,2571,72,-38
-67.261356898442,-23.513402561848,2630,22,-500
-67.441019955266,-26.792253348886,2668,7,-660
-69.956302750802,-28.588883917126,2605,298,1143
-69.596976637154,-29.44228343704,2609,56,-46
-66.812199256382,-23.558318326054,2644,10,-198
-67.485935719472,-25.265117365882,2693,3,-567
-67.665598776296,-26.927000641504,2676,19,-637
-68.159672182562,-24.546465138586,2654,13,-394
-68.608829824622,-28.004978982448,2565,98,36
-69.821555458184,-29.172788851804,2583,120,535
-68.653745588828,-24.187139024938,2668,7,-566
-65.509642094408,-23.198992212406,2692,11,265
-67.126609605824,-25.220201601676,2649,8,-577
-68.878324409858,-21.80660352202,2711,18,-705
-66.542704671146,-23.648149854466,2648,5,61
-65.060484452348,-21.986266578844,2710,71,1441
-68.474082532004,-24.905791252234,2601,15,-347
-68.29441947518,-24.591380902792,2621,21,-309
-66.318125850116,-23.243907976612,2671,3,-98
-66.902030784794,-21.80660352202,2666,12,746
-66.677451963764,-25.085454309058,2649,23,465
-65.105400216554,-21.986266578844,2726,55,1217
-66.812199256382,-23.513402561848,2636,10,-88
-68.653745588828,-27.735484397212,2586,53,-279
-66.587620435352,-26.97191640571,2695,18,-142
-66.363041614322,-24.456633610174,2649,8,354
-68.788492881446,-27.376158283564,2580,49,-157
-66.587620435352,-22.70491880614,2639,7,1054
-67.351188426854,-24.187139024938,2617,16,-421
-67.39610419106,-25.310033130088,2648,6,-495
-67.935093361532,-28.09481051086,2649,16,-589
-68.878324409858,-26.567674527856,2586,62,-165
-66.632536199558,-22.210845399874,2617,10,1673
-69.372397816124,-27.42107404777,2629,93,58
-67.351188426854,-27.016832169916,2658,8,-172
-68.114756418356,-25.3998646585,2642,9,-461
-65.734220915438,-21.986266578844,2685,7,427
-66.72236772797,-26.657506056268,2692,15,106
-66.767283492176,-22.525255749316,2642,7,496
-69.237650523506,-27.600737104594,2585,154,271
-66.27321008591,-24.366802081762,2650,5,-1
-67.710514540502,-26.163432650002,2607,5,-482
-67.84526183312,-23.198992212406,2688,41,-399
-68.339335239386,-21.716771993608,2670,27,-135
-69.507145108742,-29.352451908628,2592,61,-134
-68.06984065415,-24.905791252234,2619,11,-523
-69.282566287712,-25.84902230056,2665,42,-451
-67.485935719472,-22.345592692492,2618,20,-90
-69.462229344536,-28.723631209744,2559,110,384
-67.306272662648,-27.555821340388,2659,14,3
-68.339335239386,-27.780400161418,2572,57,-132
-69.372397816124,-25.130370073264,2708,13,-623
-67.485935719472,-25.804106536354,2653,7,-569
-69.282566287712,-26.792253348886,2585,80,-65
-68.653745588828,-25.534611951118,2594,26,-273
-68.833408645652,-24.95070701644,2642,12,-408
-67.126609605824,-21.716771993608,2657,10,167
-66.003715500674,-21.851519286226,2698,6,927
-68.06984065415,-26.612590292062,2603,13,-427
-68.788492881446,-28.049894746654,2519,122,58
-67.081693841618,-22.076098107256,2636,15,717
-66.407957378528,-21.761687757814,2672,8,1487
-67.261356898442,-27.106663698328,2676,12,324
-67.980009125738,-26.702421820474,2593,15,-468
-67.126609605824,-23.064244919788,2637,19,-311
-69.282566287712,-25.444780422706,2703,24,-506
-68.788492881446,-27.151579462534,2518,86,184
-67.216441134236,-26.567674527856,2698,9,-621
-67.216441134236,-21.80660352202,2639,15,557
-67.216441134236,-24.05239173232,2660,12,-618
-68.114756418356,-25.354948894294,2653,7,-436
-66.49778890694,-26.163432650002,2648,14,552
-68.923240174064,-21.761687757814,2721,18,-768
-66.857115020588,-24.860875488028,2644,11,-172
-65.644389387026,-22.839666098758,2695,7,631
-68.06984065415,-24.591380902792,2603,17,-333
-69.596976637154,-29.397367672834,2582,67,129
-67.84526183312,-25.444780422706,2605,7,-472
-69.372397816124,-26.52275876365,2644,48,-112
-67.216441134236,-25.085454309058,2653,6,-630
-68.474082532004,-25.085454309058,2613,14,-365
-67.755430304708,-23.648149854466,2655,47,-287
-68.833408645652,-21.58202470099,2675,21,-514
-68.429166767798,-21.671856229402,2662,33,-45
-68.204587946768,-22.525255749316,2700,29,-525
-65.82405244385,-23.198992212406,2696,5,343
-69.64189240136,-29.307536144422,2607,65,-44
-67.755430304708,-23.962560203908,2671,21,-489
-65.554557858614,-22.25576116408,2710,6,295
-66.49778890694,-24.321886317556,2635,10,264
-68.923240174064,-27.331242519358,2560,79,96
-66.318125850116,-21.851519286226,2668,7,1304
-67.351188426854,-23.693065618672,2618,28,-423
-69.372397816124,-28.004978982448,2600,144,294
-67.351188426854,-25.489696186912,2665,7,-514
-66.318125850116,-22.165929635668,2676,5,490
-65.285063273378,-23.064244919788,2718,63,1990
-66.183378557498,-23.423571033436,2677,2,-314
-66.183378557498,-22.92949762717,2641,5,1035
-66.003715500674,-24.097307496526,2703,4,-44
-67.485935719472,-24.321886317556,2621,10,-596
-66.04863126488,-24.05239173232,2689,5,33
-66.767283492176,-23.1540764482,2657,6,-111
-67.351188426854,-25.220201601676,2620,8,-472
-67.261356898442,-23.37865526923,2619,28,-299
-66.407957378528,-21.941350814638,2665,6,1042
-66.093547029086,-26.29817994262,2695,24,822
-67.755430304708,-26.208348414208,2614,4,-609
-67.39610419106,-23.962560203908,2603,25,-452
-65.554557858614,-21.941350814638,2719,7,181
-67.39610419106,-23.693065618672,2611,26,-447
-66.138462793292,-22.525255749316,2673,4,971
-66.452873142734,-25.444780422706,2694,50,1279
-69.013071702476,-25.220201601676,2633,18,-400
-65.779136679644,-24.142223260732,2699,67,2050
-69.64189240136,-27.735484397212,2671,127,177
-66.902030784794,-25.804106536354,2614,10,-267
-67.081693841618,-24.232054789144,2674,10,-402
-68.06984065415,-22.345592692492,2684,36,-216
-67.84526183312,-21.537108936784,2662,17,13
-68.06984065415,-24.636296666998,2594,16,-353
-66.093547029086,-26.253264178414,2667,25,831
-66.452873142734,-23.962560203908,2660,4,-77
-69.147818995094,-25.804106536354,2626,50,-334
-65.958799736468,-22.974413391376,2686,4,5
-69.507145108742,-28.948210030774,2540,135,480
-68.563914060416,-26.882084877298,2598,43,-257
-69.102903230888,-25.983769593178,2605,51,-296
-66.04863126488,-23.243907976612,2647,5,440
-66.318125850116,-26.388011471032,2657,19,1351
-67.710514540502,-26.702421820474,2649,10,-597
-68.474082532004,-28.229557803478,2593,125,262
-67.441019955266,-24.456633610174,2666,7,-591
-69.102903230888,-28.184642039272,2595,91,97
-68.384251003592,-25.579527715324,2644,10,-433
-68.51899829621,-25.130370073264,2598,18,-352
-67.17152537003,-23.423571033436,2642,15,-605
-68.923240174064,-25.040538544852,2650,8,-467
-65.779136679644,-23.872728675496,2716,31,815
-66.902030784794,-25.489696186912,2669,10,-495
-67.441019955266,-22.25576116408,2623,15,-157
-68.923240174064,-21.941350814638,2713,17,-778
-67.036778077412,-21.537108936784,2665,9,136
-68.51899829621,-24.05239173232,2698,7,-502
-66.767283492176,-23.737981382878,2662,6,-604
-68.024924889944,-25.3998646585,2598,11,-454
-66.857115020588,-21.537108936784,2682,12,652
-67.485935719472,-23.468486797642,2617,23,-386
-67.890177597326,-26.702421820474,2639,11,-519
-66.542704671146,-23.288823740818,2655,4,-50
-69.057987466682,-27.241410990946,2587,66,-116
-65.37489480179,-22.076098107256,2734,19,1214
-66.812199256382,-22.660003041934,2647,7,239
-67.036778077412,-23.37865526923,2652,11,-572
-69.327482051918,-27.016832169916,2626,83,-131
-68.833408645652,-25.040538544852,2647,12,-393
-68.339335239386,-26.927000641504,2576,40,-301
-65.913883972262,-22.210845399874,2677,6,399
-67.980009125738,-22.390508456698,2633,46,30
-68.878324409858,-29.082957323392,2585,93,-226
-69.057987466682,-25.983769593178,2631,42,-318
-64.970652923936,-21.312530115754,2731,24,355
-67.980009125738,-24.636296666998,2613,12,-474
-68.563914060416,-21.941350814638,2726,18,-684
-68.06984065415,-21.941350814638,2630,31,141
-66.093547029086,-23.782897147084,2699,2,-659
-66.542704671146,-22.48033998511,2666,4,683
-66.72236772797,-23.1540764482,2663,5,-206
-67.441019955266,-22.92949762717,2616,27,-491
-69.237650523506,-27.331242519358,2561,114,127
-67.485935719472,-24.187139024938,2641,14,-518
-68.563914060416,-26.702421820474,2601,41,-263
-68.024924889944,-24.50154937438,2634,14,-491
-65.464726330202,-22.794750334552,2701,16,994
-68.74357711724,-24.681212431204,2648,14,-382
-68.653745588828,-21.896435050432,2703,14,-722
-65.240147509172,-22.121013871462,2728,66,1952
-65.195231744966,-22.165929635668,2686,85,1822
-66.632536199558,-23.82781291129,2655,8,-138
-67.710514540502,-21.716771993608,2645,12,-217
-68.878324409858,-26.118516885796,2582,65,-126
-68.114756418356,-27.87023168983,2662,27,-351
-66.812199256382,-24.366802081762,2646,14,93
-67.036778077412,-26.882084877298,2653,21,385
-67.935093361532,-22.48033998511,2660,48,-94
-67.800346068914,-22.660003041934,2639,44,-297
-68.51899829621,-28.139726275066,2630,83,-319
-68.833408645652,-25.220201601676,2651,12,-419
-66.318125850116,-26.253264178414,2638,21,1257
-68.833408645652,-21.80660352202,2699,15,-696
-69.372397816124,-27.915147454036,2643,112,-35
-68.698661353034,-26.253264178414,2575,53,-167
-68.474082532004,-27.42107404777,2536,74,-163
-66.49778890694,-25.62444347953,2730,28,904
-67.351188426854,-22.210845399874,2662,10,-545
-65.15031598076,-22.48033998511,2716,139,2023
-66.812199256382,-25.130370073264,2683,10,-370
-67.261356898442,-22.570171513522,2645,12,-458
-68.024924889944,-23.917644439702,2700,24,-376
-68.788492881446,-25.040538544852,2635,14,-399
-66.183378557498,-22.345592692492,2636,6,1556
-68.698661353034,-24.771043959616,2633,16,-347
-65.419810565996,-23.064244919788,2721,17,893
-66.72236772797,-22.345592692492,2654,6,387
-67.39610419106,-27.151579462534,2698,11,319
-65.868968208056,-24.142223260732,2726,13,561
-68.833408645652,-25.983769593178,2599,51,-283
-66.542704671146,-24.815959723822,2646,15,880
-67.126609605824,-21.761687757814,2647,13,457
-67.441019955266,-23.1540764482,2594,35,-333
-66.812199256382,-25.759190772148,2627,13,235
-67.126609605824,-27.106663698328,2672,22,474
-69.686808165566,-28.54396815292,2573,183,922
-68.384251003592,-22.660003041934,2709,13,-632
-68.29441947518,-24.411717845968,2659,17,-276
-67.84526183312,-28.633799681332,2654,33,-446
-66.318125850116,-23.37865526923,2668,2,-348
-67.351188426854,-23.1540764482,2595,28,-344
-67.485935719472,-22.525255749316,2639,19,-512
-66.228294321704,-23.243907976612,2669,3,8
-69.776639693978,-28.903294266568,2558,188,987
-69.372397816124,-26.792253348886,2636,67,-197
-67.800346068914,-26.163432650002,2619,5,-353
-68.653745588828,-27.87023168983,2521,103,-36
-68.878324409858,-26.657506056268,2550,72,-33
-68.249503710974,-24.815959723822,2656,9,-461
-69.327482051918,-27.331242519358,2613,104,40
-69.552060872948,-28.678715445538,2590,101,291
-67.710514540502,-26.07360112159,2589,5,-571
-67.62068301209,-26.74733758468,2657,9,-661
-67.980009125738,-25.62444347953,2583,13,-351
-68.339335239386,-28.184642039272,2644,69,25
-67.39610419106,-26.612590292062,2710,6,-721
-66.767283492176,-25.354948894294,2633,25,659
-66.677451963764,-21.896435050432,2663,10,830
-67.441019955266,-23.872728675496,2607,26,-379
-67.62068301209,-24.905791252234,2651,4,-528
-66.138462793292,-24.681212431204,2658,16,428
-67.17152537003,-27.016832169916,2664,17,414
-68.114756418356,-25.84902230056,2632,5,-496
-68.653745588828,-24.995622780646,2650,12,-383
-68.563914060416,-27.87023168983,2571,63,-243
-66.49778890694,-23.064244919788,2653,5,437
-68.339335239386,-22.749834570346,2724,9,-670
-69.057987466682,-29.038041559186,2622,62,-324
-67.890177597326,-21.716771993608,2646,18,10
-67.216441134236,-25.893938064766,2635,16,-344
-66.228294321704,-22.25576116408,2648,6,1338
-65.689305151232,-23.019329155582,2662,8,1023
-67.39610419106,-24.321886317556,2654,12,-638
-66.183378557498,-23.333739505024,2667,3,-64
-66.093547029086,-21.492193172578,2685,6,814
-68.51899829621,-26.612590292062,2593,39,-222
-68.249503710974,-24.456633610174,2678,15,-359
-67.755430304708,-21.761687757814,2642,15,-75
-66.183378557498,-25.983769593178,2641,27,682
-66.677451963764,-22.300676928286,2645,7,805
-66.902030784794,-21.80660352202,2666,12,746
-68.74357711724,-24.681212431204,2648,14,-382
-67.800346068914,-22.615087277728,2616,50,-97
-68.96815593827,-29.801609550688,2647,74,-43
-68.608829824622,-26.028685357384,2567,45,-249
-65.868968208056,-23.064244919788,2694,5,262
-67.575767247884,-24.72612819541,2648,4,-565
-68.74357711724,-25.579527715324,2597,30,-304
-67.62068301209,-23.917644439702,2649,29,-386
-68.06984065415,-24.591380902792,2603,17,-333
-65.59947362282,-23.82781291129,2705,90,1592
-67.575767247884,-22.390508456698,2628,23,-392
-65.644389387026,-21.986266578844,2700,7,271
-67.710514540502,-21.941350814638,2626,20,9
-68.339335239386,-25.579527715324,2642,10,-425
-68.06984065415,-24.681212431204,2585,16,-329
-67.261356898442,-21.626940465196,2651,8,-104
-67.530851483678,-25.62444347953,2644,11,-414
-68.608829824622,-21.671856229402,2714,21,-548
-67.62068301209,-26.163432650002,2668,3,-653
-67.530851483678,-26.208348414208,2686,4,-712
-68.563914060416,-27.19649522674,2472,87,128
-67.84526183312,-25.130370073264,2606,6,-482
-69.013071702476,-29.21770461601,2607,68,-373
-65.060484452348,-23.109160683994,2680,124,2382
-67.441019955266,-25.444780422706,2650,8,-577
-66.452873142734,-21.58202470099,2673,8,1395
-69.372397816124,-27.555821340388,2603,148,146
-66.991862313206,-23.82781291129,2643,14,-468
-68.608829824622,-27.690568633006,2590,46,-300
-67.665598776296,-25.17528583747,2656,4,-464
-67.081693841618,-26.612590292062,2599,9,-233
-66.27321008591,-23.333739505024,2672,2,-280
-69.327482051918,-26.118516885796,2664,36,-364
-66.04863126488,-24.681212431204,2730,18,636
-68.878324409858,-22.076098107256,2715,13,-720
-68.608829824622,-21.80660352202,2727,13,-758
-67.710514540502,-25.130370073264,2642,4,-459
-67.710514540502,-23.243907976612,2615,46,-120
-67.935093361532,-24.591380902792,2643,9,-568
-67.39610419106,-25.804106536354,2671,6,-538
-65.779136679644,-24.05239173232,2648,63,2137
-69.821555458184,-28.633799681332,2601,227,951
-68.429166767798,-25.130370073264,2601,12,-313
-66.632536199558,-22.435424220904,2655,5,721
-65.329979037584,-23.1540764482,2728,34,1180
-68.024924889944,-21.537108936784,2689,20,-230
-66.677451963764,-22.03118234305,2661,8,989
-66.228294321704,-22.70491880614,2668,4,877
-69.1927347593,-25.220201601676,2640,25,-431
-69.821555458184,-28.09481051086,2637,102,423
-67.126609605824,-26.74733758468,2695,6,-720
-65.734220915438,-23.468486797642,2698,11,641
-67.126609605824,-24.411717845968,2681,8,-672
-65.644389387026,-23.109160683994,2687,6,556
-66.093547029086,-23.1540764482,2658,5,660
-66.812199256382,-25.714275007942,2635,12,177
-65.689305151232,-22.749834570346,2692,6,367
-68.51899829621,-27.465989811976,2555,66,-144
-67.530851483678,-21.626940465196,2657,9,-193
-66.003715500674,-24.142223260732,2719,4,-324
-65.913883972262,-24.681212431204,2702,34,1256
-69.86647122239,-28.858378502362,2626,162,729
-69.64189240136,-26.882084877298,2663,34,-364
-68.653745588828,-26.028685357384,2608,36,-306
-66.093547029086,-24.187139024938,2684,5,-119
-66.587620435352,-25.354948894294,2638,39,1090
-67.216441134236,-24.05239173232,2660,12,-618
-68.563914060416,-24.456633610174,2659,16,-358
-66.946946549,-23.198992212406,2648,12,-327
-66.857115020588,-26.118516885796,2600,12,-171
-69.102903230888,-24.636296666998,2680,3,-606
-67.84526183312,-23.243907976612,2696,39,-365
-69.237650523506,-28.364305096096,2621,55,-127
-68.608829824622,-25.579527715324,2599,22,-332
-66.138462793292,-22.390508456698,2668,4,1074
-67.261356898442,-22.210845399874,2661,14,-74
-69.237650523506,-28.09481051086,2601,91,37
-69.282566287712,-25.040538544852,2691,14,-458
-67.485935719472,-21.626940465196,2655,9,-265
-67.081693841618,-26.837169113092,2674,12,-151
-69.057987466682,-25.534611951118,2611,36,-363
-68.833408645652,-28.499052388714,2620,70,-452
-66.677451963764,-21.986266578844,2666,8,868
-65.464726330202,-23.109160683994,2681,15,877
-67.575767247884,-21.761687757814,2626,15,254
-66.812199256382,-22.345592692492,2654,6,109
-69.1927347593,-26.07360112159,2593,50,-304
-65.644389387026,-23.288823740818,2673,8,574
-66.318125850116,-26.388011471032,2657,19,1351
-66.363041614322,-23.333739505024,2668,2,-156
-66.407957378528,-26.118516885796,2685,15,843
-66.902030784794,-21.941350814638,2618,17,1526
-68.653745588828,-24.142223260732,2684,5,-615
-67.890177597326,-22.25576116408,2637,40,-60
-66.003715500674,-24.591380902792,2687,17,715
-69.057987466682,-27.42107404777,2570,93,122
-69.057987466682,-27.376158283564,2564,93,106
-67.306272662648,-22.345592692492,2653,11,-401
-66.318125850116,-24.097307496526,2669,4,-44
-69.507145108742,-28.184642039272,2571,150,815
-69.102903230888,-27.241410990946,2575,79,-35
-65.285063273378,-22.390508456698,2701,63,1740
-66.318125850116,-26.477842999444,2675,18,1078
-66.902030784794,-25.040538544852,2629,13,41
-67.530851483678,-22.974413391376,2601,41,-318
-66.632536199558,-26.432927235238,2692,14,-51
-67.800346068914,-23.917644439702,2651,36,-398
-66.542704671146,-22.210845399874,2647,6,1242
-68.429166767798,-28.184642039272,2604,112,352
-68.74357711724,-25.444780422706,2617,24,-365
-67.441019955266,-23.1540764482,2594,35,-333
-66.857115020588,-24.50154937438,2664,11,-199
-66.228294321704,-23.37865526923,2672,3,-216
-66.407957378528,-22.121013871462,2690,4,358
-69.237650523506,-25.265117365882,2647,26,-422
-68.74357711724,-23.109160683994,2731,8,-673
-67.710514540502,-21.58202470099,2632,18,457
-67.081693841618,-24.995622780646,2661,11,-509
-69.282566287712,-27.960063218242,2626,111,12
-66.946946549,-23.1540764482,2652,9,-508
-66.72236772797,-26.432927235238,2682,12,-87
-67.62068301209,-24.097307496526,2664,14,-583
-69.596976637154,-27.690568633006,2610,166,327
-67.485935719472,-26.702421820474,2678,7,-696
-68.204587946768,-26.477842999444,2610,11,-456
-67.935093361532,-28.09481051086,2649,16,-589
-69.057987466682,-28.588883917126,2579,63,-173
-69.731723929772,-29.577030729658,2565,111,386
-67.980009125738,-25.759190772148,2605,7,-508
-69.237650523506,-26.163432650002,2648,36,-349
-66.27321008591,-25.085454309058,2734,25,893
-67.935093361532,-24.771043959616,2638,8,-561
-68.96815593827,-29.577030729658,2642,71,-75
-67.485935719472,-26.74733758468,2668,8,-687
-66.991862313206,-24.95070701644,2672,11,-513
-66.452873142734,-23.737981382878,2667,3,-357
-66.767283492176,-21.671856229402,2688,11,909
-66.093547029086,-21.80660352202,2690,7,1257
-66.632536199558,-23.37865526923,2663,4,-578
-67.485935719472,-21.80660352202,2653,10,-225
-66.632536199558,-24.95070701644,2646,17,594
-67.665598776296,-23.60323409026,2590,41,-84
-68.833408645652,-26.208348414208,2596,64,-145
-66.632536199558,-26.253264178414,2648,13,50
-66.138462793292,-24.815959723822,2713,17,309
-67.351188426854,-25.444780422706,2655,7,-405
-65.240147509172,-22.435424220904,2697,80,1746
-67.261356898442,-27.465989811976,2659,17,401
-68.923240174064,-29.082957323392,2570,88,-323
-65.689305151232,-21.851519286226,2694,8,499
-68.024924889944,-25.579527715324,2601,14,-294
-69.1927347593,-28.229557803478,2622,63,-87
-68.114756418356,-21.716771993608,2671,25,-34
-68.114756418356,-27.510905576182,2636,35,-490
-67.62068301209,-25.893938064766,2643,7,-440
-69.372397816124,-26.792253348886,2636,67,-197
-68.06984065415,-27.780400161418,2666,25,-464
-66.767283492176,-21.58202470099,2686,12,1044
-67.126609605824,-23.917644439702,2660,11,-579
-68.833408645652,-24.860875488028,2639,13,-395
-68.06984065415,-21.626940465196,2695,21,-274
-66.677451963764,-25.220201601676,2625,31,436
-68.74357711724,-27.780400161418,2467,143,285
-66.49778890694,-22.974413391376,2670,5,177
-67.84526183312,-28.723631209744,2717,38,-467
-69.282566287712,-28.004978982448,2600,117,79
-66.04863126488,-22.92949762717,2668,5,733
-65.958799736468,-22.92949762717,2679,4,293
-68.114756418356,-26.657506056268,2593,15,-339
-65.37489480179,-21.896435050432,2740,17,731
-66.767283492176,-24.591380902792,2683,6,-587
-65.419810565996,-23.737981382878,2688,112,973
-68.339335239386,-22.749834570346,2724,9,-670
-70.001218515008,-29.038041559186,2585,234,1277
-69.821555458184,-28.903294266568,2614,150,648
-66.902030784794,-22.839666098758,2632,9,282
-67.306272662648,-24.187139024938,2628,15,-402
-65.868968208056,-21.492193172578,2692,8,1105
-68.923240174064,-27.825315925624,2542,106,229
-67.351188426854,-22.076098107256,2650,12,-302
-66.677451963764,-23.1540764482,2669,4,-308
-66.407957378528,-26.208348414208,2671,15,712
-69.86647122239,-28.499052388714,2604,247,916
-67.306272662648,-24.007475968114,2577,26,-412
-69.1927347593,-25.983769593178,2646,47,-283
-66.991862313206,-21.761687757814,2672,10,300
-67.485935719472,-24.27697055335,2636,11,-522
-65.419810565996,-23.333739505024,2727,23,632
-69.057987466682,-29.487199201246,2607,107,-150
-66.228294321704,-22.210845399874,2648,6,1375
-67.530851483678,-24.142223260732,2663,13,-583
-66.857115020588,-25.579527715324,2665,9,-551
-66.72236772797,-22.435424220904,2641,7,878
-68.788492881446,-27.825315925624,2537,104,58
-66.228294321704,-22.839666098758,2645,4,1008
-66.363041614322,-23.782897147084,2653,4,-7
-65.958799736468,-21.851519286226,2697,6,892
-66.677451963764,-25.759190772148,2629,16,566
-66.27321008591,-24.546465138586,2618,8,533
-68.339335239386,-24.321886317556,2699,12,-464
-68.06984065415,-27.6456528688,2612,46,-402
-65.59947362282,-22.435424220904,2708,6,-12
-68.429166767798,-22.660003041934,2713,13,-590
-68.96815593827,-26.52275876365,2605,45,-231
-66.228294321704,-24.95070701644,2717,18,1096
-66.452873142734,-25.040538544852,2693,17,2
-66.407957378528,-23.513402561848,2666,2,-463
-66.991862313206,-21.941350814638,2653,14,842
-68.563914060416,-28.139726275066,2634,81,-349
-65.82405244385,-23.333739505024,2700,4,54
-66.991862313206,-23.737981382878,2613,16,-176
-68.653745588828,-26.208348414208,2589,48,-219
-66.812199256382,-23.288823740818,2651,9,-2
-68.563914060416,-25.489696186912,2581,20,-377
-66.363041614322,-24.995622780646,2614,33,1362
-67.62068301209,-24.097307496526,2664,14,-583
-68.114756418356,-27.915147454036,2661,30,-276
-67.441019955266,-23.962560203908,2596,23,-402
-65.060484452348,-21.896435050432,2718,55,1001
-66.72236772797,-24.591380902792,2694,5,-561
-65.105400216554,-22.25576116408,2702,122,1869
-69.057987466682,-27.6456528688,2565,97,125
-67.575767247884,-26.882084877298,2646,16,-558
-66.632536199558,-26.388011471032,2678,14,-80
-66.183378557498,-26.29817994262,2701,18,900
-68.249503710974,-24.905791252234,2625,10,-431
-67.17152537003,-26.74733758468,2696,6,-709
-67.036778077412,-22.70491880614,2632,9,-95
-68.429166767798,-27.780400161418,2575,47,-394
-69.1927347593,-26.208348414208,2638,32,-349
-68.204587946768,-26.52275876365,2605,13,-420
-68.96815593827,-29.082957323392,2603,65,-445
-67.800346068914,-25.893938064766,2658,4,-552
-65.82405244385,-23.064244919788,2695,6,500
-67.800346068914,-23.468486797642,2620,46,-27
-66.363041614322,-22.210845399874,2681,4,74
-66.677451963764,-26.567674527856,2686,16,448
-66.003715500674,-24.142223260732,2719,4,-324
-65.015568688142,-22.121013871462,2747,90,1639
-69.102903230888,-27.6456528688,2567,104,145
-68.833408645652,-24.860875488028,2639,13,-395
-69.552060872948,-28.229557803478,2625,116,406
-68.923240174064,-27.241410990946,2564,82,6
-66.812199256382,-24.636296666998,2688,8,-515
-69.237650523506,-28.678715445538,2606,60,-201
-67.890177597326,-25.040538544852,2604,6,-440
-68.788492881446,-24.681212431204,2657,12,-398
-67.485935719472,-24.142223260732,2642,16,-439
-67.890177597326,-28.54396815292,2690,29,-557
-67.890177597326,-21.761687757814,2649,17,-113
-68.51899829621,-21.671856229402,2696,30,-202
-70.135965807626,-28.588883917126,2656,211,670
-68.29441947518,-24.546465138586,2628,17,-473
-69.462229344536,-26.792253348886,2671,47,-348
-68.698661353034,-28.409220860302,2622,135,-351
-67.575767247884,-27.016832169916,2639,17,-406
-66.72236772797,-21.80660352202,2679,10,704
-69.237650523506,-26.208348414208,2639,34,-339
-67.530851483678,-25.3998646585,2663,6,-314
-67.62068301209,-25.085454309058,2663,3,-481
-65.15031598076,-22.92949762717,2689,127,2486
-66.138462793292,-24.815959723822,2713,17,309
-67.306272662648,-27.6456528688,2716,17,-301
-67.441019955266,-21.80660352202,2653,10,-290
-68.114756418356,-27.106663698328,2609,25,-387
-68.563914060416,-25.220201601676,2568,21,-246
-66.003715500674,-21.941350814638,2694,6,673
-69.1927347593,-28.274473567684,2625,64,-95
-65.37489480179,-22.03118234305,2736,18,1022
-69.237650523506,-24.995622780646,2684,13,-481
-68.429166767798,-24.905791252234,2578,15,-334
-68.204587946768,-25.354948894294,2588,16,-296
-67.62068301209,-23.468486797642,2638,25,-405
-68.74357711724,-28.184642039272,2565,110,-192
-66.452873142734,-22.660003041934,2653,4,829
-65.419810565996,-23.109160683994,2719,17,898
-68.06984065415,-22.03118234305,2692,26,-319
-69.102903230888,-25.579527715324,2617,42,-367
-69.41731358033,-26.567674527856,2632,52,-116
-66.72236772797,-25.220201601676,2650,24,261
-67.17152537003,-25.938853828972,2630,18,-344
-68.339335239386,-25.489696186912,2577,19,-391
-67.216441134236,-24.05239173232,2660,12,-618
-67.530851483678,-22.03118234305,2633,16,-215
-66.946946549,-24.72612819541,2695,7,-514
-69.956302750802,-29.352451908628,2583,177,653
-68.159672182562,-24.591380902792,2649,11,-455
-69.237650523506,-27.42107404777,2591,109,89
-65.285063273378,-22.660003041934,2695,66,1611
-68.159672182562,-25.938853828972,2602,7,-473
-67.800346068914,-22.839666098758,2639,62,-122
-66.587620435352,-23.60323409026,2630,6,117
-66.991862313206,-23.198992212406,2652,12,-444
-68.474082532004,-25.938853828972,2594,18,-318
-66.183378557498,-22.794750334552,2659,4,891
-66.677451963764,-25.220201601676,2625,31,436
-66.228294321704,-23.064244919788,2666,4,80
-65.644389387026,-22.390508456698,2700,5,-177
-67.351188426854,-27.510905576182,2631,16,419
-69.147818995094,-25.310033130088,2642,28,-391
-65.734220915438,-23.917644439702,2701,51,858
-67.39610419106,-24.860875488028,2661,8,-532
-67.261356898442,-23.737981382878,2625,25,-517
-67.755430304708,-25.265117365882,2620,6,-406
-68.024924889944,-27.42107404777,2570,49,-144
-66.677451963764,-23.333739505024,2664,4,-570
-64.970652923936,-23.019329155582,2736,164,2892
-68.204587946768,-27.42107404777,2613,38,-459
-67.800346068914,-26.74733758468,2600,18,-521
-67.980009125738,-24.007475968114,2666,30,-244
-68.96815593827,-27.735484397212,2559,93,87
-69.552060872948,-28.09481051086,2603,169,746
-67.530851483678,-22.300676928286,2606,25,29
-67.351188426854,-27.286326755152,2695,14,1029
-66.587620435352,-22.210845399874,2640,8,1471
-69.552060872948,-29.487199201246,2573,77,193
-67.62068301209,-23.737981382878,2589,44,-142
-67.126609605824,-23.109160683994,2640,17,-467
-68.833408645652,-28.948210030774,2648,66,-461
-69.237650523506,-28.09481051086,2601,91,37
-67.216441134236,-24.187139024938,2629,17,-549
-68.114756418356,-26.343095706826,2611,8,-452
-67.081693841618,-26.432927235238,2620,11,-513
-69.372397816124,-27.555821340388,2603,148,146
-66.632536199558,-25.714275007942,2625,23,1134
-70.09105004342,-29.127873087598,2599,218,871
-67.84526183312,-25.085454309058,2619,5,-503
-67.17152537003,-22.300676928286,2632,17,625
-69.462229344536,-29.038041559186,2558,104,105
-66.632536199558,-22.794750334552,2629,8,1204
-68.204587946768,-26.837169113092,2554,35,-305
-67.261356898442,-25.579527715324,2656,5,-448
-68.563914060416,-21.58202470099,2681,32,-155
-67.17152537003,-25.893938064766,2628,17,-323
-66.991862313206,-21.896435050432,2655,14,915
-66.04863126488,-24.411717845968,2694,7,258
-66.991862313206,-26.97191640571,2684,23,124
-65.105400216554,-21.941350814638,2725,52,1146
-68.878324409858,-24.860875488028,2643,10,-511
-67.710514540502,-26.882084877298,2660,18,-615
-65.644389387026,-24.27697055335,2644,156,2838
-68.204587946768,-25.040538544852,2627,10,-498
-66.632536199558,-25.130370073264,2590,36,945
-67.081693841618,-25.085454309058,2681,9,-496
-65.82405244385,-23.513402561848,2703,5,-27
-68.51899829621,-25.983769593178,2592,24,-342
-66.632536199558,-26.927000641504,2710,16,-329
-65.015568688142,-21.716771993608,2706,45,706
-68.698661353034,-26.612590292062,2547,62,21
-69.013071702476,-29.711778022276,2602,92,23
-69.057987466682,-26.208348414208,2633,38,-309
-67.530851483678,-22.48033998511,2642,20,-506
-66.003715500674,-22.794750334552,2682,3,1
-67.39610419106,-24.05239173232,2613,20,-454
-66.228294321704,-25.893938064766,2696,28,399
-67.530851483678,-25.579527715324,2660,9,-568
-69.282566287712,-28.049894746654,2600,112,136
-69.282566287712,-29.397367672834,2610,58,-298
-66.363041614322,-21.941350814638,2676,6,1296
-67.890177597326,-26.74733758468,2634,13,-527
-67.755430304708,-25.938853828972,2632,6,-449
-66.49778890694,-24.905791252234,2675,14,510
-68.788492881446,-25.220201601676,2641,15,-401
-65.913883972262,-24.456633610174,2731,12,379
-67.62068301209,-23.558318326054,2628,28,-430
-65.734220915438,-22.48033998511,2684,5,201
-68.923240174064,-21.896435050432,2717,18,-743
-64.92573715973,-21.13286705893,2750,25,42
-66.407957378528,-24.27697055335,2654,6,112
-67.441019955266,-25.669359243736,2596,13,-285
-69.327482051918,-26.07360112159,2651,41,-262
-67.800346068914,-24.27697055335,2562,20,-346
-67.126609605824,-22.210845399874,2652,13,368
-68.204587946768,-24.27697055335,2677,18,-269
-66.228294321704,-21.671856229402,2712,5,427
-66.407957378528,-26.07360112159,2689,16,970
-66.49778890694,-26.118516885796,2685,12,353
-69.552060872948,-28.723631209744,2555,115,397
-67.036778077412,-24.366802081762,2696,7,-582
-67.890177597326,-25.534611951118,2558,13,-441
-67.351188426854,-25.040538544852,2680,5,-458
-67.126609605824,-26.882084877298,2688,10,-160
-66.49778890694,-26.657506056268,2666,13,444
-66.991862313206,-22.03118234305,2637,15,901
-67.081693841618,-23.243907976612,2647,13,-600
-67.261356898442,-26.29817994262,2695,11,-510
-67.485935719472,-24.905791252234,2665,6,-524
-68.923240174064,-28.54396815292,2557,68,-155
-66.003715500674,-23.109160683994,2687,4,-43
-68.384251003592,-24.681212431204,2658,13,-504
-67.530851483678,-22.210845399874,2611,22,15
-67.485935719472,-21.851519286226,2648,12,-156
-68.74357711724,-28.31938933189,2591,106,-255
-68.608829824622,-27.331242519358,2567,54,-137
-66.946946549,-25.804106536354,2630,9,-453
-68.653745588828,-24.321886317556,2655,12,-404
-69.237650523506,-27.465989811976,2597,106,36
-69.1927347593,-28.229557803478,2622,63,-87
-67.800346068914,-24.366802081762,2646,10,-432
-69.776639693978,-28.678715445538,2611,207,984
-67.485935719472,-24.456633610174,2660,5,-627
-67.755430304708,-24.905791252234,2636,5,-512
-67.62068301209,-25.265117365882,2596,7,-569
-70.046134279214,-28.54396815292,2627,274,937
-68.563914060416,-27.87023168983,2571,63,-243
-69.1927347593,-25.669359243736,2670,40,-346
-67.980009125738,-27.555821340388,2594,45,-202
-68.159672182562,-22.076098107256,2671,36,-66
-66.857115020588,-23.513402561848,2640,10,-310
-67.351188426854,-22.300676928286,2659,10,-551
-68.878324409858,-29.44228343704,2635,54,-221
-68.249503710974,-25.3998646585,2603,16,-394
-67.485935719472,-23.693065618672,2612,27,-425
-68.698661353034,-27.960063218242,2528,115,-25
-67.081693841618,-26.253264178414,2620,13,-323
-67.17152537003,-24.860875488028,2665,9,-533
-68.114756418356,-27.555821340388,2625,39,-528
-65.329979037584,-22.615087277728,2697,43,1462
-68.204587946768,-26.163432650002,2572,11,-413
-67.126609605824,-21.986266578844,2636,16,708
-65.913883972262,-23.558318326054,2703,3,-462
-65.464726330202,-22.210845399874,2726,9,687
-69.41731358033,-28.633799681332,2588,79,135
-66.49778890694,-25.804106536354,2687,22,1146
-69.013071702476,-28.948210030774,2617,67,-383
-68.114756418356,-28.229557803478,2662,21,-585
-66.27321008591,-24.995622780646,2697,23,1214
-66.407957378528,-21.716771993608,2671,7,1317
-68.249503710974,-28.004978982448,2625,54,103
-69.057987466682,-29.44228343704,2615,90,-300
-69.147818995094,-28.454136624508,2602,57,-168
-67.306272662648,-26.52275876365,2720,8,-645
-66.228294321704,-24.681212431204,2721,9,193
-66.587620435352,-22.92949762717,2622,8,1133
-67.935093361532,-25.220201601676,2593,12,-235
-68.114756418356,-26.432927235238,2604,9,-469
-66.093547029086,-23.333739505024,2675,3,-230
-66.49778890694,-22.570171513522,2647,6,1354
-68.878324409858,-26.29817994262,2600,56,-217
-68.51899829621,-28.229557803478,2636,92,-274
-67.216441134236,-22.615087277728,2647,10,-515
-66.677451963764,-26.477842999444,2692,14,-2
-66.363041614322,-22.70491880614,2649,5,841
-66.542704671146,-21.626940465196,2651,14,2136
-69.147818995094,-25.085454309058,2640,14,-439
-65.015568688142,-23.198992212406,2702,125,2842
-66.27321008591,-24.456633610174,2632,7,333
-68.29441947518,-24.366802081762,2666,19,-363
-68.06984065415,-22.435424220904,2661,41,-125
-68.429166767798,-27.780400161418,2575,47,-394
-68.923240174064,-27.19649522674,2580,79,24
-68.96815593827,-24.95070701644,2655,6,-529
-66.677451963764,-26.612590292062,2670,18,664
-69.41731358033,-27.016832169916,2637,73,-127
-68.114756418356,-25.534611951118,2628,12,-393
-69.237650523506,-25.759190772148,2690,37,-376
-67.710514540502,-23.917644439702,2670,27,-414
-65.015568688142,-22.390508456698,2722,142,1918
-67.126609605824,-25.938853828972,2609,18,-296
-67.84526183312,-24.636296666998,2614,9,-470
-67.665598776296,-25.444780422706,2644,5,-529
-69.147818995094,-25.938853828972,2627,53,-300
-68.06984065415,-22.615087277728,2680,40,-349
-66.72236772797,-23.917644439702,2668,9,-376
-65.240147509172,-22.92949762717,2706,84,1933
-69.102903230888,-24.905791252234,2645,8,-467
-68.474082532004,-24.995622780646,2598,16,-336
-66.27321008591,-24.05239173232,2679,3,-281
-68.024924889944,-24.905791252234,2646,7,-533
-66.632536199558,-26.567674527856,2678,14,362
-66.003715500674,-24.681212431204,2735,18,383
-69.057987466682,-24.815959723822,2665,4,-542
-68.29441947518,-27.960063218242,2626,55,-104
-66.677451963764,-22.794750334552,2636,8,998
-67.800346068914,-23.064244919788,2630,54,-254
-66.542704671146,-21.58202470099,2662,13,2045
-67.126609605824,-24.232054789144,2675,10,-566
-68.384251003592,-25.220201601676,2594,13,-244
-66.452873142734,-23.513402561848,2665,3,-261
-67.306272662648,-26.118516885796,2681,12,-559
-67.485935719472,-24.815959723822,2659,7,-536
-67.036778077412,-22.615087277728,2623,11,293
-69.282566287712,-28.049894746654,2600,112,136
-66.587620435352,-26.74733758468,2634,16,394
-66.72236772797,-25.714275007942,2640,14,395
-65.554557858614,-23.962560203908,2690,144,2207
-68.878324409858,-25.040538544852,2649,9,-441
-67.84526183312,-28.274473567684,2684,19,-696
-66.452873142734,-21.626940465196,2678,9,1377
-68.563914060416,-26.118516885796,2594,34,-239
-67.216441134236,-21.851519286226,2647,15,407
-65.958799736468,-21.537108936784,2705,5,62
-68.51899829621,-27.600737104594,2577,52,-210
-67.84526183312,-22.345592692492,2637,36,-190
-66.902030784794,-25.759190772148,2637,9,-356
-66.991862313206,-23.917644439702,2645,16,-333
-66.72236772797,-25.893938064766,2645,11,259
-67.755430304708,-25.130370073264,2629,4,-401
-68.429166767798,-23.962560203908,2683,10,-486
-68.384251003592,-25.759190772148,2600,17,-394
-68.429166767798,-25.983769593178,2576,18,-330
-67.800346068914,-23.37865526923,2683,41,-290
-65.689305151232,-22.121013871462,2694,6,275
-69.147818995094,-28.499052388714,2615,51,-245
-68.653745588828,-27.241410990946,2577,44,-162
-66.812199256382,-23.198992212406,2648,9,178
-68.339335239386,-21.626940465196,2685,25,-267
-66.363041614322,-23.1540764482,2672,3,159
-65.329979037584,-23.558318326054,2698,89,806
-67.261356898442,-27.42107404777,2663,17,573
-69.013071702476,-27.151579462534,2575,84,1
-69.1927347593,-25.759190772148,2669,42,-361
-68.159672182562,-24.05239173232,2710,15,-426
-65.105400216554,-23.109160683994,2706,93,1774
-65.689305151232,-24.05239173232,2673,108,2369
-66.632536199558,-24.681212431204,2687,8,-269
-68.698661353034,-25.040538544852,2615,16,-425
-69.013071702476,-29.307536144422,2604,76,-316
-68.608829824622,-27.735484397212,2583,52,-266
-68.74357711724,-27.6456528688,2573,54,-167
-67.485935719472,-23.198992212406,2605,33,-416
-67.126609605824,-26.52275876365,2652,12,-474
-65.958799736468,-24.05239173232,2703,3,-199
-67.890177597326,-25.085454309058,2609,6,-475
-68.204587946768,-28.184642039272,2667,32,-510
-67.530851483678,-27.151579462534,2705,11,-427
-68.249503710974,-27.106663698328,2558,45,-70
-68.06984065415,-25.759190772148,2642,5,-428
-68.204587946768,-22.345592692492,2711,29,-389
-69.64189240136,-28.76854697395,2550,153,666
-68.698661353034,-24.366802081762,2667,11,-449
-67.261356898442,-24.681212431204,2659,10,-593
-66.632536199558,-26.657506056268,2645,15,544
-65.509642094408,-22.48033998511,2720,10,812
-68.204587946768,-25.17528583747,2650,10,-532
-67.665598776296,-21.896435050432,2638,15,-274
-69.596976637154,-29.66686225807,2605,88,6
-65.913883972262,-22.615087277728,2646,4,711
-67.710514540502,-28.903294266568,2688,84,-121
-68.384251003592,-24.456633610174,2625,15,-513
-67.665598776296,-24.411717845968,2634,8,-485
-66.228294321704,-21.537108936784,2672,7,1196
-67.755430304708,-21.537108936784,2632,19,466
-69.86647122239,-28.364305096096,2627,196,807
-65.82405244385,-23.872728675496,2721,17,737
-66.632536199558,-23.064244919788,2669,5,-139
-67.530851483678,-23.558318326054,2628,20,-487
-66.49778890694,-21.761687757814,2631,12,1953
-67.485935719472,-26.028685357384,2690,4,-673
-66.677451963764,-26.118516885796,2630,14,131
-69.372397816124,-26.74733758468,2637,63,-177
-66.946946549,-26.567674527856,2710,5,-608
-69.64189240136,-29.44228343704,2572,78,152
-68.74357711724,-24.411717845968,2675,10,-453
-69.013071702476,-27.331242519358,2591,66,-91
-67.306272662648,-25.3998646585,2623,8,-491
-68.339335239386,-24.860875488028,2656,9,-484
-69.372397816124,-29.352451908628,2599,56,-120
-70.001218515008,-28.31938933189,2670,151,540
-69.237650523506,-26.97191640571,2566,89,-62
-69.64189240136,-29.44228343704,2572,78,152
-66.318125850116,-25.040538544852,2649,31,1311
-66.49778890694,-23.109160683994,2657,5,291
-69.147818995094,-26.567674527856,2600,36,-186
-68.204587946768,-24.815959723822,2628,12,-419
-66.04863126488,-23.198992212406,2676,5,462
-67.530851483678,-24.681212431204,2652,5,-568
-67.665598776296,-22.345592692492,2637,26,-364
-68.74357711724,-25.62444347953,2588,34,-318
-67.800346068914,-25.579527715324,2594,10,-439
-68.024924889944,-25.759190772148,2606,7,-490
-67.17152537003,-25.938853828972,2630,18,-344
-68.51899829621,-26.74733758468,2553,55,-192
-67.39610419106,-27.106663698328,2670,10,188
-67.081693841618,-26.253264178414,2620,13,-323
-68.29441947518,-26.388011471032,2563,24,-304
-66.946946549,-25.983769593178,2579,15,18
-68.563914060416,-25.17528583747,2591,20,-319
-67.84526183312,-25.714275007942,2629,7,-316
-66.587620435352,-22.749834570346,2646,6,906
-66.677451963764,-24.456633610174,2683,7,-573
-68.923240174064,-25.669359243736,2630,22,-428
-67.036778077412,-22.525255749316,2613,12,725
-67.800346068914,-22.92949762717,2630,67,-126
-68.833408645652,-21.537108936784,2686,21,-484
-67.980009125738,-25.130370073264,2605,12,-396
-65.464726330202,-22.076098107256,2733,8,154
-68.698661353034,-27.780400161418,2532,109,-34
-66.767283492176,-22.660003041934,2649,6,241
-69.731723929772,-29.21770461601,2562,121,513
-68.384251003592,-25.579527715324,2644,10,-433
-67.216441134236,-23.60323409026,2628,19,-506
-68.29441947518,-25.579527715324,2640,11,-442
-68.339335239386,-26.388011471032,2561,26,-315
-66.542704671146,-22.48033998511,2666,4,683
-69.372397816124,-27.555821340388,2603,148,146
-66.677451963764,-22.884581862964,2637,8,845
-66.407957378528,-23.243907976612,2665,3,164
-69.327482051918,-25.220201601676,2696,18,-540
-68.429166767798,-28.31938933189,2651,112,86
-69.147818995094,-27.555821340388,2593,101,50
-66.902030784794,-24.142223260732,2677,12,-271
-67.036778077412,-24.546465138586,2695,8,-583
-67.84526183312,-24.995622780646,2607,7,-519
-67.665598776296,-24.860875488028,2641,5,-525
-68.114756418356,-22.615087277728,2702,35,-465
-66.767283492176,-26.657506056268,2716,11,-171
-67.980009125738,-23.82781291129,2716,26,-400
-67.980009125738,-24.815959723822,2642,8,-576
-68.563914060416,-24.456633610174,2659,16,-358
-66.49778890694,-25.265117365882,2691,37,967
-66.812199256382,-26.702421820474,2703,12,-92
-65.105400216554,-21.761687757814,2717,53,1303
-67.351188426854,-25.265117365882,2632,8,-547
-68.878324409858,-25.938853828972,2603,49,-305
-69.1927347593,-28.588883917126,2616,52,-214
-68.878324409858,-26.702421820474,2571,72,-38
-68.74357711724,-27.780400161418,2467,143,285
-68.698661353034,-26.388011471032,2614,49,-302
-67.036778077412,-26.882084877298,2653,21,385
-68.698661353034,-28.274473567684,2591,108,-336
-67.261356898442,-26.118516885796,2664,15,-528
-65.958799736468,-24.366802081762,2711,7,73
-66.27321008591,-24.27697055335,2662,5,-98
-68.159672182562,-24.187139024938,2677,23,-266
-66.542704671146,-24.321886317556,2631,9,126
-67.935093361532,-27.241410990946,2609,41,-165
-68.74357711724,-27.42107404777,2568,52,-141
-68.29441947518,-24.636296666998,2646,18,-364
-67.351188426854,-25.534611951118,2636,9,-551
-68.339335239386,-24.546465138586,2659,16,-453
-66.04863126488,-22.48033998511,2672,4,631
-67.126609605824,-24.007475968114,2666,10,-580
-67.710514540502,-25.040538544852,2649,4,-508
-69.776639693978,-29.487199201246,2546,138,555
-66.587620435352,-24.142223260732,2638,10,104
-68.698661353034,-27.19649522674,2585,49,-101
-66.407957378528,-23.37865526923,2668,2,-218
-69.507145108742,-28.274473567684,2598,108,480
-69.057987466682,-28.229557803478,2587,88,60
-68.51899829621,-26.792253348886,2558,65,-90
-67.39610419106,-25.714275007942,2612,11,-385
-68.114756418356,-24.771043959616,2596,14,-421
-69.507145108742,-28.99312579498,2553,126,406
-66.767283492176,-26.388011471032,2674,10,-335
-67.62068301209,-22.660003041934,2607,37,-255
-68.159672182562,-22.390508456698,2685,33,-297
-69.64189240136,-28.049894746654,2627,144,669
-66.587620435352,-23.648149854466,2628,7,180
-65.734220915438,-21.716771993608,2689,7,326
-66.138462793292,-26.253264178414,2690,22,865
-67.261356898442,-22.794750334552,2608,20,-227
-66.318125850116,-24.232054789144,2673,4,-216
-66.991862313206,-21.58202470099,2666,11,530
-67.306272662648,-22.884581862964,2618,24,-350
-65.958799736468,-23.917644439702,2677,4,272
-68.653745588828,-28.274473567684,2594,127,-258
-67.216441134236,-25.085454309058,2653,6,-630
-65.329979037584,-23.064244919788,2736,34,1148
-67.710514540502,-24.95070701644,2642,4,-506
-68.204587946768,-26.29817994262,2537,21,-281
-66.452873142734,-24.95070701644,2664,15,249
-67.935093361532,-22.525255749316,2666,47,-188
-67.980009125738,-22.390508456698,2633,46,30
-66.363041614322,-23.064244919788,2661,3,269
-65.15031598076,-22.92949762717,2689,127,2486
-67.441019955266,-21.761687757814,2656,9,-338
-68.204587946768,-25.354948894294,2588,16,-296
-68.653745588828,-26.52275876365,2558,65,-102
-64.92573715973,-21.671856229402,2751,39,688
-66.632536199558,-22.435424220904,2655,5,721
-67.84526183312,-21.80660352202,2628,19,31
-67.036778077412,-24.411717845968,2697,8,-576
-69.013071702476,-25.669359243736,2597,36,-380
-65.509642094408,-24.27697055335,2748,165,3136
-68.608829824622,-21.58202470099,2706,25,-431
-67.036778077412,-26.477842999444,2598,10,-433
-67.261356898442,-24.681212431204,2659,10,-593
-66.138462793292,-23.423571033436,2682,2,-502
-67.306272662648,-26.07360112159,2677,12,-500
-69.821555458184,-29.352451908628,2533,156,854
-68.06984065415,-27.465989811976,2599,43,-452
-67.261356898442,-26.74733758468,2685,6,-634
-66.902030784794,-26.97191640571,2719,16,-503
-69.1927347593,-27.6456528688,2566,144,189
-67.081693841618,-21.851519286226,2651,12,401
-66.991862313206,-24.411717845968,2699,9,-562
-68.159672182562,-28.184642039272,2668,26,-506
-69.102903230888,-28.049894746654,2589,106,126
-68.06984065415,-24.815959723822,2627,10,-482
-66.902030784794,-23.558318326054,2639,10,-476
-67.84526183312,-21.58202470099,2654,16,-3
-67.351188426854,-25.444780422706,2655,7,-405
-65.958799736468,-24.27697055335,2706,6,366
-66.318125850116,-23.82781291129,2675,3,-146
-68.339335239386,-25.3998646585,2614,18,-254
-66.902030784794,-26.29817994262,2648,7,-564
-68.339335239386,-25.17528583747,2573,18,-275
-68.653745588828,-24.905791252234,2612,18,-299
-69.462229344536,-26.702421820474,2637,53,-241
-67.351188426854,-24.860875488028,2654,10,-511
-68.249503710974,-27.915147454036,2597,58,17
-68.474082532004,-24.456633610174,2650,16,-426
-66.946946549,-23.109160683994,2651,9,-510
-67.755430304708,-24.995622780646,2642,4,-514
-68.788492881446,-27.6456528688,2562,57,-121
-67.081693841618,-21.626940465196,2664,9,-5
-67.84526183312,-24.142223260732,2611,24,-311
-66.812199256382,-22.660003041934,2647,7,239
-65.644389387026,-21.986266578844,2700,7,271
-68.74357711724,-25.310033130088,2628,21,-253
-65.329979037584,-22.165929635668,2734,37,1763
-66.27321008591,-24.815959723822,2704,11,604
-65.240147509172,-22.794750334552,2745,73,1654
-67.890177597326,-25.669359243736,2543,11,-384
-68.06984065415,-27.555821340388,2589,48,-382
-67.800346068914,-21.671856229402,2657,13,-263
-67.441019955266,-25.62444347953,2623,12,-356
-66.407957378528,-22.749834570346,2663,4,360
-67.935093361532,-25.938853828972,2644,4,-530
-67.216441134236,-27.331242519358,2692,17,634
-68.923240174064,-25.804106536354,2652,24,-400
-66.991862313206,-23.737981382878,2613,16,-176
-69.057987466682,-29.532114965452,2588,124,-44
-67.081693841618,-26.477842999444,2630,11,-514
-68.74357711724,-22.03118234305,2694,12,-785
-66.363041614322,-24.771043959616,2638,12,857
-68.653745588828,-25.17528583747,2623,18,-310
-69.64189240136,-28.049894746654,2627,144,669
-68.204587946768,-22.525255749316,2700,29,-525
-69.147818995094,-29.307536144422,2593,76,-260
-65.868968208056,-24.681212431204,2708,36,1335
-65.015568688142,-23.333739505024,2691,108,2305
-66.138462793292,-22.974413391376,2627,6,1088
-66.542704671146,-24.546465138586,2679,10,-46
-67.216441134236,-23.82781291129,2635,17,-543
-66.991862313206,-21.671856229402,2669,10,309
-67.62068301209,-23.737981382878,2589,44,-142
-67.485935719472,-25.759190772148,2635,9,-535
-66.587620435352,-23.648149854466,2628,7,180
-66.003715500674,-22.525255749316,2670,3,351
-67.261356898442,-21.716771993608,2642,11,229
-67.17152537003,-24.05239173232,2665,10,-586
-65.509642094408,-21.896435050432,2729,8,142
-67.351188426854,-24.097307496526,2622,16,-450
-68.698661353034,-25.3998646585,2625,23,-285
-69.956302750802,-28.948210030774,2560,269,1516
-68.06984065415,-26.118516885796,2602,6,-519
-67.575767247884,-21.851519286226,2610,19,342
-66.138462793292,-22.48033998511,2673,4,1012
-67.081693841618,-21.80660352202,2640,13,582
-68.159672182562,-21.626940465196,2671,30,160
-69.013071702476,-25.714275007942,2589,38,-315
-69.462229344536,-28.54396815292,2595,81,182
-67.710514540502,-24.232054789144,2660,13,-547
-68.159672182562,-24.187139024938,2677,23,-266
-66.902030784794,-21.671856229402,2673,13,994
-67.84526183312,-24.366802081762,2655,10,-359
-69.102903230888,-25.354948894294,2638,30,-367
-68.159672182562,-28.184642039272,2668,26,-506
-67.665598776296,-24.50154937438,2627,7,-533
-68.06984065415,-24.636296666998,2594,16,-353
-66.857115020588,-24.097307496526,2677,10,-238
-67.17152537003,-21.761687757814,2639,14,599
-67.84526183312,-28.54396815292,2639,30,-589
-66.363041614322,-26.343095706826,2637,20,824
-67.485935719472,-22.121013871462,2633,17,-155
-69.057987466682,-27.151579462534,2551,79,-39
-67.081693841618,-22.794750334552,2637,11,-246
-66.407957378528,-24.636296666998,2627,12,546
-67.126609605824,-25.040538544852,2683,8,-524
-65.958799736468,-23.468486797642,2696,3,-391
-65.195231744966,-23.198992212406,2686,117,3286
-67.126609605824,-24.905791252234,2653,9,-545
-67.530851483678,-23.064244919788,2581,42,-310
-66.812199256382,-22.794750334552,2642,7,343
-68.339335239386,-26.927000641504,2576,40,-301
-68.384251003592,-25.040538544852,2552,17,-251
-66.857115020588,-25.354948894294,2672,13,-259
-67.530851483678,-21.986266578844,2632,16,-197
-68.878324409858,-26.29817994262,2600,56,-217
-68.159672182562,-28.31938933189,2646,26,-645
-67.306272662648,-22.884581862964,2618,24,-350
-68.339335239386,-27.600737104594,2570,50,-309
-68.024924889944,-21.851519286226,2665,22,-232
-67.665598776296,-24.321886317556,2631,12,-495
-64.970652923936,-21.80660352202,2722,54,1120
-65.509642094408,-23.423571033436,2661,29,735
-67.665598776296,-24.05239173232,2631,19,-487
-68.653745588828,-26.07360112159,2609,34,-351
-66.27321008591,-24.905791252234,2700,14,910
-65.554557858614,-23.288823740818,2711,9,-20
-66.138462793292,-26.432927235238,2653,21,702
-69.372397816124,-28.184642039272,2576,98,246
-67.036778077412,-26.702421820474,2681,9,-242
-67.84526183312,-26.477842999444,2592,7,-539
-67.980009125738,-24.05239173232,2676,25,-261
-67.39610419106,-22.660003041934,2604,22,-197
-67.62068301209,-24.366802081762,2642,8,-534
-68.878324409858,-28.858378502362,2625,72,-462
-65.868968208056,-24.05239173232,2707,14,729
-66.857115020588,-23.782897147084,2630,12,-137
-69.013071702476,-29.21770461601,2607,68,-373
-66.632536199558,-22.435424220904,2655,5,721
-66.093547029086,-26.388011471032,2678,22,681
-67.800346068914,-28.858378502362,2672,72,-226
-65.689305151232,-23.288823740818,2682,8,795
-69.237650523506,-25.84902230056,2640,47,-368
-67.17152537003,-26.612590292062,2651,10,-279
-66.857115020588,-24.546465138586,2658,11,-182
-67.665598776296,-26.837169113092,2642,16,-553
-68.608829824622,-26.837169113092,2564,64,-2
-68.698661353034,-25.938853828972,2621,41,-171
-66.093547029086,-21.58202470099,2684,7,1322
-67.755430304708,-24.636296666998,2632,7,-551
-66.857115020588,-22.92949762717,2654,6,-187
-66.407957378528,-24.591380902792,2625,12,605
-67.980009125738,-24.05239173232,2676,25,-261
-68.114756418356,-24.232054789144,2570,31,-146
-69.237650523506,-26.97191640571,2566,89,-62
-69.552060872948,-26.612590292062,2646,36,-81
-66.587620435352,-26.567674527856,2672,12,104
-65.59947362282,-23.198992212406,2701,7,200
-66.632536199558,-25.130370073264,2590,36,945
-66.902030784794,-24.815959723822,2667,9,-499
-67.17152537003,-27.151579462534,2675,19,620
-67.351188426854,-22.884581862964,2618,24,-437
-69.41731358033,-27.780400161418,2616,173,277
-67.081693841618,-26.52275876365,2597,11,-360
-66.183378557498,-22.345592692492,2636,6,1556
-66.812199256382,-24.995622780646,2671,9,-219
-68.249503710974,-26.208348414208,2547,21,-309
-68.06984065415,-24.636296666998,2594,16,-353
-67.84526183312,-29.038041559186,2605,121,583
-68.159672182562,-27.825315925624,2656,32,-388
-67.980009125738,-25.17528583747,2590,14,-339
-65.82405244385,-22.749834570346,2681,4,246
-65.779136679644,-22.884581862964,2691,5,385
-69.462229344536,-27.19649522674,2633,83,-138
-66.902030784794,-26.657506056268,2719,6,-626
-69.237650523506,-28.499052388714,2559,87,151
-67.126609605824,-23.288823740818,2645,13,-618
-67.306272662648,-25.938853828972,2649,12,-504
-66.946946549,-25.714275007942,2634,10,-389
-67.890177597326,-25.310033130088,2618,7,-397
-66.407957378528,-23.064244919788,2660,4,329
-68.114756418356,-21.80660352202,2682,23,-265
-66.946946549,-24.905791252234,2673,11,-510
-68.923240174064,-27.600737104594,2558,83,137
-68.698661353034,-24.591380902792,2642,16,-395
-66.318125850116,-22.92949762717,2660,5,786
-68.339335239386,-21.896435050432,2613,36,191
-66.003715500674,-23.872728675496,2701,4,7
-68.06984065415,-24.007475968114,2698,18,-374
-66.587620435352,-26.52275876365,2679,13,17
-69.1927347593,-26.702421820474,2564,61,-70
-65.779136679644,-23.82781291129,2714,30,810
-66.318125850116,-21.851519286226,2668,7,1304
-68.96815593827,-28.723631209744,2615,44,-395
-65.554557858614,-22.345592692492,2714,7,367
-65.734220915438,-24.27697055335,2702,106,3042
-68.159672182562,-26.927000641504,2608,21,-434
-67.755430304708,-25.669359243736,2664,5,-435
-67.800346068914,-22.300676928286,2661,26,-439
-67.216441134236,-24.546465138586,2669,10,-550
-66.902030784794,-25.3998646585,2672,11,-479
-66.138462793292,-24.232054789144,2672,5,-149
-69.686808165566,-29.082957323392,2598,92,201
-65.015568688142,-23.288823740818,2653,133,2912
-69.41731358033,-29.21770461601,2558,88,93
-68.06984065415,-26.343095706826,2652,6,-463
-68.788492881446,-26.253264178414,2594,62,-142
-66.677451963764,-22.570171513522,2639,6,828
-67.036778077412,-22.525255749316,2613,12,725
-68.429166767798,-25.62444347953,2615,15,-480
-69.327482051918,-28.364305096096,2610,60,-33
-67.575767247884,-26.163432650002,2670,3,-762
-66.72236772797,-24.905791252234,2687,7,-477
-68.833408645652,-25.759190772148,2650,29,-331
-67.126609605824,-23.019329155582,2632,20,-132
-66.632536199558,-24.771043959616,2692,8,-227
-66.767283492176,-25.3998646585,2644,22,350
-65.240147509172,-22.839666098758,2737,74,1673
-66.49778890694,-24.95070701644,2681,13,302
-69.057987466682,-29.711778022276,2654,91,-227
-67.036778077412,-25.040538544852,2662,13,-471
-66.49778890694,-25.085454309058,2692,22,449
-68.788492881446,-28.09481051086,2552,107,-65
-65.958799736468,-23.243907976612,2686,4,-85
-67.441019955266,-25.62444347953,2623,12,-356
-68.474082532004,-25.354948894294,2569,18,-281
-66.812199256382,-25.84902230056,2622,12,52
-69.372397816124,-26.028685357384,2682,35,-377
-68.51899829621,-27.690568633006,2563,61,-295
-68.474082532004,-27.600737104594,2564,59,-247
-66.093547029086,-26.253264178414,2667,25,831
-67.755430304708,-24.681212431204,2631,6,-545
-69.776639693978,-29.262620380216,2498,173,972
-69.41731358033,-28.588883917126,2588,80,161
-67.935093361532,-26.388011471032,2583,8,-497
-68.114756418356,-25.62444347953,2623,10,-313
-68.653745588828,-25.3998646585,2627,19,-345
-67.710514540502,-25.579527715324,2644,7,-446
-67.575767247884,-25.085454309058,2658,4,-490
-68.384251003592,-26.567674527856,2579,30,-334
-68.608829824622,-28.229557803478,2613,120,-208
-69.507145108742,-28.049894746654,2595,185,656
-68.429166767798,-27.19649522674,2541,64,-156
-68.29441947518,-24.771043959616,2664,9,-523
-67.575767247884,-24.366802081762,2655,6,-599
-68.159672182562,-27.376158283564,2628,31,-467
-67.17152537003,-24.95070701644,2672,9,-521
-66.902030784794,-26.792253348886,2680,15,83
-68.159672182562,-25.220201601676,2642,9,-493
-68.608829824622,-28.139726275066,2627,83,-361
-68.51899829621,-25.489696186912,2595,19,-363
-67.800346068914,-21.851519286226,2647,17,-277
-67.261356898442,-26.792253348886,2680,5,-563
-69.102903230888,-26.29817994262,2629,31,-319
-66.72236772797,-22.749834570346,2641,7,574
-67.935093361532,-24.591380902792,2643,9,-568
-67.351188426854,-26.837169113092,2665,6,-639
-69.41731358033,-29.038041559186,2566,94,46
-67.441019955266,-26.163432650002,2698,5,-685
-66.587620435352,-26.657506056268,2634,13,433
-67.126609605824,-23.243907976612,2642,15,-558
-67.306272662648,-21.716771993608,2647,10,-46
-68.563914060416,-21.941350814638,2726,18,-684
-65.195231744966,-21.716771993608,2722,52,1435
-66.587620435352,-22.435424220904,2670,4,493
-66.318125850116,-21.537108936784,2687,6,512
-66.991862313206,-26.477842999444,2622,8,-438
-68.833408645652,-21.986266578844,2698,15,-728
-66.452873142734,-24.456633610174,2647,11,287
-65.195231744966,-21.851519286226,2708,62,2150
-66.04863126488,-24.636296666998,2714,16,534
-67.710514540502,-23.423571033436,2645,40,-203
-69.41731358033,-28.229557803478,2603,97,299
-66.138462793292,-24.50154937438,2632,10,374
-66.587620435352,-26.028685357384,2625,16,675
-66.04863126488,-23.782897147084,2705,2,-644
-68.429166767798,-26.882084877298,2601,36,-304
-68.96815593827,-25.085454309058,2647,9,-466
-67.39610419106,-23.198992212406,2613,30,-460
-66.812199256382,-26.253264178414,2660,9,-607
-66.991862313206,-22.03118234305,2637,15,901
-67.665598776296,-26.792253348886,2638,14,-644
-69.102903230888,-25.804106536354,2586,51,-277
-68.698661353034,-24.546465138586,2654,15,-373
-68.698661353034,-25.893938064766,2596,45,-316
-67.39610419106,-24.232054789144,2627,15,-483
-67.39610419106,-21.941350814638,2653,10,-414
-67.306272662648,-22.794750334552,2623,21,-417
-68.923240174064,-27.510905576182,2560,73,50
-69.1927347593,-29.21770461601,2580,79,-147
-69.057987466682,-28.678715445538,2592,58,-183
-69.41731358033,-27.376158283564,2648,80,-97
-69.147818995094,-25.489696186912,2658,36,-415
-67.890177597326,-24.142223260732,2646,22,-386
-68.698661353034,-25.17528583747,2627,16,-299
-68.833408645652,-26.388011471032,2578,64,-145
-68.833408645652,-24.905791252234,2638,13,-411
-68.923240174064,-26.837169113092,2565,83,6
-68.74357711724,-27.690568633006,2558,68,-101
-67.755430304708,-24.097307496526,2648,21,-548
-68.51899829621,-26.97191640571,2556,64,-86
-66.04863126488,-23.019329155582,2685,4,329
-67.575767247884,-25.3998646585,2641,7,-474
-67.485935719472,-25.354948894294,2693,5,-541
-68.204587946768,-22.25576116408,2717,27,-415
-67.126609605824,-22.749834570346,2625,12,-168
-67.890177597326,-26.927000641504,2631,21,-601
-65.689305151232,-24.681212431204,2692,81,2321
-67.216441134236,-25.714275007942,2647,10,-482
-66.812199256382,-25.085454309058,2680,9,-342
-68.159672182562,-27.510905576182,2621,42,-476
-67.17152537003,-24.50154937438,2677,9,-595
-65.59947362282,-23.243907976612,2703,7,286
-65.779136679644,-22.794750334552,2687,4,91
-66.542704671146,-24.72612819541,2679,11,290
-69.731723929772,-29.44228343704,2520,145,678
-68.249503710974,-27.19649522674,2584,37,-312
-67.935093361532,-25.085454309058,2610,7,-471
-67.261356898442,-26.29817994262,2695,11,-510
-65.644389387026,-22.165929635668,2701,6,196
-67.306272662648,-22.884581862964,2618,24,-350
-67.665598776296,-26.163432650002,2635,4,-532
-68.608829824622,-27.286326755152,2539,64,-15
-66.363041614322,-21.58202470099,2690,7,1042
-66.991862313206,-24.771043959616,2692,6,-527
-67.39610419106,-27.510905576182,2687,12,-25
-65.868968208056,-24.05239173232,2707,14,729
-66.946946549,-23.064244919788,2645,12,-177
-67.530851483678,-26.882084877298,2631,14,-568
-68.06984065415,-27.6456528688,2612,46,-402
-65.779136679644,-23.693065618672,2705,23,750
-68.51899829621,-27.42107404777,2554,66,-159
-66.632536199558,-24.905791252234,2669,14,421
-66.138462793292,-22.615087277728,2672,4,836
-65.15031598076,-23.288823740818,2671,102,2639
-66.49778890694,-26.52275876365,2627,14,333
-65.060484452348,-22.570171513522,2708,181,2214
-67.306272662648,-22.70491880614,2604,20,-109
-66.318125850116,-23.468486797642,2659,2,-176
-69.237650523506,-27.6456528688,2553,160,259
-68.608829824622,-27.6456528688,2601,39,-327
-68.339335239386,-24.815959723822,2663,9,-500
-66.991862313206,-24.097307496526,2684,10,-540
-69.41731358033,-26.97191640571,2632,71,-115
-67.530851483678,-27.061747934122,2645,15,-352
-65.82405244385,-23.558318326054,2706,7,32
-68.96815593827,-25.983769593178,2584,57,-195
-66.003715500674,-23.423571033436,2688,3,-210
-69.956302750802,-28.76854697395,2636,186,561
-67.17152537003,-23.513402561848,2638,15,-605
-66.812199256382,-25.220201601676,2676,14,33
-66.587620435352,-24.321886317556,2637,10,166
-68.608829824622,-25.938853828972,2586,39,-226
-65.59947362282,-23.60323409026,2680,38,747
-68.474082532004,-25.354948894294,2569,18,-281
-68.474082532004,-25.444780422706,2605,15,-346
-67.800346068914,-23.872728675496,2673,41,-379
-69.147818995094,-28.454136624508,2602,57,-168
-66.27321008591,-24.142223260732,2676,4,-340
-67.081693841618,-24.187139024938,2642,12,-574
-67.530851483678,-25.220201601676,2645,4,-495
-69.013071702476,-24.860875488028,2668,4,-548
-67.890177597326,-23.917644439702,2677,32,-350
-67.980009125738,-22.390508456698,2633,46,30
-67.710514540502,-22.121013871462,2627,29,29
-69.1927347593,-28.76854697395,2607,48,-249
-65.734220915438,-22.974413391376,2687,7,699
-67.261356898442,-27.286326755152,2670,15,579
-68.923240174064,-25.759190772148,2613,29,-230
-69.237650523506,-29.487199201246,2625,63,-337
-67.530851483678,-23.288823740818,2595,36,-282
-67.935093361532,-24.05239173232,2635,27,-347
-65.554557858614,-23.513402561848,2657,35,645
-67.126609605824,-23.243907976612,2642,15,-558
-66.003715500674,-23.558318326054,2698,2,-513
-68.249503710974,-26.52275876365,2593,16,-384
-69.64189240136,-29.397367672834,2556,80,152
-65.329979037584,-21.986266578844,2738,28,1521
-68.653745588828,-21.761687757814,2722,12,-664
-66.183378557498,-23.558318326054,2682,2,-520
-67.441019955266,-22.525255749316,2632,20,-402
-69.596976637154,-27.600737104594,2626,143,98
-65.59947362282,-21.941350814638,2709,7,286
-66.857115020588,-22.525255749316,2652,6,39
-66.138462793292,-22.70491880614,2673,4,723
-66.318125850116,-24.27697055335,2666,4,-271
-67.665598776296,-25.130370073264,2655,4,-467
-66.587620435352,-25.579527715324,2680,25,995
-65.240147509172,-23.468486797642,2685,96,1667
-68.024924889944,-25.040538544852,2616,10,-478
-69.372397816124,-26.882084877298,2638,71,-218
-66.318125850116,-24.366802081762,2662,5,-97
-66.363041614322,-26.52275876365,2692,12,508
-67.17152537003,-25.265117365882,2640,6,-574
-69.057987466682,-25.265117365882,2634,20,-408
-67.935093361532,-24.591380902792,2643,9,-568
-69.372397816124,-26.028685357384,2682,35,-377
-68.159672182562,-21.716771993608,2698,20,-407
-69.102903230888,-28.31938933189,2594,83,30
-67.84526183312,-26.028685357384,2617,6,-570
-68.159672182562,-27.331242519358,2626,30,-398
-67.126609605824,-24.142223260732,2676,9,-624
-65.82405244385,-23.82781291129,2722,17,591
-65.868968208056,-22.884581862964,2688,4,-47
-68.878324409858,-26.208348414208,2596,60,-256
-68.114756418356,-28.184642039272,2640,25,-449
-69.596976637154,-28.588883917126,2589,120,471
-68.51899829621,-27.106663698328,2475,97,85
-66.407957378528,-23.109160683994,2643,4,695
-67.890177597326,-24.142223260732,2646,22,-386
-68.114756418356,-26.567674527856,2619,10,-381
-68.563914060416,-24.456633610174,2659,16,-358
-65.509642094408,-21.941350814638,2729,8,81
-68.384251003592,-27.376158283564,2583,44,-318
-68.96815593827,-26.477842999444,2602,47,-196
-67.935093361532,-24.50154937438,2653,8,-494
-66.363041614322,-23.962560203908,2644,4,45
-68.698661353034,-28.364305096096,2619,109,-373
-68.06984065415,-27.241410990946,2598,35,-410
-66.363041614322,-24.546465138586,2608,10,660
-65.15031598076,-23.243907976612,2704,93,2261
-69.057987466682,-28.588883917126,2579,63,-173
-65.59947362282,-21.941350814638,2709,7,286
-66.04863126488,-23.737981382878,2703,2,-646
-66.767283492176,-26.702421820474,2707,14,7
-67.84526183312,-27.241410990946,2680,22,-612
-66.812199256382,-26.253264178414,2660,9,-607
-66.946946549,-24.321886317556,2691,12,-486
-68.833408645652,-25.265117365882,2650,13,-412
-69.1927347593,-29.038041559186,2604,50,-323
-65.868968208056,-23.513402561848,2702,3,-325
-68.159672182562,-22.300676928286,2711,29,-374
-66.542704671146,-25.085454309058,2641,28,967
-69.282566287712,-27.061747934122,2621,78,-179
-68.384251003592,-27.42107404777,2579,45,-352
-67.665598776296,-25.893938064766,2651,6,-468
-66.093547029086,-22.25576116408,2664,5,1082
-68.698661353034,-25.310033130088,2625,21,-292
-68.024924889944,-27.061747934122,2587,30,-229
-66.093547029086,-22.570171513522,2672,4,744
-65.419810565996,-22.435424220904,2726,18,1210
-68.51899829621,-27.376158283564,2555,64,-128
-68.159672182562,-25.938853828972,2602,7,-473
-67.216441134236,-22.25576116408,2617,19,807
-67.39610419106,-26.882084877298,2653,6,-652
-67.441019955266,-26.07360112159,2691,5,-639
-66.767283492176,-23.288823740818,2659,6,-334
-70.046134279214,-28.274473567684,2650,118,364
-67.17152537003,-24.72612819541,2676,7,-582
-65.240147509172,-23.37865526923,2686,109,2257
-68.788492881446,-26.97191640571,2585,73,-45
-67.17152537003,-27.016832169916,2664,17,414
-69.327482051918,-27.106663698328,2611,89,-32
-68.788492881446,-25.310033130088,2643,15,-313
-67.216441134236,-21.941350814638,2637,19,797
-66.857115020588,-24.007475968114,2669,8,-510
-65.329979037584,-23.558318326054,2698,89,806
-68.384251003592,-26.29817994262,2587,24,-330
-65.554557858614,-22.839666098758,2687,11,868
-68.51899829621,-25.669359243736,2554,23,-317
-66.093547029086,-23.333739505024,2675,3,-230
-66.72236772797,-25.085454309058,2660,20,389
-68.74357711724,-24.771043959616,2643,14,-361
-66.04863126488,-24.50154937438,2660,11,496
-66.49778890694,-25.444780422706,2634,59,1619
-67.800346068914,-28.813462738156,2670,60,-370
-69.64189240136,-27.555821340388,2657,116,130
-68.698661353034,-24.456633610174,2667,13,-428
-68.74357711724,-27.735484397212,2537,99,-24
-67.575767247884,-26.927000641504,2629,17,-484
-69.1927347593,-28.499052388714,2590,65,-33
-69.282566287712,-25.040538544852,2691,14,-458
-68.563914060416,-28.274473567684,2650,94,-364
-67.17152537003,-24.05239173232,2665,10,-586
-67.441019955266,-21.626940465196,2646,10,-49
-66.228294321704,-22.525255749316,2667,4,1139
-66.767283492176,-21.537108936784,2693,11,758
-69.552060872948,-29.082957323392,2548,132,410
-68.159672182562,-24.097307496526,2695,20,-280
-66.363041614322,-24.142223260732,2657,6,142
-66.093547029086,-23.693065618672,2696,2,-649
-68.384251003592,-25.354948894294,2584,18,-365
-69.41731358033,-26.612590292062,2635,56,-216
-65.464726330202,-23.423571033436,2678,32,915
-66.72236772797,-25.265117365882,2671,19,-74
-65.82405244385,-23.468486797642,2701,5,-74
-66.857115020588,-26.477842999444,2714,6,-577
-68.698661353034,-27.555821340388,2576,47,-195
-69.41731358033,-27.735484397212,2600,184,210
-68.429166767798,-21.986266578844,2699,27,-259
-67.755430304708,-24.815959723822,2632,6,-525
-68.698661353034,-27.735484397212,2567,70,-173
-69.102903230888,-28.409220860302,2598,63,-156
-67.441019955266,-23.872728675496,2607,26,-379
-67.755430304708,-24.591380902792,2628,8,-535
-66.452873142734,-23.962560203908,2660,4,-77
-67.441019955266,-24.321886317556,2633,12,-415
-67.935093361532,-26.253264178414,2639,5,-532
-68.608829824622,-24.681212431204,2624,20,-328
-66.946946549,-24.456633610174,2670,13,-342
-65.464726330202,-23.109160683994,2681,15,877
-68.159672182562,-27.151579462534,2601,26,-442
-69.686808165566,-28.99312579498,2585,116,440
-66.452873142734,-24.636296666998,2650,12,524
-65.689305151232,-22.076098107256,2694,6,273
-68.698661353034,-23.064244919788,2734,7,-671
-69.731723929772,-28.723631209744,2558,187,903
-65.913883972262,-23.333739505024,2693,3,-359
-66.857115020588,-23.243907976612,2634,12,151
-66.677451963764,-21.716771993608,2682,13,1409
-66.857115020588,-23.019329155582,2620,11,602
-69.327482051918,-27.825315925624,2579,178,358
-67.306272662648,-26.163432650002,2689,12,-477
-67.126609605824,-26.208348414208,2637,14,-518
-68.833408645652,-26.657506056268,2582,70,-49
-65.015568688142,-22.525255749316,2744,199,2631
-67.126609605824,-21.716771993608,2657,10,167
-69.327482051918,-25.085454309058,2688,16,-583
-68.833408645652,-29.21770461601,2641,55,-320
-66.991862313206,-25.310033130088,2665,9,-591
-67.890177597326,-25.354948894294,2630,6,-471
-68.29441947518,-22.660003041934,2711,14,-600
-66.407957378528,-24.72612819541,2595,15,995
-69.327482051918,-26.208348414208,2654,31,-370
-66.767283492176,-25.489696186912,2649,18,131
-65.868968208056,-22.121013871462,2680,6,457
-67.351188426854,-21.986266578844,2651,13,-215
-66.27321008591,-22.615087277728,2653,5,1322
-69.327482051918,-28.948210030774,2592,65,-102
-67.126609605824,-24.636296666998,2684,7,-574
-66.318125850116,-26.388011471032,2657,19,1351
-69.282566287712,-27.960063218242,2626,111,12
-68.29441947518,-21.626940465196,2716,19,-582
-67.216441134236,-23.513402561848,2635,18,-580
-68.29441947518,-24.411717845968,2659,17,-276
-68.96815593827,-28.229557803478,2579,75,-95
-66.49778890694,-22.165929635668,2650,6,1194
-67.261356898442,-27.42107404777,2663,17,573
-66.767283492176,-22.435424220904,2622,8,1055
-68.51899829621,-26.567674527856,2572,47,-149
-66.542704671146,-24.50154937438,2664,10,-22
-67.755430304708,-23.917644439702,2671,29,-426
-65.868968208056,-24.097307496526,2718,13,567
-68.96815593827,-27.061747934122,2589,80,-34
-67.84526183312,-24.366802081762,2655,10,-359
-69.327482051918,-26.927000641504,2594,85,-51
-65.689305151232,-21.58202470099,2718,7,497
-65.105400216554,-21.80660352202,2721,49,1134
-67.575767247884,-24.142223260732,2669,11,-644
-66.587620435352,-23.019329155582,2658,6,253
-68.159672182562,-21.80660352202,2670,27,-81
-69.057987466682,-29.487199201246,2607,107,-150
-65.419810565996,-23.064244919788,2721,17,893
-69.147818995094,-25.579527715324,2637,41,-402
-68.339335239386,-21.986266578844,2700,27,-332
-67.755430304708,-22.435424220904,2634,41,-156
-67.575767247884,-25.938853828972,2626,7,-552
-65.37489480179,-23.693065618672,2681,128,1238
-68.159672182562,-21.986266578844,2691,26,-327
-66.363041614322,-22.615087277728,2673,3,228
-67.980009125738,-27.465989811976,2599,41,-174
-67.306272662648,-25.489696186912,2633,7,-499
-69.327482051918,-27.6456528688,2599,157,154
-68.878324409858,-28.54396815292,2576,83,-203
-65.689305151232,-22.660003041934,2692,5,143
-67.755430304708,-29.172788851804,2695,110,-16
-65.689305151232,-23.872728675496,2659,77,1273
-64.92573715973,-21.35744587996,2726,24,390
-68.96815593827,-25.714275007942,2592,35,-367
-65.195231744966,-21.671856229402,2727,46,1181
-67.39610419106,-24.771043959616,2663,9,-495
-68.249503710974,-27.42107404777,2562,50,-248
-68.429166767798,-27.42107404777,2539,69,-190
-67.890177597326,-21.537108936784,2666,18,-44
-65.15031598076,-23.1540764482,2707,106,2774
-66.363041614322,-21.896435050432,2681,6,1070
-68.563914060416,-25.938853828972,2575,33,-294
-65.734220915438,-24.05239173232,2631,91,2317
-67.216441134236,-24.142223260732,2633,16,-625
-67.39610419106,-22.435424220904,2614,19,-11
-66.857115020588,-26.657506056268,2717,7,-610
-67.84526183312,-21.80660352202,2628,19,31
-68.923240174064,-25.17528583747,2643,12,-444
-69.41731358033,-28.678715445538,2568,89,214
-68.204587946768,-21.716771993608,2717,17,-574
-66.093547029086,-26.253264178414,2667,25,831
-66.946946549,-26.612590292062,2702,6,-460
-65.15031598076,-23.423571033436,2684,92,1814
-66.407957378528,-24.860875488028,2613,19,1013
-66.632536199558,-21.851519286226,2633,14,1835
-68.159672182562,-25.62444347953,2613,12,-429
-69.1927347593,-27.286326755152,2561,106,159
-66.991862313206,-24.007475968114,2663,14,-432
-66.677451963764,-26.792253348886,2673,15,-235
-67.17152537003,-23.468486797642,2641,15,-603
-65.689305151232,-23.019329155582,2662,8,1023
-69.596976637154,-29.262620380216,2529,95,293
-67.261356898442,-27.19649522674,2675,14,470
-68.653745588828,-21.896435050432,2703,14,-722
-66.946946549,-24.72612819541,2695,7,-514
-69.282566287712,-28.409220860302,2614,53,-82
-67.216441134236,-23.333739505024,2626,20,-439
-65.554557858614,-22.300676928286,2713,7,382
-66.093547029086,-24.007475968114,2652,6,565
-69.911386986596,-28.813462738156,2641,198,823
-69.327482051918,-27.241410990946,2603,101,78
-67.755430304708,-25.938853828972,2632,6,-449
-67.800346068914,-23.019329155582,2618,59,-204
-67.665598776296,-23.019329155582,2608,52,-275
-65.82405244385,-22.121013871462,2676,7,597
-65.734220915438,-24.27697055335,2702,106,3042
-67.081693841618,-26.792253348886,2669,10,-174
-68.923240174064,-27.151579462534,2555,89,113
-68.833408645652,-27.19649522674,2561,82,109
-69.327482051918,-25.534611951118,2705,23,-571
-68.96815593827,-26.253264178414,2620,44,-287
-68.833408645652,-25.130370073264,2654,11,-439
-66.49778890694,-22.92949762717,2660,6,672
-68.653745588828,-28.903294266568,2645,73,-452
-66.812199256382,-24.995622780646,2671,9,-219
-69.64189240136,-28.274473567684,2621,118,515
-68.429166767798,-24.771043959616,2620,15,-389
-66.363041614322,-23.872728675496,2655,4,52
-65.734220915438,-23.468486797642,2698,11,641
-66.991862313206,-25.534611951118,2636,10,-556
-66.49778890694,-21.80660352202,2650,10,1419
-65.015568688142,-21.402361644166,2703,29,680
-68.384251003592,-28.229557803478,2658,77,-18
-67.530851483678,-25.220201601676,2645,4,-495
-67.351188426854,-22.390508456698,2645,12,-337
-66.812199256382,-25.62444347953,2647,12,-231
-68.384251003592,-25.489696186912,2617,16,-499
-68.384251003592,-27.465989811976,2568,50,-311
-67.261356898442,-24.27697055335,2655,13,-544
-66.183378557498,-21.671856229402,2712,6,412
-69.057987466682,-25.893938064766,2596,51,-262
-66.857115020588,-26.388011471032,2668,8,-568
-69.102903230888,-28.139726275066,2581,98,140
-68.06984065415,-28.184642039272,2642,23,-375
-68.024924889944,-26.52275876365,2586,13,-324
-65.82405244385,-22.615087277728,2670,4,824
-66.946946549,-24.007475968114,2632,15,-47
-65.59947362282,-22.884581862964,2695,8,491
-68.96815593827,-29.127873087598,2575,78,-355
-68.339335239386,-26.612590292062,2514,45,-179
-67.351188426854,-23.468486797642,2608,27,-324
-65.285063273378,-23.109160683994,2721,59,1898
-67.306272662648,-22.570171513522,2639,13,-454
-69.057987466682,-26.163432650002,2631,42,-347
-66.183378557498,-23.693065618672,2686,2,-649
-67.575767247884,-25.130370073264,2647,4,-493
-68.024924889944,-22.165929635668,2662,39,-36
-67.081693841618,-21.80660352202,2640,13,582
-66.677451963764,-25.354948894294,2648,30,637
-66.452873142734,-24.95070701644,2664,15,249
-68.429166767798,-26.163432650002,2563,37,-210
-66.632536199558,-23.37865526923,2663,4,-578
-67.485935719472,-25.714275007942,2624,11,-450
-66.946946549,-24.007475968114,2632,15,-47
-69.64189240136,-27.690568633006,2620,154,244
-68.204587946768,-22.70491880614,2735,19,-591
-67.755430304708,-23.962560203908,2671,21,-489
-67.665598776296,-25.62444347953,2684,5,-569
-65.285063273378,-22.03118234305,2739,41,2101
-67.890177597326,-28.76854697395,2665,47,-431
-65.105400216554,-23.109160683994,2706,93,1774
-69.462229344536,-27.6456528688,2659,143,-37
-65.958799736468,-24.681212431204,2725,24,595
-65.240147509172,-22.390508456698,2713,75,1585
-69.013071702476,-25.893938064766,2595,45,-96
-65.868968208056,-22.390508456698,2660,5,571
-68.249503710974,-27.19649522674,2584,37,-312
-68.474082532004,-24.456633610174,2650,16,-426
-69.596976637154,-28.31938933189,2593,130,657
-67.980009125738,-27.016832169916,2585,35,-80
-69.507145108742,-27.735484397212,2666,130,-67
-67.126609605824,-24.007475968114,2666,10,-580
-65.419810565996,-23.019329155582,2708,18,1057
-68.29441947518,-27.151579462534,2572,37,-344
-66.452873142734,-26.07360112159,2683,15,743
-68.96815593827,-28.274473567684,2557,89,-24
-66.003715500674,-23.648149854466,2703,2,-680
-69.462229344536,-28.633799681332,2581,98,291
-68.114756418356,-27.6456528688,2635,38,-459
-67.261356898442,-25.579527715324,2656,5,-448
-68.29441947518,-26.388011471032,2563,24,-304
-65.015568688142,-21.267614351548,2746,25,269
-67.306272662648,-25.040538544852,2669,6,-534
-66.677451963764,-24.771043959616,2690,7,-379
-68.788492881446,-27.510905576182,2577,47,-110
-69.013071702476,-26.118516885796,2603,52,-252
-68.653745588828,-24.905791252234,2612,18,-299
-67.216441134236,-22.884581862964,2632,18,-432
-67.306272662648,-23.064244919788,2626,22,-497
-68.51899829621,-26.07360112159,2580,35,-347
-66.452873142734,-25.893938064766,2694,20,909
-66.27321008591,-23.782897147084,2682,2,-375
-67.710514540502,-26.702421820474,2649,10,-597
-68.608829824622,-27.915147454036,2583,63,-292
-68.653745588828,-21.896435050432,2703,14,-722
-67.39610419106,-21.537108936784,2638,10,390
-68.698661353034,-24.411717845968,2667,12,-418
-70.046134279214,-28.409220860302,2643,191,579
-67.441019955266,-23.737981382878,2595,30,-298
-68.159672182562,-25.938853828972,2602,7,-473
-67.485935719472,-22.03118234305,2642,13,-353
-68.563914060416,-26.29817994262,2590,41,-165
-67.261356898442,-22.839666098758,2628,19,-426
-68.788492881446,-24.591380902792,2669,12,-421
-65.37489480179,-22.25576116408,2732,24,1423
-67.84526183312,-24.771043959616,2632,8,-525
-67.39610419106,-25.085454309058,2683,4,-447
-66.902030784794,-22.92949762717,2641,9,141
-68.51899829621,-24.456633610174,2632,17,-346
-69.956302750802,-28.588883917126,2605,298,1143
-67.036778077412,-24.815959723822,2680,7,-557
-67.84526183312,-23.82781291129,2676,41,-313
-68.788492881446,-25.804106536354,2601,41,-291
-67.485935719472,-26.163432650002,2688,4,-722
-67.800346068914,-28.364305096096,2691,25,-576
-66.902030784794,-26.52275876365,2720,5,-707
-65.419810565996,-22.435424220904,2726,18,1210
-68.339335239386,-25.17528583747,2573,18,-275
-67.17152537003,-21.80660352202,2641,15,614
-68.474082532004,-27.915147454036,2586,60,-222
-69.372397816124,-27.600737104594,2606,155,215
-67.890177597326,-24.546465138586,2644,8,-517
-65.958799736468,-22.435424220904,2670,4,219
-66.542704671146,-25.040538544852,2657,20,694
-69.057987466682,-26.52275876365,2608,33,-292
-68.51899829621,-27.690568633006,2563,61,-295
-70.046134279214,-29.172788851804,2567,250,1279
-68.06984065415,-25.3998646585,2632,9,-466
-66.72236772797,-25.759190772148,2651,11,54
-65.779136679644,-22.121013871462,2680,7,594
-66.542704671146,-24.905791252234,2660,17,1077
-68.384251003592,-27.106663698328,2539,57,-179
-66.587620435352,-23.648149854466,2628,7,180
-67.935093361532,-26.97191640571,2623,28,-275
-69.1927347593,-26.612590292062,2590,46,-251
-68.923240174064,-28.274473567684,2579,68,-171
-67.261356898442,-24.50154937438,2626,16,-386
-66.946946549,-22.615087277728,2655,7,-67
-66.857115020588,-23.558318326054,2641,10,-367
-69.731723929772,-29.487199201246,2531,129,555
-68.96815593827,-28.588883917126,2590,50,-296
-67.530851483678,-24.591380902792,2654,5,-578
-68.698661353034,-23.109160683994,2728,9,-598
-67.62068301209,-23.468486797642,2638,25,-405
-68.96815593827,-28.723631209744,2615,44,-395
-66.946946549,-24.905791252234,2673,11,-510
-66.228294321704,-26.028685357384,2690,26,942
-66.946946549,-23.558318326054,2635,12,-349
-66.632536199558,-22.435424220904,2655,5,721
-69.1927347593,-25.220201601676,2640,25,-431
-68.653745588828,-23.064244919788,2722,8,-754
-67.710514540502,-26.118516885796,2595,5,-468
-69.013071702476,-25.579527715324,2611,31,-382
-68.74357711724,-27.286326755152,2584,49,-126
-67.935093361532,-27.016832169916,2625,30,-206
-68.384251003592,-26.388011471032,2556,31,-266
-68.159672182562,-25.983769593178,2592,7,-455
-68.024924889944,-22.165929635668,2662,39,-36
-68.024924889944,-27.600737104594,2612,44,-349
-67.575767247884,-21.537108936784,2658,10,44
-68.788492881446,-25.804106536354,2601,41,-291
-66.228294321704,-23.423571033436,2676,2,-224
-69.102903230888,-27.600737104594,2555,107,163
-65.060484452348,-23.288823740818,2696,119,2544
-65.554557858614,-22.345592692492,2714,7,367
-66.857115020588,-25.130370073264,2674,10,-369
-67.665598776296,-28.948210030774,2709,96,83
-69.013071702476,-26.882084877298,2593,66,-157
-66.767283492176,-22.390508456698,2652,6,401
-67.62068301209,-24.007475968114,2632,26,-450
-67.800346068914,-21.761687757814,2622,19,241
-67.935093361532,-25.62444347953,2571,12,-343
-66.363041614322,-25.085454309058,2691,30,952
-67.261356898442,-23.109160683994,2625,22,-422
-67.485935719472,-21.851519286226,2648,12,-156
-68.878324409858,-21.941350814638,2711,17,-725
-65.734220915438,-23.782897147084,2698,46,1129
-67.980009125738,-24.771043959616,2642,8,-589
-67.441019955266,-22.345592692492,2630,16,-213
-67.890177597326,-24.007475968114,2651,28,-370
-67.17152537003,-23.872728675496,2649,13,-572
-65.689305151232,-24.142223260732,2694,106,2245
-66.003715500674,-21.80660352202,2703,6,1025
-67.351188426854,-25.3998646585,2648,8,-470
-66.228294321704,-21.80660352202,2716,5,519
-68.204587946768,-22.300676928286,2716,27,-439
-66.04863126488,-23.872728675496,2703,4,-116
-69.282566287712,-25.310033130088,2692,22,-449
-69.1927347593,-27.690568633006,2507,140,344
-68.159672182562,-26.567674527856,2610,11,-407
-68.249503710974,-22.345592692492,2711,28,-445
-68.29441947518,-27.690568633006,2597,42,-416
-65.464726330202,-23.468486797642,2709,35,768
-66.857115020588,-22.03118234305,2661,11,522
-67.306272662648,-21.986266578844,2635,18,478
-66.138462793292,-24.72612819541,2674,17,522
-68.74357711724,-28.274473567684,2585,102,-235
-65.779136679644,-24.27697055335,2722,64,2682
-66.946946549,-24.411717845968,2688,12,-408
-65.644389387026,-23.288823740818,2673,8,574
-67.261356898442,-26.163432650002,2679,14,-391
-65.82405244385,-23.468486797642,2701,5,-74
-66.991862313206,-23.917644439702,2645,16,-333
-66.587620435352,-25.579527715324,2680,25,995
-66.49778890694,-25.310033130088,2705,39,1196
-68.563914060416,-21.58202470099,2681,32,-155
-68.51899829621,-22.839666098758,2727,8,-751
-68.833408645652,-21.986266578844,2698,15,-728
-66.677451963764,-22.570171513522,2639,6,828
-65.509642094408,-23.064244919788,2705,10,447
-68.788492881446,-28.184642039272,2550,110,-138
-66.093547029086,-26.07360112159,2712,25,556
-66.407957378528,-23.737981382878,2658,3,-268
-67.39610419106,-24.815959723822,2662,9,-513
-66.138462793292,-22.121013871462,2672,5,1027
-69.507145108742,-29.082957323392,2563,107,188
-66.228294321704,-23.82781291129,2684,2,-443
-67.935093361532,-24.771043959616,2638,8,-561
-65.913883972262,-22.884581862964,2687,4,-66
-67.935093361532,-22.570171513522,2648,50,-123
-67.710514540502,-23.693065618672,2635,49,-2
-66.902030784794,-26.612590292062,2720,5,-705
-65.509642094408,-22.615087277728,2713,13,1274
-67.485935719472,-22.210845399874,2609,18,-29
-65.59947362282,-22.570171513522,2693,8,655
-66.452873142734,-22.25576116408,2676,5,726
-67.755430304708,-23.423571033436,2638,43,-136
-67.081693841618,-26.343095706826,2645,12,-498
-69.057987466682,-25.804106536354,2604,44,-306
-67.84526183312,-26.253264178414,2630,5,-516
-65.105400216554,-22.121013871462,2715,83,1558
-68.698661353034,-25.534611951118,2596,29,-268
-67.84526183312,-22.210845399874,2640,31,-172
-66.767283492176,-24.815959723822,2680,7,-505
-68.204587946768,-26.657506056268,2609,14,-382
-66.407957378528,-23.60323409026,2662,3,-422
-67.710514540502,-26.97191640571,2691,19,-660
-68.429166767798,-25.714275007942,2597,20,-363
-66.183378557498,-22.25576116408,2650,5,1307
-67.980009125738,-26.432927235238,2589,10,-428
-67.530851483678,-25.17528583747,2634,4,-526
-68.339335239386,-27.331242519358,2586,37,-314
-69.282566287712,-26.74733758468,2585,76,-175
-67.081693841618,-22.25576116408,2658,10,91
-67.890177597326,-26.792253348886,2616,17,-521
-68.51899829621,-27.376158283564,2555,64,-128
-68.653745588828,-24.905791252234,2612,18,-299
-67.575767247884,-26.792253348886,2654,11,-634
-67.935093361532,-26.927000641504,2620,25,-391
-67.935093361532,-24.95070701644,2638,6,-445
-65.240147509172,-23.513402561848,2676,112,2099
-67.081693841618,-23.198992212406,2628,18,-236
-68.51899829621,-27.600737104594,2577,52,-210
-69.327482051918,-28.31938933189,2607,72,99
-67.441019955266,-22.749834570346,2603,27,-376
-69.057987466682,-29.487199201246,2607,107,-150
-66.72236772797,-21.716771993608,2684,13,1238
-69.507145108742,-28.139726275066,2568,177,881
-69.552060872948,-26.792253348886,2644,43,-286
-66.677451963764,-22.92949762717,2637,7,589
-66.991862313206,-24.771043959616,2692,6,-527
-67.62068301209,-22.03118234305,2638,18,-243
-68.788492881446,-24.72612819541,2650,13,-393
-69.911386986596,-28.409220860302,2649,179,532
-66.452873142734,-24.456633610174,2647,11,287
-67.261356898442,-26.163432650002,2679,14,-391
-68.878324409858,-28.09481051086,2571,88,-61
-66.228294321704,-22.570171513522,2660,4,1228
-66.228294321704,-24.27697055335,2671,4,-200
-66.767283492176,-25.84902230056,2631,12,261
-67.575767247884,-24.771043959616,2649,4,-553
-68.833408645652,-26.29817994262,2579,61,-84
-68.96815593827,-28.184642039272,2572,77,-64
-67.980009125738,-22.210845399874,2665,43,-6
-66.677451963764,-24.321886317556,2621,11,163
-67.980009125738,-24.681212431204,2622,11,-481
-67.306272662648,-25.579527715324,2657,6,-489
-66.093547029086,-22.48033998511,2673,4,838
-67.351188426854,-21.671856229402,2651,9,-125
-68.923240174064,-26.52275876365,2605,51,-205
-68.339335239386,-27.331242519358,2586,37,-314
-66.72236772797,-23.513402561848,2658,5,-595
-69.462229344536,-28.184642039272,2569,159,799
-67.081693841618,-23.468486797642,2639,13,-560
-66.857115020588,-25.354948894294,2672,13,-259
-67.935093361532,-24.05239173232,2635,27,-347
-69.282566287712,-28.723631209744,2595,70,-109
-65.779136679644,-23.109160683994,2690,7,609
-67.17152537003,-24.905791252234,2674,9,-480
-70.046134279214,-28.813462738156,2610,206,1007
-66.183378557498,-23.198992212406,2668,4,95
-68.384251003592,-27.016832169916,2555,56,-238
-67.530851483678,-24.905791252234,2661,5,-512
-66.902030784794,-25.354948894294,2672,11,-505
-69.1927347593,-27.87023168983,2598,131,135
-66.632536199558,-23.243907976612,2668,4,-431
-69.102903230888,-24.860875488028,2640,7,-490
-67.036778077412,-24.995622780646,2661,12,-544
-67.351188426854,-23.693065618672,2618,28,-423
-65.329979037584,-23.019329155582,2733,37,1424
-68.698661353034,-28.31938933189,2582,118,-277
-67.62068301209,-24.321886317556,2649,9,-537
-67.935093361532,-24.546465138586,2654,8,-590
-69.64189240136,-27.780400161418,2644,155,143
-66.991862313206,-26.29817994262,2623,9,-500
-68.653745588828,-28.274473567684,2594,127,-258
-66.991862313206,-26.118516885796,2612,11,-455
-66.857115020588,-22.210845399874,2660,7,198
-69.147818995094,-25.130370073264,2642,15,-445
-66.72236772797,-25.714275007942,2640,14,395
-67.890177597326,-22.390508456698,2628,49,71
-65.958799736468,-22.660003041934,2672,3,230
-67.036778077412,-21.58202470099,2664,9,204
-66.767283492176,-22.076098107256,2661,8,717
-67.441019955266,-24.771043959616,2662,8,-511
-66.452873142734,-23.288823740818,2656,4,257
-68.563914060416,-26.432927235238,2581,48,-314
-66.857115020588,-24.995622780646,2642,11,-19
-65.868968208056,-23.333739505024,2697,3,-246
-66.632536199558,-25.17528583747,2601,37,715
-69.147818995094,-25.354948894294,2659,30,-428
-68.024924889944,-24.366802081762,2613,21,-394
-66.587620435352,-26.208348414208,2645,14,190
-68.204587946768,-24.815959723822,2628,12,-419
-69.372397816124,-27.600737104594,2606,155,215
-68.249503710974,-21.671856229402,2719,17,-607
-65.105400216554,-23.37865526923,2705,103,2358
-68.29441947518,-26.028685357384,2584,12,-383
-68.608829824622,-21.761687757814,2726,15,-654
-67.575767247884,-24.591380902792,2648,4,-577
-68.159672182562,-26.07360112159,2576,9,-442
-67.980009125738,-26.253264178414,2655,4,-536
-67.84526183312,-28.54396815292,2639,30,-589
-69.821555458184,-29.262620380216,2541,142,718
-68.29441947518,-27.331242519358,2591,37,-309
-66.49778890694,-21.58202470099,2671,10,1677
-67.84526183312,-25.804106536354,2659,4,-563
-66.093547029086,-23.288823740818,2670,4,95
-69.462229344536,-29.038041559186,2558,104,105
-65.37489480179,-22.884581862964,2727,23,765
-69.552060872948,-28.139726275066,2609,155,728
-67.485935719472,-22.03118234305,2642,13,-353
-68.833408645652,-26.163432650002,2564,67,-63
-69.013071702476,-29.621946493864,2556,110,204
-69.013071702476,-28.184642039272,2584,82,12
-68.06984065415,-25.714275007942,2613,8,-352
-65.105400216554,-21.626940465196,2710,52,1383
-67.980009125738,-24.007475968114,2666,30,-244
-67.081693841618,-24.007475968114,2670,10,-574
-68.06984065415,-26.432927235238,2638,7,-472
-67.530851483678,-26.118516885796,2676,4,-669
-67.17152537003,-22.749834570346,2636,11,-421
-66.49778890694,-21.851519286226,2672,8,910
-66.946946549,-25.804106536354,2630,9,-453
-67.575767247884,-26.74733758468,2662,8,-655
-67.935093361532,-22.48033998511,2660,48,-94
-66.49778890694,-24.007475968114,2651,6,33
-66.138462793292,-26.118516885796,2635,30,1243
-67.890177597326,-24.142223260732,2646,22,-386
-68.249503710974,-25.489696186912,2626,17,-339
-68.114756418356,-27.6456528688,2635,38,-459
-69.41731358033,-29.756693786482,2572,184,155
-68.608829824622,-25.3998646585,2576,22,-329
-69.1927347593,-26.343095706826,2634,27,-325
-68.51899829621,-27.331242519358,2519,74,-14
-67.216441134236,-23.60323409026,2628,19,-506
-67.935093361532,-28.858378502362,2730,52,-276
-67.036778077412,-26.97191640571,2645,28,289
-68.96815593827,-28.903294266568,2636,49,-393
-67.126609605824,-25.040538544852,2683,8,-524
-66.183378557498,-24.187139024938,2669,4,-288
-68.698661353034,-25.938853828972,2621,41,-171
-68.024924889944,-27.286326755152,2570,48,-153
-69.462229344536,-28.678715445538,2586,83,143
-67.575767247884,-23.37865526923,2611,25,-493
-68.653745588828,-27.735484397212,2586,53,-279
-69.102903230888,-26.208348414208,2634,34,-342
-68.923240174064,-21.761687757814,2721,18,-768
-67.890177597326,-28.633799681332,2676,31,-580
-67.665598776296,-24.771043959616,2638,5,-541
-68.429166767798,-21.851519286226,2678,31,-57
-66.542704671146,-26.118516885796,2673,13,313
-68.249503710974,-26.477842999444,2599,15,-417
-67.62068301209,-22.210845399874,2624,31,43
-69.057987466682,-27.87023168983,2586,102,102
-66.04863126488,-24.187139024938,2710,4,-226
-69.147818995094,-28.723631209744,2608,43,-235
-68.563914060416,-24.681212431204,2597,22,-341
-67.216441134236,-25.62444347953,2629,8,-430
-66.228294321704,-21.851519286226,2718,4,300
-65.913883972262,-21.941350814638,2690,7,703
-65.195231744966,-22.92949762717,2662,108,2184
-69.372397816124,-29.082957323392,2587,72,-82
-65.419810565996,-22.884581862964,2712,19,983
-67.126609605824,-27.106663698328,2672,22,474
-66.72236772797,-26.253264178414,2637,11,-337
-66.857115020588,-26.343095706826,2648,9,-533
-69.282566287712,-29.038041559186,2601,54,-202
-67.710514540502,-29.038041559186,2664,121,260
-68.114756418356,-27.555821340388,2625,39,-528
-68.608829824622,-28.004978982448,2565,98,36
-66.542704671146,-24.815959723822,2646,15,880
-68.29441947518,-21.716771993608,2689,24,-268
-66.902030784794,-26.343095706826,2657,7,-692
-67.216441134236,-22.25576116408,2617,19,807
-67.935093361532,-27.42107404777,2650,28,-528
-65.82405244385,-24.05239173232,2683,37,1783
-67.800346068914,-26.52275876365,2615,8,-480
-67.216441134236,-26.253264178414,2683,12,-441
-67.530851483678,-25.669359243736,2626,12,-457
-65.060484452348,-22.435424220904,2736,134,1756
-67.39610419106,-21.626940465196,2636,11,302
-67.575767247884,-21.851519286226,2610,19,342
-67.710514540502,-26.432927235238,2656,4,-565
-68.833408645652,-27.106663698328,2540,90,121
-68.384251003592,-27.42107404777,2579,45,-352
-67.710514540502,-24.097307496526,2626,20,-492
-67.530851483678,-23.333739505024,2618,28,-254
-66.49778890694,-22.210845399874,2652,6,1207
-69.731723929772,-28.948210030774,2532,185,989
-65.689305151232,-24.591380902792,2670,80,1987
-67.800346068914,-22.48033998511,2629,44,-109
-66.407957378528,-23.82781291129,2664,3,-201
-66.946946549,-23.917644439702,2640,13,-307
-69.372397816124,-28.229557803478,2560,101,410
-68.249503710974,-22.03118234305,2675,31,-170
-66.857115020588,-25.983769593178,2612,14,78
-68.159672182562,-22.300676928286,2711,29,-374
-67.84526183312,-25.040538544852,2607,7,-423
-68.339335239386,-24.411717845968,2686,13,-355
-67.665598776296,-24.007475968114,2644,21,-505
-66.542704671146,-26.29817994262,2637,16,368
-68.51899829621,-24.456633610174,2632,17,-346
-66.587620435352,-24.321886317556,2637,10,166
-68.024924889944,-24.771043959616,2623,9,-410
-68.653745588828,-27.19649522674,2567,52,-83
-66.767283492176,-25.444780422706,2644,20,219
-69.1927347593,-28.76854697395,2607,48,-249
-65.509642094408,-23.37865526923,2657,23,783
-66.452873142734,-21.671856229402,2660,9,1607
-66.991862313206,-23.468486797642,2647,10,-590
-67.800346068914,-21.626940465196,2660,13,-259
-65.779136679644,-24.007475968114,2681,49,1769
-66.72236772797,-21.716771993608,2684,13,1238
-66.991862313206,-22.210845399874,2654,10,324
-68.878324409858,-28.364305096096,2585,68,-254
-68.114756418356,-21.58202470099,2684,28,57
-65.464726330202,-23.558318326054,2729,52,1047
-66.857115020588,-23.82781291129,2628,12,-148
-67.441019955266,-26.163432650002,2698,5,-685
-66.991862313206,-23.468486797642,2647,10,-590
-67.126609605824,-26.837169113092,2680,9,-138
-68.249503710974,-22.390508456698,2710,28,-459
-68.878324409858,-27.825315925624,2535,102,194
-67.665598776296,-22.435424220904,2630,28,-323
-65.689305151232,-24.27697055335,2639,136,2936
-66.902030784794,-24.456633610174,2639,15,30
-67.890177597326,-24.366802081762,2635,12,-465
-66.452873142734,-26.343095706826,2661,15,613
-67.980009125738,-26.028685357384,2640,4,-469
-68.563914060416,-26.432927235238,2581,48,-314
-66.632536199558,-23.693065618672,2651,6,-277
-67.351188426854,-21.986266578844,2651,13,-215
-68.833408645652,-24.905791252234,2638,13,-411
-66.812199256382,-22.570171513522,2638,7,440
-66.857115020588,-22.300676928286,2657,7,253
-66.767283492176,-26.837169113092,2704,17,-115
-68.114756418356,-27.465989811976,2633,34,-466
-67.84526183312,-24.142223260732,2611,24,-311
-66.72236772797,-24.681212431204,2693,5,-547
-65.958799736468,-23.872728675496,2695,4,93
-66.452873142734,-22.390508456698,2679,4,88
-67.84526183312,-26.477842999444,2592,7,-539
-68.788492881446,-21.58202470099,2683,18,-589
-66.857115020588,-24.142223260732,2674,13,34
-66.27321008591,-24.366802081762,2650,5,-1
-69.552060872948,-28.364305096096,2559,123,735
-66.183378557498,-24.097307496526,2678,4,-309
-68.608829824622,-27.735484397212,2583,52,-266
-67.306272662648,-24.321886317556,2676,12,-566
-66.767283492176,-26.253264178414,2660,9,-575
-67.17152537003,-23.693065618672,2623,20,-521
-68.249503710974,-24.995622780646,2593,12,-424
-67.216441134236,-23.423571033436,2635,18,-541
-66.632536199558,-25.759190772148,2621,22,1077
-68.339335239386,-22.749834570346,2724,9,-670
-69.686808165566,-28.54396815292,2573,183,922
-67.755430304708,-26.837169113092,2638,18,-555
-66.812199256382,-22.300676928286,2647,7,287
-68.339335239386,-21.716771993608,2670,27,-135
-66.632536199558,-26.253264178414,2648,13,50
-67.62068301209,-22.570171513522,2626,32,-336
-68.96815593827,-28.184642039272,2572,77,-64
-68.698661353034,-28.948210030774,2654,59,-438
-67.306272662648,-25.534611951118,2651,6,-383
-68.06984065415,-22.390508456698,2661,39,-128
-69.911386986596,-29.307536144422,2582,137,492
-68.608829824622,-21.896435050432,2725,14,-807
-65.060484452348,-22.210845399874,2736,124,1949
-65.195231744966,-23.1540764482,2688,118,3397
-69.237650523506,-27.016832169916,2556,90,7
-66.677451963764,-25.040538544852,2652,19,337
-66.228294321704,-24.232054789144,2668,4,-284
-67.710514540502,-26.29817994262,2625,4,-625
-66.318125850116,-23.648149854466,2661,3,-149
-68.159672182562,-22.076098107256,2671,36,-66
-68.339335239386,-27.510905576182,2566,49,-337
-68.878324409858,-26.97191640571,2573,91,73
-68.249503710974,-27.061747934122,2552,51,50
-68.114756418356,-25.938853828972,2600,6,-498
-66.27321008591,-24.05239173232,2679,3,-281
-67.126609605824,-21.80660352202,2652,13,448
-66.27321008591,-22.615087277728,2653,5,1322
-65.644389387026,-23.60323409026,2688,31,607
-66.677451963764,-23.109160683994,2669,4,-314
-67.665598776296,-22.794750334552,2641,43,-409
-67.441019955266,-23.782897147084,2623,27,-364
-67.575767247884,-25.220201601676,2648,4,-557
-69.64189240136,-28.049894746654,2627,144,669
-66.49778890694,-25.84902230056,2646,24,1371
-65.509642094408,-22.660003041934,2712,13,1124
-68.74357711724,-27.061747934122,2522,84,171
-67.890177597326,-25.893938064766,2657,3,-593
-69.013071702476,-27.151579462534,2575,84,1
-65.464726330202,-21.941350814638,2755,7,-176
-68.29441947518,-24.771043959616,2664,9,-523
-69.147818995094,-25.84902230056,2629,52,-291
-66.991862313206,-25.62444347953,2617,11,-404
-67.710514540502,-23.82781291129,2637,49,-189
-65.779136679644,-23.648149854466,2707,18,617
-66.587620435352,-26.882084877298,2690,17,48
-65.958799736468,-21.716771993608,2721,5,238
-68.204587946768,-26.163432650002,2572,11,-413
-69.507145108742,-28.09481051086,2558,189,987
-68.74357711724,-26.657506056268,2598,51,-176
-69.237650523506,-29.172788851804,2584,64,-186
-66.632536199558,-22.121013871462,2651,7,1149
-67.126609605824,-26.432927235238,2672,12,-540
-65.913883972262,-21.626940465196,2682,6,572
-66.04863126488,-23.558318326054,2694,2,-511
-67.306272662648,-25.444780422706,2634,8,-396
-68.429166767798,-24.815959723822,2630,14,-435
-67.126609605824,-25.489696186912,2656,8,-529
-66.003715500674,-21.58202470099,2714,5,482
-68.563914060416,-26.882084877298,2598,43,-257
-69.64189240136,-28.76854697395,2550,153,666
-67.441019955266,-21.80660352202,2653,10,-290
-67.17152537003,-22.435424220904,2644,12,200
-65.868968208056,-22.165929635668,2676,6,490
-66.946946549,-22.749834570346,2628,10,434
-68.833408645652,-27.016832169916,2569,87,35
-65.913883972262,-22.48033998511,2665,4,273
-67.84526183312,-28.09481051086,2684,15,-452
-67.126609605824,-24.815959723822,2660,9,-569
-68.339335239386,-26.163432650002,2552,28,-289
-69.327482051918,-28.499052388714,2593,66,22
-69.1927347593,-27.915147454036,2605,125,155
-67.081693841618,-25.130370073264,2672,9,-634
-67.17152537003,-22.749834570346,2636,11,-421
-68.788492881446,-24.860875488028,2635,14,-359
-67.710514540502,-26.567674527856,2657,7,-620
-69.731723929772,-29.262620380216,2569,129,513
-69.507145108742,-29.66686225807,2538,150,325
-67.036778077412,-25.444780422706,2669,7,-551
-67.710514540502,-23.1540764482,2610,51,-133
-67.39610419106,-22.974413391376,2621,25,-500
-68.204587946768,-26.388011471032,2573,20,-308
-68.114756418356,-28.004978982448,2662,29,-242
-66.183378557498,-21.986266578844,2664,7,1309
-66.318125850116,-22.884581862964,2654,5,871
-69.1927347593,-27.061747934122,2581,76,-23
-66.812199256382,-24.05239173232,2678,8,-463
-69.282566287712,-26.52275876365,2622,42,-222
-66.587620435352,-26.163432650002,2642,15,377
-68.429166767798,-26.253264178414,2593,29,-269
-67.530851483678,-22.525255749316,2641,20,-503
-66.407957378528,-22.300676928286,2675,4,389
-66.632536199558,-24.50154937438,2670,7,-568
-68.608829824622,-26.29817994262,2611,43,-253
-65.060484452348,-22.48033998511,2726,150,1945
-69.282566287712,-27.825315925624,2594,156,230
-67.126609605824,-26.837169113092,2680,9,-138
-67.036778077412,-26.792253348886,2682,11,8
-66.318125850116,-25.085454309058,2702,26,970
-66.902030784794,-21.537108936784,2679,11,509
-68.833408645652,-21.671856229402,2689,19,-616
-67.980009125738,-26.74733758468,2571,22,-420
-67.126609605824,-25.893938064766,2610,18,-288
-68.159672182562,-27.690568633006,2653,36,-558
-67.665598776296,-24.95070701644,2647,4,-511
-67.665598776296,-26.74733758468,2653,10,-646
-67.890177597326,-24.72612819541,2635,8,-542
-67.261356898442,-22.076098107256,2647,16,194
-68.024924889944,-24.142223260732,2637,22,-309
-68.788492881446,-28.409220860302,2558,111,-221
-68.29441947518,-26.74733758468,2563,36,-297
-67.306272662648,-25.938853828972,2649,12,-504
-67.665598776296,-26.343095706826,2679,3,-645
-69.057987466682,-28.184642039272,2577,91,101
-66.991862313206,-24.995622780646,2667,13,-431
-67.126609605824,-27.331242519358,2707,21,598
-68.384251003592,-25.983769593178,2601,15,-305
-66.946946549,-26.882084877298,2708,14,-358
-67.17152537003,-24.27697055335,2645,14,-615
-66.767283492176,-24.411717845968,2616,12,-71
-65.060484452348,-21.402361644166,2731,32,729
-66.587620435352,-22.794750334552,2634,7,1173
-67.980009125738,-25.983769593178,2636,4,-537
-67.485935719472,-22.92949762717,2610,32,-414
-66.183378557498,-24.546465138586,2692,7,-185
-67.935093361532,-24.591380902792,2643,9,-568
-66.902030784794,-24.546465138586,2639,13,-151
-66.542704671146,-24.411717845968,2657,8,-237
-68.114756418356,-22.70491880614,2719,36,-513
-66.812199256382,-23.243907976612,2645,10,161
-69.372397816124,-27.960063218242,2622,125,45
-65.913883972262,-22.525255749316,2666,4,204
-68.878324409858,-26.74733758468,2563,75,-50
-66.991862313206,-26.163432650002,2625,10,-532
-67.216441134236,-27.376158283564,2688,18,653
-67.890177597326,-28.139726275066,2643,17,-526
-66.991862313206,-22.70491880614,2632,10,258
-67.351188426854,-22.660003041934,2611,18,-265
-66.318125850116,-21.986266578844,2683,5,1037
-69.013071702476,-29.66686225807,2571,101,113
-66.812199256382,-22.435424220904,2631,8,819
-67.216441134236,-24.905791252234,2641,10,-540
-65.913883972262,-23.019329155582,2692,4,-139
-68.51899829621,-21.941350814638,2719,24,-438
-68.74357711724,-26.253264178414,2592,58,-228
-66.363041614322,-21.80660352202,2695,6,719
-66.857115020588,-21.58202470099,2681,11,705
-68.653745588828,-26.118516885796,2611,33,-340
-69.057987466682,-25.84902230056,2605,48,-317
-67.935093361532,-24.097307496526,2614,25,-310
-67.980009125738,-21.626940465196,2640,23,172
-69.102903230888,-26.432927235238,2618,28,-319
-68.698661353034,-27.600737104594,2573,46,-174
-66.093547029086,-24.591380902792,2647,17,810
-66.767283492176,-23.558318326054,2655,7,-427
-68.159672182562,-26.477842999444,2610,10,-463
-68.06984065415,-25.804106536354,2648,4,-468
-68.474082532004,-27.061747934122,2476,86,52
-68.339335239386,-24.860875488028,2656,9,-484
-69.776639693978,-29.307536144422,2518,174,933
-67.216441134236,-26.07360112159,2637,17,-408
-66.677451963764,-26.07360112159,2626,15,303
-66.632536199558,-24.366802081762,2627,10,-13
-66.946946549,-26.97191640571,2691,20,-115
-69.552060872948,-28.633799681332,2565,126,606
-65.734220915438,-23.288823740818,2666,7,824
-65.509642094408,-22.839666098758,2696,13,879
-69.237650523506,-28.903294266568,2607,53,-211
-66.542704671146,-22.48033998511,2666,4,683
-67.84526183312,-28.499052388714,2660,27,-659
-66.946946549,-25.444780422706,2671,9,-539
-68.833408645652,-25.893938064766,2616,41,-334
-67.126609605824,-23.693065618672,2619,18,-456
-69.776639693978,-29.532114965452,2542,153,675
-66.677451963764,-22.615087277728,2646,7,689
-68.249503710974,-22.390508456698,2710,28,-459
-66.902030784794,-25.310033130088,2670,11,-512
-69.282566287712,-25.669359243736,2702,31,-442
-66.72236772797,-24.771043959616,2675,7,-383
-69.596976637154,-28.813462738156,2588,112,383
-66.677451963764,-25.893938064766,2650,11,252
-66.138462793292,-22.390508456698,2668,4,1074
-68.833408645652,-26.927000641504,2576,80,49
-69.327482051918,-28.09481051086,2577,124,363
-69.057987466682,-26.253264178414,2633,34,-325
-68.788492881446,-25.444780422706,2635,18,-388
-67.755430304708,-22.25576116408,2666,22,-511
-68.159672182562,-22.210845399874,2707,30,-276
-66.138462793292,-26.388011471032,2650,22,820
-68.51899829621,-24.142223260732,2677,6,-565
-67.126609605824,-22.165929635668,2656,12,116
-68.114756418356,-25.983769593178,2597,6,-484
-66.27321008591,-21.537108936784,2682,7,780
-68.833408645652,-22.076098107256,2696,12,-698
-69.596976637154,-27.960063218242,2633,159,509
-68.29441947518,-26.657506056268,2562,36,-219
-67.530851483678,-23.243907976612,2597,33,-399
-70.046134279214,-28.723631209744,2607,241,934
-67.081693841618,-23.917644439702,2659,13,-560
-65.59947362282,-22.076098107256,2711,6,90
-67.17152537003,-23.064244919788,2635,18,-441
-68.563914060416,-25.893938064766,2580,29,-314
-67.306272662648,-23.82781291129,2629,23,-532
-64.92573715973,-21.222698587342,2725,24,140
-68.878324409858,-28.99312579498,2623,85,-304
-69.372397816124,-27.6456528688,2613,159,158
-67.62068301209,-24.097307496526,2664,14,-583
-69.596976637154,-28.633799681332,2585,119,447
-66.946946549,-26.702421820474,2706,7,-314
-68.06984065415,-24.860875488028,2632,9,-523
-65.105400216554,-22.25576116408,2702,122,1869
-67.306272662648,-24.366802081762,2681,12,-545
-66.812199256382,-22.121013871462,2644,11,1128
-66.632536199558,-25.669359243736,2620,24,1231
-68.563914060416,-26.028685357384,2557,44,-167
-68.563914060416,-28.184642039272,2642,90,-379
-66.857115020588,-22.25576116408,2655,7,336
-67.710514540502,-22.570171513522,2642,35,-384
-66.767283492176,-24.232054789144,2635,16,679
-67.306272662648,-26.567674527856,2713,8,-713
-66.04863126488,-24.591380902792,2717,13,345
-68.788492881446,-27.735484397212,2495,112,196
-68.114756418356,-25.62444347953,2623,10,-313
-65.285063273378,-23.198992212406,2735,53,1664
-67.081693841618,-26.208348414208,2642,12,-513
-68.024924889944,-27.241410990946,2574,45,-211
-68.653745588828,-26.118516885796,2611,33,-340
-67.17152537003,-22.525255749316,2639,14,153
-68.698661353034,-22.076098107256,2702,11,-725
-67.755430304708,-25.893938064766,2632,7,-517
-69.821555458184,-28.903294266568,2614,150,648
-68.96815593827,-28.678715445538,2609,44,-352
-68.833408645652,-28.364305096096,2580,81,-261
-67.216441134236,-26.388011471032,2683,12,-375
-68.114756418356,-22.25576116408,2704,32,-278
-66.228294321704,-22.660003041934,2663,4,1025
-67.575767247884,-25.220201601676,2648,4,-557
-67.441019955266,-22.884581862964,2616,25,-508
-65.419810565996,-22.25576116408,2730,15,1153
-69.102903230888,-27.19649522674,2584,69,-102
-66.49778890694,-21.851519286226,2672,8,910
-66.587620435352,-22.390508456698,2662,5,637
-68.114756418356,-24.50154937438,2630,19,-346
-69.372397816124,-29.262620380216,2592,60,-156
-67.710514540502,-26.74733758468,2642,12,-611
-69.013071702476,-25.17528583747,2635,15,-426
-67.081693841618,-21.716771993608,2658,11,351
-69.821555458184,-28.903294266568,2614,150,648
-65.060484452348,-21.492193172578,2716,39,1063
-66.093547029086,-23.737981382878,2698,2,-629
-68.429166767798,-24.05239173232,2685,9,-485
-66.183378557498,-21.671856229402,2712,6,412
-67.62068301209,-22.076098107256,2639,19,-284
-68.563914060416,-24.456633610174,2659,16,-358
-66.49778890694,-25.983769593178,2647,17,984
-67.485935719472,-27.016832169916,2630,13,-315
-67.485935719472,-22.92949762717,2610,32,-414
-69.372397816124,-27.735484397212,2573,187,248
-65.958799736468,-22.660003041934,2672,3,230
-67.126609605824,-24.591380902792,2685,7,-585
-67.39610419106,-26.612590292062,2710,6,-721
-68.249503710974,-24.995622780646,2593,12,-424
-69.102903230888,-28.454136624508,2605,61,-205
-67.306272662648,-22.300676928286,2657,12,-388
-65.015568688142,-21.851519286226,2690,59,1151
-67.441019955266,-22.884581862964,2616,25,-508
-69.507145108742,-26.52275876365,2670,31,-205
-67.216441134236,-26.432927235238,2699,11,-520
-68.06984065415,-24.366802081762,2604,23,-255
-65.464726330202,-22.974413391376,2715,12,481
-69.372397816124,-26.612590292062,2617,61,-77
-66.632536199558,-26.028685357384,2643,14,352
-69.057987466682,-28.903294266568,2581,71,-222
-68.384251003592,-26.882084877298,2589,42,-260
-66.183378557498,-22.121013871462,2663,6,1249
-67.62068301209,-21.537108936784,2659,11,91
-68.204587946768,-22.390508456698,2704,30,-395
-69.057987466682,-27.376158283564,2564,93,106
-68.878324409858,-27.376158283564,2529,76,115
-68.74357711724,-25.310033130088,2628,21,-253
-68.788492881446,-26.432927235238,2595,66,-163
-67.530851483678,-24.456633610174,2656,5,-628
-68.429166767798,-26.567674527856,2585,36,-288
-68.159672182562,-22.25576116408,2715,29,-366
-66.138462793292,-22.48033998511,2673,4,1012
-68.878324409858,-26.388011471032,2578,58,-162
-66.27321008591,-24.995622780646,2697,23,1214
-68.114756418356,-24.815959723822,2599,13,-443
-67.036778077412,-22.25576116408,2650,10,275
-68.96815593827,-26.792253348886,2579,74,-87
-66.902030784794,-23.60323409026,2643,9,-513
-66.228294321704,-23.693065618672,2683,2,-625
-66.812199256382,-22.570171513522,2638,7,440
-70.180881571832,-28.633799681332,2669,178,549
-67.890177597326,-28.09481051086,2636,17,-469
-68.06984065415,-24.860875488028,2632,9,-523
-66.49778890694,-26.52275876365,2627,14,333
-68.114756418356,-24.636296666998,2625,13,-401
-66.632536199558,-21.986266578844,2666,8,906
-68.698661353034,-26.432927235238,2586,66,-224
-68.96815593827,-27.061747934122,2589,80,-34
-67.935093361532,-27.106663698328,2610,32,-88
-67.441019955266,-22.839666098758,2624,22,-515
-65.779136679644,-22.03118234305,2680,7,506
-67.39610419106,-25.3998646585,2659,7,-511
-67.216441134236,-23.962560203908,2646,14,-635
-66.991862313206,-24.187139024938,2690,9,-541
-68.024924889944,-26.837169113092,2578,26,-395
-66.49778890694,-21.941350814638,2684,6,402
-66.857115020588,-26.343095706826,2648,9,-533
-68.833408645652,-28.31938933189,2587,71,-283
-67.485935719472,-27.151579462534,2698,11,-299
-67.665598776296,-25.265117365882,2614,6,-474
-67.575767247884,-21.761687757814,2626,15,254
-67.17152537003,-22.300676928286,2632,17,625
-68.474082532004,-24.905791252234,2601,15,-347
-65.59947362282,-22.570171513522,2693,8,655
-67.800346068914,-24.27697055335,2562,20,-346
-66.902030784794,-22.974413391376,2625,11,439
-68.96815593827,-28.76854697395,2607,58,-391
-68.833408645652,-28.364305096096,2580,81,-261
-69.282566287712,-25.220201601676,2662,23,-473
-69.41731358033,-27.960063218242,2623,129,118
-67.890177597326,-24.591380902792,2634,8,-508
-68.339335239386,-26.567674527856,2548,30,-303
-66.587620435352,-26.612590292062,2660,12,332
-69.327482051918,-28.948210030774,2592,65,-102
-69.327482051918,-28.004978982448,2623,111,69
-68.788492881446,-25.714275007942,2601,38,-285
-68.29441947518,-26.612590292062,2569,29,-307
-65.240147509172,-22.25576116408,2701,75,1726
-68.29441947518,-24.905791252234,2631,9,-463
-68.474082532004,-27.286326755152,2530,74,-92
-68.96815593827,-26.208348414208,2629,45,-303
-68.159672182562,-25.62444347953,2613,12,-429
-68.608829824622,-27.87023168983,2579,67,-244
-64.92573715973,-21.312530115754,2734,24,321
-67.890177597326,-22.076098107256,2655,29,-202
-66.587620435352,-21.537108936784,2691,11,1196
-67.755430304708,-25.354948894294,2624,6,-497
-65.913883972262,-24.546465138586,2712,18,1201
-66.183378557498,-23.019329155582,2648,5,562
-68.878324409858,-25.3998646585,2594,24,-122
-66.093547029086,-22.615087277728,2672,4,686
-65.285063273378,-23.288823740818,2730,65,1797
-67.575767247884,-22.525255749316,2644,22,-516
-67.890177597326,-28.184642039272,2660,15,-493
-68.06984065415,-26.567674527856,2628,9,-413
-66.27321008591,-24.591380902792,2644,8,535
-66.452873142734,-26.343095706826,2661,15,613
-66.991862313206,-25.983769593178,2605,12,-346
-65.868968208056,-21.626940465196,2696,7,968
-67.935093361532,-22.435424220904,2638,50,49
-65.689305151232,-22.794750334552,2693,6,545
-66.902030784794,-26.388011471032,2672,7,-697
-68.429166767798,-26.29817994262,2590,31,-326
-69.282566287712,-27.151579462534,2591,95,30
-66.677451963764,-25.310033130088,2663,23,107
-66.677451963764,-25.579527715324,2671,18,640
-67.62068301209,-26.837169113092,2655,15,-527
-68.339335239386,-27.780400161418,2572,57,-132
-69.057987466682,-27.286326755152,2565,77,5
-68.429166767798,-27.960063218242,2600,70,-115
-67.935093361532,-22.749834570346,2651,55,-203
-68.024924889944,-22.121013871462,2677,33,-202
-66.946946549,-24.097307496526,2663,12,-393
-66.767283492176,-26.74733758468,2694,16,123
-66.542704671146,-22.660003041934,2649,7,1103
-65.37489480179,-22.660003041934,2689,30,1239
-67.755430304708,-23.648149854466,2655,47,-287
-66.228294321704,-23.064244919788,2666,4,80
-68.96815593827,-25.17528583747,2639,13,-438
-68.384251003592,-26.29817994262,2587,24,-330
-68.384251003592,-25.983769593178,2601,15,-305
-66.407957378528,-22.884581862964,2645,6,1148
-69.282566287712,-28.229557803478,2616,73,-10
-67.351188426854,-25.130370073264,2626,7,-557
-66.946946549,-24.860875488028,2681,9,-483
-68.29441947518,-22.525255749316,2699,25,-580
-67.575767247884,-25.804106536354,2585,12,-398
-68.024924889944,-25.714275007942,2599,8,-455
-68.114756418356,-27.600737104594,2621,41,-485
-65.644389387026,-24.591380902792,2711,101,2930
-69.731723929772,-29.487199201246,2531,129,555
-67.036778077412,-23.423571033436,2647,12,-585
-67.575767247884,-25.220201601676,2648,4,-557
-67.530851483678,-22.345592692492,2610,24,-53
-67.036778077412,-25.310033130088,2662,8,-589
-65.285063273378,-22.121013871462,2733,51,2140
-68.204587946768,-24.995622780646,2624,10,-442
-66.632536199558,-22.92949762717,2639,8,854
-69.821555458184,-29.262620380216,2541,142,718
-68.474082532004,-24.456633610174,2650,16,-426
-66.677451963764,-26.477842999444,2692,14,-2
-67.441019955266,-25.804106536354,2658,6,-590
-67.890177597326,-21.626940465196,2643,20,160
-67.351188426854,-25.579527715324,2639,9,-540
-66.767283492176,-24.097307496526,2680,10,-186
-66.542704671146,-25.84902230056,2630,22,1290
-67.036778077412,-24.681212431204,2692,7,-573
-67.39610419106,-24.681212431204,2668,9,-500
-67.126609605824,-25.444780422706,2662,7,-543
-67.17152537003,-25.130370073264,2670,7,-569
-69.102903230888,-26.388011471032,2623,29,-309
-70.001218515008,-29.307536144422,2521,244,1280
-67.62068301209,-21.626940465196,2651,13,112
-67.62068301209,-21.80660352202,2607,18,384
-68.06984065415,-24.007475968114,2698,18,-374
-69.41731358033,-27.960063218242,2623,129,118
-67.710514540502,-25.17528583747,2643,4,-486
-69.552060872948,-29.397367672834,2536,99,233
-67.890177597326,-22.03118234305,2654,26,-223
-68.833408645652,-25.265117365882,2650,13,-412
-69.237650523506,-25.265117365882,2647,26,-422
-67.216441134236,-24.815959723822,2657,9,-595
-65.779136679644,-23.60323409026,2707,14,494
-68.96815593827,-27.960063218242,2549,101,214
-65.779136679644,-24.456633610174,2726,70,2636
-68.06984065415,-22.165929635668,2650,41,44
-66.812199256382,-23.60323409026,2650,8,-365
-67.261356898442,-23.423571033436,2625,26,-382
-68.204587946768,-21.761687757814,2679,25,-227
-67.800346068914,-23.019329155582,2618,59,-204
-69.372397816124,-28.903294266568,2539,96,152
-68.474082532004,-27.19649522674,2505,78,-24
-66.27321008591,-23.782897147084,2682,2,-375
-66.587620435352,-21.80660352202,2643,14,2140
-68.698661353034,-28.948210030774,2654,59,-438
-68.878324409858,-26.792253348886,2531,86,84
-66.093547029086,-21.671856229402,2693,8,1309
-68.833408645652,-22.076098107256,2696,12,-698
-66.003715500674,-22.570171513522,2670,3,383
-65.958799736468,-22.345592692492,2674,4,266
-68.06984065415,-27.151579462534,2607,25,-481
-69.686808165566,-29.577030729658,2538,118,491
-68.429166767798,-22.70491880614,2717,11,-620
-67.081693841618,-25.983769593178,2605,15,-198
-69.013071702476,-27.555821340388,2564,80,41
-67.755430304708,-25.983769593178,2638,5,-447
-65.779136679644,-22.25576116408,2666,8,740
-66.72236772797,-22.345592692492,2654,6,387
-65.913883972262,-24.27697055335,2721,8,602
-69.507145108742,-27.6456528688,2667,134,-41
-69.057987466682,-28.903294266568,2581,71,-222
-66.677451963764,-26.253264178414,2658,12,-197
-66.093547029086,-23.558318326054,2690,2,-557
-66.228294321704,-22.974413391376,2656,4,610
-68.429166767798,-26.882084877298,2601,36,-304
-68.339335239386,-26.74733758468,2564,44,-252
-65.82405244385,-24.142223260732,2704,34,1438
-68.608829824622,-27.780400161418,2535,76,-186
-69.013071702476,-27.286326755152,2589,62,-89
-67.890177597326,-28.633799681332,2676,31,-580
-68.608829824622,-25.444780422706,2565,22,-290
-68.833408645652,-28.049894746654,2539,110,16
-68.024924889944,-22.615087277728,2665,44,-240
-67.755430304708,-26.792253348886,2611,21,-529
-65.734220915438,-23.019329155582,2684,7,764
-68.159672182562,-27.735484397212,2651,37,-514
-66.183378557498,-24.232054789144,2673,4,-324
-66.946946549,-21.626940465196,2671,12,806
-67.62068301209,-22.70491880614,2614,42,-194
-67.890177597326,-22.48033998511,2651,50,-57
-65.644389387026,-22.70491880614,2698,7,444
-68.159672182562,-24.50154937438,2650,16,-339
-65.734220915438,-24.007475968114,2644,76,1873
-69.41731358033,-26.702421820474,2611,62,-215
-68.51899829621,-28.049894746654,2635,59,-400
-67.261356898442,-27.510905576182,2668,15,120
-66.632536199558,-25.804106536354,2624,20,978
-67.530851483678,-24.815959723822,2657,5,-541
-68.96815593827,-25.040538544852,2646,9,-462
-69.41731358033,-28.858378502362,2583,78,37
-69.147818995094,-27.780400161418,2560,125,202
-69.776639693978,-29.307536144422,2518,174,933
-67.800346068914,-24.591380902792,2611,11,-462
-68.608829824622,-26.837169113092,2564,64,-2
-66.407957378528,-24.097307496526,2641,6,154
-67.530851483678,-25.220201601676,2645,4,-495
-67.441019955266,-22.525255749316,2632,20,-402
-67.575767247884,-23.37865526923,2611,25,-493
-67.036778077412,-26.792253348886,2682,11,8
-67.081693841618,-24.321886317556,2693,7,-614
-67.665598776296,-26.118516885796,2616,5,-681
-68.114756418356,-26.07360112159,2590,7,-431
-67.081693841618,-22.390508456698,2651,8,-31
-66.587620435352,-22.210845399874,2640,8,1471
-67.441019955266,-23.019329155582,2596,32,-391
-67.890177597326,-28.858378502362,2690,73,-3
-67.800346068914,-24.097307496526,2648,24,-419
-66.093547029086,-26.388011471032,2678,22,681
-68.788492881446,-21.671856229402,2693,16,-657
-67.665598776296,-25.354948894294,2582,8,-297
-66.27321008591,-24.187139024938,2674,4,-311
-66.003715500674,-22.300676928286,2675,5,464
-68.878324409858,-26.477842999444,2597,58,-159
-67.216441134236,-25.130370073264,2635,7,-582
-66.677451963764,-24.05239173232,2652,13,199
-66.138462793292,-24.456633610174,2637,9,337
-68.474082532004,-25.220201601676,2589,16,-337
-66.587620435352,-23.019329155582,2658,6,253
-68.474082532004,-26.567674527856,2548,49,-215
-66.318125850116,-25.040538544852,2649,31,1311
-69.776639693978,-28.409220860302,2656,164,643
-66.857115020588,-26.477842999444,2714,6,-577
-66.228294321704,-26.208348414208,2647,24,1268
-66.72236772797,-25.62444347953,2644,19,654
-68.788492881446,-25.938853828972,2603,50,-220
-66.857115020588,-25.354948894294,2672,13,-259
-66.27321008591,-26.118516885796,2675,19,888
-69.057987466682,-26.432927235238,2617,31,-296
-68.384251003592,-24.007475968114,2692,8,-494
-67.530851483678,-23.019329155582,2596,43,-312
-66.093547029086,-23.243907976612,2659,5,386
-66.946946549,-22.25576116408,2653,9,395
-68.384251003592,-26.028685357384,2593,16,-448
-67.39610419106,-25.579527715324,2631,12,-370
-67.036778077412,-26.927000641504,2642,25,383
-66.767283492176,-22.165929635668,2648,9,763
-68.204587946768,-25.534611951118,2607,17,-405
-67.126609605824,-23.917644439702,2660,11,-579
-68.339335239386,-27.780400161418,2572,57,-132
-69.013071702476,-25.938853828972,2622,40,-346
-68.06984065415,-26.702421820474,2535,28,-309
-69.327482051918,-26.702421820474,2613,68,-163
-66.72236772797,-24.05239173232,2674,11,-151
-67.351188426854,-27.690568633006,2695,14,-323
-67.62068301209,-21.58202470099,2656,11,50
-66.093547029086,-21.80660352202,2690,7,1257
-67.710514540502,-23.468486797642,2651,38,-316
-68.833408645652,-27.825315925624,2537,94,96
-65.195231744966,-21.896435050432,2722,56,1885
-68.608829824622,-28.364305096096,2618,143,-49
-69.372397816124,-25.983769593178,2687,34,-377
-68.608829824622,-27.735484397212,2583,52,-266
-70.09105004342,-29.127873087598,2599,218,871
-69.147818995094,-27.241410990946,2558,93,42
-69.013071702476,-25.759190772148,2597,38,-320
-67.39610419106,-25.3998646585,2659,7,-511
-69.102903230888,-28.139726275066,2581,98,140
-67.84526183312,-22.70491880614,2634,55,-140
-66.407957378528,-24.771043959616,2584,16,1104
-67.261356898442,-25.17528583747,2631,7,-539
-66.587620435352,-25.759190772148,2671,19,937
-66.677451963764,-23.917644439702,2658,11,-6
-69.147818995094,-28.858378502362,2627,38,-330
-68.923240174064,-28.364305096096,2575,78,-128
-68.788492881446,-26.927000641504,2587,68,-69
-67.485935719472,-23.782897147084,2615,31,-358
-66.542704671146,-22.974413391376,2660,6,461
-68.384251003592,-25.265117365882,2615,12,-392
-68.833408645652,-27.106663698328,2540,90,121
-66.093547029086,-26.208348414208,2657,25,856
-68.024924889944,-26.927000641504,2601,23,-453
-69.102903230888,-28.678715445538,2592,53,-191
-67.306272662648,-21.851519286226,2645,15,230
-66.946946549,-23.513402561848,2645,9,-567
-67.665598776296,-22.121013871462,2641,24,-160
-67.980009125738,-26.567674527856,2570,13,-370
-66.946946549,-21.986266578844,2644,13,727
-68.339335239386,-24.05239173232,2697,8,-492
-69.237650523506,-28.454136624508,2598,64,5
-65.644389387026,-23.60323409026,2688,31,607
-68.788492881446,-28.184642039272,2550,110,-138
-66.857115020588,-22.345592692492,2655,7,292
-68.429166767798,-25.983769593178,2576,18,-330
-68.788492881446,-26.74733758468,2586,58,-173
-68.474082532004,-25.085454309058,2613,14,-365
-67.306272662648,-25.714275007942,2606,11,-434
-67.890177597326,-28.723631209744,2685,37,-553
-68.96815593827,-21.851519286226,2730,16,-764
-67.890177597326,-28.09481051086,2636,17,-469
-68.114756418356,-26.612590292062,2553,17,-414
-68.29441947518,-26.74733758468,2563,36,-297
-69.013071702476,-24.860875488028,2668,4,-548
-65.734220915438,-23.019329155582,2684,7,764
-68.024924889944,-26.612590292062,2598,11,-443
-68.29441947518,-22.03118234305,2696,29,-290
-66.452873142734,-23.558318326054,2664,3,-269
-65.59947362282,-21.941350814638,2709,7,286
-67.081693841618,-25.84902230056,2589,18,-108
-68.51899829621,-25.938853828972,2600,22,-335
-69.282566287712,-25.3998646585,2702,23,-506
-68.429166767798,-25.354948894294,2593,17,-328
-68.563914060416,-24.905791252234,2597,17,-265
-65.285063273378,-22.570171513522,2732,53,1498
-65.734220915438,-21.626940465196,2701,6,350
-66.407957378528,-23.737981382878,2658,3,-268
-69.731723929772,-28.633799681332,2554,197,1091
-68.788492881446,-27.510905576182,2577,47,-110
-69.41731358033,-27.151579462534,2644,79,-115
-65.37489480179,-22.974413391376,2726,24,1095
-65.105400216554,-22.390508456698,2729,118,1912
-67.485935719472,-25.220201601676,2676,4,-580
-69.507145108742,-28.09481051086,2558,189,987
-66.767283492176,-25.759190772148,2646,11,151
-65.464726330202,-23.693065618672,2761,73,662
-68.339335239386,-24.636296666998,2619,18,-217
-69.057987466682,-25.085454309058,2644,10,-467
-67.351188426854,-23.064244919788,2622,26,-490
-67.710514540502,-26.927000641504,2674,19,-538
-69.013071702476,-26.702421820474,2593,47,-216
-65.509642094408,-22.390508456698,2718,10,731
-67.575767247884,-21.941350814638,2637,15,-261
-68.429166767798,-22.525255749316,2714,16,-561
-66.632536199558,-25.17528583747,2601,37,715
-66.183378557498,-24.05239173232,2680,4,-292
-66.003715500674,-24.366802081762,2733,5,-270
-65.105400216554,-21.761687757814,2717,53,1303
-66.767283492176,-25.938853828972,2629,11,126
-68.06984065415,-26.432927235238,2638,7,-472
-66.318125850116,-24.366802081762,2662,5,-97
-66.27321008591,-21.671856229402,2689,8,1440
-69.057987466682,-29.66686225807,2637,96,-173
-67.935093361532,-23.962560203908,2679,31,-263
-65.734220915438,-24.232054789144,2691,105,2807
-67.84526183312,-23.1540764482,2681,43,-403
-65.59947362282,-22.165929635668,2711,6,16
-69.552060872948,-29.621946493864,2567,96,131
-65.37489480179,-22.615087277728,2695,31,1338
-66.27321008591,-24.995622780646,2697,23,1214
-68.608829824622,-28.409220860302,2636,115,-248
-65.509642094408,-23.60323409026,2706,58,1055
-67.84526183312,-24.72612819541,2632,8,-531
-68.788492881446,-28.633799681332,2644,73,-472
-66.946946549,-23.109160683994,2651,9,-510
-65.105400216554,-23.1540764482,2706,88,1825
-66.677451963764,-25.983769593178,2649,11,88
-65.644389387026,-22.884581862964,2696,7,681
-66.587620435352,-23.198992212406,2669,4,-284
-67.935093361532,-22.70491880614,2643,54,-192
-68.024924889944,-22.390508456698,2668,43,-96
-68.024924889944,-21.896435050432,2664,23,-240
-69.237650523506,-28.76854697395,2600,59,-167
-68.74357711724,-27.42107404777,2568,52,-141
-67.126609605824,-21.851519286226,2655,11,171
-67.755430304708,-26.118516885796,2598,5,-402
-67.39610419106,-26.702421820474,2671,7,-733
-67.665598776296,-24.456633610174,2632,7,-531
-69.057987466682,-28.948210030774,2583,77,-244
-66.27321008591,-21.941350814638,2709,4,144
-67.890177597326,-26.208348414208,2617,6,-526
-68.788492881446,-26.74733758468,2586,58,-173
-68.653745588828,-24.681212431204,2625,19,-318
-68.878324409858,-25.444780422706,2608,22,-436
-67.890177597326,-26.208348414208,2617,6,-526
-66.363041614322,-21.896435050432,2681,6,1070
-68.024924889944,-24.321886317556,2625,20,-394
-66.49778890694,-26.702421820474,2676,14,411
-66.587620435352,-22.570171513522,2638,7,1310
-67.485935719472,-25.893938064766,2678,4,-601
-67.980009125738,-25.893938064766,2616,5,-439
-65.554557858614,-23.558318326054,2665,42,800
-65.734220915438,-24.366802081762,2706,109,3098
-65.82405244385,-23.693065618672,2716,12,331
-66.677451963764,-23.288823740818,2665,4,-463
-65.644389387026,-23.60323409026,2688,31,607
-66.632536199558,-23.782897147084,2632,8,29
-66.632536199558,-22.839666098758,2601,9,1439
-67.935093361532,-24.187139024938,2635,17,-261
-66.991862313206,-24.05239173232,2679,11,-531
-68.159672182562,-24.995622780646,2646,8,-472
-67.800346068914,-24.321886317556,2610,16,-213
-69.147818995094,-25.804106536354,2626,50,-334
-69.372397816124,-26.29817994262,2658,29,-265
-67.17152537003,-26.07360112159,2611,18,-280
-67.261356898442,-25.3998646585,2618,8,-541
-65.644389387026,-22.48033998511,2699,5,-84
-68.563914060416,-24.321886317556,2632,13,-343
-66.812199256382,-26.343095706826,2666,10,-472
-65.554557858614,-22.25576116408,2710,6,295
-68.06984065415,-24.366802081762,2604,23,-255
-67.351188426854,-22.660003041934,2611,18,-265
-67.17152537003,-22.390508456698,2649,13,118
-67.441019955266,-24.456633610174,2666,7,-591
-70.001218515008,-29.127873087598,2580,244,1247
-66.407957378528,-26.52275876365,2677,13,667
-66.72236772797,-26.567674527856,2676,14,143
-69.372397816124,-27.780400161418,2572,194,378
-68.024924889944,-25.354948894294,2628,8,-465
-69.731723929772,-29.352451908628,2558,147,633
-66.363041614322,-23.468486797642,2660,2,-367
-67.575767247884,-25.220201601676,2648,4,-557
-66.407957378528,-22.839666098758,2654,5,858
-67.800346068914,-25.804106536354,2665,4,-585
-66.542704671146,-23.782897147084,2657,5,-91
-66.812199256382,-21.761687757814,2665,11,1195
-66.093547029086,-22.210845399874,2658,5,1119
-69.237650523506,-24.995622780646,2684,13,-481
-67.39610419106,-26.163432650002,2703,6,-597
-66.093547029086,-26.163432650002,2672,26,846
-66.452873142734,-26.567674527856,2626,15,690
-65.734220915438,-24.097307496526,2641,97,2371
-69.507145108742,-28.229557803478,2599,119,515
-69.41731358033,-26.657506056268,2644,57,-128
-65.464726330202,-23.019329155582,2700,14,896
-68.788492881446,-25.84902230056,2606,41,-312
-69.776639693978,-28.858378502362,2601,187,883
-67.755430304708,-25.84902230056,2662,5,-543
-65.644389387026,-22.076098107256,2701,6,213
-65.419810565996,-23.37865526923,2717,29,910
-66.767283492176,-23.288823740818,2659,6,-334
-66.363041614322,-22.974413391376,2665,5,569
-69.552060872948,-28.274473567684,2563,142,844
-67.980009125738,-24.50154937438,2656,9,-580
-68.51899829621,-27.42107404777,2554,66,-159
-67.710514540502,-25.444780422706,2628,6,-492
-69.102903230888,-24.681212431204,2671,3,-600
-66.04863126488,-23.782897147084,2705,2,-644
-65.464726330202,-21.941350814638,2755,7,-176
-69.686808165566,-28.454136624508,2564,179,1075
-66.407957378528,-24.95070701644,2619,25,892
-64.970652923936,-23.37865526923,2723,120,2740
-66.093547029086,-24.366802081762,2701,5,-77
-65.015568688142,-21.537108936784,2705,35,782
-67.665598776296,-21.716771993608,2626,16,209
-67.980009125738,-27.376158283564,2604,43,-111
-67.800346068914,-23.243907976612,2677,42,-332
-69.327482051918,-29.21770461601,2583,59,-153
-65.419810565996,-21.986266578844,2733,11,409
-69.64189240136,-28.633799681332,2593,123,436
-66.946946549,-25.534611951118,2663,9,-592
-65.779136679644,-23.198992212406,2662,7,842
-68.923240174064,-26.74733758468,2585,67,-115
-65.82405244385,-23.737981382878,2718,14,379
-67.575767247884,-26.028685357384,2660,5,-625
-67.216441134236,-21.671856229402,2651,9,-21
-67.890177597326,-22.345592692492,2627,43,-22
-67.530851483678,-26.29817994262,2698,3,-709
-68.788492881446,-28.588883917126,2630,82,-573
-68.114756418356,-27.151579462534,2598,28,-315
-66.991862313206,-24.187139024938,2690,9,-541
-67.036778077412,-26.388011471032,2571,11,-417
-66.587620435352,-23.1540764482,2671,4,-282
-68.159672182562,-27.19649522674,2572,35,-84
-67.84526183312,-26.567674527856,2582,11,-462
-65.105400216554,-21.671856229402,2703,56,1564
-68.788492881446,-26.52275876365,2603,58,-208
-66.318125850116,-25.085454309058,2702,26,970
-67.665598776296,-26.208348414208,2645,4,-597
-68.204587946768,-24.456633610174,2685,15,-369
-66.72236772797,-24.771043959616,2675,7,-383
-67.081693841618,-23.782897147084,2632,16,-516
-68.249503710974,-25.669359243736,2577,16,-332
-68.339335239386,-21.761687757814,2707,24,-379
-66.812199256382,-22.92949762717,2629,7,150
-67.84526183312,-23.872728675496,2673,40,-343
-69.507145108742,-27.465989811976,2597,131,113
-66.093547029086,-21.716771993608,2693,7,1045
-67.036778077412,-25.893938064766,2614,14,-275
-69.013071702476,-28.049894746654,2554,102,161
-68.608829824622,-24.366802081762,2654,14,-349
-66.946946549,-21.986266578844,2644,13,727
-68.653745588828,-24.681212431204,2625,19,-318
-67.710514540502,-22.92949762717,2614,57,-161
-68.339335239386,-24.72612819541,2665,11,-402
-65.285063273378,-23.60323409026,2637,135,1985
-68.429166767798,-22.70491880614,2717,11,-620
-66.902030784794,-22.570171513522,2656,6,-83
-66.677451963764,-22.48033998511,2652,6,829
-66.49778890694,-25.265117365882,2691,37,967
-67.710514540502,-24.546465138586,2637,6,-553
-68.204587946768,-27.376158283564,2623,33,-452
-67.216441134236,-22.076098107256,2644,16,391
-66.902030784794,-25.3998646585,2672,11,-479
-68.563914060416,-28.31938933189,2654,97,-358
-69.013071702476,-29.801609550688,2621,93,50
-66.72236772797,-24.456633610174,2677,8,-522
-65.958799736468,-22.121013871462,2683,6,488
-67.755430304708,-24.27697055335,2597,20,-395
-67.081693841618,-25.714275007942,2629,13,-475
-67.036778077412,-26.927000641504,2642,25,383
-68.339335239386,-26.388011471032,2561,26,-315
-67.17152537003,-21.896435050432,2649,14,406
-66.72236772797,-23.288823740818,2664,5,-483
-67.935093361532,-22.165929635668,2630,42,110
-67.575767247884,-24.321886317556,2658,6,-627
-65.82405244385,-23.60323409026,2710,8,134
-67.036778077412,-21.941350814638,2656,14,761
-68.653745588828,-28.499052388714,2651,113,-335
-69.013071702476,-27.241410990946,2591,64,-115
-68.29441947518,-25.3998646585,2596,19,-331
-67.485935719472,-24.142223260732,2642,16,-439
-68.06984065415,-22.794750334552,2733,35,-515
-68.74357711724,-28.31938933189,2591,106,-255
-66.72236772797,-21.851519286226,2676,9,678
-67.261356898442,-26.792253348886,2680,5,-563
-67.351188426854,-25.983769593178,2686,9,-553
-68.249503710974,-27.016832169916,2547,46,-16
-69.462229344536,-27.19649522674,2633,83,-138
-67.575767247884,-23.37865526923,2611,25,-493
-69.462229344536,-28.948210030774,2566,112,220
-69.057987466682,-27.376158283564,2564,93,106
-68.024924889944,-26.792253348886,2556,28,-333
-66.363041614322,-22.92949762717,2646,6,1134
-67.665598776296,-23.872728675496,2647,36,-274
-66.542704671146,-26.208348414208,2643,16,454
-66.228294321704,-22.210845399874,2648,6,1375
-69.057987466682,-26.927000641504,2596,60,-209
-69.057987466682,-25.893938064766,2596,51,-262
-68.788492881446,-25.983769593178,2610,44,-323
-66.902030784794,-25.938853828972,2581,16,306
-68.96815593827,-25.84902230056,2599,38,-347
-69.057987466682,-25.938853828972,2603,51,-198
-67.216441134236,-21.716771993608,2650,10,137
-66.04863126488,-21.537108936784,2687,6,959
-67.126609605824,-24.097307496526,2672,9,-578
-66.946946549,-23.468486797642,2646,9,-564
-67.800346068914,-23.064244919788,2630,54,-254
-69.372397816124,-28.184642039272,2576,98,246
-67.890177597326,-22.165929635668,2632,35,-42
-66.363041614322,-22.076098107256,2687,4,218
-66.49778890694,-21.80660352202,2650,10,1419
-68.024924889944,-21.80660352202,2656,25,57
-66.632536199558,-24.27697055335,2645,8,60
-69.507145108742,-28.004978982448,2610,177,606
-68.429166767798,-24.995622780646,2586,15,-315
-65.509642094408,-22.210845399874,2721,7,271
-69.1927347593,-25.220201601676,2640,25,-431
-69.1927347593,-25.714275007942,2669,41,-399
-65.554557858614,-22.884581862964,2694,9,427
-67.890177597326,-26.388011471032,2602,6,-470
-68.204587946768,-28.139726275066,2662,35,-408
-66.946946549,-25.804106536354,2630,9,-453
-68.653745588828,-25.265117365882,2601,20,-287
-68.51899829621,-26.253264178414,2593,40,-281
-67.890177597326,-28.499052388714,2688,26,-531
-68.698661353034,-22.121013871462,2710,9,-706
-67.665598776296,-24.995622780646,2651,4,-507
-68.788492881446,-26.29817994262,2611,56,-164
-67.62068301209,-23.37865526923,2628,29,-439
-65.509642094408,-22.345592692492,2719,9,692
-66.04863126488,-23.513402561848,2692,2,-481
-68.788492881446,-22.076098107256,2685,11,-691
-65.913883972262,-23.288823740818,2693,3,-315
-67.216441134236,-24.995622780646,2677,6,-532
-69.911386986596,-28.499052388714,2645,205,560
-66.003715500674,-21.896435050432,2696,6,738
-68.384251003592,-21.986266578844,2683,29,-174
-67.17152537003,-24.546465138586,2679,9,-595
-67.890177597326,-25.893938064766,2657,3,-593
-67.935093361532,-24.50154937438,2653,8,-494
-65.868968208056,-24.72612819541,2703,36,1013
-68.06984065415,-25.265117365882,2651,7,-377
-68.024924889944,-26.792253348886,2556,28,-333
-67.890177597326,-25.669359243736,2543,11,-384
-69.147818995094,-27.600737104594,2573,104,61
-68.06984065415,-25.84902230056,2647,4,-531
-67.800346068914,-23.1540764482,2661,46,-367
-69.64189240136,-28.813462738156,2579,134,575
-69.147818995094,-24.636296666998,2670,4,-572
-68.159672182562,-22.165929635668,2686,33,-104
-69.1927347593,-28.588883917126,2616,52,-214
-67.890177597326,-23.37865526923,2720,35,-394
-69.057987466682,-29.621946493864,2613,110,-50
-66.138462793292,-24.50154937438,2632,10,374
-69.41731358033,-29.127873087598,2578,73,-40
-67.530851483678,-24.681212431204,2652,5,-568
-65.509642094408,-22.48033998511,2720,10,812
-67.890177597326,-26.29817994262,2616,6,-420
-67.890177597326,-23.962560203908,2676,29,-352
-66.632536199558,-26.028685357384,2643,14,352
-67.036778077412,-23.109160683994,2646,13,-428
-67.306272662648,-26.343095706826,2714,9,-530
-67.126609605824,-25.669359243736,2633,12,-464
-67.17152537003,-27.016832169916,2664,17,414
-65.734220915438,-21.941350814638,2681,7,333
-67.216441134236,-25.669359243736,2637,9,-451
-64.92573715973,-23.37865526923,2738,137,3114
-68.024924889944,-27.690568633006,2637,35,-342
-68.96815593827,-21.58202470099,2732,14,-724
-67.261356898442,-26.343095706826,2703,11,-586
-67.800346068914,-25.714275007942,2646,6,-470
-69.776639693978,-28.76854697395,2542,207,1118
-68.339335239386,-25.085454309058,2580,16,-356
-66.767283492176,-24.007475968114,2675,8,-470
-69.41731358033,-29.487199201246,2553,100,95
-68.51899829621,-26.208348414208,2593,36,-234
-67.306272662648,-27.42107404777,2630,18,893
-67.216441134236,-24.142223260732,2633,16,-625
-67.84526183312,-24.142223260732,2611,24,-311
-68.06984065415,-27.286326755152,2602,38,-415
-66.27321008591,-24.321886317556,2659,5,-99
-65.868968208056,-24.681212431204,2708,36,1335
-64.970652923936,-21.35744587996,2728,24,405
-66.902030784794,-25.130370073264,2654,12,-217
-66.452873142734,-23.198992212406,2648,4,423
-66.857115020588,-23.962560203908,2656,9,-417
-66.857115020588,-23.019329155582,2620,11,602
-68.429166767798,-22.076098107256,2697,26,-357
-65.59947362282,-23.917644439702,2704,100,1686
-68.923240174064,-25.804106536354,2652,24,-400
-65.105400216554,-22.165929635668,2691,110,1944
-67.62068301209,-21.537108936784,2659,11,91
-68.833408645652,-27.555821340388,2587,45,-166
-66.812199256382,-24.05239173232,2678,8,-463
-65.509642094408,-21.80660352202,2750,8,-88
-68.878324409858,-26.253264178414,2606,57,-186
-66.318125850116,-23.558318326054,2648,3,-13
-66.677451963764,-26.163432650002,2636,14,26
-68.339335239386,-24.860875488028,2656,9,-484
-66.902030784794,-25.714275007942,2640,9,-370
-66.946946549,-24.27697055335,2690,13,-250
-68.339335239386,-27.19649522674,2562,43,-281
-65.689305151232,-23.333739505024,2691,9,715
-66.991862313206,-25.354948894294,2668,10,-563
-66.003715500674,-21.626940465196,2718,6,691
-68.114756418356,-27.465989811976,2633,34,-466
-66.632536199558,-26.07360112159,2630,16,492
-67.036778077412,-22.70491880614,2632,9,-95
-68.878324409858,-22.076098107256,2715,13,-720
-68.06984065415,-27.42107404777,2604,42,-472
-67.62068301209,-24.995622780646,2657,4,-513
-66.04863126488,-26.208348414208,2730,24,494
-68.878324409858,-27.780400161418,2540,101,215
-68.204587946768,-25.130370073264,2649,9,-491
-68.608829824622,-21.896435050432,2725,14,-807
-66.49778890694,-22.839666098758,2650,5,919
-65.82405244385,-24.142223260732,2704,34,1438
-66.228294321704,-24.142223260732,2673,4,-363
-68.114756418356,-22.615087277728,2702,35,-465
-67.84526183312,-23.37865526923,2700,39,-344
-67.575767247884,-21.80660352202,2620,17,287
-69.102903230888,-28.813462738156,2615,45,-308
-68.384251003592,-27.19649522674,2557,50,-242
-69.237650523506,-28.948210030774,2608,51,-233
-68.698661353034,-28.499052388714,2633,119,-364
-67.036778077412,-23.019329155582,2581,21,580
-66.857115020588,-25.17528583747,2679,10,-354
-66.363041614322,-24.815959723822,2661,13,829
-68.563914060416,-28.139726275066,2634,81,-349
-68.384251003592,-26.388011471032,2556,31,-266
-66.857115020588,-22.300676928286,2657,7,253
-67.890177597326,-26.07360112159,2614,6,-472
-68.339335239386,-21.626940465196,2685,25,-267
-67.84526183312,-28.364305096096,2697,20,-571
-67.980009125738,-21.716771993608,2663,19,-180
-66.767283492176,-24.681212431204,2681,6,-641
-69.282566287712,-25.220201601676,2662,23,-473
-67.935093361532,-26.74733758468,2602,18,-498
-69.282566287712,-25.893938064766,2678,43,-305
-68.114756418356,-26.253264178414,2611,7,-506
-67.216441134236,-21.671856229402,2651,9,-21
-68.429166767798,-21.716771993608,2695,30,-180
-68.653745588828,-27.600737104594,2593,42,-288
-70.001218515008,-28.499052388714,2619,281,992
-69.013071702476,-26.253264178414,2631,38,-264
-65.734220915438,-21.761687757814,2690,7,300
-67.710514540502,-21.537108936784,2638,19,514
-67.84526183312,-23.513402561848,2691,40,-282
-66.542704671146,-23.468486797642,2634,4,82
-69.013071702476,-26.657506056268,2596,43,-247
-68.29441947518,-26.07360112159,2578,13,-381
-67.980009125738,-21.941350814638,2658,24,-193
-66.632536199558,-25.085454309058,2604,29,816
-66.946946549,-24.187139024938,2687,9,-536
-68.474082532004,-25.714275007942,2539,26,-185
-67.17152537003,-22.749834570346,2636,11,-421
-65.59947362282,-22.435424220904,2708,6,-12
-66.587620435352,-24.815959723822,2676,12,393
-66.857115020588,-26.432927235238,2688,7,-613
-68.788492881446,-24.771043959616,2646,13,-401
-66.72236772797,-23.019329155582,2663,6,55
-66.767283492176,-23.693065618672,2660,6,-598
-67.755430304708,-25.759190772148,2670,5,-582
-69.462229344536,-29.532114965452,2483,136,479
-67.755430304708,-23.243907976612,2633,47,-169
-66.946946549,-24.142223260732,2677,10,-558
-66.318125850116,-21.851519286226,2668,7,1304
-68.923240174064,-21.986266578844,2731,15,-716
-69.327482051918,-29.711778022276,2607,130,-181
-69.64189240136,-28.723631209744,2561,139,605
-69.731723929772,-28.813462738156,2603,167,721
-67.62068301209,-23.109160683994,2608,41,-432
-67.39610419106,-25.310033130088,2648,6,-495
-67.306272662648,-25.17528583747,2615,8,-543
-68.114756418356,-28.229557803478,2662,21,-585
-67.980009125738,-24.905791252234,2645,7,-512
-66.587620435352,-21.537108936784,2691,11,1196
-68.429166767798,-26.163432650002,2563,37,-210
-68.249503710974,-22.210845399874,2719,26,-427
-65.689305151232,-22.300676928286,2691,6,225
-69.147818995094,-28.858378502362,2627,38,-330
-68.923240174064,-27.465989811976,2575,61,-64
-66.363041614322,-24.815959723822,2661,13,829
-68.249503710974,-21.626940465196,2717,17,-588
-66.632536199558,-22.210845399874,2617,10,1673
-67.081693841618,-23.82781291129,2642,15,-533
-67.710514540502,-28.948210030774,2668,98,73
-66.183378557498,-23.60323409026,2683,2,-584
-68.878324409858,-25.220201601676,2648,12,-436
-69.462229344536,-28.229557803478,2569,126,637
-65.509642094408,-22.570171513522,2716,13,1290
-68.608829824622,-27.331242519358,2567,54,-137
-68.249503710974,-25.759190772148,2600,10,-449
-65.195231744966,-21.671856229402,2727,46,1181
-65.958799736468,-23.917644439702,2677,4,272
-65.958799736468,-24.411717845968,2733,7,-6
-68.878324409858,-28.499052388714,2555,87,-144
-68.249503710974,-22.345592692492,2711,28,-445
-67.39610419106,-24.411717845968,2671,8,-576
-65.195231744966,-22.92949762717,2662,108,2184
-65.958799736468,-21.851519286226,2697,6,892
-68.384251003592,-25.220201601676,2594,13,-244
-65.554557858614,-22.210845399874,2716,6,43
-68.51899829621,-25.579527715324,2574,21,-317
-66.72236772797,-25.310033130088,2662,22,290
-67.261356898442,-27.510905576182,2668,15,120
-67.036778077412,-25.220201601676,2664,9,-553
-66.542704671146,-26.028685357384,2677,13,348
-68.339335239386,-24.546465138586,2659,16,-453
-67.710514540502,-22.300676928286,2646,26,-400
-68.51899829621,-27.016832169916,2558,64,-146
-66.812199256382,-24.411717845968,2654,12,-127
-67.036778077412,-25.265117365882,2664,8,-575
-67.575767247884,-24.456633610174,2652,6,-562
-67.710514540502,-25.489696186912,2633,7,-503
-68.788492881446,-27.465989811976,2554,58,-10
-67.530851483678,-25.983769593178,2668,5,-673
-68.833408645652,-26.97191640571,2583,79,-8
-69.507145108742,-27.465989811976,2597,131,113
-67.710514540502,-24.681212431204,2633,6,-519
-68.114756418356,-22.121013871462,2633,39,63
-65.060484452348,-22.390508456698,2714,132,2009
-67.441019955266,-22.25576116408,2623,15,-157
-68.29441947518,-26.477842999444,2587,21,-364
-68.698661353034,-21.716771993608,2713,13,-604
-68.833408645652,-26.612590292062,2580,67,-77
-67.485935719472,-23.243907976612,2603,33,-401
-69.327482051918,-27.061747934122,2645,77,-160
-69.282566287712,-29.397367672834,2610,58,-298
-65.82405244385,-24.007475968114,2690,29,1606
-69.057987466682,-25.714275007942,2604,43,-295
-66.27321008591,-26.118516885796,2675,19,888
-68.29441947518,-25.579527715324,2640,11,-442
-69.552060872948,-27.465989811976,2630,121,101
-66.542704671146,-23.693065618672,2655,5,-54
-69.102903230888,-25.220201601676,2644,17,-435
-67.935093361532,-23.648149854466,2713,32,-441
-67.036778077412,-24.05239173232,2677,10,-565
-66.991862313206,-22.345592692492,2641,10,517
-69.776639693978,-29.44228343704,2548,125,519
-68.698661353034,-26.97191640571,2538,58,-32
-68.474082532004,-28.004978982448,2612,62,-271
-66.003715500674,-24.681212431204,2735,18,383
-66.677451963764,-23.558318326054,2659,5,-616
-68.384251003592,-26.97191640571,2569,50,-253
-66.093547029086,-22.660003041934,2672,4,512
-68.96815593827,-21.896435050432,2736,15,-726
-65.329979037584,-22.165929635668,2734,37,1763
-69.282566287712,-28.184642039272,2588,83,104
-65.644389387026,-21.58202470099,2730,7,242
-68.384251003592,-26.702421820474,2570,41,-179
-67.17152537003,-25.714275007942,2644,11,-477
-66.318125850116,-22.92949762717,2660,5,786
-68.698661353034,-23.064244919788,2734,7,-671
-68.563914060416,-27.19649522674,2472,87,128
-68.384251003592,-27.735484397212,2573,47,-374
-68.384251003592,-26.29817994262,2587,24,-330
-67.935093361532,-21.58202470099,2655,21,223
-69.64189240136,-28.274473567684,2621,118,515
-69.327482051918,-28.454136624508,2606,56,-40
-66.587620435352,-23.064244919788,2669,4,-160
-66.542704671146,-21.671856229402,2661,13,1784
-65.868968208056,-22.165929635668,2676,6,490
-69.237650523506,-27.016832169916,2556,90,7
-66.363041614322,-24.097307496526,2627,6,333
-68.833408645652,-27.6456528688,2571,59,-86
-66.228294321704,-23.243907976612,2669,3,8
-68.29441947518,-24.591380902792,2621,21,-309
-68.339335239386,-25.804106536354,2593,13,-404
-66.228294321704,-22.794750334552,2657,4,890
-68.29441947518,-27.286326755152,2570,44,-302
-65.913883972262,-22.25576116408,2675,6,363
-68.653745588828,-24.72612819541,2603,19,-237
-67.261356898442,-25.893938064766,2649,14,-436
-69.41731358033,-27.87023168983,2631,135,135
-66.183378557498,-26.432927235238,2681,18,456
-66.677451963764,-22.974413391376,2653,6,142
-67.126609605824,-21.537108936784,2657,8,-71
-69.552060872948,-27.960063218242,2613,179,441
-65.689305151232,-23.782897147084,2684,59,1241
-66.677451963764,-22.749834570346,2643,7,800
-66.407957378528,-22.03118234305,2691,5,296
-66.812199256382,-24.05239173232,2678,8,-463
-67.62068301209,-25.265117365882,2596,7,-569
-67.935093361532,-27.19649522674,2596,40,-32
-65.779136679644,-24.411717845968,2723,67,2753
-68.788492881446,-21.851519286226,2694,14,-748
-65.958799736468,-23.648149854466,2706,2,-619
-65.105400216554,-23.198992212406,2688,93,1981
-66.407957378528,-25.040538544852,2639,28,677
-66.587620435352,-26.253264178414,2657,13,66
-68.923240174064,-25.040538544852,2650,8,-467
-68.474082532004,-27.465989811976,2526,79,-104
-68.474082532004,-26.927000641504,2574,62,-214
-67.351188426854,-22.390508456698,2645,12,-337
-69.64189240136,-28.948210030774,2595,91,180
-67.39610419106,-26.028685357384,2701,6,-594
-69.327482051918,-29.172788851804,2572,67,-96
-65.779136679644,-22.884581862964,2691,5,385
-68.788492881446,-25.804106536354,2601,41,-291
-67.800346068914,-25.534611951118,2587,10,-394
-68.608829824622,-27.241410990946,2529,67,5
-69.327482051918,-28.499052388714,2593,66,22
-68.384251003592,-21.80660352202,2701,28,-232
-68.96815593827,-27.780400161418,2556,101,242
-67.84526183312,-24.232054789144,2637,16,-335
-68.788492881446,-28.31938933189,2576,93,-280
-66.767283492176,-25.938853828972,2629,11,126
-66.812199256382,-26.837169113092,2660,22,371
-66.452873142734,-24.142223260732,2640,6,213
-67.755430304708,-28.99312579498,2637,112,243
-66.452873142734,-22.210845399874,2667,5,1007
-68.878324409858,-27.600737104594,2573,67,-19
-68.833408645652,-24.815959723822,2643,12,-413
-66.902030784794,-22.525255749316,2653,7,116
-66.318125850116,-24.187139024938,2674,4,-167
-68.204587946768,-21.80660352202,2654,30,33
-67.081693841618,-23.288823740818,2650,12,-634
-67.306272662648,-27.241410990946,2677,15,883
-69.057987466682,-28.678715445538,2592,58,-183
-66.183378557498,-22.25576116408,2650,5,1307
-68.878324409858,-29.487199201246,2644,54,-235
-67.306272662648,-23.1540764482,2612,29,-307
-67.62068301209,-26.702421820474,2667,7,-642
-68.878324409858,-28.184642039272,2578,78,-151
-65.734220915438,-24.546465138586,2705,75,2036
-68.51899829621,-26.29817994262,2592,44,-178
-67.17152537003,-27.106663698328,2684,18,330
-68.249503710974,-25.669359243736,2577,16,-332
-69.41731358033,-28.409220860302,2604,76,189
-69.462229344536,-27.690568633006,2633,163,101
-65.958799736468,-22.345592692492,2674,4,266
-67.62068301209,-26.702421820474,2667,7,-642
-66.407957378528,-23.872728675496,2662,4,-154
-67.126609605824,-27.061747934122,2680,22,264
-68.923240174064,-27.016832169916,2564,93,78
-67.261356898442,-21.896435050432,2640,17,494
-67.575767247884,-22.165929635668,2618,24,-14
-68.788492881446,-26.837169113092,2587,62,-84
-66.138462793292,-23.782897147084,2693,2,-647
-65.554557858614,-23.243907976612,2708,8,-100
-67.39610419106,-26.163432650002,2703,6,-597
-69.102903230888,-28.454136624508,2605,61,-205
-67.485935719472,-22.165929635668,2628,17,-180
-66.812199256382,-22.165929635668,2655,9,495
-66.991862313206,-22.92949762717,2603,14,458
-68.429166767798,-27.87023168983,2567,81,188
-68.024924889944,-25.714275007942,2599,8,-455
-68.024924889944,-24.50154937438,2634,14,-491
-69.86647122239,-29.082957323392,2576,164,797
-67.84526183312,-26.163432650002,2602,6,-464
-66.902030784794,-21.941350814638,2618,17,1526
-68.339335239386,-28.229557803478,2663,65,-142
-67.216441134236,-22.300676928286,2630,18,486
-66.991862313206,-24.815959723822,2688,7,-540
-67.530851483678,-22.165929635668,2618,21,-51
-69.102903230888,-25.983769593178,2605,51,-296
-65.958799736468,-23.648149854466,2706,2,-619
-66.407957378528,-23.737981382878,2658,3,-268
-65.734220915438,-23.423571033436,2699,9,510
-65.734220915438,-23.423571033436,2699,9,510
-67.351188426854,-23.1540764482,2595,28,-344
-66.946946549,-24.771043959616,2692,7,-507
-67.17152537003,-26.612590292062,2651,10,-279
-68.29441947518,-27.690568633006,2597,42,-416
-69.057987466682,-27.915147454036,2586,103,86
-68.024924889944,-27.735484397212,2654,30,-400
-68.06984065415,-28.049894746654,2665,26,-256
-68.96815593827,-29.66686225807,2630,76,3
-68.114756418356,-24.860875488028,2589,14,-417
-68.788492881446,-25.085454309058,2636,14,-357
-68.29441947518,-21.716771993608,2689,24,-268
-65.82405244385,-21.851519286226,2700,6,216
-68.429166767798,-25.310033130088,2588,15,-297
-65.59947362282,-22.839666098758,2698,9,690
-65.59947362282,-22.435424220904,2708,6,-12
-67.036778077412,-24.232054789144,2640,11,-554
-66.452873142734,-24.905791252234,2643,16,567
-67.665598776296,-24.636296666998,2637,5,-544
-68.339335239386,-24.366802081762,2689,13,-421
-69.41731358033,-26.792253348886,2656,58,-221
-66.72236772797,-22.210845399874,2629,11,1370
-67.126609605824,-22.92949762717,2628,20,-25
-69.64189240136,-27.825315925624,2602,182,479
-69.237650523506,-27.42107404777,2591,109,89
-65.734220915438,-23.109160683994,2666,8,948
-65.689305151232,-23.82781291129,2688,67,1140
-66.857115020588,-26.837169113092,2666,21,163
-66.363041614322,-21.58202470099,2690,7,1042
-69.282566287712,-29.44228343704,2635,51,-286
-66.991862313206,-25.669359243736,2603,12,-308
-67.081693841618,-25.3998646585,2665,8,-566
-65.734220915438,-22.70491880614,2685,4,118
-67.351188426854,-22.884581862964,2618,24,-437
-66.138462793292,-23.648149854466,2689,2,-665
-68.024924889944,-27.286326755152,2570,48,-153
-68.923240174064,-27.465989811976,2575,61,-64
-65.105400216554,-23.468486797642,2707,102,1914
-68.384251003592,-27.42107404777,2579,45,-352
-65.37489480179,-22.390508456698,2725,30,1568
-68.249503710974,-28.004978982448,2625,54,103
-66.138462793292,-26.29817994262,2699,21,864
-69.462229344536,-27.465989811976,2628,111,60
-65.59947362282,-22.165929635668,2711,6,16
-66.812199256382,-25.444780422706,2658,17,86
-69.507145108742,-27.960063218242,2588,183,493
-67.036778077412,-25.354948894294,2653,9,-499
-66.587620435352,-25.579527715324,2680,25,995
-67.036778077412,-21.58202470099,2664,9,204
-67.306272662648,-25.444780422706,2634,8,-396
-68.833408645652,-28.633799681332,2609,82,-322
-68.339335239386,-22.615087277728,2705,17,-545
-66.812199256382,-26.837169113092,2660,22,371
-66.27321008591,-25.085454309058,2734,25,893
-67.980009125738,-24.681212431204,2622,11,-481
-68.474082532004,-27.735484397212,2574,50,-286
-67.261356898442,-24.366802081762,2663,13,-566
-66.228294321704,-23.82781291129,2684,2,-443
-65.509642094408,-23.1540764482,2681,11,394
-68.29441947518,-25.759190772148,2596,11,-444
-68.159672182562,-25.310033130088,2634,10,-477
-69.462229344536,-26.567674527856,2640,44,-155
-65.240147509172,-23.019329155582,2692,98,2444
-67.84526183312,-24.815959723822,2632,7,-526
-67.530851483678,-22.660003041934,2619,28,-396
-65.240147509172,-22.839666098758,2737,74,1673
-68.96815593827,-26.388011471032,2611,42,-254
-67.755430304708,-21.626940465196,2655,13,-197
-65.195231744966,-21.941350814638,2722,57,2145
-65.015568688142,-21.626940465196,2688,42,834
-65.240147509172,-21.80660352202,2732,44,1263
-69.596976637154,-27.690568633006,2610,166,327
-67.441019955266,-27.106663698328,2668,11,36
-70.046134279214,-28.76854697395,2596,230,958
-66.49778890694,-25.84902230056,2646,24,1371
-67.036778077412,-26.927000641504,2642,25,383
-66.767283492176,-24.95070701644,2685,7,-490
-68.339335239386,-23.962560203908,2691,7,-564
-67.306272662648,-24.321886317556,2676,12,-566
-67.126609605824,-26.567674527856,2634,11,-354
-68.29441947518,-25.17528583747,2580,19,-386
-68.204587946768,-25.040538544852,2627,10,-498
-68.833408645652,-28.813462738156,2641,72,-463
-68.563914060416,-28.499052388714,2645,126,-205
-67.261356898442,-22.165929635668,2658,14,-92
-66.003715500674,-23.288823740818,2662,5,315
-67.081693841618,-25.085454309058,2681,9,-496
-66.857115020588,-26.253264178414,2653,8,-553
-66.228294321704,-23.1540764482,2664,4,40
-69.327482051918,-26.477842999444,2640,38,-213
-68.653745588828,-26.792253348886,2557,66,-141
-68.06984065415,-21.626940465196,2695,21,-274
-67.980009125738,-22.92949762717,2721,39,-432
-66.003715500674,-22.345592692492,2674,4,384
-67.84526183312,-23.198992212406,2688,41,-399
-67.081693841618,-25.534611951118,2658,8,-504
-68.563914060416,-21.716771993608,2720,23,-455
-68.563914060416,-27.151579462534,2490,88,104
-70.046134279214,-28.723631209744,2607,241,934
-67.17152537003,-25.714275007942,2644,11,-477
-66.138462793292,-21.80660352202,2684,6,829
-67.800346068914,-22.884581862964,2643,65,-139
-69.911386986596,-29.397367672834,2578,143,491
-69.462229344536,-26.657506056268,2658,49,-166
-65.958799736468,-23.60323409026,2703,2,-602
-65.060484452348,-22.525255749316,2704,165,2072
-66.407957378528,-23.243907976612,2665,3,164
-69.596976637154,-27.780400161418,2627,170,235
-67.126609605824,-24.636296666998,2684,7,-574
-67.755430304708,-21.716771993608,2651,13,-250
-65.734220915438,-22.525255749316,2684,4,263
-69.102903230888,-26.837169113092,2590,56,-195
-67.935093361532,-26.74733758468,2602,18,-498
-68.698661353034,-24.95070701644,2629,15,-306
-66.587620435352,-25.84902230056,2622,23,1273
-68.474082532004,-27.42107404777,2536,74,-163
-67.755430304708,-24.681212431204,2631,6,-545
-65.195231744966,-21.671856229402,2727,46,1181
-69.057987466682,-28.274473567684,2586,87,32
-67.485935719472,-21.58202470099,2653,9,-186
-65.82405244385,-21.941350814638,2691,6,338
-67.665598776296,-25.489696186912,2653,5,-514
-66.677451963764,-24.411717845968,2664,8,-466
-68.653745588828,-27.6456528688,2599,40,-284
-67.39610419106,-23.1540764482,2629,24,-507
-68.653745588828,-26.612590292062,2570,62,-129
-66.363041614322,-21.851519286226,2694,6,793
-67.710514540502,-27.016832169916,2681,20,-648
-68.384251003592,-21.761687757814,2704,27,-270
-66.767283492176,-26.567674527856,2718,9,-373
-66.72236772797,-24.546465138586,2695,5,-562
-65.779136679644,-21.941350814638,2696,6,-69
-68.159672182562,-24.860875488028,2595,14,-392
-65.913883972262,-24.72612819541,2711,31,827
-67.036778077412,-23.1540764482,2633,17,-47
-65.59947362282,-23.82781291129,2705,90,1592
-67.890177597326,-21.986266578844,2647,27,-102
-69.282566287712,-27.87023168983,2625,140,152
-67.126609605824,-25.759190772148,2627,15,-470
-68.653745588828,-27.061747934122,2555,59,-95
-65.15031598076,-22.076098107256,2721,70,1612
-66.72236772797,-22.615087277728,2649,7,642
-69.686808165566,-27.6456528688,2661,122,59
-68.024924889944,-21.58202470099,2682,20,-170
-67.755430304708,-25.62444347953,2636,7,-433
-66.72236772797,-22.390508456698,2654,5,450
-68.06984065415,-24.905791252234,2619,11,-523
-68.653745588828,-26.567674527856,2565,62,-52
-68.51899829621,-28.004978982448,2627,55,-348
-68.06984065415,-21.896435050432,2657,28,-18
-68.474082532004,-22.076098107256,2703,24,-485
-66.318125850116,-23.60323409026,2647,3,-110
-67.84526183312,-28.454136624508,2650,25,-568
-67.216441134236,-26.74733758468,2693,6,-676
-69.057987466682,-28.858378502362,2581,65,-241
-69.64189240136,-28.948210030774,2595,91,180
-65.59947362282,-24.007475968114,2722,115,2182
-66.452873142734,-25.220201601676,2728,32,437
-68.878324409858,-28.99312579498,2623,85,-304
-66.767283492176,-26.118516885796,2632,13,-47
-67.39610419106,-25.3998646585,2659,7,-511
-65.913883972262,-22.794750334552,2678,4,1
-68.204587946768,-22.525255749316,2700,29,-525
-69.282566287712,-26.52275876365,2622,42,-222
-67.036778077412,-24.95070701644,2681,10,-494
-67.62068301209,-23.962560203908,2635,27,-470
-69.147818995094,-24.681212431204,2655,4,-544
-66.632536199558,-26.97191640571,2714,16,-433
-66.04863126488,-22.794750334552,2676,4,440
-69.731723929772,-28.588883917126,2560,198,1020
-68.608829824622,-26.74733758468,2577,48,-273
-68.653745588828,-25.62444347953,2609,24,-326
-69.596976637154,-29.307536144422,2586,65,103
-66.04863126488,-22.570171513522,2671,3,569
-66.902030784794,-25.534611951118,2664,9,-563
-66.857115020588,-22.660003041934,2646,7,127
-66.003715500674,-23.243907976612,2679,4,295
-68.339335239386,-25.354948894294,2607,18,-442
-65.240147509172,-22.570171513522,2765,56,918
-66.183378557498,-22.345592692492,2636,6,1556
-67.39610419106,-24.591380902792,2670,9,-506
-66.407957378528,-26.388011471032,2637,18,627
-66.677451963764,-23.468486797642,2659,4,-620
-68.608829824622,-21.58202470099,2706,25,-431
-65.868968208056,-21.80660352202,2695,7,744
-67.306272662648,-21.941350814638,2643,17,351
-67.84526183312,-21.986266578844,2637,26,-42
-66.767283492176,-25.759190772148,2646,11,151
-68.159672182562,-26.792253348886,2573,29,-345
-67.755430304708,-25.669359243736,2664,5,-435
-68.698661353034,-27.19649522674,2585,49,-101
-66.677451963764,-24.366802081762,2635,10,-104
-67.980009125738,-25.534611951118,2589,14,-367
-67.261356898442,-26.657506056268,2677,8,-361
-68.114756418356,-27.331242519358,2626,31,-485
-67.890177597326,-26.432927235238,2586,8,-457
-69.147818995094,-27.960063218242,2561,129,274
-68.96815593827,-26.118516885796,2601,57,-263
-67.710514540502,-24.232054789144,2660,13,-547
-67.036778077412,-25.3998646585,2666,8,-555
-67.351188426854,-24.321886317556,2662,12,-604
-67.84526183312,-28.274473567684,2684,19,-696
-68.878324409858,-24.72612819541,2667,9,-459
-65.779136679644,-23.917644439702,2713,33,939
-67.710514540502,-24.27697055335,2630,16,-521
-67.890177597326,-28.948210030774,2661,94,310
-64.92573715973,-22.48033998511,2746,191,2621
-68.249503710974,-25.085454309058,2622,11,-421
-69.1927347593,-27.151579462534,2555,94,57
-66.72236772797,-21.761687757814,2680,11,1062
-69.237650523506,-28.049894746654,2571,125,273
-65.37489480179,-22.974413391376,2726,24,1095
-69.282566287712,-29.082957323392,2599,54,-221
-68.06984065415,-26.882084877298,2604,21,-439
-68.159672182562,-24.50154937438,2650,16,-339
-66.946946549,-22.435424220904,2652,7,-73
-67.800346068914,-22.300676928286,2661,26,-439
-68.51899829621,-25.040538544852,2605,18,-241
-66.093547029086,-21.716771993608,2693,7,1045
-69.013071702476,-29.846525314894,2642,91,-30
-67.036778077412,-23.019329155582,2581,21,580
-66.632536199558,-26.882084877298,2685,17,-80
-67.081693841618,-26.118516885796,2628,14,-498
-68.96815593827,-28.139726275066,2583,77,50
-65.105400216554,-23.468486797642,2707,102,1914
-66.452873142734,-25.983769593178,2666,20,1122
-65.689305151232,-22.435424220904,2692,5,-52
-67.575767247884,-24.187139024938,2666,10,-629
-67.84526183312,-23.333739505024,2703,39,-351
-65.644389387026,-22.749834570346,2696,7,585
-67.126609605824,-24.142223260732,2676,9,-624
-68.339335239386,-26.837169113092,2529,69,-62
-66.72236772797,-25.534611951118,2628,20,635
-68.29441947518,-25.220201601676,2575,20,-220
-65.285063273378,-22.48033998511,2727,54,1406
-68.339335239386,-25.804106536354,2593,13,-404
-66.542704671146,-26.74733758468,2679,14,254
-65.015568688142,-21.941350814638,2712,64,1343
-69.237650523506,-29.262620380216,2588,61,-177
-66.452873142734,-23.872728675496,2664,4,-174
-66.946946549,-25.444780422706,2671,9,-539
-66.767283492176,-22.884581862964,2649,7,129
-67.800346068914,-25.893938064766,2658,4,-552
-65.554557858614,-22.525255749316,2707,11,1343
-68.698661353034,-25.3998646585,2625,23,-285
-67.575767247884,-26.07360112159,2673,3,-606
-67.441019955266,-23.648149854466,2618,22,-431
-67.39610419106,-27.016832169916,2666,7,-429
-65.734220915438,-21.941350814638,2681,7,333
-68.114756418356,-22.121013871462,2633,39,63
-67.081693841618,-26.612590292062,2599,9,-233
-69.057987466682,-26.74733758468,2591,46,-230
-69.102903230888,-28.678715445538,2592,53,-191
-67.261356898442,-23.468486797642,2629,24,-462
-68.114756418356,-25.354948894294,2653,7,-436
-66.49778890694,-21.851519286226,2672,8,910
-68.249503710974,-27.780400161418,2622,43,-386
-69.41731358033,-27.376158283564,2648,80,-97
-69.507145108742,-28.274473567684,2598,108,480
-66.946946549,-23.782897147084,2631,13,-328
-68.788492881446,-22.076098107256,2685,11,-691
-67.441019955266,-23.737981382878,2595,30,-298
-67.980009125738,-26.657506056268,2570,16,-353
-65.285063273378,-22.210845399874,2727,59,1833
-65.285063273378,-21.896435050432,2735,36,1818
-66.902030784794,-24.546465138586,2639,13,-151
-67.665598776296,-21.671856229402,2627,17,364
-66.407957378528,-25.040538544852,2639,28,677
-65.868968208056,-23.1540764482,2694,5,226
-68.96815593827,-27.600737104594,2561,91,175
-66.812199256382,-26.253264178414,2660,9,-607
-66.452873142734,-23.962560203908,2660,4,-77
-67.216441134236,-24.142223260732,2633,16,-625
-68.114756418356,-25.354948894294,2653,7,-436
-65.644389387026,-24.50154937438,2670,124,3135
-66.902030784794,-26.882084877298,2698,15,-426
-67.485935719472,-25.579527715324,2629,11,-450
-66.587620435352,-22.165929635668,2641,7,1381
-65.82405244385,-21.986266578844,2692,6,315
-68.878324409858,-27.19649522674,2561,86,84
-69.1927347593,-27.016832169916,2540,84,-1
-67.485935719472,-21.671856229402,2654,9,-249
-66.003715500674,-21.761687757814,2721,5,746
-68.563914060416,-28.004978982448,2588,73,-70
-66.857115020588,-25.310033130088,2671,15,-181
-68.608829824622,-26.792253348886,2522,66,-11
-68.923240174064,-25.983769593178,2553,63,-195
-69.237650523506,-26.52275876365,2603,44,-191
-67.441019955266,-23.872728675496,2607,26,-379
-65.913883972262,-21.537108936784,2677,7,878
-68.923240174064,-25.040538544852,2650,8,-467
-67.935093361532,-26.343095706826,2618,6,-547
-68.563914060416,-23.019329155582,2735,7,-688
-69.237650523506,-26.07360112159,2632,47,-320
-68.204587946768,-21.761687757814,2679,25,-227
-66.991862313206,-25.085454309058,2648,14,-414
-67.575767247884,-25.220201601676,2648,4,-557
-67.351188426854,-25.085454309058,2677,5,-501
-68.788492881446,-27.960063218242,2522,114,53
-66.677451963764,-21.986266578844,2666,8,868
-68.159672182562,-26.208348414208,2581,10,-426
-66.542704671146,-26.028685357384,2677,13,348
-67.84526183312,-25.3998646585,2609,7,-401
-67.17152537003,-22.25576116408,2596,18,1068
-67.710514540502,-21.986266578844,2620,24,118
-65.060484452348,-22.749834570346,2734,143,1765
-67.710514540502,-25.220201601676,2643,4,-450
-66.452873142734,-26.118516885796,2684,14,645
-68.653745588828,-21.761687757814,2722,12,-664
-68.474082532004,-24.815959723822,2624,15,-402
-69.102903230888,-27.690568633006,2561,106,171
-67.351188426854,-26.028685357384,2693,9,-559
-68.653745588828,-25.804106536354,2624,23,-400
-66.093547029086,-23.737981382878,2698,2,-629
-69.013071702476,-29.577030729658,2567,108,140
-65.913883972262,-22.839666098758,2684,3,-93
-67.216441134236,-24.232054789144,2643,16,-548
-66.542704671146,-23.962560203908,2655,6,7
-68.024924889944,-23.917644439702,2700,24,-376
-66.991862313206,-22.615087277728,2647,10,270
-66.677451963764,-26.792253348886,2673,15,-235
-66.991862313206,-24.321886317556,2696,9,-562
-66.407957378528,-23.558318326054,2665,2,-436
-66.49778890694,-25.310033130088,2705,39,1196
-66.093547029086,-24.771043959616,2693,25,1131
-67.441019955266,-21.537108936784,2631,11,377
-67.800346068914,-26.74733758468,2600,18,-521
-70.001218515008,-29.262620380216,2528,253,1301
-67.800346068914,-22.25576116408,2667,24,-497
-68.249503710974,-27.331242519358,2602,35,-406
-67.62068301209,-26.52275876365,2674,5,-554
-66.003715500674,-23.423571033436,2688,3,-210
-68.788492881446,-24.456633610174,2678,9,-476
-68.114756418356,-24.636296666998,2625,13,-401
-65.958799736468,-24.591380902792,2693,22,1164
-67.710514540502,-23.962560203908,2668,22,-451
-66.003715500674,-22.25576116408,2677,5,555
-64.970652923936,-22.974413391376,2699,172,3006
-70.135965807626,-28.76854697395,2661,160,669
-69.41731358033,-29.44228343704,2581,79,-12
-66.677451963764,-26.477842999444,2692,14,-2
-68.698661353034,-26.52275876365,2568,68,-70
-67.17152537003,-23.019329155582,2635,19,-358
-68.878324409858,-26.343095706826,2591,57,-194
-67.17152537003,-25.265117365882,2640,6,-574
-69.282566287712,-25.759190772148,2706,33,-453
-68.204587946768,-24.95070701644,2604,11,-385
-66.72236772797,-25.265117365882,2671,19,-74
-66.632536199558,-22.390508456698,2660,5,574
-67.755430304708,-22.076098107256,2608,31,134
-68.788492881446,-28.364305096096,2562,112,-200
-66.183378557498,-26.208348414208,2681,23,1137
-67.935093361532,-25.579527715324,2550,14,-238
-69.327482051918,-29.21770461601,2583,59,-153
-67.081693841618,-22.390508456698,2651,8,-31
-68.06984065415,-24.142223260732,2653,25,-315
-68.429166767798,-27.960063218242,2600,70,-115
-68.384251003592,-22.121013871462,2699,26,-401
-67.800346068914,-23.423571033436,2667,43,-227
-65.779136679644,-24.636296666998,2717,34,730
-67.17152537003,-26.702421820474,2689,7,-569
-67.306272662648,-27.376158283564,2626,17,992
-66.093547029086,-21.537108936784,2681,6,1106
-66.632536199558,-26.343095706826,2673,13,-136
-68.249503710974,-28.049894746654,2622,56,109
-65.913883972262,-23.243907976612,2692,3,-253
-68.249503710974,-25.3998646585,2603,16,-394
-66.318125850116,-21.671856229402,2636,10,1983
-67.890177597326,-23.198992212406,2709,36,-401
-67.17152537003,-25.579527715324,2606,11,-409
-67.306272662648,-22.974413391376,2629,21,-501
-69.372397816124,-28.004978982448,2600,144,294
-68.833408645652,-27.151579462534,2529,90,174
-67.62068301209,-26.028685357384,2620,4,-637
-68.474082532004,-27.960063218242,2618,50,-416
-67.980009125738,-22.70491880614,2674,48,-298
-67.665598776296,-23.648149854466,2613,46,-101
-67.485935719472,-26.882084877298,2634,11,-642
-65.015568688142,-21.716771993608,2706,45,706
-67.84526183312,-22.749834570346,2638,58,-112
-66.991862313206,-21.941350814638,2653,14,842
-68.204587946768,-25.130370073264,2649,9,-491
-65.82405244385,-21.941350814638,2691,6,338
-68.024924889944,-22.345592692492,2674,41,-122
-67.84526183312,-25.62444347953,2591,11,-438
-66.632536199558,-25.759190772148,2621,22,1077
-68.474082532004,-24.142223260732,2675,8,-476
-66.363041614322,-22.03118234305,2678,5,784
-66.542704671146,-24.815959723822,2646,15,880
-69.1927347593,-26.29817994262,2634,28,-336
-68.29441947518,-25.489696186912,2614,19,-217
-68.384251003592,-26.837169113092,2555,57,-133
-65.734220915438,-23.423571033436,2699,9,510
-66.677451963764,-26.028685357384,2639,13,232
-67.800346068914,-24.142223260732,2595,27,-341
-67.39610419106,-26.702421820474,2671,7,-733
-66.452873142734,-22.974413391376,2665,4,113
-69.552060872948,-27.331242519358,2663,73,-163
-65.913883972262,-22.525255749316,2666,4,204
-67.351188426854,-22.435424220904,2639,15,-208
-64.970652923936,-21.626940465196,2684,45,991
-66.902030784794,-26.388011471032,2672,7,-697
-67.126609605824,-26.343095706826,2666,13,-505
-68.698661353034,-24.50154937438,2659,14,-393
-69.64189240136,-27.960063218242,2643,132,226
-66.812199256382,-24.95070701644,2670,9,-177
-69.596976637154,-29.307536144422,2586,65,103
-69.41731358033,-28.139726275066,2572,125,414
-68.698661353034,-23.1540764482,2744,9,-599
-65.554557858614,-22.615087277728,2696,12,1271
-68.114756418356,-27.960063218242,2656,30,-216
-65.958799736468,-23.1540764482,2688,3,-285
-65.958799736468,-24.232054789144,2693,5,222
-65.868968208056,-23.333739505024,2697,3,-246
-67.485935719472,-22.300676928286,2614,19,-81
-67.485935719472,-24.007475968114,2607,29,-378
-66.542704671146,-24.27697055335,2626,9,301
-67.351188426854,-23.737981382878,2618,29,-422
-65.060484452348,-21.671856229402,2708,42,740
-65.419810565996,-22.749834570346,2695,21,1111
-69.147818995094,-28.184642039272,2601,79,-23
-68.833408645652,-26.343095706826,2590,61,-197
-66.49778890694,-23.288823740818,2645,4,179
-69.1927347593,-28.858378502362,2616,44,-287
-68.114756418356,-26.702421820474,2574,21,-344
-69.86647122239,-28.723631209744,2638,194,649
-69.1927347593,-24.50154937438,2688,4,-549
-67.39610419106,-27.016832169916,2666,7,-429
-68.833408645652,-25.579527715324,2643,21,-410
-69.1927347593,-28.184642039272,2616,70,-62
-65.644389387026,-21.986266578844,2700,7,271
-67.935093361532,-26.702421820474,2615,13,-518
-68.96815593827,-26.882084877298,2579,80,-68
-69.821555458184,-29.44228343704,2575,120,372
-69.41731358033,-28.364305096096,2599,81,199
-69.686808165566,-28.454136624508,2564,179,1075
-67.306272662648,-22.121013871462,2644,14,-58
-69.372397816124,-27.555821340388,2603,148,146
-66.812199256382,-25.085454309058,2680,9,-342
-66.767283492176,-25.804106536354,2644,11,192
-67.530851483678,-23.1540764482,2610,35,-432
-69.147818995094,-25.938853828972,2627,53,-300
-66.452873142734,-25.84902230056,2683,24,1220
-68.788492881446,-25.983769593178,2610,44,-323
-69.507145108742,-27.376158283564,2616,106,80
-66.04863126488,-24.681212431204,2730,18,636
-69.237650523506,-27.915147454036,2593,135,189
-67.62068301209,-24.411717845968,2630,8,-544
-67.665598776296,-23.558318326054,2625,36,-261
-68.563914060416,-25.804106536354,2592,23,-396
-68.788492881446,-25.759190772148,2605,39,-269
-69.237650523506,-26.29817994262,2636,32,-292
-69.372397816124,-27.331242519358,2640,86,-68
-68.608829824622,-27.465989811976,2575,45,-189
-65.689305151232,-23.60323409026,2691,28,828
-68.114756418356,-24.142223260732,2669,24,-303
-66.946946549,-22.525255749316,2633,9,483
-68.474082532004,-21.671856229402,2679,33,-84
-67.126609605824,-23.513402561848,2638,14,-598
-66.587620435352,-23.1540764482,2671,4,-282
-68.474082532004,-26.163432650002,2564,40,-193
-68.474082532004,-21.716771993608,2702,30,-243
-68.29441947518,-25.62444347953,2617,12,-378
-69.282566287712,-29.44228343704,2635,51,-286
-68.204587946768,-26.74733758468,2577,26,-380
-68.878324409858,-28.229557803478,2582,64,-220
-65.554557858614,-23.82781291129,2730,84,1558
-67.306272662648,-22.435424220904,2642,16,-57
-65.59947362282,-24.411717845968,2628,168,3910
-67.800346068914,-22.210845399874,2669,23,-489
-69.282566287712,-25.579527715324,2694,30,-479
-65.240147509172,-22.121013871462,2728,66,1952
-66.677451963764,-23.288823740818,2665,4,-463
-66.991862313206,-26.52275876365,2652,8,-428
-66.72236772797,-21.80660352202,2679,10,704
-68.114756418356,-25.310033130088,2651,7,-443
-66.27321008591,-21.716771993608,2679,8,1441
-66.542704671146,-21.761687757814,2637,11,1781
-68.788492881446,-26.657506056268,2596,55,-155
-66.407957378528,-25.085454309058,2638,32,863
-65.689305151232,-22.92949762717,2680,8,1143
-65.644389387026,-23.333739505024,2691,9,518
-65.734220915438,-23.693065618672,2700,33,869
-69.327482051918,-26.343095706826,2653,33,-282
-67.126609605824,-24.50154937438,2675,9,-614
-66.677451963764,-25.579527715324,2671,18,640
-68.204587946768,-24.411717845968,2635,28,-202
-69.686808165566,-29.577030729658,2538,118,491
-65.285063273378,-22.121013871462,2733,51,2140
-68.339335239386,-25.040538544852,2586,14,-391
-69.102903230888,-28.274473567684,2589,89,120
-66.857115020588,-25.62444347953,2657,9,-472
-68.249503710974,-26.927000641504,2517,52,-14
-69.147818995094,-25.3998646585,2664,32,-424
-67.575767247884,-22.076098107256,2626,20,-72
-69.282566287712,-26.882084877298,2615,72,-102
-69.86647122239,-29.307536144422,2591,109,376
-67.890177597326,-25.3998646585,2624,6,-431
-68.96815593827,-27.555821340388,2540,91,231
-67.036778077412,-26.432927235238,2587,11,-453
-66.991862313206,-25.444780422706,2670,8,-570
-67.710514540502,-26.567674527856,2657,7,-620
-68.29441947518,-21.671856229402,2687,24,-307
-69.64189240136,-28.948210030774,2595,91,180
-66.093547029086,-23.60323409026,2692,2,-616
-68.249503710974,-25.040538544852,2600,12,-427
-68.339335239386,-28.139726275066,2629,72,185
-68.204587946768,-24.232054789144,2679,20,-276
-65.329979037584,-22.570171513522,2708,42,1454
-67.710514540502,-25.040538544852,2649,4,-508
-70.180881571832,-28.903294266568,2628,165,593
-67.800346068914,-23.962560203908,2678,22,-521
-66.407957378528,-24.815959723822,2582,17,1145
-68.51899829621,-27.915147454036,2606,48,-351
-69.237650523506,-25.489696186912,2686,32,-469
-67.62068301209,-23.917644439702,2649,29,-386
-66.72236772797,-23.648149854466,2660,5,-605
-68.74357711724,-25.130370073264,2652,14,-354
-67.84526183312,-28.454136624508,2650,25,-568
-68.74357711724,-25.579527715324,2597,30,-304
-66.407957378528,-22.390508456698,2670,4,592
-69.013071702476,-29.21770461601,2607,68,-373
-66.27321008591,-22.390508456698,2648,5,1220
-65.913883972262,-22.48033998511,2665,4,273
-66.812199256382,-26.792253348886,2705,15,-50
-66.452873142734,-24.636296666998,2650,12,524
-66.946946549,-24.95070701644,2647,13,-332
-68.159672182562,-25.62444347953,2613,12,-429
-68.114756418356,-24.232054789144,2570,31,-146
-68.29441947518,-25.444780422706,2576,21,-387
-68.024924889944,-21.671856229402,2685,19,-280
-69.237650523506,-29.21770461601,2584,67,-194
-69.102903230888,-27.735484397212,2565,111,151
-68.06984065415,-27.42107404777,2604,42,-472
-67.351188426854,-25.354948894294,2639,8,-467
-66.452873142734,-23.872728675496,2664,4,-174
-65.105400216554,-22.300676928286,2749,92,1389
-66.04863126488,-21.537108936784,2687,6,959
-66.677451963764,-22.210845399874,2618,10,1518
-67.575767247884,-25.354948894294,2587,9,-323
-66.767283492176,-26.343095706826,2677,8,-585
-68.29441947518,-27.735484397212,2595,46,-328
-66.363041614322,-23.198992212406,2672,3,-17
-67.710514540502,-23.468486797642,2651,38,-316
-65.868968208056,-22.121013871462,2680,6,457
-67.800346068914,-26.927000641504,2674,16,-640
-67.890177597326,-29.172788851804,2678,78,-124
-68.114756418356,-25.3998646585,2642,9,-461
-65.82405244385,-21.941350814638,2691,6,338
-66.902030784794,-24.905791252234,2642,12,-162
-68.249503710974,-22.390508456698,2710,28,-459
-67.081693841618,-24.27697055335,2692,7,-619
-68.788492881446,-25.938853828972,2603,50,-220
-69.013071702476,-25.534611951118,2607,32,-310
-67.261356898442,-27.331242519358,2650,16,690
-67.575767247884,-22.300676928286,2604,29,78
-67.980009125738,-25.040538544852,2624,7,-459
-67.306272662648,-22.839666098758,2622,22,-406
-66.72236772797,-22.210845399874,2629,11,1370
-69.282566287712,-26.028685357384,2640,48,-282
-69.327482051918,-26.882084877298,2631,74,-252
-69.327482051918,-29.21770461601,2583,59,-153
-68.51899829621,-24.411717845968,2629,15,-378
-68.698661353034,-28.813462738156,2663,62,-580
-66.767283492176,-25.354948894294,2633,25,659
-67.485935719472,-25.3998646585,2695,4,-551
-66.946946549,-24.007475968114,2632,15,-47
-68.024924889944,-25.310033130088,2635,8,-392
-65.329979037584,-23.693065618672,2646,148,1815
-69.327482051918,-28.004978982448,2623,111,69
-68.51899829621,-24.321886317556,2650,11,-430
-67.485935719472,-26.07360112159,2689,4,-681
-67.126609605824,-25.085454309058,2682,7,-546
-68.429166767798,-24.411717845968,2672,11,-491
-66.72236772797,-23.558318326054,2658,5,-582
-66.228294321704,-24.366802081762,2659,5,86
-67.665598776296,-25.17528583747,2656,4,-464
-67.126609605824,-24.456633610174,2676,9,-624
-66.946946549,-23.109160683994,2651,9,-510
-69.911386986596,-28.723631209744,2641,196,792
-65.644389387026,-24.411717845968,2634,147,3212
-66.003715500674,-23.468486797642,2691,3,-331
-67.980009125738,-24.591380902792,2626,12,-559
-67.39610419106,-21.761687757814,2655,9,-342
-67.17152537003,-22.660003041934,2639,11,-361
-65.15031598076,-23.423571033436,2684,92,1814
-65.37489480179,-22.615087277728,2695,31,1338
-66.677451963764,-24.546465138586,2692,5,-565
-66.991862313206,-26.74733758468,2687,9,-107
-65.958799736468,-24.232054789144,2693,5,222
-65.913883972262,-22.660003041934,2654,4,558
-65.554557858614,-24.187139024938,2727,163,3283
-67.755430304708,-21.80660352202,2637,17,-43
-65.779136679644,-21.58202470099,2738,5,-165
-67.261356898442,-22.570171513522,2645,12,-458
-65.913883972262,-23.288823740818,2693,3,-315
-67.261356898442,-24.905791252234,2622,10,-483
-67.351188426854,-26.118516885796,2693,9,-621
-65.37489480179,-23.019329155582,2727,23,1097
-67.890177597326,-24.142223260732,2646,22,-386
-69.237650523506,-28.588883917126,2601,68,-50
-67.351188426854,-23.198992212406,2631,21,-557
-65.060484452348,-22.121013871462,2714,97,1792
-69.776639693978,-29.127873087598,2454,169,1099
-64.880821395524,-21.537108936784,2707,34,859
-68.159672182562,-27.6456528688,2649,35,-506
-65.734220915438,-22.121013871462,2687,6,389
-67.755430304708,-21.851519286226,2642,17,-240
-68.878324409858,-27.376158283564,2529,76,115
-67.351188426854,-23.064244919788,2622,26,-490
-67.710514540502,-25.669359243736,2678,5,-530
-69.686808165566,-29.621946493864,2547,108,350
-67.036778077412,-23.917644439702,2658,15,-545
-68.51899829621,-26.343095706826,2594,39,-256
-66.093547029086,-22.210845399874,2658,5,1119
-65.509642094408,-23.109160683994,2691,10,489
-66.49778890694,-22.390508456698,2680,4,303
-67.575767247884,-25.354948894294,2587,9,-323
-66.49778890694,-24.771043959616,2661,13,631
-66.902030784794,-24.905791252234,2642,12,-162
-67.351188426854,-23.737981382878,2618,29,-422
-68.923240174064,-28.09481051086,2559,88,31
-68.74357711724,-28.049894746654,2511,131,137
-67.036778077412,-26.882084877298,2653,21,385
-65.868968208056,-22.210845399874,2675,6,450
-68.384251003592,-27.376158283564,2583,44,-318
-66.452873142734,-22.70491880614,2673,4,362
-65.554557858614,-23.423571033436,2670,21,457
-67.890177597326,-26.163432650002,2620,6,-540
-68.384251003592,-25.310033130088,2619,13,-440
-67.935093361532,-22.300676928286,2620,46,113
-68.51899829621,-22.076098107256,2710,22,-614
-68.474082532004,-24.411717845968,2666,12,-444
-69.552060872948,-27.465989811976,2630,121,101
-68.204587946768,-25.220201601676,2604,15,-464
-65.59947362282,-24.05239173232,2733,118,2234
-66.27321008591,-23.468486797642,2651,2,-17
-66.767283492176,-24.411717845968,2616,12,-71
-68.204587946768,-25.3998646585,2613,14,-360
-68.698661353034,-27.780400161418,2532,109,-34
-67.126609605824,-24.007475968114,2666,10,-580
-66.587620435352,-21.537108936784,2691,11,1196
-67.665598776296,-26.29817994262,2671,3,-654
-68.06984065415,-24.591380902792,2603,17,-333
-66.767283492176,-23.198992212406,2657,6,-136
-67.216441134236,-25.84902230056,2639,15,-411
-68.923240174064,-29.66686225807,2646,62,-42
-66.318125850116,-21.671856229402,2636,10,1983
-69.372397816124,-27.376158283564,2619,96,-87
-68.74357711724,-28.09481051086,2556,112,-110
-66.138462793292,-24.546465138586,2615,13,504
-68.608829824622,-27.106663698328,2538,71,-60
-66.677451963764,-21.896435050432,2663,10,830
-66.72236772797,-25.804106536354,2653,10,67
-68.653745588828,-24.995622780646,2650,12,-383
-68.249503710974,-26.657506056268,2596,21,-361
-65.37489480179,-22.345592692492,2727,29,1671
-67.935093361532,-27.241410990946,2609,41,-165
-67.351188426854,-22.121013871462,2654,11,-442
-68.923240174064,-27.690568633006,2569,83,96
-67.800346068914,-25.085454309058,2628,5,-455
-67.980009125738,-22.165929635668,2642,40,33
-68.204587946768,-25.893938064766,2602,8,-429
-65.689305151232,-24.142223260732,2694,106,2245
-66.183378557498,-23.513402561848,2681,2,-409
-69.372397816124,-27.6456528688,2613,159,158
-68.114756418356,-22.749834570346,2733,32,-553
-68.429166767798,-27.510905576182,2529,75,-145
-66.677451963764,-24.007475968114,2656,13,272
-66.407957378528,-24.097307496526,2641,6,154
-69.237650523506,-28.678715445538,2606,60,-201
-69.1927347593,-27.6456528688,2566,144,189
-68.833408645652,-26.477842999444,2592,62,-102
-68.114756418356,-25.893938064766,2607,5,-526
-66.49778890694,-24.860875488028,2667,15,847
-66.812199256382,-22.345592692492,2654,6,109
-67.351188426854,-25.310033130088,2638,8,-528
-65.734220915438,-23.243907976612,2647,8,1062
-68.923240174064,-27.690568633006,2569,83,96
-69.327482051918,-28.184642039272,2581,92,265
-67.441019955266,-23.288823740818,2594,37,-291
-67.62068301209,-23.558318326054,2628,28,-430
-67.17152537003,-27.106663698328,2684,18,330
-68.608829824622,-25.085454309058,2635,15,-336
-68.698661353034,-24.232054789144,2683,6,-522
-66.632536199558,-23.872728675496,2640,9,103
-67.351188426854,-24.097307496526,2622,16,-450
-66.946946549,-21.851519286226,2661,13,1064
-69.41731358033,-29.172788851804,2572,74,-50
-67.39610419106,-23.782897147084,2591,30,-268
-68.878324409858,-21.716771993608,2709,19,-639
-65.868968208056,-24.72612819541,2703,36,1013
-66.72236772797,-26.52275876365,2706,12,-228
-67.575767247884,-26.07360112159,2673,3,-606
-66.363041614322,-26.028685357384,2698,20,1176
-68.384251003592,-26.74733758468,2558,48,-206
-65.644389387026,-22.884581862964,2696,7,681
-67.39610419106,-26.163432650002,2703,6,-597
-69.596976637154,-28.004978982448,2644,149,483
-67.081693841618,-26.97191640571,2669,20,21
-68.249503710974,-26.702421820474,2591,22,-401
-65.913883972262,-22.884581862964,2687,4,-66
-67.216441134236,-21.716771993608,2650,10,137
-66.767283492176,-24.681212431204,2681,6,-641
-68.339335239386,-27.465989811976,2568,41,-347
-69.057987466682,-25.714275007942,2604,43,-295
-66.902030784794,-23.962560203908,2650,12,-291
-68.878324409858,-29.577030729658,2658,51,-295
-66.003715500674,-22.794750334552,2682,3,1
-67.261356898442,-26.612590292062,2701,8,-569
-68.159672182562,-25.265117365882,2634,9,-448
-67.351188426854,-23.064244919788,2622,26,-490
-66.946946549,-21.537108936784,2673,11,560
-67.485935719472,-23.37865526923,2597,27,-385
-66.093547029086,-24.681212431204,2685,21,871
-67.306272662648,-25.085454309058,2653,6,-545
-67.306272662648,-26.253264178414,2703,11,-591
-66.452873142734,-26.208348414208,2652,15,666
-68.204587946768,-25.17528583747,2650,10,-532
-67.530851483678,-22.300676928286,2606,25,29
-69.462229344536,-27.915147454036,2633,149,227
-67.800346068914,-29.172788851804,2693,89,-193
-67.036778077412,-26.792253348886,2682,11,8
-67.126609605824,-23.962560203908,2664,10,-591
-67.62068301209,-24.995622780646,2657,4,-513
-68.159672182562,-26.028685357384,2586,8,-438
-66.677451963764,-26.567674527856,2686,16,448
-68.51899829621,-25.3998646585,2572,20,-270
-67.62068301209,-24.815959723822,2645,4,-546
-65.644389387026,-23.872728675496,2687,94,1485
-68.833408645652,-25.759190772148,2650,29,-331
-67.62068301209,-26.792253348886,2649,12,-608
-69.596976637154,-29.397367672834,2582,67,129
-67.036778077412,-25.84902230056,2601,14,-213
-67.261356898442,-27.376158283564,2639,18,760
-68.204587946768,-22.345592692492,2711,29,-389
-68.204587946768,-26.028685357384,2582,9,-420
-68.51899829621,-21.716771993608,2716,27,-343
-68.06984065415,-24.456633610174,2603,20,-333
-67.081693841618,-26.97191640571,2669,20,21
-68.429166767798,-25.983769593178,2576,18,-330
-67.351188426854,-21.58202470099,2644,9,237
-65.329979037584,-21.941350814638,2737,28,1633
-68.024924889944,-26.97191640571,2603,24,-450
-67.126609605824,-26.028685357384,2607,17,-135
-66.27321008591,-23.737981382878,2682,2,-456
-68.608829824622,-26.792253348886,2522,66,-11
-69.237650523506,-27.376158283564,2579,117,196
-68.96815593827,-24.95070701644,2655,6,-529
-67.665598776296,-24.366802081762,2631,11,-464
-66.407957378528,-23.82781291129,2664,3,-201
-68.249503710974,-25.893938064766,2581,11,-386
-67.306272662648,-23.917644439702,2625,23,-503
-67.530851483678,-24.187139024938,2661,11,-605
-68.51899829621,-25.669359243736,2554,23,-317
-67.216441134236,-26.343095706826,2676,13,-515
-69.507145108742,-29.487199201246,2507,124,487
-67.935093361532,-28.723631209744,2715,32,-334
-69.686808165566,-27.510905576182,2679,87,-97
-67.216441134236,-25.579527715324,2630,8,-401
-69.057987466682,-28.409220860302,2598,71,-128
-68.29441947518,-27.331242519358,2591,37,-309
-69.013071702476,-29.711778022276,2602,92,23
-65.644389387026,-21.626940465196,2731,7,326
-67.84526183312,-25.84902230056,2661,4,-583
-67.665598776296,-26.432927235238,2682,3,-632
-66.407957378528,-24.860875488028,2613,19,1013
-66.902030784794,-24.815959723822,2667,9,-499
-67.84526183312,-25.714275007942,2629,7,-316
-67.62068301209,-23.693065618672,2575,43,-66
-67.62068301209,-23.019329155582,2609,43,-423
-69.86647122239,-28.723631209744,2638,194,649
-68.204587946768,-25.130370073264,2649,9,-491
-65.554557858614,-24.456633610174,2717,133,3468
-67.755430304708,-25.579527715324,2598,9,-438
-69.41731358033,-28.813462738156,2565,90,171
-66.767283492176,-24.411717845968,2616,12,-71
-68.74357711724,-28.049894746654,2511,131,137
-67.216441134236,-23.693065618672,2624,23,-524
-67.17152537003,-24.097307496526,2669,10,-581
-67.306272662648,-21.851519286226,2645,15,230
-69.327482051918,-28.229557803478,2605,93,140
-65.419810565996,-22.570171513522,2718,21,1272
-66.991862313206,-23.468486797642,2647,10,-590
-69.282566287712,-26.208348414208,2636,33,-370
-69.372397816124,-27.915147454036,2643,112,-35
-68.653745588828,-26.253264178414,2589,49,-133
-66.003715500674,-22.794750334552,2682,3,1
-67.755430304708,-21.716771993608,2651,13,-250
-67.575767247884,-27.151579462534,2702,13,-499
-68.878324409858,-25.130370073264,2653,9,-456
-65.644389387026,-24.411717845968,2634,147,3212
-68.114756418356,-25.489696186912,2610,15,-163
-69.237650523506,-29.44228343704,2621,63,-323
-68.204587946768,-22.210845399874,2716,28,-352
-65.644389387026,-21.80660352202,2707,8,511
-65.195231744966,-22.570171513522,2760,73,888
-67.575767247884,-23.37865526923,2611,25,-493
-66.946946549,-22.03118234305,2647,13,740
-67.216441134236,-27.061747934122,2678,14,291
-67.126609605824,-24.27697055335,2670,10,-709
-67.306272662648,-27.106663698328,2671,11,271
-68.384251003592,-22.615087277728,2704,16,-577
-67.710514540502,-21.671856229402,2644,13,-60
-67.800346068914,-23.962560203908,2678,22,-521
-68.608829824622,-25.714275007942,2624,17,-412
-69.41731358033,-27.915147454036,2630,125,34
-68.833408645652,-27.061747934122,2541,93,129
-66.812199256382,-25.759190772148,2627,13,235
-67.575767247884,-25.62444347953,2682,7,-500
-67.441019955266,-22.435424220904,2608,22,-39
-66.003715500674,-22.794750334552,2682,3,1
-65.868968208056,-22.615087277728,2657,5,1070
-68.474082532004,-24.771043959616,2616,16,-345
-66.902030784794,-25.130370073264,2654,12,-217
-69.057987466682,-28.229557803478,2587,88,60
-68.833408645652,-26.477842999444,2592,62,-102
-68.698661353034,-26.882084877298,2587,61,-86
-67.441019955266,-23.064244919788,2620,27,-454
-68.339335239386,-26.52275876365,2590,22,-355
-69.057987466682,-25.669359243736,2601,42,-313
-68.249503710974,-27.331242519358,2602,35,-406
-68.114756418356,-25.040538544852,2635,8,-451
-67.485935719472,-22.884581862964,2611,30,-425
-67.261356898442,-22.345592692492,2644,15,6
-66.04863126488,-23.1540764482,2676,5,447
-67.575767247884,-26.163432650002,2670,3,-762
-67.261356898442,-26.07360112159,2663,14,-458
-68.384251003592,-27.241410990946,2576,43,-299
-69.013071702476,-26.432927235238,2604,40,-222
-66.812199256382,-22.210845399874,2657,7,195
-68.249503710974,-27.825315925624,2614,50,-214
-68.74357711724,-26.612590292062,2600,53,-158
-67.575767247884,-22.570171513522,2643,24,-517
-66.27321008591,-22.121013871462,2665,6,1192
-65.464726330202,-23.109160683994,2681,15,877
-68.114756418356,-26.837169113092,2578,25,-355
-69.776639693978,-28.09481051086,2621,120,577
-68.474082532004,-24.366802081762,2671,10,-486
-69.102903230888,-27.735484397212,2565,111,151
-67.261356898442,-24.05239173232,2638,19,-578
-68.833408645652,-29.8914410791,2622,60,-80
-68.608829824622,-27.241410990946,2529,67,5
-65.82405244385,-22.03118234305,2684,7,468
-68.51899829621,-27.825315925624,2564,71,-136
-67.665598776296,-25.759190772148,2651,8,-559
-68.833408645652,-27.915147454036,2534,96,42
-66.72236772797,-22.390508456698,2654,5,450
-69.057987466682,-27.915147454036,2586,103,86
-66.542704671146,-22.749834570346,2648,6,956
-67.17152537003,-21.80660352202,2641,15,614
-66.902030784794,-22.749834570346,2643,8,279
-67.530851483678,-23.288823740818,2595,36,-282
-69.102903230888,-26.028685357384,2601,51,-343
-67.126609605824,-27.331242519358,2707,21,598
-69.147818995094,-24.72612819541,2634,5,-561
-67.126609605824,-25.893938064766,2610,18,-288
-67.62068301209,-26.29817994262,2676,3,-586
-67.441019955266,-26.657506056268,2695,6,-766
-66.902030784794,-23.109160683994,2652,9,-351
-67.935093361532,-26.343095706826,2618,6,-547
-67.665598776296,-24.995622780646,2651,4,-507
-67.081693841618,-22.435424220904,2635,11,377
-69.237650523506,-26.97191640571,2566,89,-62
-67.485935719472,-24.636296666998,2658,6,-554
-68.833408645652,-27.825315925624,2537,94,96
-69.462229344536,-28.499052388714,2602,76,157
-66.677451963764,-24.411717845968,2664,8,-466
-66.946946549,-22.615087277728,2655,7,-67
-68.06984065415,-26.74733758468,2549,31,-320
-67.441019955266,-23.37865526923,2606,30,-340
-68.923240174064,-25.983769593178,2553,63,-195
-69.372397816124,-27.151579462534,2622,87,-93
-67.036778077412,-26.657506056268,2664,9,-225
-66.318125850116,-23.737981382878,2677,3,-178
-68.96815593827,-27.106663698328,2587,76,-78
-69.102903230888,-26.52275876365,2600,36,-195
-67.890177597326,-25.3998646585,2624,6,-431
-66.003715500674,-22.525255749316,2670,3,351
-67.84526183312,-23.064244919788,2642,50,-303
-67.036778077412,-23.198992212406,2629,18,-84
-67.935093361532,-22.525255749316,2666,47,-188
-67.755430304708,-26.29817994262,2601,5,-635
-65.419810565996,-23.37865526923,2717,29,910
-67.081693841618,-22.345592692492,2655,9,-83
-68.563914060416,-27.465989811976,2568,57,-153
-66.587620435352,-23.648149854466,2628,7,180
-65.240147509172,-22.884581862964,2723,79,1836
-69.102903230888,-28.274473567684,2589,89,120
-66.093547029086,-22.390508456698,2673,4,846
-68.024924889944,-26.29817994262,2659,4,-482
-67.800346068914,-23.198992212406,2670,44,-376
-65.509642094408,-21.851519286226,2735,8,106
-67.39610419106,-25.354948894294,2641,7,-489
-65.59947362282,-23.782897147084,2685,82,1710
-66.587620435352,-25.938853828972,2637,20,838
-68.384251003592,-27.825315925624,2593,51,-247
-68.429166767798,-21.626940465196,2640,32,-37
-68.159672182562,-22.121013871462,2638,36,12
-66.452873142734,-22.884581862964,2651,6,1026
-68.923240174064,-25.444780422706,2605,22,-340
-67.216441134236,-25.265117365882,2664,5,-577
-66.72236772797,-24.411717845968,2648,10,-241
-66.946946549,-23.648149854466,2624,13,-266
-66.677451963764,-24.411717845968,2664,8,-466
-68.878324409858,-28.633799681332,2567,74,-274
-68.878324409858,-25.714275007942,2603,29,-319
-67.081693841618,-27.016832169916,2665,23,114
-67.036778077412,-24.95070701644,2681,10,-494
-69.102903230888,-25.893938064766,2605,54,-278
-68.878324409858,-26.163432650002,2593,64,-166
-68.51899829621,-25.714275007942,2598,20,-333
-68.339335239386,-21.761687757814,2707,24,-379
-66.902030784794,-22.48033998511,2627,8,542
-67.710514540502,-26.612590292062,2637,8,-595
-69.237650523506,-28.54396815292,2565,87,185
-69.372397816124,-29.21770461601,2587,61,-141
-66.138462793292,-26.477842999444,2695,18,491
-67.530851483678,-22.839666098758,2610,35,-358
-67.39610419106,-23.737981382878,2609,31,-318
-66.228294321704,-21.58202470099,2676,7,844
-68.923240174064,-21.896435050432,2717,18,-743
-68.698661353034,-21.851519286226,2699,13,-716
-66.04863126488,-21.986266578844,2685,6,857
-69.147818995094,-27.735484397212,2575,121,175
-66.767283492176,-25.938853828972,2629,11,126
-67.890177597326,-26.927000641504,2631,21,-601
-69.057987466682,-28.229557803478,2587,88,60
-66.003715500674,-22.749834570346,2674,4,298
-68.024924889944,-25.444780422706,2577,15,-226
-68.653745588828,-21.58202470099,2711,17,-636
-66.49778890694,-25.310033130088,2705,39,1196
-67.980009125738,-22.749834570346,2679,48,-324
-65.82405244385,-23.243907976612,2698,5,188
-67.62068301209,-25.3998646585,2637,7,-341
-66.857115020588,-21.537108936784,2682,12,652
-69.731723929772,-29.038041559186,2561,149,684
-69.282566287712,-27.151579462534,2591,95,30
-66.991862313206,-22.25576116408,2657,9,245
-68.923240174064,-27.331242519358,2560,79,96
-68.878324409858,-28.858378502362,2625,72,-462
-68.833408645652,-25.669359243736,2604,31,-329
-66.228294321704,-22.525255749316,2667,4,1139
-68.384251003592,-25.759190772148,2600,17,-394
-65.689305151232,-24.232054789144,2635,139,3014
-67.530851483678,-24.546465138586,2655,5,-592
-68.249503710974,-25.310033130088,2623,15,-439
-66.228294321704,-24.681212431204,2721,9,193
-69.552060872948,-28.678715445538,2590,101,291
-68.878324409858,-25.938853828972,2603,49,-305
-69.237650523506,-25.669359243736,2675,36,-395
-68.51899829621,-24.591380902792,2611,22,-375
-66.407957378528,-22.660003041934,2673,4,464
-67.530851483678,-22.839666098758,2610,35,-358
-67.935093361532,-21.716771993608,2664,18,-207
-67.441019955266,-24.681212431204,2662,8,-515
-66.587620435352,-24.636296666998,2688,8,-255
-68.384251003592,-28.004978982448,2604,81,161
-68.51899829621,-27.6456528688,2580,46,-319
-67.485935719472,-26.702421820474,2678,7,-696
-68.159672182562,-25.265117365882,2634,9,-448
-65.82405244385,-21.671856229402,2733,5,50
-67.441019955266,-23.37865526923,2606,30,-340
-67.39610419106,-23.37865526923,2625,25,-483
-68.159672182562,-26.657506056268,2613,13,-443
-66.632536199558,-21.537108936784,2697,11,920
-67.710514540502,-23.064244919788,2613,57,-146
-66.991862313206,-22.48033998511,2648,8,196
-66.857115020588,-26.432927235238,2688,7,-613
-68.563914060416,-28.409220860302,2677,87,-487
-69.282566287712,-29.756693786482,2628,127,-264
-66.72236772797,-24.05239173232,2674,11,-151
-68.204587946768,-27.465989811976,2594,43,-392
-69.237650523506,-26.118516885796,2636,42,-311
-66.49778890694,-24.591380902792,2666,11,312
-69.821555458184,-28.76854697395,2590,205,1039
-66.991862313206,-25.489696186912,2670,8,-539
-65.329979037584,-22.70491880614,2695,40,1122
-67.935093361532,-26.028685357384,2645,4,-456
-65.868968208056,-23.917644439702,2704,11,808
-68.474082532004,-26.52275876365,2551,50,-143
-69.776639693978,-29.127873087598,2454,169,1099
-68.923240174064,-24.905791252234,2658,7,-457
-67.935093361532,-21.58202470099,2655,21,223
-66.228294321704,-22.70491880614,2668,4,877
-66.767283492176,-23.782897147084,2664,7,-598
-68.74357711724,-24.905791252234,2629,15,-361
-67.935093361532,-25.893938064766,2635,4,-604
-67.710514540502,-29.082957323392,2723,112,42
-68.563914060416,-25.534611951118,2586,20,-338
-68.96815593827,-25.444780422706,2613,26,-357
-67.485935719472,-23.917644439702,2617,22,-364
-68.788492881446,-25.804106536354,2601,41,-291
-66.542704671146,-26.253264178414,2628,16,471
-66.49778890694,-26.612590292062,2661,12,291
-68.833408645652,-25.17528583747,2653,11,-427
-66.632536199558,-21.941350814638,2671,8,624
-69.057987466682,-25.040538544852,2648,8,-495
-66.902030784794,-21.896435050432,2637,17,1641
-68.833408645652,-27.915147454036,2534,96,42
-68.29441947518,-26.432927235238,2562,27,-283
-68.204587946768,-27.376158283564,2623,33,-452
-65.15031598076,-21.896435050432,2732,53,1420
-66.812199256382,-23.513402561848,2636,10,-88
-66.183378557498,-23.693065618672,2686,2,-649
-68.833408645652,-27.555821340388,2587,45,-166
-68.159672182562,-22.210845399874,2707,30,-276
-67.261356898442,-22.25576116408,2640,17,284
-68.51899829621,-21.626940465196,2688,31,-153
-69.41731358033,-28.813462738156,2565,90,171
-67.441019955266,-24.321886317556,2633,12,-415
-66.767283492176,-22.25576116408,2637,9,690
-68.833408645652,-27.735484397212,2505,107,258
-65.913883972262,-23.648149854466,2709,3,-411
-67.036778077412,-25.983769593178,2624,12,-449
-69.057987466682,-28.454136624508,2606,63,-220
-65.554557858614,-23.917644439702,2695,123,1863
-67.261356898442,-25.220201601676,2648,6,-499
-67.530851483678,-22.525255749316,2641,20,-503
-69.013071702476,-28.454136624508,2598,67,-179
-66.407957378528,-26.208348414208,2671,15,712
-67.126609605824,-25.040538544852,2683,8,-524
-65.509642094408,-24.50154937438,2716,122,3197
-68.384251003592,-27.555821340388,2563,56,-259
-67.485935719472,-25.085454309058,2681,4,-433
-66.991862313206,-21.986266578844,2641,16,1077
-68.024924889944,-24.72612819541,2597,13,-466
-69.41731358033,-27.106663698328,2651,74,-134
-67.935093361532,-22.525255749316,2666,47,-188
-68.06984065415,-26.97191640571,2603,22,-411
-67.216441134236,-25.534611951118,2647,7,-489
-66.812199256382,-26.657506056268,2716,9,-348
-68.339335239386,-26.208348414208,2547,32,-213
-69.372397816124,-26.792253348886,2636,67,-197
-67.39610419106,-23.288823740818,2605,36,-352
-65.509642094408,-23.423571033436,2661,29,735
-68.29441947518,-24.771043959616,2664,9,-523
-68.339335239386,-24.456633610174,2667,14,-518
-67.530851483678,-24.905791252234,2661,5,-512
-68.788492881446,-28.813462738156,2662,66,-554
-66.991862313206,-24.546465138586,2697,9,-551
-67.755430304708,-21.896435050432,2641,17,-285
-67.261356898442,-24.187139024938,2617,18,-463
-66.228294321704,-23.423571033436,2676,2,-224
-67.216441134236,-26.612590292062,2691,8,-490
-67.935093361532,-21.896435050432,2643,23,-103
-67.800346068914,-23.333739505024,2685,42,-306
-67.126609605824,-23.1540764482,2637,19,-371
-69.911386986596,-29.397367672834,2578,143,491
-66.767283492176,-23.468486797642,2658,7,-439
-67.441019955266,-23.333739505024,2599,33,-315
-69.102903230888,-27.915147454036,2581,122,219
-66.138462793292,-21.851519286226,2678,6,861
-66.228294321704,-23.019329155582,2666,4,339
-66.542704671146,-24.546465138586,2679,10,-46
-65.240147509172,-23.513402561848,2676,112,2099
-68.74357711724,-26.927000641504,2587,62,-83
-68.474082532004,-27.87023168983,2555,80,104
-66.677451963764,-23.82781291129,2652,8,-286
-66.812199256382,-26.702421820474,2703,12,-92
-67.306272662648,-27.331242519358,2651,17,980
-64.970652923936,-21.537108936784,2711,32,621
-67.126609605824,-26.388011471032,2673,12,-520
-66.452873142734,-23.37865526923,2662,3,46
-66.452873142734,-24.815959723822,2643,15,755
-67.485935719472,-23.962560203908,2621,24,-429
-69.147818995094,-24.546465138586,2680,4,-572
-66.632536199558,-26.702421820474,2629,15,361
-70.09105004342,-28.499052388714,2661,192,617
-69.057987466682,-29.44228343704,2615,90,-300
-66.093547029086,-24.142223260732,2669,5,-108
-67.306272662648,-22.076098107256,2647,15,44
-66.812199256382,-25.893938064766,2615,11,63
-68.878324409858,-24.860875488028,2643,10,-511
-66.991862313206,-24.097307496526,2684,10,-540
-67.755430304708,-22.25576116408,2666,22,-511
-68.29441947518,-22.660003041934,2711,14,-600
-68.429166767798,-24.007475968114,2683,10,-470
-66.542704671146,-21.626940465196,2651,14,2136
-66.72236772797,-23.82781291129,2663,7,-578
-66.587620435352,-23.333739505024,2663,4,-448
-65.329979037584,-22.48033998511,2699,46,1725
-69.013071702476,-28.903294266568,2606,69,-286
-66.452873142734,-22.615087277728,2669,4,719
-68.204587946768,-22.03118234305,2672,32,-164
-65.779136679644,-22.794750334552,2687,4,91
-68.608829824622,-28.229557803478,2613,120,-208
-67.935093361532,-25.085454309058,2610,7,-471
-67.081693841618,-24.546465138586,2689,8,-593
-68.339335239386,-24.456633610174,2667,14,-518
-66.587620435352,-26.612590292062,2660,12,332
-66.318125850116,-22.92949762717,2660,5,786
-67.755430304708,-25.265117365882,2620,6,-406
-69.057987466682,-27.19649522674,2587,69,-66
-66.946946549,-25.84902230056,2620,9,-422
-66.183378557498,-21.671856229402,2712,6,412
-68.878324409858,-25.62444347953,2634,21,-375
-65.015568688142,-21.80660352202,2692,57,1147
-68.024924889944,-27.376158283564,2575,51,-135
-68.204587946768,-26.702421820474,2593,19,-437
-67.306272662648,-21.986266578844,2635,18,478
-68.06984065415,-22.076098107256,2687,29,-320
-69.147818995094,-26.343095706826,2630,28,-319
-67.39610419106,-21.761687757814,2655,9,-342
-68.29441947518,-25.354948894294,2574,20,-293
-66.902030784794,-25.17528583747,2667,11,-402
-68.204587946768,-22.615087277728,2714,26,-614
-65.689305151232,-22.974413391376,2680,7,886
-68.923240174064,-25.983769593178,2553,63,-195
-65.82405244385,-22.165929635668,2672,7,672
-70.046134279214,-28.499052388714,2641,229,735
-67.62068301209,-23.962560203908,2635,27,-470
-67.575767247884,-26.882084877298,2646,16,-558
-66.183378557498,-23.064244919788,2654,5,459
-68.114756418356,-22.660003041934,2697,37,-448
-67.126609605824,-26.118516885796,2638,15,-475
-68.159672182562,-25.714275007942,2621,8,-406
-65.015568688142,-22.121013871462,2747,90,1639
-69.41731358033,-26.657506056268,2644,57,-128
-68.608829824622,-21.626940465196,2711,23,-497
-66.632536199558,-23.693065618672,2651,6,-277
-66.991862313206,-23.693065618672,2611,16,-105
-68.74357711724,-24.72612819541,2643,14,-371
-66.542704671146,-24.681212431204,2682,11,237
-67.575767247884,-22.974413391376,2577,44,-267
-69.013071702476,-25.17528583747,2635,15,-426
-66.093547029086,-24.411717845968,2664,8,376
-69.462229344536,-27.241410990946,2636,90,-67
-68.204587946768,-25.444780422706,2609,15,-267
-67.216441134236,-21.851519286226,2647,15,407
-68.06984065415,-24.097307496526,2677,19,-353
-66.991862313206,-23.737981382878,2613,16,-176
-67.261356898442,-25.534611951118,2654,5,-455
-67.800346068914,-29.082957323392,2580,135,639
-67.216441134236,-24.546465138586,2669,10,-550
-69.596976637154,-28.723631209744,2576,122,425
-67.800346068914,-28.409220860302,2686,27,-437
-69.462229344536,-27.825315925624,2635,150,135
-67.081693841618,-24.636296666998,2681,7,-623
-67.710514540502,-23.288823740818,2646,44,-221
-69.327482051918,-26.702421820474,2613,68,-163
-67.980009125738,-24.591380902792,2626,12,-559
-69.147818995094,-25.444780422706,2658,35,-413
-69.102903230888,-26.792253348886,2583,57,-172
-69.956302750802,-28.813462738156,2629,204,965
-65.59947362282,-21.896435050432,2711,7,356
-68.653745588828,-26.657506056268,2579,57,-86
-66.003715500674,-21.851519286226,2698,6,927
-66.72236772797,-22.70491880614,2643,6,454
-66.542704671146,-26.388011471032,2662,16,245
-66.587620435352,-25.759190772148,2671,19,937
-68.384251003592,-25.444780422706,2619,14,-403
-67.441019955266,-23.648149854466,2618,22,-431
-69.102903230888,-25.62444347953,2613,44,-343
-68.339335239386,-26.567674527856,2548,30,-303
-68.474082532004,-27.106663698328,2513,81,-66
-67.306272662648,-22.345592692492,2653,11,-401
-65.464726330202,-22.749834570346,2704,16,1005
-66.318125850116,-23.333739505024,2669,2,-208
-68.159672182562,-27.87023168983,2641,37,-206
-65.644389387026,-21.80660352202,2707,8,511
-69.776639693978,-28.99312579498,2554,166,818
-66.677451963764,-23.872728675496,2655,10,-147
-68.114756418356,-26.028685357384,2587,7,-485
-66.812199256382,-22.121013871462,2644,11,1128
-67.575767247884,-26.927000641504,2629,17,-484
-67.216441134236,-24.995622780646,2677,6,-532
-67.441019955266,-21.941350814638,2650,11,-346
-67.890177597326,-29.038041559186,2663,96,260
-68.833408645652,-24.591380902792,2677,10,-457
-68.563914060416,-26.927000641504,2591,47,-239
-68.608829824622,-25.265117365882,2602,20,-239
-68.833408645652,-26.163432650002,2564,67,-63
-68.878324409858,-28.903294266568,2639,68,-480
-68.96815593827,-25.669359243736,2613,28,-434
-66.003715500674,-22.076098107256,2686,5,625
-66.49778890694,-23.782897147084,2665,4,-206
-66.363041614322,-24.411717845968,2640,7,236
-68.204587946768,-24.097307496526,2705,15,-329
-66.183378557498,-23.693065618672,2686,2,-649
-66.49778890694,-23.60323409026,2657,3,-136
-66.946946549,-22.300676928286,2646,9,530
-68.563914060416,-27.331242519358,2540,70,-78
-68.249503710974,-25.983769593178,2590,11,-419
-68.96815593827,-28.588883917126,2590,50,-296
-67.84526183312,-23.109160683994,2669,46,-376
-67.665598776296,-26.253264178414,2662,3,-683
-69.327482051918,-26.163432650002,2652,34,-315
-68.384251003592,-25.84902230056,2586,17,-372
-67.980009125738,-21.941350814638,2658,24,-193
-69.102903230888,-28.409220860302,2598,63,-156
-68.74357711724,-21.896435050432,2698,14,-703
-66.946946549,-26.702421820474,2706,7,-314
-67.665598776296,-23.109160683994,2617,48,-289
-66.946946549,-22.660003041934,2649,8,231
-67.800346068914,-25.3998646585,2599,8,-458
-68.698661353034,-27.735484397212,2567,70,-173
-67.081693841618,-22.165929635668,2653,11,65
-67.980009125738,-24.591380902792,2626,12,-559
-66.946946549,-21.716771993608,2676,10,338
-65.015568688142,-22.525255749316,2744,199,2631
-67.17152537003,-24.815959723822,2662,8,-573
-66.49778890694,-23.693065618672,2660,4,-143
-66.27321008591,-25.220201601676,2740,41,736
-66.228294321704,-24.366802081762,2659,5,86
-69.776639693978,-28.54396815292,2625,207,907
-67.036778077412,-27.061747934122,2685,23,108
-69.552060872948,-29.082957323392,2548,132,410
-69.1927347593,-25.84902230056,2649,49,-293
-69.013071702476,-25.265117365882,2633,20,-388
-66.72236772797,-22.92949762717,2659,6,-11
-67.081693841618,-24.995622780646,2661,11,-509
-68.96815593827,-26.837169113092,2579,79,-62
-68.51899829621,-26.657506056268,2598,45,-316
-66.363041614322,-21.80660352202,2695,6,719
-68.159672182562,-22.345592692492,2704,31,-357
-67.261356898442,-23.513402561848,2630,22,-500
-67.575767247884,-23.37865526923,2611,25,-493
-66.093547029086,-23.109160683994,2673,5,506
-65.329979037584,-22.121013871462,2735,35,1860
-68.74357711724,-27.465989811976,2549,62,2
-66.27321008591,-24.681212431204,2695,8,352
-67.530851483678,-24.771043959616,2655,5,-542
-67.081693841618,-24.27697055335,2692,7,-619
-66.857115020588,-22.794750334552,2644,7,293
-65.060484452348,-23.109160683994,2680,124,2382
-67.081693841618,-22.92949762717,2627,19,109
-66.946946549,-22.300676928286,2646,9,530
-68.788492881446,-24.636296666998,2663,12,-414
-68.429166767798,-24.007475968114,2683,10,-470
-69.731723929772,-28.454136624508,2598,172,976
-67.351188426854,-22.435424220904,2639,15,-208
-68.249503710974,-26.97191640571,2589,32,-377
-67.575767247884,-22.570171513522,2643,24,-517
-67.800346068914,-25.579527715324,2594,10,-439
-66.363041614322,-23.198992212406,2672,3,-17
-69.327482051918,-25.17528583747,2690,18,-587
-67.306272662648,-24.546465138586,2622,14,-528
-67.081693841618,-24.142223260732,2680,8,-606
-65.913883972262,-23.37865526923,2695,3,-374
-69.462229344536,-28.54396815292,2595,81,182
-68.653745588828,-21.58202470099,2711,17,-636
-69.147818995094,-26.477842999444,2589,32,-277
-68.608829824622,-25.17528583747,2615,19,-307
-66.857115020588,-23.468486797642,2630,11,-163
-67.39610419106,-27.106663698328,2670,10,188
-65.37489480179,-22.70491880614,2711,27,961
-68.51899829621,-27.106663698328,2475,97,85
-68.114756418356,-25.310033130088,2651,7,-443
-68.96815593827,-25.714275007942,2592,35,-367
-67.800346068914,-21.896435050432,2650,16,-394
-66.49778890694,-22.749834570346,2667,5,684
-66.677451963764,-25.489696186912,2645,24,729
-65.59947362282,-21.986266578844,2709,7,191
-68.06984065415,-26.702421820474,2535,28,-309
-67.530851483678,-27.016832169916,2622,15,-373
-67.126609605824,-23.37865526923,2647,13,-619
-67.575767247884,-26.253264178414,2657,4,-718
-66.677451963764,-24.366802081762,2635,10,-104
-67.485935719472,-22.48033998511,2638,19,-492
-68.29441947518,-21.941350814638,2697,27,-250
-66.677451963764,-23.109160683994,2669,4,-314
-67.980009125738,-27.6456528688,2645,28,-340
-68.339335239386,-24.321886317556,2699,12,-464
-68.878324409858,-24.995622780646,2644,11,-436
-67.441019955266,-22.570171513522,2633,20,-468
-68.114756418356,-24.681212431204,2618,13,-385
-68.833408645652,-27.241410990946,2572,73,13
-68.923240174064,-27.106663698328,2570,89,23
-68.024924889944,-22.615087277728,2665,44,-240
-68.024924889944,-25.759190772148,2606,7,-490
-69.552060872948,-29.352451908628,2585,65,-64
-66.093547029086,-22.390508456698,2673,4,846
-68.024924889944,-22.794750334552,2717,43,-494
-68.563914060416,-24.860875488028,2598,18,-357
-67.081693841618,-22.210845399874,2655,10,59
-67.665598776296,-25.893938064766,2651,6,-468
-65.59947362282,-22.076098107256,2711,6,90
-69.237650523506,-29.44228343704,2621,63,-323
-68.698661353034,-24.815959723822,2631,16,-372
-67.216441134236,-22.345592692492,2648,16,191
-69.147818995094,-25.17528583747,2642,18,-441
-68.563914060416,-26.07360112159,2559,44,-151
-68.878324409858,-27.555821340388,2574,62,-35
-67.84526183312,-28.99312579498,2589,124,684
-68.339335239386,-26.253264178414,2563,27,-259
-66.318125850116,-21.716771993608,2681,8,1092
-66.04863126488,-24.187139024938,2710,4,-226
-69.1927347593,-28.454136624508,2591,61,-136
-68.608829824622,-25.893938064766,2584,35,-272
-67.980009125738,-25.354948894294,2630,8,-498
-67.261356898442,-24.321886317556,2670,12,-514
-66.632536199558,-25.62444347953,2659,21,1061
-67.665598776296,-25.714275007942,2680,6,-543
-66.902030784794,-24.771043959616,2681,9,-455
-67.306272662648,-26.163432650002,2689,12,-477
-67.441019955266,-26.163432650002,2698,5,-685
-67.84526183312,-21.761687757814,2594,20,334
-67.980009125738,-22.839666098758,2716,45,-328
-68.024924889944,-26.927000641504,2601,23,-453
-69.057987466682,-27.555821340388,2577,95,130
-65.195231744966,-22.70491880614,2749,82,1574
-67.935093361532,-21.716771993608,2664,18,-207
-67.890177597326,-26.567674527856,2572,12,-439
-67.39610419106,-26.612590292062,2710,6,-721
-65.015568688142,-22.076098107256,2730,85,1533
-68.788492881446,-26.028685357384,2605,47,-309
-65.958799736468,-22.210845399874,2679,5,405
-65.644389387026,-22.435424220904,2700,5,-147
-69.552060872948,-28.004978982448,2591,181,628
-68.74357711724,-26.388011471032,2584,56,-332
-66.003715500674,-23.1540764482,2686,4,-5
-67.441019955266,-24.815959723822,2661,8,-530
-66.452873142734,-23.064244919788,2669,4,256
-68.384251003592,-27.825315925624,2593,51,-247
-66.632536199558,-22.92949762717,2639,8,854
-66.991862313206,-23.1540764482,2648,11,-409
-67.306272662648,-26.927000641504,2662,8,-189
-68.429166767798,-24.456633610174,2657,13,-472
-66.991862313206,-26.163432650002,2625,10,-532
-66.27321008591,-26.118516885796,2675,19,888
-67.575767247884,-23.333739505024,2606,30,-259
-66.812199256382,-22.660003041934,2647,7,239
-66.138462793292,-24.366802081762,2665,5,103
-66.991862313206,-25.085454309058,2648,14,-414
-66.183378557498,-26.612590292062,2687,15,200
-68.833408645652,-24.681212431204,2665,11,-438
-66.72236772797,-23.558318326054,2658,5,-582
-66.138462793292,-23.872728675496,2695,3,-459
-68.339335239386,-27.061747934122,2550,51,-224
-67.755430304708,-22.615087277728,2630,45,-186
-65.868968208056,-23.37865526923,2697,3,-298
-68.788492881446,-21.896435050432,2680,15,-713
-66.452873142734,-24.905791252234,2643,16,567
-67.39610419106,-25.62444347953,2591,13,-247
-67.126609605824,-24.546465138586,2682,8,-561
-68.474082532004,-28.09481051086,2617,84,-194
-66.407957378528,-22.839666098758,2654,5,858
-65.689305151232,-22.92949762717,2680,8,1143
-67.755430304708,-26.07360112159,2600,5,-579
-66.04863126488,-22.076098107256,2681,5,885
-69.102903230888,-26.657506056268,2596,39,-294
-68.384251003592,-21.716771993608,2688,29,-174
-68.204587946768,-25.17528583747,2650,10,-532
-68.474082532004,-26.702421820474,2561,48,-230
-67.530851483678,-23.737981382878,2567,35,-183
-69.057987466682,-26.388011471032,2609,34,-297
-67.62068301209,-23.468486797642,2638,25,-405
-68.339335239386,-25.983769593178,2597,12,-365
-66.902030784794,-23.019329155582,2632,12,304
-66.407957378528,-24.411717845968,2638,9,311
-68.339335239386,-25.579527715324,2642,10,-425
-66.27321008591,-26.253264178414,2633,24,1551
-67.710514540502,-23.468486797642,2651,38,-316
-67.081693841618,-23.558318326054,2630,14,-473
-68.96815593827,-26.253264178414,2620,44,-287
-66.49778890694,-24.50154937438,2666,11,143
-69.282566287712,-29.532114965452,2637,71,-425
-65.509642094408,-21.941350814638,2729,8,81
-68.51899829621,-26.702421820474,2562,50,-126
-68.024924889944,-24.860875488028,2646,8,-566
-66.452873142734,-22.92949762717,2647,6,766
-69.686808165566,-28.31938933189,2613,121,466
-68.878324409858,-25.17528583747,2652,10,-448
-66.812199256382,-25.085454309058,2680,9,-342
-67.800346068914,-25.489696186912,2593,9,-518
-66.318125850116,-26.343095706826,2635,22,1385
-69.776639693978,-28.049894746654,2626,119,479
-66.767283492176,-22.210845399874,2633,9,869
-65.285063273378,-22.92949762717,2721,62,1694
-68.024924889944,-27.331242519358,2577,51,-110
-66.767283492176,-22.839666098758,2649,8,370
-66.767283492176,-21.941350814638,2661,12,1235
-68.833408645652,-26.702421820474,2582,70,-44
-68.698661353034,-27.241410990946,2603,34,-254
-66.093547029086,-21.537108936784,2681,6,1106
-68.788492881446,-24.50154937438,2675,11,-450
-66.04863126488,-23.109160683994,2676,4,345
-65.779136679644,-23.37865526923,2701,6,230
-66.363041614322,-23.019329155582,2673,3,-63
-68.249503710974,-24.591380902792,2631,18,-365
-68.74357711724,-28.184642039272,2565,110,-192
-66.183378557498,-22.25576116408,2650,5,1307
-65.59947362282,-23.872728675496,2682,100,1673
-66.407957378528,-23.064244919788,2660,4,329
-69.372397816124,-28.948210030774,2579,73,30
-67.800346068914,-29.172788851804,2693,89,-193
-65.644389387026,-23.648149854466,2668,40,964
-68.833408645652,-25.579527715324,2643,21,-410
-67.39610419106,-23.82781291129,2630,20,-495
-66.946946549,-24.05239173232,2644,14,-201
-66.857115020588,-26.567674527856,2721,5,-695
-65.105400216554,-23.423571033436,2678,107,2273
-66.946946549,-25.220201601676,2666,10,-561
-66.003715500674,-23.37865526923,2668,4,115
-68.114756418356,-26.882084877298,2606,20,-386
-67.126609605824,-22.435424220904,2633,11,317
-69.731723929772,-28.903294266568,2565,184,939
-67.081693841618,-22.076098107256,2636,15,717
-67.665598776296,-21.761687757814,2627,15,69
-68.833408645652,-26.29817994262,2579,61,-84
-68.833408645652,-28.678715445538,2631,71,-492
-66.49778890694,-22.794750334552,2652,5,796
-67.17152537003,-25.220201601676,2658,6,-620
-67.081693841618,-26.253264178414,2620,13,-323
-66.902030784794,-23.243907976612,2644,12,-179
-68.429166767798,-24.860875488028,2592,15,-356
-68.833408645652,-27.915147454036,2534,96,42
-66.946946549,-21.80660352202,2674,11,582
-66.946946549,-22.974413391376,2615,13,416
-65.913883972262,-22.076098107256,2684,6,508
-69.282566287712,-27.376158283564,2564,125,163
-66.677451963764,-26.52275876365,2695,14,60
-68.429166767798,-26.028685357384,2579,19,-364
-69.686808165566,-28.499052388714,2576,176,969
-65.37489480179,-23.737981382878,2666,135,1336
-66.542704671146,-22.70491880614,2652,6,1076
-67.126609605824,-21.986266578844,2636,16,708
-67.39610419106,-25.130370073264,2675,5,-565
-67.755430304708,-24.411717845968,2643,9,-462
-67.890177597326,-22.165929635668,2632,35,-42
-66.677451963764,-22.345592692492,2656,6,503
-69.237650523506,-26.567674527856,2603,44,-253
-65.644389387026,-23.648149854466,2668,40,964
-66.857115020588,-21.537108936784,2682,12,652
-68.06984065415,-25.3998646585,2632,9,-466
-66.49778890694,-21.716771993608,2649,12,1888
-66.812199256382,-26.837169113092,2660,22,371
-69.327482051918,-27.465989811976,2585,127,106
-69.327482051918,-27.376158283564,2599,114,6
-67.755430304708,-24.591380902792,2628,8,-535
-67.890177597326,-21.537108936784,2666,18,-44
-65.329979037584,-23.019329155582,2733,37,1424
-68.024924889944,-27.241410990946,2574,45,-211
-68.024924889944,-28.049894746654,2685,20,-442
-66.04863126488,-22.615087277728,2669,3,592
-68.51899829621,-25.220201601676,2560,21,-219
-68.74357711724,-28.364305096096,2589,124,-284
-65.644389387026,-23.243907976612,2673,7,556
-66.946946549,-25.579527715324,2637,10,-405
-67.306272662648,-24.27697055335,2666,12,-524
-68.698661353034,-25.265117365882,2612,21,-368
-65.734220915438,-23.962560203908,2683,58,1239
-67.935093361532,-27.19649522674,2596,40,-32
-66.228294321704,-24.187139024938,2668,4,-271
-67.261356898442,-27.19649522674,2675,14,470
-68.114756418356,-24.771043959616,2596,14,-421
-67.890177597326,-28.139726275066,2643,17,-526
-68.563914060416,-25.62444347953,2571,22,-305
-68.384251003592,-21.941350814638,2687,30,-104
-67.441019955266,-21.851519286226,2653,10,-332
-66.407957378528,-26.477842999444,2670,13,484
-68.563914060416,-25.040538544852,2630,15,-337
-67.081693841618,-26.388011471032,2632,12,-489
-68.878324409858,-29.577030729658,2658,51,-295
-66.902030784794,-22.570171513522,2656,6,-83
-67.575767247884,-23.737981382878,2583,40,-154
-66.407957378528,-24.321886317556,2647,7,195
-67.17152537003,-22.70491880614,2636,11,-346
-67.755430304708,-25.84902230056,2662,5,-543
-68.429166767798,-22.749834570346,2715,10,-681
-68.788492881446,-25.579527715324,2630,24,-389
-68.429166767798,-25.265117365882,2590,13,-431
-69.596976637154,-29.082957323392,2557,121,460
-67.890177597326,-24.232054789144,2679,11,-478
-66.452873142734,-24.636296666998,2650,12,524
-69.41731358033,-28.499052388714,2601,71,105
-64.92573715973,-21.222698587342,2725,24,140
-67.17152537003,-24.232054789144,2652,14,-625
-69.147818995094,-25.938853828972,2627,53,-300
-68.29441947518,-27.331242519358,2591,37,-309
-66.407957378528,-24.232054789144,2668,5,-139
-69.057987466682,-29.397367672834,2616,77,-381
-65.240147509172,-23.198992212406,2719,85,2389
-66.093547029086,-22.839666098758,2679,4,572
-67.036778077412,-26.837169113092,2664,16,204
-67.530851483678,-25.84902230056,2646,7,-557
-66.318125850116,-22.345592692492,2665,5,948
-67.935093361532,-23.917644439702,2676,33,-328
-67.755430304708,-24.097307496526,2648,21,-548
-67.081693841618,-23.558318326054,2630,14,-473
-67.935093361532,-26.253264178414,2639,5,-532
-65.779136679644,-24.546465138586,2728,50,1633
-66.677451963764,-24.27697055335,2630,10,212
-66.542704671146,-22.03118234305,2661,7,1258
-67.710514540502,-25.085454309058,2643,4,-496
-66.183378557498,-24.546465138586,2692,7,-185
-66.27321008591,-26.253264178414,2633,24,1551
-66.812199256382,-22.076098107256,2645,11,1129
-67.081693841618,-22.570171513522,2614,13,382
-68.788492881446,-27.106663698328,2488,92,300
-65.868968208056,-24.321886317556,2701,22,1832
-67.755430304708,-24.366802081762,2639,12,-423
-67.306272662648,-23.82781291129,2629,23,-532
-68.339335239386,-27.825315925624,2609,47,-293
-65.689305151232,-24.232054789144,2635,139,3014
-67.710514540502,-21.896435050432,2628,17,-109
-68.339335239386,-24.995622780646,2610,12,-446
-67.081693841618,-22.974413391376,2633,19,33
-67.261356898442,-25.310033130088,2655,6,-593
-69.282566287712,-26.882084877298,2615,72,-102
-67.485935719472,-22.660003041934,2598,27,-259
-68.384251003592,-27.555821340388,2563,56,-259
-66.587620435352,-26.208348414208,2645,14,190
-69.237650523506,-28.813462738156,2601,58,-180
-68.06984065415,-26.388011471032,2653,6,-477
-67.485935719472,-21.716771993608,2654,9,-278
-67.441019955266,-25.669359243736,2596,13,-285
-69.102903230888,-25.220201601676,2644,17,-435
-66.228294321704,-22.48033998511,2649,5,1305
-68.249503710974,-24.232054789144,2698,17,-351
-66.183378557498,-23.962560203908,2688,3,-387
-67.710514540502,-25.759190772148,2674,5,-527
-67.216441134236,-22.794750334552,2617,17,-173
-69.1927347593,-29.262620380216,2602,65,-247
-66.587620435352,-22.076098107256,2657,7,1146
-66.991862313206,-22.300676928286,2638,11,663
-66.902030784794,-23.333739505024,2642,12,-170
-68.339335239386,-24.366802081762,2689,13,-421
-69.057987466682,-29.621946493864,2613,110,-50
-65.644389387026,-21.716771993608,2713,7,520
-65.195231744966,-22.839666098758,2715,91,1906
-66.72236772797,-24.546465138586,2695,5,-562
-67.575767247884,-23.648149854466,2616,32,-338
-68.29441947518,-27.19649522674,2568,44,-295
-66.812199256382,-22.345592692492,2654,6,109
-66.632536199558,-23.37865526923,2663,4,-578
-68.024924889944,-25.534611951118,2603,14,-371
-66.991862313206,-26.477842999444,2622,8,-438
-68.114756418356,-21.986266578844,2672,29,-123
-70.046134279214,-29.127873087598,2584,265,1256
-68.024924889944,-26.567674527856,2605,10,-280
-65.779136679644,-22.615087277728,2675,4,614
-65.913883972262,-22.70491880614,2668,4,240
-66.72236772797,-22.48033998511,2614,8,1266
-67.081693841618,-26.702421820474,2665,8,-377
-66.003715500674,-21.626940465196,2718,6,691
-68.608829824622,-26.477842999444,2537,65,-132
-66.767283492176,-24.097307496526,2680,10,-186
-67.081693841618,-27.151579462534,2690,21,302
-68.114756418356,-22.525255749316,2664,38,-275
-68.024924889944,-27.690568633006,2637,35,-342
-67.935093361532,-27.061747934122,2635,28,-325
-67.575767247884,-22.70491880614,2610,39,-238
-65.509642094408,-21.941350814638,2729,8,81
-65.689305151232,-22.121013871462,2694,6,275
-65.868968208056,-22.25576116408,2673,6,413
-67.62068301209,-26.163432650002,2668,3,-653
-67.755430304708,-26.432927235238,2625,5,-430
-67.890177597326,-25.085454309058,2609,6,-475
-67.39610419106,-25.84902230056,2678,6,-565
-66.003715500674,-22.121013871462,2683,5,649
-69.552060872948,-27.465989811976,2630,121,101
-68.06984065415,-26.432927235238,2638,7,-472
-65.37489480179,-22.525255749316,2710,31,1452
-68.474082532004,-25.938853828972,2594,18,-318
-66.183378557498,-24.995622780646,2729,22,1094
-66.228294321704,-24.05239173232,2680,3,-387
-67.441019955266,-24.905791252234,2664,6,-513
-65.37489480179,-23.019329155582,2727,23,1097
-69.013071702476,-28.499052388714,2575,71,-146
-67.890177597326,-28.09481051086,2636,17,-469
-68.204587946768,-21.851519286226,2645,29,25
-69.552060872948,-29.127873087598,2529,140,517
-66.767283492176,-25.130370073264,2676,15,-12
-66.452873142734,-24.321886317556,2645,9,266
-67.081693841618,-25.354948894294,2664,8,-570
-68.204587946768,-26.927000641504,2586,31,-322
-68.96815593827,-28.858378502362,2615,61,-335
-67.530851483678,-26.702421820474,2676,6,-682
-66.093547029086,-21.716771993608,2693,7,1045
-69.507145108742,-26.567674527856,2665,37,-258
-69.1927347593,-27.061747934122,2581,76,-23
-68.384251003592,-21.58202470099,2680,26,-306
-66.49778890694,-22.570171513522,2647,6,1354
-67.261356898442,-22.076098107256,2647,16,194
-69.237650523506,-28.004978982448,2568,150,371
-68.608829824622,-28.274473567684,2624,116,-270
-69.1927347593,-24.681212431204,2659,5,-525
-65.464726330202,-22.615087277728,2715,16,1158
-68.833408645652,-25.714275007942,2628,33,-185
-69.102903230888,-27.960063218242,2581,119,190
-68.429166767798,-26.702421820474,2572,40,-200
-69.147818995094,-27.915147454036,2569,125,166
-66.587620435352,-24.007475968114,2631,10,483
-68.96815593827,-25.714275007942,2592,35,-367
-66.228294321704,-22.210845399874,2648,6,1375
-68.249503710974,-22.570171513522,2704,26,-435
-68.788492881446,-21.58202470099,2683,18,-589
-67.306272662648,-23.423571033436,2607,30,-305
-65.554557858614,-23.962560203908,2690,144,2207
-68.29441947518,-22.390508456698,2713,25,-509
-68.114756418356,-25.983769593178,2597,6,-484
-67.84526183312,-22.615087277728,2613,57,4
-66.632536199558,-26.702421820474,2629,15,361
-68.74357711724,-27.331242519358,2580,49,-107
-66.407957378528,-26.028685357384,2689,19,1158
-67.216441134236,-21.986266578844,2610,21,1297
-69.686808165566,-29.127873087598,2605,85,185
-68.339335239386,-22.749834570346,2724,9,-670
-68.114756418356,-26.388011471032,2611,9,-416
-66.138462793292,-26.432927235238,2653,21,702
-67.575767247884,-25.534611951118,2692,5,-533
-67.036778077412,-21.851519286226,2661,12,622
-67.710514540502,-24.007475968114,2671,18,-530
-66.677451963764,-21.851519286226,2658,11,1068
-66.04863126488,-23.82781291129,2705,3,-347
-68.698661353034,-27.825315925624,2518,118,104
-67.261356898442,-22.70491880614,2623,15,-273
-65.554557858614,-21.986266578844,2718,7,154
-68.833408645652,-21.716771993608,2690,18,-673
-67.710514540502,-23.648149854466,2639,49,-176
-65.329979037584,-23.1540764482,2728,34,1180
-67.351188426854,-22.210845399874,2662,10,-545
-68.429166767798,-25.669359243736,2609,17,-383
-69.41731358033,-29.127873087598,2578,73,-40
-68.833408645652,-28.229557803478,2563,82,-149
-66.452873142734,-25.983769593178,2666,20,1122
-69.372397816124,-29.038041559186,2588,72,-80
-69.372397816124,-28.004978982448,2600,144,294
-68.923240174064,-26.882084877298,2544,91,37
-69.327482051918,-27.061747934122,2645,77,-160
-69.147818995094,-24.860875488028,2650,8,-452
-67.39610419106,-24.187139024938,2606,17,-429
-66.991862313206,-25.444780422706,2670,8,-570
-68.51899829621,-25.17528583747,2561,20,-204
-68.339335239386,-27.151579462534,2564,42,-296
-66.318125850116,-24.366802081762,2662,5,-97
-67.800346068914,-25.17528583747,2610,6,-494
-66.452873142734,-24.366802081762,2636,9,323
-66.677451963764,-26.702421820474,2641,16,228
-68.96815593827,-24.95070701644,2655,6,-529
-65.464726330202,-22.345592692492,2724,12,1005
-66.767283492176,-22.749834570346,2646,6,277
-69.147818995094,-27.241410990946,2558,93,42
-66.27321008591,-24.905791252234,2700,14,910
-67.17152537003,-22.570171513522,2634,13,-40
-69.057987466682,-26.567674527856,2604,36,-267
-69.596976637154,-29.397367672834,2582,67,129
-68.698661353034,-24.366802081762,2667,11,-449
-67.036778077412,-22.70491880614,2632,9,-95
-66.363041614322,-24.50154937438,2621,10,664
-67.261356898442,-24.95070701644,2668,8,-521
-66.138462793292,-23.693065618672,2691,2,-654
-67.665598776296,-23.109160683994,2617,48,-289
-68.429166767798,-28.09481051086,2579,112,336
-67.126609605824,-23.198992212406,2637,18,-405
-66.946946549,-22.749834570346,2628,10,434
-67.17152537003,-23.513402561848,2638,15,-605
-68.74357711724,-28.499052388714,2642,83,-391
-67.665598776296,-24.232054789144,2669,10,-568
-65.82405244385,-23.064244919788,2695,6,500
-67.935093361532,-29.038041559186,2707,73,-6
-67.39610419106,-22.570171513522,2629,18,-401
-69.102903230888,-25.130370073264,2644,13,-460
-66.318125850116,-24.142223260732,2674,4,-145
-69.1927347593,-26.567674527856,2610,36,-265
-66.003715500674,-23.782897147084,2710,2,-526
-66.228294321704,-22.165929635668,2651,7,1522
-67.485935719472,-23.243907976612,2603,33,-401
-68.024924889944,-27.061747934122,2587,30,-229
-67.890177597326,-23.019329155582,2672,47,-394
-68.74357711724,-21.80660352202,2707,12,-690
-68.384251003592,-25.579527715324,2644,10,-433
-67.84526183312,-22.839666098758,2617,65,-56
-68.474082532004,-28.274473567684,2603,128,188
-67.17152537003,-26.927000641504,2661,14,316
-66.407957378528,-21.58202470099,2677,7,1273
-68.474082532004,-25.983769593178,2588,18,-366
-66.49778890694,-23.109160683994,2657,5,291
-67.575767247884,-24.007475968114,2628,25,-396
-67.306272662648,-22.70491880614,2604,20,-109
-65.689305151232,-23.37865526923,2697,10,584
-69.057987466682,-25.62444347953,2600,41,-330
-69.327482051918,-27.331242519358,2613,104,40
-69.552060872948,-26.792253348886,2644,43,-286
-69.057987466682,-24.771043959616,2672,4,-565
-64.970652923936,-21.35744587996,2728,24,405
-68.923240174064,-26.29817994262,2620,45,-248
-66.407957378528,-24.27697055335,2654,6,112
-66.407957378528,-23.737981382878,2658,3,-268
-69.686808165566,-29.082957323392,2598,92,201
-67.485935719472,-24.142223260732,2642,16,-439
-66.72236772797,-23.82781291129,2663,7,-578
-68.74357711724,-27.555821340388,2581,43,-160
-67.755430304708,-24.321886317556,2607,18,-198
-66.363041614322,-24.097307496526,2627,6,333
-66.363041614322,-22.70491880614,2649,5,841
-68.204587946768,-27.510905576182,2577,51,-248
-69.237650523506,-25.130370073264,2627,22,-419
-68.608829824622,-26.07360112159,2578,41,-208
-70.09105004342,-28.858378502362,2604,191,884
-67.575767247884,-21.941350814638,2637,15,-261
-65.82405244385,-23.782897147084,2721,15,400
-65.060484452348,-21.896435050432,2718,55,1001
-68.563914060416,-27.510905576182,2567,52,-196
-66.452873142734,-22.749834570346,2674,4,363
-66.991862313206,-26.29817994262,2623,9,-500
-68.563914060416,-28.049894746654,2616,73,-219
-67.261356898442,-23.109160683994,2625,22,-422
-68.833408645652,-25.444780422706,2635,17,-388
-66.902030784794,-23.064244919788,2651,10,-211
-69.507145108742,-29.262620380216,2573,82,176
-67.84526183312,-23.288823740818,2701,39,-339
-65.868968208056,-24.097307496526,2718,13,567
-66.228294321704,-24.72612819541,2720,11,487
-68.878324409858,-25.62444347953,2634,21,-375
-67.036778077412,-23.782897147084,2618,17,-377
-67.17152537003,-24.681212431204,2681,7,-571
-68.159672182562,-27.376158283564,2628,31,-467
-66.587620435352,-25.669359243736,2665,24,1070
-65.958799736468,-23.1540764482,2688,3,-285
-67.62068301209,-25.84902230056,2627,9,-404
-68.474082532004,-26.343095706826,2571,45,-202
-67.126609605824,-25.3998646585,2661,7,-552
-66.452873142734,-26.253264178414,2640,16,761
-66.991862313206,-26.477842999444,2622,8,-438
-67.485935719472,-23.243907976612,2603,33,-401
-66.452873142734,-23.1540764482,2635,5,649
-69.86647122239,-28.588883917126,2643,212,678
-67.530851483678,-22.92949762717,2596,40,-273
-67.306272662648,-23.737981382878,2619,28,-489
-69.462229344536,-27.465989811976,2628,111,60
-67.261356898442,-22.121013871462,2659,13,-140
-66.49778890694,-23.82781291129,2665,4,-212
-68.06984065415,-28.049894746654,2665,26,-256
-66.04863126488,-22.570171513522,2671,3,569
-68.96815593827,-25.17528583747,2639,13,-438
-67.261356898442,-22.660003041934,2633,12,-418
-65.195231744966,-21.671856229402,2727,46,1181
-65.779136679644,-22.525255749316,2677,5,577
-69.552060872948,-27.42107404777,2609,117,56
-69.552060872948,-28.139726275066,2609,155,728
-69.102903230888,-28.09481051086,2584,104,131
-66.452873142734,-25.17528583747,2719,29,437
-65.689305151232,-23.917644439702,2665,84,1446
-69.41731358033,-26.567674527856,2632,52,-116
-67.84526183312,-24.142223260732,2611,24,-311
-69.282566287712,-25.310033130088,2692,22,-449
-66.902030784794,-23.693065618672,2619,13,-72
-69.013071702476,-26.118516885796,2603,52,-252
-67.441019955266,-25.714275007942,2619,11,-469
-67.890177597326,-22.076098107256,2655,29,-202
-65.59947362282,-22.435424220904,2708,6,-12
-69.282566287712,-28.454136624508,2588,64,3
-66.677451963764,-22.03118234305,2661,8,989
-68.159672182562,-24.591380902792,2649,11,-455
-69.102903230888,-26.97191640571,2597,53,-222
-69.507145108742,-27.915147454036,2597,185,425
-69.372397816124,-29.352451908628,2599,56,-120
-67.441019955266,-24.72612819541,2662,8,-500
-66.452873142734,-23.872728675496,2664,4,-174
-68.159672182562,-25.579527715324,2618,13,-415
-66.183378557498,-23.782897147084,2688,2,-627
-67.800346068914,-24.860875488028,2633,6,-521
-68.96815593827,-28.004978982448,2561,96,107
-67.306272662648,-21.671856229402,2646,9,12
-68.339335239386,-24.72612819541,2665,11,-402
-67.216441134236,-26.882084877298,2663,9,25
-66.138462793292,-25.983769593178,2665,27,640
-69.1927347593,-26.657506056268,2569,56,-154
-65.105400216554,-21.941350814638,2725,52,1146
-66.003715500674,-21.851519286226,2698,6,927
-68.474082532004,-27.87023168983,2555,80,104
-66.587620435352,-22.076098107256,2657,7,1146
-68.29441947518,-27.915147454036,2607,62,-50
-68.74357711724,-25.669359243736,2584,38,-254
-67.306272662648,-25.84902230056,2664,11,-462
-66.49778890694,-25.489696186912,2668,50,1341
-66.946946549,-21.671856229402,2668,12,715
-67.39610419106,-25.84902230056,2678,6,-565
-69.147818995094,-27.735484397212,2575,121,175
-67.306272662648,-24.815959723822,2642,12,-590
-68.608829824622,-27.465989811976,2575,45,-189
-69.237650523506,-28.76854697395,2600,59,-167
-65.285063273378,-23.1540764482,2736,53,1654
-68.339335239386,-25.265117365882,2616,14,-318
-68.159672182562,-22.525255749316,2688,33,-418
-68.29441947518,-25.220201601676,2575,20,-220
-66.452873142734,-24.995622780646,2682,15,47
-68.474082532004,-21.626940465196,2654,35,4
-67.800346068914,-25.804106536354,2665,4,-585
-68.96815593827,-28.858378502362,2615,61,-335
-69.013071702476,-25.804106536354,2603,39,-356
-67.710514540502,-24.591380902792,2635,6,-551
-66.407957378528,-23.37865526923,2668,2,-218
-65.060484452348,-22.48033998511,2726,150,1945
-67.485935719472,-26.118516885796,2687,4,-715
-67.84526183312,-23.513402561848,2691,40,-282
-67.665598776296,-23.243907976612,2604,46,-122
-69.596976637154,-28.274473567684,2579,149,952
-66.767283492176,-24.50154937438,2689,6,-566
-67.261356898442,-21.716771993608,2642,11,229
-69.1927347593,-26.657506056268,2569,56,-154
-66.812199256382,-22.660003041934,2647,7,239
-67.62068301209,-23.333739505024,2608,32,-256
-66.857115020588,-26.612590292062,2720,6,-702
